{"type":"FeatureCollection","features":[{"type":"Feature","properties":{"name":"20260428 Cicloturismo","time":"2026-04-28T07:46:45Z"},"geometry":{"type":"LineString","coordinates":[[7.60664666,51.947257,67],[7.60665996,51.94725336,67],[7.60666096,51.94725336,67],[7.60664098,51.94723838,67],[7.60663199,51.94723239,67],[7.60623805,51.9470118,66.73],[7.60620139,51.94699181,66.73],[7.60604607,51.94695282,66.46],[7.60601141,51.94696248,66.4],[7.60447256,51.94810929,64.26],[7.60441323,51.94815195,64.06],[7.60419859,51.94835157,63.26],[7.60419459,51.94835823,63.2],[7.60414126,51.94837822,63.13],[7.60411326,51.94838088,63.06],[7.60400361,51.94836689,62.86],[7.60396028,51.94835056,62.86],[7.60363898,51.94816093,62.8],[7.60358998,51.94812493,62.8],[7.6032147,51.94779132,62.46],[7.60317404,51.94774532,62.4],[7.6029484,51.94741436,62.73],[7.60292174,51.94736836,62.73],[7.60264114,51.94677543,63.73],[7.60262081,51.94673343,63.73],[7.60239119,51.94638014,64.46],[7.6023622,51.94634081,64.46],[7.60222955,51.94618516,64.19],[7.60219522,51.9461465,64.06],[7.60164997,51.94562059,63.06],[7.60161231,51.94558126,63.06],[7.60108139,51.94499334,63.26],[7.60105106,51.94496201,63.33],[7.60063046,51.94439276,65.19],[7.6005978,51.94435176,65.46],[7.60025284,51.94398847,64.33],[7.60020918,51.94394914,64],[7.5999492,51.94376015,62.2],[7.59988987,51.94372349,61.8],[7.59932258,51.94342886,61.6],[7.59926525,51.94340153,61.6],[7.59920592,51.94337653,61.53],[7.59914392,51.9433592,61.46],[7.59889194,51.94333822,61],[7.59883361,51.94332123,60.86],[7.59794201,51.94294161,59.46],[7.59788102,51.94290762,59.4],[7.59733771,51.94257433,59.8],[7.59727971,51.94253467,59.93],[7.59696707,51.94227803,60.46],[7.59691274,51.9422357,60.46],[7.59592448,51.94154477,61],[7.59586482,51.94150444,61],[7.59523686,51.94113382,61],[7.59517186,51.94110116,61],[7.59400294,51.94055991,60.66],[7.59393828,51.94053092,60.73],[7.59303968,51.94015232,62.13],[7.59297035,51.94012166,62.13],[7.59129813,51.93932645,60.73],[7.59122813,51.93929546,60.8],[7.58992221,51.9385932,60.93],[7.58985121,51.93855754,60.93],[7.58839165,51.93786733,59.66],[7.58832565,51.93783667,59.66],[7.58727571,51.93737008,60.13],[7.58721205,51.93733942,60.33],[7.58615882,51.93681652,60],[7.58609649,51.93678586,59.86],[7.58583785,51.93667453,59.93],[7.58577719,51.9366452,60.06],[7.58447196,51.93594597,60.66],[7.5844193,51.93591631,60.8],[7.58407234,51.93576966,61.33],[7.58401001,51.935743,61.33],[7.58346238,51.93557037,60.4],[7.58339139,51.93555304,60.26],[7.5801216,51.93482192,63.06],[7.58004861,51.93480526,63.06],[7.57878573,51.93447271,63],[7.5787324,51.93445505,63],[7.57843509,51.93430974,63.13],[7.57837276,51.93427474,63.2],[7.57785282,51.93393212,63.86],[7.57779349,51.93390146,63.93],[7.57562031,51.93299194,62.66],[7.57554898,51.93296061,62.73],[7.57481836,51.932602,63.8],[7.57475403,51.93256801,63.73],[7.57417341,51.93220773,61.93],[7.57411008,51.9321754,61.93],[7.57366244,51.93204276,62.2],[7.57358378,51.9320251,62.33],[7.57286283,51.93191346,62.06],[7.57278017,51.93190113,62],[7.57216954,51.93177218,62.73],[7.57207888,51.93175152,63],[7.57171656,51.93166121,64.13],[7.57162756,51.93163688,64.33],[7.57129124,51.93152523,65.13],[7.57121158,51.93149424,65.33],[7.57105826,51.93142858,65.13],[7.5709866,51.93139258,65.06],[7.57054763,51.93110795,64.8],[7.57048297,51.93107329,64.66],[7.57014099,51.9309273,63.93],[7.57007633,51.9308973,63.93],[7.56931839,51.93050003,63.93],[7.5692614,51.93047103,64],[7.56896143,51.93033839,64.06],[7.56890477,51.93031273,64.13],[7.56863714,51.93012042,64.4],[7.56857948,51.93008876,64.4],[7.56814517,51.92991646,64.66],[7.56807384,51.92988547,64.66],[7.56715389,51.92944355,64.33],[7.56708756,51.92941389,64.33],[7.56662394,51.92922124,64.73],[7.56656094,51.92919391,64.86],[7.56598832,51.92892596,66.53],[7.56593432,51.92890263,66.66],[7.56443779,51.92832677,66.46],[7.56438746,51.92830678,66.6],[7.56295292,51.92770992,70.46],[7.56289593,51.92768659,70.53],[7.56238131,51.92749595,70.06],[7.56232665,51.92747729,70],[7.56206735,51.92742632,70],[7.56203969,51.92741766,70],[7.56199139,51.92735234,70.26],[7.56197806,51.92733934,70.4],[7.56197606,51.9272897,70.8],[7.56197073,51.92727237,70.93],[7.56192375,51.92721305,71.93],[7.56190876,51.92718705,72.26],[7.56191042,51.92708906,73.26],[7.56192208,51.9270534,73.33],[7.56261559,51.92592786,72.86],[7.56263925,51.92589053,72.93],[7.56293119,51.92548959,70.4],[7.56294852,51.9254576,69.86],[7.56296517,51.92540128,68.8],[7.56295718,51.92538362,68.6],[7.56287654,51.92534899,68],[7.56287388,51.92534733,68],[7.56283725,51.92522138,67.26],[7.56281026,51.92520372,67.13],[7.56268594,51.9251814,66.86],[7.56263494,51.92518074,66.86],[7.56200901,51.92519705,67.93],[7.56194135,51.92519771,68.06],[7.56090377,51.92518579,68.13],[7.56083311,51.92518513,68.19],[7.56035447,51.9251445,68.66],[7.56028514,51.92514084,68.73],[7.55955318,51.9251209,68.46],[7.55947618,51.92511957,68.46],[7.55828891,51.92514419,71.26],[7.55821191,51.92514253,71.4],[7.55391448,51.92502912,67.4],[7.55383315,51.92502779,67.33],[7.5518146,51.92495027,68.33],[7.55173827,51.92493927,68.4],[7.55152295,51.92486462,68.73],[7.55145529,51.92483129,68.86],[7.54996471,51.92402671,66.93],[7.54989305,51.92398705,67],[7.54751321,51.92254185,67.4],[7.54743522,51.92249952,67.4],[7.54672458,51.92215188,66.8],[7.54664659,51.92211555,66.66],[7.54492069,51.92134334,67],[7.54484636,51.92130401,67.19],[7.54457137,51.92114104,67.6],[7.54450804,51.92110038,67.6],[7.54373311,51.92058013,67],[7.54368178,51.92054713,67],[7.54341914,51.92039716,66.73],[7.54336681,51.92037017,66.66],[7.54298118,51.92019586,65.93],[7.54292118,51.92017486,65.8],[7.54179293,51.91983263,66.86],[7.54173693,51.91981297,67],[7.54060238,51.91932976,67.33],[7.54055105,51.9193111,67.46],[7.53984747,51.91910483,69],[7.53979714,51.91909017,69.06],[7.53919453,51.91894123,69.93],[7.53913754,51.91892623,70.06],[7.5390159,51.91887825,70.66],[7.53895457,51.91886059,70.8],[7.53813064,51.91872768,71.46],[7.53807098,51.91871935,71.6],[7.53490964,51.91829961,74],[7.53483931,51.91828928,74],[7.5339207,51.918139,73.53],[7.5338407,51.91812501,73.53],[7.53301809,51.91795974,72.8],[7.53293243,51.91794275,72.8],[7.53145155,51.91762316,72.53],[7.53136589,51.91760283,72.4],[7.53086824,51.91745986,71.66],[7.53078458,51.9174322,71.6],[7.52983863,51.91708992,71.86],[7.5297483,51.91706226,71.86],[7.52891267,51.91690731,72],[7.52886134,51.91688065,72],[7.52882701,51.91684732,71.93],[7.52880069,51.91676833,71.8],[7.52880202,51.91672467,71.73],[7.52890632,51.9164097,71.6],[7.52891998,51.9163657,71.6],[7.52898161,51.91610274,71],[7.52898927,51.91605941,70.86],[7.52903089,51.91574444,69.6],[7.52903555,51.91569711,69.4],[7.52907783,51.91505284,70.73],[7.52908216,51.91500951,71.06],[7.52911078,51.91426592,73],[7.52910878,51.91421793,72.53],[7.5290488,51.91407395,71.26],[7.52902747,51.91402362,70.93],[7.52900681,51.9139193,70.26],[7.52900348,51.91386531,69.93],[7.52903875,51.91321469,69.66],[7.52904208,51.91315436,69.73],[7.52903909,51.91252776,70.26],[7.52904042,51.91246177,70.13],[7.52914566,51.91120519,68.26],[7.52914965,51.91114186,68.33],[7.52928447,51.9087657,62.6],[7.5292888,51.9086927,62.46],[7.5292748,51.90856837,62.33],[7.52923547,51.90852304,62.33],[7.52909748,51.90847406,62.33],[7.52901015,51.9084664,62.4],[7.52589901,51.90840424,64.19],[7.52582168,51.90839991,64.13],[7.52558769,51.90837959,64],[7.52551003,51.9083676,64],[7.52521672,51.90828462,64],[7.52514806,51.90825463,64],[7.52502107,51.90818564,64],[7.52496341,51.90814731,64],[7.52486275,51.90806432,64],[7.52481742,51.90802066,64],[7.5241635,51.90728673,63.6],[7.52412684,51.90724074,63.6],[7.52400686,51.90705176,63.6],[7.5239812,51.90700577,63.66],[7.52345098,51.90600657,65.8],[7.52342965,51.90596757,65.8],[7.52340466,51.90592857,65.8],[7.52337466,51.90589058,65.8],[7.52328967,51.90582493,65.86],[7.52323268,51.9058006,65.93],[7.52302902,51.90576095,65.73],[7.52295569,51.90575395,65.6],[7.52048855,51.90555013,62.93],[7.52041256,51.90554247,62.8],[7.51690775,51.90508967,63],[7.51682042,51.90507801,63],[7.51649477,51.90499769,63],[7.51642611,51.90496503,63],[7.51608414,51.90471906,62.73],[7.51603148,51.90467573,62.73],[7.51543288,51.9041788,62.46],[7.51538555,51.90414047,62.46],[7.51489994,51.9036722,62],[7.51485928,51.90363087,62],[7.51307346,51.90170107,63.93],[7.51302913,51.90165241,64.46],[7.51271317,51.90126344,69.13],[7.51268318,51.90121445,69.8],[7.51250921,51.90081614,71.19],[7.51249088,51.90076615,70.93],[7.51175578,51.89863504,60.26],[7.51174212,51.89859105,60.26],[7.51158984,51.89822875,60.06],[7.51157451,51.89818109,60],[7.51148556,51.89774247,59.26],[7.51147756,51.89769348,59.33],[7.51134834,51.89674161,64.26],[7.51133468,51.89669961,64.46],[7.51119506,51.89635497,64.66],[7.5111744,51.89631231,64.6],[7.51095344,51.89591268,66.66],[7.51092078,51.89587302,67.4],[7.51051516,51.89545972,73.33],[7.5104675,51.89541906,73.66],[7.51020586,51.89522575,71.6],[7.5101522,51.89518876,71],[7.50987556,51.89501645,67.46],[7.5098229,51.89498146,66.73],[7.50951893,51.89469849,63.26],[7.5094776,51.89465649,63.06],[7.50907533,51.89419588,61.06],[7.50904634,51.89415488,60.93],[7.50902334,51.89411455,60.8],[7.50900768,51.89407289,60.66],[7.5089787,51.89391658,60.33],[7.50895604,51.89388192,60.33],[7.50837111,51.89334434,60.93],[7.50833278,51.89330735,60.93],[7.50755722,51.89252279,61.33],[7.50751756,51.89248046,61.46],[7.50691399,51.89180122,63.53],[7.50689299,51.89177722,63.46],[7.50643006,51.89120061,60.66],[7.50639073,51.89115262,60.53],[7.50582646,51.89050701,61.06],[7.5057798,51.89045501,61.66],[7.50558283,51.89025537,64.26],[7.5055295,51.89020738,65.13],[7.50509753,51.88989674,70.19],[7.50502787,51.88985375,71.13],[7.50268105,51.88846489,78.93],[7.50262272,51.88842823,78.46],[7.50239707,51.88827726,76.33],[7.50234341,51.88823827,75.6],[7.5021041,51.88803563,71.86],[7.50206344,51.8879933,71.53],[7.50185113,51.88772866,71.93],[7.5018218,51.887683,71.86],[7.50162683,51.8873057,72.66],[7.5016045,51.88725637,72.46],[7.50031259,51.88411434,70.4],[7.5002916,51.88406768,69.4],[7.50009463,51.88374237,65.26],[7.5000623,51.88369604,65.19],[7.49983833,51.88343039,65.8],[7.49979667,51.88338806,65.8],[7.49952071,51.88314042,67.6],[7.49947005,51.88310009,67.53],[7.49907874,51.88283445,66.66],[7.49901675,51.88280145,66.6],[7.49864311,51.88264381,64.13],[7.49855045,51.88261215,64.06],[7.49794648,51.8824745,64],[7.49786148,51.88245651,64],[7.49779648,51.88243185,64.06],[7.49775949,51.88240119,64.13],[7.4977185,51.88231622,65.4],[7.49771717,51.88231089,65.73],[7.49755352,51.88229757,67],[7.49752553,51.88227391,67.26],[7.49750354,51.88220025,67.73],[7.49749988,51.88215592,67.93],[7.49748891,51.88176696,69],[7.49748425,51.88171597,69.06],[7.49742663,51.88130735,72.19],[7.49741497,51.88125569,72.66],[7.49726968,51.88072975,74.06],[7.49725169,51.88067542,74],[7.49702507,51.88013082,75.6],[7.49699674,51.88007683,75.93],[7.49681278,51.87981252,77.4],[7.49677878,51.87975952,77.53],[7.49666948,51.87953787,77.66],[7.49663849,51.87948287,77.66],[7.49637818,51.8790589,78],[7.49634252,51.87900824,77.86],[7.49614921,51.87882159,76.13],[7.49610121,51.87877526,75.8],[7.49593656,51.87858028,73.19],[7.4959009,51.87853162,72.26],[7.49586824,51.87848263,71.33],[7.49584058,51.8784323,70.66],[7.49579192,51.87827598,69.19],[7.49577359,51.87822399,68.8],[7.49569061,51.87807168,68.8],[7.49565861,51.87802202,68.4],[7.49332226,51.87456707,71],[7.49329193,51.87452141,70.8],[7.49310163,51.87419977,68.66],[7.49307697,51.87415377,68.19],[7.492909,51.87377414,66.19],[7.49289067,51.87372615,65.86],[7.49277205,51.87338687,68.6],[7.49275972,51.87333787,69.4],[7.4926678,51.87269692,76.66],[7.49266447,51.87264726,76.93],[7.49265252,51.87174501,71.8],[7.49265152,51.87169602,71.4],[7.49267878,51.86951293,68.19],[7.49267312,51.86947093,68.53],[7.49265179,51.86943394,68.86],[7.4925588,51.86938228,69.46],[7.49249447,51.86936662,69.73],[7.49030026,51.86895179,65.66],[7.49024427,51.86894179,65.66],[7.49003796,51.86888648,65.66],[7.49003263,51.86888249,65.66],[7.49078756,51.86904376,68.86],[7.49086056,51.86905809,68.13],[7.49112888,51.86908208,65.19],[7.49118321,51.86907142,64.46],[7.4912272,51.86905209,63.73],[7.49127519,51.86898943,62.86],[7.49128652,51.86895377,62.8],[7.49129119,51.86867648,62.53],[7.49129119,51.86863649,62.53],[7.4913215,51.86839818,62.66],[7.49134016,51.86839285,62.73],[7.49135149,51.86839985,62.8],[7.49135215,51.86841718,62.86],[7.49131984,51.86854383,64.8],[7.49131251,51.86858482,65.46],[7.49127755,51.86888846,68.53],[7.49127522,51.86893112,68.8],[7.49132086,51.86905011,69.73],[7.49135852,51.86908277,69.53],[7.49151983,51.86915275,68.86],[7.49158249,51.86916974,68.6],[7.49242277,51.8693327,66.06],[7.49248243,51.86934769,65.93],[7.49254076,51.86935702,65.8],[7.49259509,51.86935735,65.66],[7.49267508,51.86932903,65.19],[7.49269508,51.86930003,65.13],[7.49270409,51.86905773,66.6],[7.49270176,51.86901474,66.66],[7.49262648,51.86852278,63.46],[7.49262115,51.86847679,62.8],[7.4926075,51.86791785,60.53],[7.4926065,51.86787186,60.6],[7.49256585,51.86769921,60.86],[7.49255685,51.86766021,60.93],[7.49255685,51.86755189,60.8],[7.49255019,51.86751923,60.73],[7.49253486,51.8674869,60.66],[7.49250953,51.86745924,60.6],[7.49247587,51.86744225,60.73],[7.49243287,51.86743659,60.86],[7.49204358,51.86746421,62.2],[7.49200625,51.86745755,62.46],[7.4919616,51.86738424,63.26],[7.49195894,51.86734858,63.53],[7.49195328,51.8669993,64],[7.49195394,51.86696297,64],[7.49198221,51.86654138,63.53],[7.49197855,51.86652072,63.4],[7.4919962,51.86648607,63.2],[7.4919982,51.86648308,63.13],[7.4921915,51.86641144,62.66],[7.4922355,51.86638578,62.53],[7.49230249,51.86631612,62.33],[7.49232148,51.86627512,62.26],[7.49235978,51.86609314,62.4],[7.49236377,51.86604515,62.46],[7.49234679,51.86579919,62.86],[7.49235212,51.86574986,63],[7.4924111,51.86550121,63.26],[7.49241876,51.86545288,63.26],[7.49241809,51.86510424,63.33],[7.49241809,51.86505525,63.33],[7.49240943,51.86500792,63.33],[7.49238577,51.86496359,63.33],[7.49227146,51.86485727,63.6],[7.4922548,51.86482594,63.8],[7.49234811,51.86469263,64.6],[7.49236344,51.8646523,64.73],[7.49235678,51.86452298,65.06],[7.49234845,51.86447665,65.13],[7.4922225,51.86401336,63.8],[7.4922095,51.86397236,63.6],[7.49219284,51.86393537,63.4],[7.49217051,51.86390204,63.2],[7.49206519,51.86379206,62.4],[7.4920532,51.86376673,62.13],[7.49205121,51.86374374,61.86],[7.4920602,51.86372308,61.8],[7.49212785,51.86366177,61.53],[7.49213718,51.86364611,61.53],[7.49220976,51.86317351,63.2],[7.49220776,51.86313485,63.4],[7.49219744,51.86305886,63.8],[7.49218711,51.8630202,64],[7.49199051,51.8625216,65.46],[7.49197685,51.8624806,65.46],[7.49191122,51.86215364,64.73],[7.49190689,51.86211398,64.6],[7.4919152,51.86184769,63.93],[7.49191986,51.86181169,63.73],[7.49206947,51.86128408,62.13],[7.49207946,51.86123342,62],[7.49206581,51.86103711,62],[7.49204882,51.86099011,62],[7.49202782,51.86094378,62],[7.49200116,51.86089845,62.06],[7.49189885,51.8607738,62.26],[7.49185752,51.86073614,62.26],[7.4914979,51.86052385,61.93],[7.4914509,51.86049052,61.93],[7.4911966,51.86022455,61.33],[7.49116327,51.86018656,61.26],[7.49012811,51.85894973,61.8],[7.49010445,51.85892173,61.86],[7.48996014,51.85877877,62.33],[7.48995348,51.85877311,62.4],[7.48942759,51.85791887,62],[7.48941459,51.85789854,62],[7.48931797,51.85781626,62],[7.48929331,51.85778727,62],[7.48937426,51.85749431,61.73],[7.48938459,51.85745198,61.66],[7.48943254,51.85697704,62.06],[7.48942854,51.85693638,62.2],[7.48935956,51.85669842,62.8],[7.4893439,51.85666176,62.86],[7.48912363,51.85623914,62.2],[7.48910297,51.85621281,62.06],[7.48900431,51.8561685,61.66],[7.48896265,51.8561665,61.6],[7.48853235,51.85618479,61.4],[7.48846835,51.85618545,61.4],[7.48801539,51.85617514,61.86],[7.48795406,51.85617448,61.93],[7.48784741,51.85617814,62],[7.48780675,51.85618347,62],[7.4877291,51.85622012,62],[7.48770177,51.85622611,62],[7.48750513,51.85624874,62],[7.4874658,51.85624441,62],[7.48742781,51.85623508,62],[7.48739481,51.85622042,62.06],[7.48734882,51.85617843,62.2],[7.48733416,51.85615577,62.26],[7.48732685,51.85602847,62.73],[7.48732485,51.85601648,62.8],[7.48728059,51.8559342,62.4],[7.48728059,51.85593387,62.4],[7.4872366,51.85595687,62.4],[7.48714463,51.85615783,62.4],[7.48711897,51.85618982,62.46],[7.48708831,51.85621982,62.53],[7.48705132,51.85624782,62.6],[7.48695666,51.85629081,62.66],[7.48690133,51.8563078,62.66],[7.48637039,51.85640676,63.06],[7.48634673,51.85640676,63.06],[7.48629442,51.85634744,63.13],[7.48629176,51.85633311,63.13],[7.48633773,51.85627412,63.13],[7.48633773,51.85626046,63.13],[7.4862124,51.85612646,63.33],[7.48620707,51.85612712,63.4],[7.48607178,51.85626641,64],[7.48603878,51.85628107,64],[7.48576682,51.85635802,62.4],[7.48574149,51.85636435,62.26],[7.48558951,51.856373,62],[7.48554385,51.85637499,62],[7.48535287,51.85641164,61.6],[7.48530421,51.85642364,61.46],[7.48517222,51.85647196,61.06],[7.48513256,51.85649062,60.93],[7.48489325,51.85661859,61.13],[7.48485292,51.85663692,61.2],[7.48473526,51.85665558,61.8],[7.48470493,51.85664392,62],[7.48449366,51.85628797,62.8],[7.48446,51.85625198,62.8],[7.48418106,51.85598936,62],[7.48414373,51.85595603,61.86],[7.4836278,51.85551909,62.53],[7.48358981,51.85548743,62.66],[7.48310922,51.85503849,62.06],[7.48306956,51.85500116,61.93],[7.48263196,51.8545289,61],[7.48259497,51.85448857,60.93],[7.48231635,51.85413261,60.73],[7.48228702,51.85409295,60.53],[7.48182612,51.8533737,63.73],[7.48180079,51.85334504,63.8],[7.48173613,51.85330638,63.4],[7.48170047,51.85329938,63.2],[7.48140817,51.85334968,61.66],[7.48135684,51.85334468,61.6],[7.48109453,51.85325871,61.53],[7.48104554,51.85323405,61.6],[7.48094922,51.85317806,61.66],[7.48090289,51.85314573,61.73],[7.48069925,51.85295976,62.06],[7.48066526,51.85292076,61.93],[7.48061894,51.85284144,61.93],[7.48060528,51.85280178,61.93],[7.48055198,51.85255448,61.66],[7.48053498,51.85251482,61.46],[7.480404,51.85237617,61.2],[7.48036067,51.85234584,61.13],[7.48020835,51.85226319,60.73],[7.48015302,51.85223753,60.53],[7.47985338,51.85211721,60.06],[7.47979072,51.85209388,60.33],[7.47884478,51.85178229,60.53],[7.47877645,51.85176263,60.2],[7.47856712,51.85172065,59.4],[7.47849779,51.85171132,59.2],[7.47801215,51.85169134,58.6],[7.47794215,51.851695,58.53],[7.47760651,51.85173764,58.6],[7.47753985,51.85174864,58.6],[7.4760663,51.8520422,72.8],[7.47600664,51.85204953,73.73],[7.47394747,51.85212401,70.93],[7.47388681,51.85212268,71.33],[7.47383115,51.85211569,71.73],[7.47378216,51.85210203,72],[7.47371217,51.85204871,72.19],[7.47368818,51.85201071,72.13],[7.47364986,51.85187473,72.46],[7.47364286,51.8518274,72.66],[7.47361655,51.85150877,70.4],[7.47360155,51.85146677,70.4],[7.47354056,51.85139012,70.4],[7.47350056,51.85135546,70.4],[7.47336358,51.85126548,69.06],[7.47330992,51.85124815,68.53],[7.47312593,51.85124549,69.06],[7.47306327,51.85125082,69.26],[7.47257565,51.8513191,71.13],[7.47251899,51.85132009,71.93],[7.4716794,51.85121117,78.4],[7.47162407,51.85120718,78.26],[7.4709888,51.85122514,74.8],[7.47093047,51.85122714,74.53],[7.47064884,51.85126645,72.46],[7.47059718,51.85127978,72.19],[7.47026256,51.8514144,70.86],[7.4702319,51.8514254,70.73],[7.47017257,51.85142806,70.46],[7.47014591,51.8514204,70.33],[7.47005359,51.85137774,70.6],[7.47001859,51.85135875,70.8],[7.46988195,51.8512561,71.6],[7.46984562,51.85122777,71.26],[7.46944469,51.85087282,66.06],[7.4694067,51.85084116,65.26],[7.46819885,51.84990664,63.06],[7.46815652,51.84987331,62.93],[7.46744128,51.84925438,62.06],[7.46739862,51.84921739,62.53],[7.46644342,51.84846485,67.26],[7.46639943,51.84842986,66.93],[7.46595347,51.84812525,63.8],[7.46589881,51.84809259,63.6],[7.46561651,51.84793995,62.26],[7.46555851,51.84791229,61.86],[7.46499922,51.84768301,58.86],[7.46495223,51.84766202,58.66],[7.46491223,51.84763903,58.4],[7.46488324,51.84761237,58.26],[7.46484758,51.84755637,58.06],[7.46482292,51.84753138,58],[7.46475093,51.84749172,57.86],[7.4647066,51.84747539,57.8],[7.46374802,51.84719214,57.93],[7.46370036,51.84717748,57.93],[7.46186461,51.84674506,61],[7.46183761,51.84672673,61],[7.46182728,51.8467024,60.86],[7.46183127,51.84667474,60.73],[7.46185793,51.84661575,60.86],[7.46187626,51.84658709,60.93],[7.46258979,51.84571792,64.26],[7.46262578,51.84567126,64.4],[7.46269544,51.8455756,64.46],[7.46272144,51.84553194,64.66],[7.46272911,51.84546662,65.06],[7.46271145,51.84545196,65.26],[7.46262814,51.84547796,65.86],[7.46259481,51.84550262,65.86],[7.4622122,51.84589356,68.93],[7.46217954,51.84591522,69.73],[7.46208822,51.84594621,71.33],[7.46202889,51.84594621,71.86],[7.46180958,51.84589356,72.46],[7.46173392,51.84587023,72.6],[7.45784323,51.84457621,74.13],[7.4577829,51.84455655,74.33],[7.4550861,51.84372376,65.4],[7.45499944,51.84369643,64.6],[7.45081867,51.84235897,64.93],[7.45073234,51.84233164,64.53],[7.44920842,51.8418054,60.26],[7.44912509,51.84177607,60],[7.44767119,51.84123849,58.66],[7.44759186,51.84120783,58.73],[7.44578529,51.84048497,65.93],[7.44571696,51.84045731,66.33],[7.44396076,51.83969809,59.2],[7.4438951,51.83966943,59.2],[7.44288085,51.83920285,59.53],[7.44281385,51.83917085,59.4],[7.44131029,51.8384283,59.33],[7.44123896,51.83839197,59.33],[7.44007436,51.83777506,59.33],[7.44001003,51.83774173,59.33],[7.43893279,51.83714616,59],[7.43887913,51.83711683,59],[7.43756758,51.83635061,59.8],[7.43750225,51.83631095,59.8],[7.4366783,51.83579235,59.73],[7.4366183,51.83575402,59.66],[7.43517976,51.83480545,56.73],[7.4351201,51.83476445,56.66],[7.43330323,51.83347892,58.33],[7.4332449,51.83343692,58.06],[7.43205768,51.83253868,65.93],[7.43200235,51.83249735,65.86],[7.43040284,51.83120322,63],[7.43036551,51.83117156,63],[7.42963661,51.83053499,59.53],[7.42959828,51.83050066,59.4],[7.4286881,51.82963979,60.26],[7.42865077,51.82960413,60.33],[7.42800354,51.82893325,61],[7.42797388,51.82890159,60.8],[7.4274023,51.8282677,58.53],[7.4273693,51.82823104,58.53],[7.42578887,51.82637129,60.13],[7.42575454,51.8263293,60.13],[7.42565623,51.82620197,59.66],[7.42562923,51.82615831,59.46],[7.4254876,51.825892,59.33],[7.42545661,51.82584967,59.2],[7.42516632,51.82559738,58],[7.42513332,51.82555905,57.86],[7.42508933,51.82547706,57.26],[7.425087,51.8254354,56.93],[7.42510366,51.82539707,56.6],[7.42518698,51.82533675,56.33],[7.42524631,51.82531609,56.26],[7.42563029,51.82524879,56.26],[7.42571495,51.82522679,56.33],[7.42658557,51.82493985,60.53],[7.42666423,51.82492452,61.13],[7.42696453,51.82490786,64.8],[7.42703519,51.82490986,65.73],[7.42729317,51.82494684,69.6],[7.42734316,51.82497084,70.66],[7.42744048,51.8250685,73.19],[7.42745947,51.82510616,73.8],[7.42756076,51.82545146,74],[7.42757442,51.82549612,73.26],[7.42775236,51.82595608,61.8],[7.42777802,51.82600207,60.53],[7.42792233,51.82622805,57.26],[7.42795466,51.82627138,56.66],[7.4283456,51.82674233,57.4],[7.4283806,51.82678399,57.6],[7.4285939,51.82701829,58.6],[7.4286289,51.82705429,58.86],[7.42917049,51.82754856,62.86],[7.42920482,51.82757522,63],[7.42960378,51.82784849,62.53],[7.42963944,51.82786882,62.46],[7.42978941,51.82794413,61.93],[7.4298274,51.82796013,61.8],[7.42994372,51.82798112,61.46],[7.42998138,51.82797512,61.53],[7.4301157,51.82790581,61.8],[7.43015036,51.82788315,61.86],[7.43082527,51.82742458,62.2],[7.4308596,51.82740058,62.2],[7.4314652,51.82695899,61.53],[7.43151086,51.82692733,61.33],[7.43198384,51.82662671,59.06],[7.43204517,51.82658572,58.93],[7.43594223,51.82392934,57.53],[7.43600289,51.82388768,57.53],[7.43965424,51.82142833,56.53],[7.43970657,51.821393,56.6],[7.44027117,51.8209774,55.6],[7.4403135,51.82094307,55.66],[7.44072046,51.8205408,57.86],[7.44075212,51.82050347,58.26],[7.44092843,51.8202675,59.6],[7.44095576,51.82022651,59.66],[7.4411054,51.81997087,58.73],[7.4411274,51.81992721,58.46],[7.44183923,51.81835401,58.33],[7.44186022,51.81830868,58.13],[7.44219481,51.81763507,57.86],[7.44221614,51.81759141,58],[7.44269134,51.81651653,55.53],[7.44271067,51.8164742,55.53],[7.4449063,51.8117075,55],[7.44492163,51.81167517,55],[7.44495261,51.8115272,55],[7.44495994,51.81149954,55],[7.44502292,51.81135789,54.46],[7.44503525,51.81132723,54.33],[7.4452382,51.81097962,53],[7.44525786,51.81093896,53],[7.44666309,51.80781406,61.2],[7.44668442,51.8077784,60.86],[7.44693371,51.80742678,58.46],[7.44696204,51.80739345,58.06],[7.44715834,51.80718449,56.6],[7.447195,51.8071495,56.06],[7.44739764,51.80698519,55],[7.4474393,51.80695453,54.86],[7.44793624,51.80663392,54.53],[7.44798523,51.80660526,54.53],[7.44915877,51.80595403,55.13],[7.4492011,51.8059287,55.33],[7.4496314,51.80562208,57],[7.44966939,51.80559142,57],[7.45005799,51.80520249,55.8],[7.45007998,51.80517549,55.66],[7.45028394,51.80482388,54.6],[7.45030227,51.80478389,54.6],[7.45036792,51.80458192,54.6],[7.45037658,51.80454159,54.66],[7.45040589,51.80426229,55],[7.45040489,51.8042103,55],[7.45038624,51.80400066,55],[7.45037691,51.80394867,55],[7.45025395,51.80358971,55.73],[7.45022896,51.80353905,55.93],[7.45004765,51.80323874,56.86],[7.45001266,51.80319008,57],[7.44945575,51.80246317,55.66],[7.44941942,51.80241584,55.53],[7.44848956,51.8011263,54.8],[7.44845656,51.8010763,54.93],[7.44803796,51.80038738,55.66],[7.44800996,51.80033505,55.66],[7.44763038,51.79950978,61.6],[7.44760772,51.79945445,62.13],[7.44743977,51.79896383,63.73],[7.44742377,51.79891017,63.4],[7.44727351,51.79829856,60.4],[7.44726485,51.7982509,60.13],[7.4471616,51.79752232,51.53],[7.44715794,51.79748299,51.4],[7.44713667,51.79671476,50.66],[7.447138,51.79666677,50.73],[7.44723454,51.7957792,52.86],[7.44724087,51.79573554,52.93],[7.44745677,51.79458899,52.8],[7.44746743,51.79453833,52.66],[7.44766065,51.79371343,51],[7.44766631,51.79368877,51],[7.44774393,51.79345382,51.13],[7.44774426,51.79344583,51.2],[7.4477919,51.79335821,51.4],[7.4478019,51.79332922,51.4],[7.44819574,51.79202073,53.2],[7.44820207,51.79198207,53.26],[7.4482297,51.79166944,52.13],[7.44823036,51.79162945,51.86],[7.44812318,51.79047759,52.93],[7.44812318,51.79043626,52.93],[7.4481508,51.79009997,52.4],[7.44815646,51.79005364,52.33],[7.44821143,51.78981966,52],[7.44822543,51.789772,51.86],[7.44831108,51.78954334,51.6],[7.44833041,51.78949801,51.6],[7.44865966,51.78880942,53.86],[7.44867699,51.78877076,54],[7.4487753,51.78857512,54.53],[7.44879663,51.78853879,54.6],[7.44887661,51.7884398,54.53],[7.44891327,51.78841347,54.46],[7.4489566,51.78839714,54.4],[7.44900526,51.78839281,54.33],[7.44913892,51.78844179,54.46],[7.44917392,51.78846812,54.53],[7.44939156,51.78866475,54.73],[7.44941955,51.78869241,54.86],[7.44982048,51.78911201,55.26],[7.44982348,51.789117,55.2],[7.44922263,51.78851811,54.8],[7.44919497,51.78849045,54.86],[7.44901766,51.78838381,55.53],[7.44898967,51.78836348,55.53],[7.44896901,51.78833982,55.53],[7.44895468,51.78831283,55.53],[7.44893837,51.78822418,55.53],[7.44894436,51.78819352,55.53],[7.44898801,51.78806287,55.2],[7.44900201,51.78803021,55.06],[7.44996943,51.78600652,50.46],[7.44998342,51.78597652,50.46],[7.45027097,51.78529527,53.4],[7.45027897,51.78527528,53.46],[7.45038894,51.78507833,53.86],[7.4504066,51.78504434,53.93],[7.45086744,51.78405915,53.93],[7.45088677,51.78402049,54],[7.45107573,51.78368821,54.33],[7.45109439,51.78365288,54.33],[7.45116736,51.78347257,54.33],[7.45118535,51.78343691,54.26],[7.45139996,51.78310497,54.4],[7.45140096,51.78306897,54.46],[7.45135597,51.78300432,54.73],[7.45131264,51.78297999,54.86],[7.45060071,51.78271605,55.2],[7.45054538,51.78269172,55.13],[7.44985178,51.78232611,54.73],[7.44980212,51.78229445,54.66],[7.44915918,51.78184484,55.26],[7.44911985,51.78181251,55.4],[7.44877956,51.78148722,56],[7.44874823,51.78145522,56],[7.44854393,51.78121561,56.53],[7.44854293,51.78121428,56.66],[7.44858893,51.78124461,56.8],[7.44863792,51.78123827,57.2],[7.44866191,51.78122294,57.4],[7.44896153,51.78090898,59.4],[7.44900386,51.78087065,59.8],[7.4508373,51.77934056,53.66],[7.45088063,51.7793039,53.66],[7.45157856,51.77873098,55.93],[7.45161722,51.77870032,56.06],[7.45201183,51.77841005,56.53],[7.45203949,51.77838839,56.46],[7.45246343,51.77801211,56.33],[7.45250876,51.77797378,56.4],[7.4550658,51.77587973,55.6],[7.4551088,51.7758444,55.6],[7.45604469,51.77511218,55],[7.45608502,51.77507919,54.93],[7.45671061,51.77451793,54.4],[7.4567446,51.7744806,54.33],[7.45686626,51.77433262,54],[7.45689192,51.77429496,53.86],[7.45705221,51.77398334,53.53],[7.4570682,51.77394134,53.53],[7.45709118,51.77381568,53.53],[7.45709351,51.77377402,53.53],[7.45713141,51.77231917,55.46],[7.45713341,51.77228017,55.53],[7.45715338,51.77211354,55.86],[7.45715504,51.77208188,55.86],[7.45719935,51.77197058,55.53],[7.45720134,51.77195258,55.46],[7.45718537,51.77148299,55.8],[7.45719103,51.77143933,55.8],[7.4573663,51.77089337,55],[7.45738096,51.77085071,55],[7.45754223,51.77045942,55.26],[7.45755589,51.77042243,55.26],[7.45766614,51.76992718,55],[7.45767147,51.76989452,55],[7.45774998,51.76837314,54],[7.45775231,51.76833548,54],[7.45776029,51.76761325,55.53],[7.45776062,51.76758026,55.6],[7.45782754,51.76705366,55],[7.4578302,51.76703733,55],[7.45782456,51.76696736,54.66],[7.45782922,51.76694737,54.6],[7.4579072,51.76689471,54.2],[7.45795286,51.76688905,54.06],[7.45846915,51.76689637,53.86],[7.45851248,51.76688771,53.93],[7.45866845,51.7667864,54.6],[7.45870811,51.76677074,54.73],[7.45891508,51.76672443,54.6],[7.45895307,51.76671844,54.46],[7.45922602,51.76670646,53.73],[7.45925735,51.76669747,53.73],[7.45935899,51.76660582,54],[7.45936098,51.76658516,54.13],[7.45934799,51.76656084,54.4],[7.459343,51.76655685,54.53],[7.45911634,51.76648786,54.73],[7.459126,51.76648253,54.8],[7.45931833,51.76672353,54.86],[7.45929167,51.76674519,54.86],[7.45926001,51.76676685,54.73],[7.45912568,51.76681017,54.33],[7.45907435,51.76681316,54.2],[7.45876106,51.76675454,53.4],[7.45873573,51.76675654,53.33],[7.45858478,51.76685785,54.2],[7.45854978,51.76687384,54.33],[7.4584178,51.76690049,54.66],[7.45836781,51.76690182,54.73],[7.45787251,51.76687953,55.33],[7.45783785,51.76686487,55.4],[7.45778552,51.76681088,55.53],[7.45776186,51.76677555,55.6],[7.45766622,51.76660324,55.73],[7.45764289,51.76655824,55.66],[7.45695876,51.76486142,56],[7.4569411,51.76481476,56.13],[7.45678349,51.76434681,56.33],[7.45676983,51.76429982,56.2],[7.45665124,51.76378287,54.53],[7.45664258,51.76373754,54.4],[7.45660728,51.76351423,53.93],[7.45660562,51.76346923,53.8],[7.45664559,51.76320993,53.46],[7.45664193,51.7631656,53.46],[7.45657829,51.76298729,53.46],[7.45656896,51.7629403,53.46],[7.45654233,51.76264334,53.8],[7.45654,51.76259201,53.86],[7.45653402,51.76086451,52.73],[7.45653302,51.76082785,52.66],[7.45654698,51.76056722,52.13],[7.45655064,51.76052389,52],[7.45659362,51.76033591,51.6],[7.45660995,51.76028692,51.53],[7.45672459,51.76005628,51.2],[7.45675459,51.76001895,51.13],[7.45683158,51.75996029,50.86],[7.45688158,51.75993429,50.8],[7.45725188,51.759806,50.4],[7.45730754,51.75978034,50.33],[7.4573592,51.75975234,50.26],[7.45740386,51.75972068,50.2],[7.45747218,51.75964436,50.2],[7.45749584,51.75960003,50.2],[7.45751117,51.75955203,50.26],[7.45751916,51.75950237,50.33],[7.45751217,51.75940105,50.33],[7.45749917,51.75935072,50.33],[7.45747951,51.75930039,50.33],[7.45745351,51.75925173,50.33],[7.45735318,51.75911042,50.33],[7.45732985,51.75906376,50.33],[7.45731619,51.75896844,50.26],[7.45732419,51.75892111,50.26],[7.45795801,51.75769154,52.93],[7.45797934,51.75764588,52.46],[7.45827091,51.75687229,50.66],[7.4582869,51.7568183,50.66],[7.45842781,51.75605969,50.26],[7.45843714,51.75600069,50.33],[7.45848576,51.75548974,50.8],[7.45849309,51.75543741,50.8],[7.45861005,51.75511811,50.33],[7.45861504,51.75507512,50.26],[7.45856706,51.75478016,50.33],[7.45856872,51.75472783,50.33],[7.45863593,51.7533416,50],[7.45863726,51.7532906,50],[7.45870747,51.75231269,49.06],[7.45871147,51.75226803,49.13],[7.45873246,51.75218004,49.26],[7.45875246,51.75214171,49.33],[7.45892643,51.75197608,49.73],[7.45893409,51.75194009,49.8],[7.4589241,51.75190176,49.86],[7.45890277,51.75186276,49.93],[7.45881512,51.75174044,50],[7.45879046,51.75169611,50],[7.45876614,51.75160146,50],[7.45876314,51.7515518,50],[7.45882076,51.75093587,50.66],[7.45882609,51.75088521,50.73],[7.45888973,51.75061191,50.73],[7.45889939,51.75057425,50.73],[7.45892436,51.75028961,50.53],[7.45893602,51.75023228,50.6],[7.45903666,51.74993964,50.6],[7.45906232,51.74988298,50.6],[7.45928296,51.74949235,50.4],[7.45932195,51.74943769,50.4],[7.45954294,51.74916872,50.26],[7.45959327,51.74911639,50.26],[7.46037289,51.74836047,49.6],[7.46041588,51.74830881,49.53],[7.46052621,51.74814816,49.26],[7.46055787,51.7480935,49.2],[7.46074584,51.7477052,48.8],[7.4607675,51.7476502,48.73],[7.46081815,51.74749021,48.53],[7.46082948,51.74743788,48.46],[7.46085679,51.7472249,48.2],[7.46085613,51.74717157,48.13],[7.46081717,51.74682261,47.86],[7.46080917,51.74677795,47.86],[7.46065956,51.74614202,48.4],[7.4606499,51.74609569,48.46],[7.46059725,51.74575939,48.93],[7.46059126,51.74571106,49],[7.46057594,51.74547176,49],[7.46057594,51.74542643,49.13],[7.46059389,51.7448015,50.66],[7.46059655,51.7447635,50.6],[7.46064519,51.74466585,50.46],[7.46068318,51.74464419,50.46],[7.46092582,51.74459188,50.6],[7.46096881,51.74458022,50.66],[7.46104413,51.74452189,51],[7.46104413,51.74450456,51.13],[7.46102847,51.7444959,51.26],[7.46100247,51.74449756,51.4],[7.46081516,51.74454886,51.8],[7.46076717,51.74455386,51.86],[7.46004223,51.74456185,51.4],[7.45997357,51.74456751,51.33],[7.45902197,51.74471245,51.2],[7.45894131,51.74471878,51.26],[7.45721913,51.74481896,53.6],[7.4571638,51.74482162,53.6],[7.45705815,51.74480796,53.53],[7.45700882,51.74478997,53.53],[7.45688316,51.74470498,53.93],[7.4568475,51.74467032,54.06],[7.45640724,51.74413739,53.8],[7.45637258,51.74409973,53.66],[7.45592997,51.74368114,54.06],[7.45589298,51.74364481,54.2],[7.45568601,51.74341117,54.73],[7.45565435,51.74337051,54.66],[7.45555371,51.7431932,54.4],[7.45553705,51.74314587,54.33],[7.45546709,51.74275059,53.46],[7.4554561,51.74270059,53.2],[7.45539478,51.74255294,52.4],[7.45536645,51.74250428,52.13],[7.45479984,51.74174271,55.4],[7.45476818,51.74170505,55.53],[7.45469319,51.74163739,55.8],[7.45464553,51.74160706,55.93],[7.45453454,51.7415594,56],[7.45447255,51.74154241,55.93],[7.45434289,51.74151809,55.53],[7.45427689,51.74150943,55.33],[7.45393125,51.74150144,54.46],[7.45386059,51.74150277,54.4],[7.45018951,51.74167084,53.8],[7.45012485,51.7416725,53.66],[7.44976888,51.74170679,53.26],[7.44971455,51.74171479,53.2],[7.44948624,51.74178177,53.26],[7.44944625,51.74179443,53.33],[7.44931493,51.74179743,53.53],[7.4492736,51.7417791,53.6],[7.44924394,51.74174944,53.66],[7.44922428,51.74171145,53.73],[7.4491443,51.74142682,54.93],[7.44913264,51.74137616,55.26],[7.44898271,51.74063224,55.26],[7.44897171,51.74057958,54.73],[7.44894073,51.74031627,52.6],[7.44893507,51.74026594,52.33],[7.4488438,51.73977966,51.33],[7.44883714,51.739731,51.4],[7.44878122,51.73910938,54.8],[7.44878188,51.73906172,55.4],[7.44882883,51.7385851,60.33],[7.44883316,51.73853844,60.4],[7.44890778,51.73804182,57.8],[7.44890844,51.73799582,57.33],[7.44888779,51.7378615,56.2],[7.44887479,51.7378175,56],[7.4487125,51.7374292,53],[7.44868084,51.73738621,52.46],[7.44864184,51.73734655,52.26],[7.44859618,51.73730889,52.06],[7.44843419,51.73720724,51.46],[7.44837586,51.73717591,51.26],[7.44756359,51.7367953,52.4],[7.44750826,51.73676864,52.53],[7.4471553,51.736572,52.73],[7.44711131,51.73654267,52.6],[7.44680835,51.73629303,51.93],[7.44676302,51.73625604,51.93],[7.44446434,51.73449096,52.13],[7.44442534,51.73446096,52.2],[7.44435702,51.73439831,52.33],[7.44432902,51.73436732,52.4],[7.4442287,51.73420868,52.33],[7.44419537,51.73417869,52.26],[7.44179762,51.73223393,50.33],[7.44174362,51.7321926,50.33],[7.44049941,51.73144171,51.73],[7.44044408,51.73140438,51.86],[7.43818128,51.72975858,55.73],[7.43813462,51.72971758,55.33],[7.43805896,51.72962926,54.53],[7.4380333,51.7295826,54.13],[7.43801996,51.72944062,53.6],[7.43803029,51.72939296,53.33],[7.43848815,51.72808778,51.6],[7.43850248,51.72804779,51.6],[7.43856246,51.72776683,51.8],[7.43856579,51.7277195,51.8],[7.43851853,51.72714923,49.6],[7.43851487,51.72710657,49.4],[7.43837701,51.72619034,51.26],[7.43836201,51.72614768,51.4],[7.43831369,51.72606469,51.66],[7.43827936,51.7260267,51.8],[7.43818904,51.72595938,52],[7.43813738,51.72592839,51.93],[7.4367345,51.72518885,51.33],[7.43667784,51.72515352,51.33],[7.43628389,51.72488955,51.6],[7.43622956,51.72485055,51.66],[7.43569594,51.72444861,52],[7.43563628,51.72441128,52],[7.43542629,51.72432563,51.8],[7.4353463,51.72431364,51.73],[7.43510964,51.72433897,51.53],[7.43503565,51.72435963,51.46],[7.43443903,51.72458959,51.53],[7.4343767,51.72461792,51.66],[7.43366644,51.72497119,53.2],[7.43361845,51.72499619,53.2],[7.43319315,51.72526114,53],[7.43315182,51.72528247,53],[7.43300984,51.72532912,53],[7.43295718,51.72533878,53],[7.43277086,51.72534778,53],[7.43270187,51.72534145,53],[7.43229689,51.72522848,53.13],[7.43223189,51.72520715,53.2],[7.43060234,51.72464163,55.46],[7.43054501,51.72462163,55.53],[7.42903252,51.72412413,58.26],[7.42898186,51.72410747,58.33],[7.4284529,51.72396019,59.33],[7.4283999,51.72394619,59.4],[7.42645574,51.72354303,61.2],[7.42640508,51.72353503,61.4],[7.4261141,51.72352005,62.4],[7.42605744,51.72352304,62.6],[7.42543416,51.72359532,63],[7.4253695,51.72359066,62.86],[7.42510019,51.72353868,62.06],[7.42503353,51.72351568,61.86],[7.42486155,51.72341003,61.2],[7.42481055,51.72336704,61.06],[7.42460691,51.72317772,60.53],[7.42455825,51.72312639,60.4],[7.42369436,51.72214714,59.46],[7.42365637,51.72210214,59.46],[7.42361338,51.72206148,59.6],[7.42356172,51.72203049,59.8],[7.42344206,51.72198983,60.2],[7.42338606,51.72196684,60.26],[7.42329274,51.72190152,60.4],[7.42325008,51.72186186,60.26],[7.42294845,51.72156157,60.33],[7.42290746,51.72151657,60.26],[7.42235852,51.72088161,59.26],[7.42231952,51.72083661,59.6],[7.4215213,51.71986239,61.06],[7.42148497,51.71981673,60.93],[7.42062575,51.71866852,60.8],[7.42059342,51.71862286,60.86],[7.42037345,51.71835655,60.6],[7.42033912,51.71831056,60.4],[7.41972787,51.71745265,61.33],[7.41969388,51.71740365,61.4],[7.4192096,51.71667373,60.2],[7.41917827,51.71662774,60.13],[7.41793815,51.71465999,59.06],[7.41791149,51.71461799,58.73],[7.41550432,51.71087082,58.33],[7.41547866,51.71083149,57.6],[7.41460682,51.70941596,53.46],[7.41457949,51.70937296,53.26],[7.41392692,51.70840508,55.93],[7.41389893,51.70836375,55.93],[7.41263316,51.70634903,62.2],[7.41261116,51.70631337,61.86],[7.41099611,51.703795,56.2],[7.41097811,51.703767,56.33],[7.41089514,51.70360303,56.33],[7.41087414,51.70356703,56.33],[7.41040592,51.70282378,56.86],[7.41038292,51.70278579,56.6],[7.41008365,51.70235153,55.53],[7.41006932,51.70232953,55.66],[7.40883925,51.70041247,56.93],[7.40881426,51.70037347,56.8],[7.4026674,51.69072017,60.53],[7.40263307,51.69066417,60.86],[7.40152889,51.68896233,56.33],[7.40149856,51.688916,57.66],[7.40077469,51.68785245,60.33],[7.40074403,51.68780812,60.13],[7.39995048,51.6867119,70.86],[7.39992015,51.68667191,70.86],[7.3991616,51.68571304,65.53],[7.39912761,51.68567038,65.4],[7.39889164,51.68541475,65.4],[7.39885231,51.68537109,65.13],[7.39842169,51.68483081,60.93],[7.39838503,51.68478648,60.53],[7.39792543,51.68426285,56.53],[7.39788677,51.68421819,56.73],[7.39759548,51.68391556,59.93],[7.39755115,51.68387356,60.73],[7.39678924,51.68318999,69.6],[7.39674758,51.68315033,69.73],[7.39619167,51.68254643,70.8],[7.39617934,51.68253243,71],[7.39609969,51.68247212,72],[7.39608303,51.68245546,72.19],[7.39578709,51.68212585,73.26],[7.39575109,51.68208185,73.53],[7.39517385,51.68131726,67.33],[7.39514052,51.68127927,66.53],[7.39479158,51.68093831,64.53],[7.39475459,51.68090065,64.53],[7.39293852,51.67898126,64.26],[7.39290419,51.6789466,64.19],[7.39184465,51.67797009,64.53],[7.39179199,51.67792276,64.46],[7.39095206,51.67723084,63.93],[7.3908884,51.67718185,63.6],[7.39021646,51.67667957,62.8],[7.39015847,51.67663824,62.8],[7.38898424,51.67585802,61],[7.38892624,51.67582136,60.86],[7.3881783,51.67536943,60],[7.38811897,51.67533477,59.93],[7.38697339,51.6747122,57],[7.38691673,51.6746792,56.6],[7.3859435,51.67406197,56.73],[7.38589517,51.67403197,56.93],[7.38548155,51.67374302,57.8],[7.38544022,51.67371236,58.13],[7.38522258,51.67358839,58.66],[7.38518425,51.67356106,58.86],[7.38404037,51.67266551,62.2],[7.38399238,51.67263018,62.53],[7.38319113,51.67211527,58],[7.38314947,51.67209194,58],[7.38311215,51.67204996,58],[7.38311814,51.67204996,58],[7.38318877,51.67211759,58.93],[7.38318777,51.67208593,59.06],[7.38236722,51.67159303,59.33],[7.38230856,51.6715587,59.13],[7.38117763,51.67093245,59.2],[7.38111797,51.67089979,58.93],[7.37996174,51.67032021,59.86],[7.37989741,51.67028721,60],[7.37895519,51.66977063,59.8],[7.37889386,51.6697353,59.66],[7.37797829,51.66917705,59.6],[7.37791796,51.66913939,59.86],[7.37684604,51.66843981,60.13],[7.37679738,51.66840748,60.2],[7.37638309,51.66816021,58.26],[7.37637076,51.66815588,58],[7.37639043,51.66808989,56.8],[7.37637377,51.66806089,56.4],[7.37584384,51.66746495,51.46],[7.37578418,51.66739829,51.13],[7.37560487,51.66712298,50.46],[7.37556054,51.66705699,50.26],[7.37550355,51.66699733,50.2],[7.37543189,51.666948,50.06],[7.37511858,51.66678369,49.6],[7.37506525,51.6667327,49.4],[7.37498659,51.66662372,49],[7.37495593,51.66656872,48.8],[7.37489428,51.6664064,48.2],[7.37488429,51.66635307,48.06],[7.37487663,51.66619942,47.73],[7.37487829,51.66615076,47.66],[7.37491124,51.66560216,49.46],[7.37491091,51.66556116,49.66],[7.3748653,51.66516553,50.73],[7.37486364,51.66512187,50.8],[7.37489495,51.66496056,51],[7.37490594,51.66492423,51],[7.37521752,51.66417398,50.13],[7.37523085,51.66413498,50.4],[7.37523385,51.66397201,51.46],[7.37521486,51.66393435,51.53],[7.37495656,51.66371073,51.13],[7.3749179,51.6636804,51.06],[7.37453862,51.66342213,50],[7.37449429,51.6633958,50],[7.37303846,51.66265061,56.33],[7.37301013,51.66263295,56.66],[7.37290816,51.66249897,57.4],[7.37289216,51.66246997,57.06],[7.3727862,51.66221768,55.2],[7.37278087,51.66218602,55],[7.37279885,51.66194773,53.66],[7.37280585,51.6619154,53.53],[7.37288982,51.66169411,52.06],[7.37291248,51.66166078,51.86],[7.37300813,51.6615568,51.46],[7.37304679,51.6615208,51.26],[7.37385536,51.66080956,55.93],[7.37389035,51.66077523,56.33],[7.37402167,51.66063559,56.73],[7.37405133,51.6605986,56.66],[7.37415331,51.66044029,55.66],[7.37417297,51.66039829,55.2],[7.37419296,51.66031463,54.66],[7.37419329,51.6602723,54.4],[7.37415798,51.66002733,53.46],[7.37414599,51.65999034,53.4],[7.37411333,51.65992235,53.66],[7.37409434,51.65988902,53.8],[7.37393638,51.65967039,55.4],[7.37390572,51.65963706,55.6],[7.37199598,51.65831964,59.13],[7.37196332,51.65829731,59.2],[7.37135076,51.65797739,59.13],[7.37131043,51.65796406,59.06],[7.37126877,51.65795673,59],[7.37122711,51.6579564,59],[7.37103548,51.65798804,58.93],[7.37098849,51.6579897,58.93],[7.37063153,51.65797339,59.33],[7.37056954,51.65796706,59.4],[7.36985993,51.65786446,60.86],[7.36981127,51.65785713,61],[7.36908065,51.6577012,62.33],[7.36901899,51.6576902,62.46],[7.36613921,51.65726545,66.53],[7.36607688,51.65725845,66.8],[7.36552759,51.65722618,68.73],[7.36546393,51.65722485,68.86],[7.36439737,51.65722552,69.86],[7.36435137,51.65722386,69.73],[7.3641324,51.65716688,68.86],[7.36408507,51.65716455,68.53],[7.36353612,51.65723547,65.06],[7.36348512,51.6572378,64.93],[7.36216224,51.65724209,66.66],[7.36210491,51.6572411,66.8],[7.36165996,51.65717682,68.73],[7.3615943,51.65716049,68.93],[7.36146131,51.6571195,69.26],[7.36139631,51.65709417,69.4],[7.36122399,51.65701052,69.26],[7.36118133,51.65698486,69],[7.36059841,51.65645692,66.13],[7.36054408,51.65641126,66.13],[7.3602481,51.65621463,65],[7.36022977,51.6561913,64.8],[7.36022777,51.65616864,64.6],[7.36024177,51.65615198,64.4],[7.36044972,51.65608066,62.2],[7.36049572,51.65606233,61.86],[7.36058071,51.65601001,61.2],[7.36061604,51.65597535,60.93],[7.36066203,51.65590169,60.4],[7.36066236,51.65587036,60.13],[7.36059971,51.65578638,59.86],[7.36057071,51.65575838,59.86],[7.35949322,51.65478017,66.66],[7.35945489,51.65474618,66.73],[7.3591636,51.6544299,66.19],[7.35912661,51.65439257,66.06],[7.35870666,51.65406896,63.13],[7.358669,51.65403596,62.8],[7.35726855,51.65273082,65.06],[7.35723322,51.65269716,65.19],[7.35562742,51.65125638,61.33],[7.35558909,51.65122338,61.26],[7.35481621,51.65048886,61.4],[7.35477688,51.65045353,61.46],[7.35456724,51.65027889,61.46],[7.35452224,51.6502449,61.6],[7.35399364,51.64986928,61.93],[7.35395098,51.64983662,62],[7.35368802,51.64958934,62.2],[7.35365436,51.64956401,62.2],[7.35320208,51.64928672,60.6],[7.35317075,51.64925906,60.4],[7.3529188,51.6489391,59.6],[7.35288514,51.64890511,59.66],[7.35110201,51.64723797,56.2],[7.35105935,51.64719764,56.33],[7.34868934,51.64502862,64.66],[7.34865401,51.64499562,64.53],[7.34813674,51.64459401,63.8],[7.34808975,51.64455702,63.86],[7.34766479,51.64419674,65.19],[7.34762846,51.64416275,65.53],[7.34697523,51.64342451,68.8],[7.3469449,51.64339252,68.6],[7.34600272,51.64254465,66.53],[7.34597339,51.64251799,66.53],[7.34573109,51.6422217,68],[7.34569909,51.64219171,68.19],[7.34486419,51.64145548,64.93],[7.34483319,51.64142682,64.73],[7.34468921,51.6413235,63.93],[7.34465122,51.64130351,63.73],[7.34461189,51.64129018,63.53],[7.34457256,51.64128485,63.26],[7.34439792,51.64129517,63.06],[7.34434993,51.64129917,63.13],[7.34387164,51.64140811,64.19],[7.34382631,51.64141011,64.33],[7.34375199,51.64139146,64.6],[7.34372299,51.6413748,64.66],[7.34359202,51.64126384,65.4],[7.34357102,51.64124218,65.46],[7.34355336,51.64121885,65.53],[7.3435407,51.64119352,65.6],[7.3434574,51.64091524,66],[7.34344774,51.64089525,66],[7.34308887,51.64032675,66.46],[7.34307454,51.64030942,66.53],[7.34306621,51.64025244,66.6],[7.34308187,51.64023044,66.6],[7.34334817,51.64003149,66.13],[7.34338616,51.6400055,66],[7.34428033,51.63943631,65.6],[7.34431399,51.63941465,65.66],[7.34482124,51.63906604,66.53],[7.34485057,51.63904404,66.6],[7.34487556,51.63902005,66.66],[7.34489455,51.63899372,66.53],[7.34498451,51.63880076,65.53],[7.34501717,51.63876543,65.26],[7.34574311,51.63818583,62.2],[7.34580311,51.6381365,62.06],[7.34626041,51.63769154,61.13],[7.34631941,51.63763355,61],[7.34682902,51.63707692,59],[7.34688268,51.63701393,58.86],[7.34716265,51.63663496,58.26],[7.34720664,51.63657396,58.33],[7.34742228,51.63622465,58.66],[7.34745394,51.63617066,58.73],[7.34778789,51.63555706,58.93],[7.34781455,51.63550807,59],[7.34815712,51.6346885,60.4],[7.34817412,51.63464851,60.46],[7.3483404,51.63420258,61],[7.3483554,51.63416292,61],[7.3486493,51.63332438,62.73],[7.34865796,51.63329539,62.8],[7.34865498,51.63314577,63.4],[7.34865864,51.63313211,63.46],[7.34875694,51.63300547,64],[7.34877127,51.63297914,64.13],[7.34897684,51.63246591,66.33],[7.34898617,51.63244558,66.4],[7.3493249,51.63153947,69.4],[7.34933456,51.63151314,69.46],[7.34944151,51.63113854,70],[7.34944251,51.63113388,70.06],[7.34947284,51.63110888,70.13],[7.34948317,51.63108622,70.19],[7.3497161,51.63039897,69.4],[7.34973076,51.63035564,69.33],[7.35059512,51.62803025,71.33],[7.35061112,51.62798825,71.4],[7.35084371,51.62743799,71.53],[7.35086504,51.62739566,71.53],[7.35112798,51.62697537,72],[7.35115397,51.62694104,72.06],[7.35137061,51.62669174,72.73],[7.35139961,51.62666141,72.93],[7.35172088,51.62636577,75.86],[7.35175954,51.62633377,76.19],[7.35200484,51.62614847,78],[7.35204817,51.62611948,78.6],[7.35250112,51.62584319,81.66],[7.35255712,51.6258122,82.33],[7.35284776,51.62566422,85.8],[7.35290842,51.62563622,86.4],[7.35330139,51.62547023,90],[7.35337139,51.62544257,90.2],[7.35467299,51.62498531,87.46],[7.35474898,51.62495765,87.8],[7.3553986,51.62469369,86.93],[7.3554826,51.62465603,86.73],[7.35595157,51.62441272,86.13],[7.35602423,51.62436939,86.26],[7.35659951,51.62396875,86.6],[7.35665751,51.62392242,86.33],[7.35701947,51.62358946,81.13],[7.3570648,51.62354213,80],[7.35757907,51.6229602,75.6],[7.3576224,51.62291254,76.06],[7.35860726,51.62187132,88.06],[7.35865125,51.62182599,87.86],[7.36093461,51.61932662,77.53],[7.36097227,51.61928529,77.73],[7.36167318,51.61854439,79.86],[7.36170684,51.6185074,79.86],[7.36216209,51.61793882,78.66],[7.36218408,51.61790849,78.86],[7.36219841,51.61787849,79.13],[7.36219974,51.61784916,79.4],[7.36218408,51.61782183,79.66],[7.36215375,51.61779584,79.93],[7.36201343,51.61773286,80.53],[7.36195677,51.61771886,80.53],[7.36130551,51.61760223,81.53],[7.36125018,51.61759157,81.66],[7.35958433,51.61722472,78.8],[7.35951667,51.61721072,78.66],[7.35802145,51.61696781,82.86],[7.35794779,51.61695748,82.66],[7.35613458,51.61675926,80.86],[7.35605358,51.6167506,80.93],[7.35543363,51.61670996,79.46],[7.35536063,51.6167043,79],[7.35333543,51.61650513,75.46],[7.35327777,51.61650013,75.33],[7.35264218,51.61646686,74.33],[7.35263652,51.61646719,74.33],[7.35264718,51.61643487,74.46],[7.35266018,51.61641988,74.6],[7.35278482,51.61630857,75],[7.35279948,51.61627224,75.19],[7.35279782,51.61614859,75.86],[7.35279183,51.6161056,76],[7.35274619,51.61589829,76.4],[7.35273953,51.6158593,76.4],[7.35245966,51.61497641,75.53],[7.35244767,51.61493975,75.19],[7.3522698,51.61422986,74],[7.35225881,51.61420053,74],[7.35221448,51.61414321,74],[7.35218048,51.61412188,74],[7.35207549,51.61409757,74],[7.35203516,51.61409491,74],[7.35014929,51.61424309,74.19],[7.35007829,51.61424842,74.4],[7.34980937,51.61435935,73.4],[7.34980871,51.61435935,73.19],[7.35164687,51.61423652,74],[7.3517012,51.61423252,74],[7.35216182,51.61421889,77.26],[7.35218548,51.61421789,77.66],[7.34450179,51.61464457,79.33],[7.3444588,51.61464523,79.33],[7.33952629,51.61492902,73.66],[7.3394783,51.61493168,73.73],[7.3378068,51.61504479,72],[7.33776347,51.61504645,72],[7.33714652,51.61510808,72.13],[7.33709419,51.61511341,72.19],[7.33275525,51.61566,71.19],[7.33271659,51.61566466,71.19],[7.33264493,51.61565266,71.19],[7.33265059,51.61564166,71.19],[7.33285923,51.61557268,71.13],[7.33290789,51.61555902,71.06],[7.33294222,51.61554369,71],[7.33294588,51.6155187,70.8],[7.33292255,51.6155147,70.73],[7.33220793,51.6155583,70.13],[7.33213494,51.61556163,70.06],[7.33189863,51.61555597,69.6],[7.33184597,51.61555896,69.46],[7.3310394,51.61562688,69],[7.33097741,51.61563354,69.06],[7.32806732,51.61598203,67.33],[7.32800499,51.61598602,67.33],[7.32757868,51.61598167,67.26],[7.32751968,51.61597101,67.13],[7.32667111,51.61571543,65.73],[7.32660978,51.6157131,65.86],[7.32650145,51.61574076,66.26],[7.32646612,51.61576909,66.53],[7.32642113,51.61583642,67.06],[7.3264038,51.61587242,67.33],[7.32632216,51.61610371,69.13],[7.3263065,51.6161327,69.26],[7.32620351,51.61623236,69.4],[7.32616352,51.61624802,69.4],[7.32611986,51.61625602,69.33],[7.32607487,51.61625569,69.26],[7.32593655,51.6162337,69],[7.32588522,51.61622337,68.86],[7.32501263,51.61599843,66.53],[7.32496497,51.6159871,66.46],[7.32475598,51.61595745,66.4],[7.32469999,51.61596178,66.33],[7.32460433,51.61599311,66.19],[7.32456834,51.61602044,66.19],[7.32440472,51.61630074,65.8],[7.32438339,51.61633507,65.66],[7.32429341,51.61642472,65.33],[7.32424875,51.61644405,65.26],[7.32408843,51.61648203,64.66],[7.32403244,51.61649169,64.4],[7.32317352,51.61660795,63.13],[7.32311753,51.61661261,63.2],[7.32275623,51.61658595,63.73],[7.32269324,51.61657562,63.86],[7.32117538,51.61627739,64.4],[7.32111839,51.61625806,64.46],[7.32106773,51.61623406,64.53],[7.32102473,51.61620573,64.6],[7.32092541,51.61610408,64.8],[7.32090475,51.61606709,64.86],[7.32087113,51.61584545,64.93],[7.32087013,51.61581312,64.86],[7.32090644,51.61576246,64.73],[7.32091477,51.61576745,64.73],[7.32090811,51.61583343,64.73],[7.32089811,51.61585942,64.8],[7.32088012,51.61588142,64.86],[7.32085213,51.61589275,64.93],[7.3208148,51.61589242,65],[7.32076814,51.61588142,65.06],[7.32059315,51.6158001,65.06],[7.32052516,51.61576144,65.06],[7.32031484,51.61562079,64.93],[7.32025151,51.61556779,64.93],[7.31982756,51.61515715,64.19],[7.31978056,51.61510882,64.13],[7.31857371,51.61383563,70.46],[7.31854438,51.61380597,70.4],[7.31724696,51.61254649,64.6],[7.31721563,51.61251849,64.6],[7.31620411,51.61165766,63.6],[7.31616612,51.61162633,63.8],[7.31580282,51.61133671,65.19],[7.31575949,51.61130338,65.33],[7.31528753,51.61097043,69.4],[7.31524554,51.6109391,70.4],[7.31475427,51.6104575,77],[7.31471361,51.61042184,76.33],[7.31246683,51.60856477,62.53],[7.31242417,51.60852711,62.53],[7.31191724,51.60804551,66.19],[7.31188491,51.60801452,66.26],[7.31172062,51.60783422,68.19],[7.31171362,51.60782622,68.46],[7.31160864,51.6077729,69],[7.31158798,51.60775557,69.46],[7.31055582,51.60678709,67.93],[7.31052149,51.60675543,67.86],[7.31004421,51.60632283,68.13],[7.31000121,51.60628417,68.4],[7.30975857,51.60609586,68.33],[7.30971591,51.60605686,68.33],[7.30955595,51.60585288,67],[7.30951962,51.60581622,66.6],[7.30927998,51.6056176,64.19],[7.30924199,51.60558261,63.93],[7.30786913,51.60428412,66.46],[7.30782947,51.60424613,66.8],[7.30739485,51.60389418,70.4],[7.30734486,51.60385052,70.6],[7.30700056,51.60347389,75],[7.3069629,51.60343623,75.4],[7.30653262,51.60308895,75.93],[7.30649129,51.60305329,75.53],[7.30591002,51.6024657,68.19],[7.30586636,51.60242604,67.66],[7.30489744,51.60171813,60.93],[7.30484644,51.60167847,60.66],[7.30355391,51.60059127,60.66],[7.30349792,51.60054228,60.6],[7.302425,51.59968505,61.93],[7.30237134,51.59964139,61.86],[7.30201571,51.59932076,59.93],[7.30196572,51.59927476,59.53],[7.30109882,51.59827988,58.26],[7.30105849,51.59823555,58.26],[7.30050321,51.59769561,57.66],[7.30047155,51.59765628,57.53],[7.30045589,51.59757829,57.53],[7.30046989,51.59754263,57.53],[7.30063153,51.59736832,57.6],[7.30065586,51.59734266,57.66],[7.30069751,51.59725335,57.86],[7.30071751,51.59722369,57.93],[7.30086982,51.59713205,58.2],[7.30091081,51.59710906,58.26],[7.30096813,51.59705107,58.4],[7.30097346,51.59701841,58.46],[7.30095913,51.59698742,58.53],[7.30093247,51.59696009,58.6],[7.30064818,51.59676446,58.46],[7.30060918,51.59673646,58.4],[7.30043154,51.59658682,58.2],[7.30040288,51.59655783,58.2],[7.30028591,51.59641252,58.53],[7.30026591,51.59638319,58.6],[7.30015727,51.59619255,59.33],[7.30013461,51.59616122,59.4],[7.29999864,51.59602258,60.13],[7.29996964,51.59599925,60.33],[7.29971868,51.5958533,62.6],[7.29968435,51.59583831,62.93],[7.29933006,51.59573768,64.73],[7.29928773,51.59573102,64.6],[7.29890278,51.59571005,61.8],[7.29886079,51.59571238,61.46],[7.29847552,51.59577634,60.86],[7.29843186,51.59578767,61.06],[7.2981769,51.59587964,62.8],[7.29813457,51.59589997,63.13],[7.29792059,51.59603862,64.8],[7.29787693,51.59607495,64.86],[7.29779594,51.59615961,64.6],[7.29776228,51.5962076,64.33],[7.29764497,51.59642691,62.86],[7.29760631,51.59648524,62.4],[7.29749999,51.59659756,61.4],[7.29743266,51.59664955,60.73],[7.29726367,51.5967402,59.8],[7.29716234,51.59677653,59.53],[7.29681103,51.59683519,58.8],[7.29668303,51.59683818,58.8],[7.29641871,51.5968282,58.73],[7.29628538,51.59681654,58.66],[7.29590473,51.59674455,58.33],[7.29578407,51.59671322,58.33],[7.29544109,51.59660223,58.4],[7.2953331,51.5965609,58.46],[7.2945318,51.59623227,58.73],[7.29442314,51.59620427,58.8],[7.29334752,51.59609198,59],[7.29324986,51.59607499,59.13],[7.29306187,51.59603134,59.4],[7.29297254,51.59600468,59.46],[7.29272389,51.59590136,59.33],[7.2926479,51.59586003,59.26],[7.29233458,51.59562539,58.8],[7.29227592,51.5955824,58.73],[7.29189428,51.59538443,58.93],[7.29183462,51.59534977,59.06],[7.29169497,51.59522945,59.46],[7.29166031,51.59518545,59.6],[7.29160232,51.59509479,59.73],[7.29157866,51.59504846,59.8],[7.29153501,51.59490748,59.8],[7.29152501,51.59485982,59.73],[7.29150903,51.59471617,59.53],[7.29151136,51.59466818,59.53],[7.29155467,51.59442821,59.53],[7.29155467,51.59437855,59.53],[7.29154701,51.59432855,59.53],[7.29153035,51.59427889,59.6],[7.29147236,51.59418323,59.73],[7.29143136,51.5941389,59.8],[7.29132837,51.59406257,59.93],[7.29127038,51.59402991,60],[7.29073309,51.59378196,59.46],[7.29068643,51.59375696,59.4],[7.29042446,51.59358333,58.33],[7.2903868,51.59354934,58.2],[7.29029915,51.59343436,57.8],[7.29027482,51.59339336,57.73],[7.29012152,51.59300942,57.26],[7.29009353,51.59295642,57.33],[7.28997587,51.59279976,57.53],[7.28992654,51.59274976,57.6],[7.28981522,51.59265578,57.8],[7.28975322,51.59261212,57.86],[7.28922724,51.59232649,58.53],[7.28917191,51.59229383,58.53],[7.2889716,51.59214952,58.13],[7.2889266,51.59210919,58],[7.28877362,51.59193154,57.33],[7.28874029,51.59188355,57.2],[7.28852398,51.59151426,56.93],[7.28848198,51.59146327,57],[7.28837899,51.59136995,57],[7.28832299,51.59132529,57],[7.28803834,51.59112232,56.8],[7.28798835,51.59108332,56.73],[7.28777804,51.59088434,55.53],[7.28774238,51.59084268,55.4],[7.28723247,51.59006543,56.86],[7.28719714,51.5900221,57],[7.28710348,51.58995445,57.06],[7.28704815,51.58993412,56.86],[7.28680919,51.58992577,55.6],[7.28679919,51.58992544,55.33],[7.28685252,51.58992743,54.8],[7.28687185,51.58992444,54.6],[7.28699217,51.58987846,53.73],[7.28700416,51.58986647,53.66],[7.28699716,51.58983181,53.53],[7.28697983,51.58980982,53.66],[7.28687519,51.5897045,53.8],[7.28684753,51.58967551,53.8],[7.28502412,51.58795379,55],[7.28499279,51.58792579,55.06],[7.28470483,51.58768749,54.33],[7.28466983,51.58766216,54.13],[7.28434122,51.58745721,54.2],[7.28429723,51.58743188,54],[7.28356598,51.58707694,53.73],[7.28350865,51.58705261,53.93],[7.28279938,51.58680398,55.06],[7.28273405,51.58678332,55],[7.27750586,51.58519949,53.4],[7.27745486,51.58518416,53.53],[7.27683161,51.5850119,55.93],[7.27679095,51.58500157,55.8],[7.27635866,51.58485027,54.46],[7.276299,51.58483127,54.26],[7.27478915,51.58436573,55.6],[7.27473382,51.58434874,55.33],[7.26920364,51.5826886,53.93],[7.26914598,51.58267194,54.06],[7.26729249,51.58209178,54.2],[7.26723583,51.58207379,54.4],[7.26654555,51.58190785,54.26],[7.26647589,51.58189552,54.2],[7.26605357,51.5818449,53.4],[7.26598258,51.58183924,53.33],[7.26556795,51.58182792,53.6],[7.26550129,51.58182825,53.66],[7.26516166,51.5818449,54.26],[7.26509733,51.58184989,54.46],[7.26440707,51.58193281,54.2],[7.26437674,51.58193847,54.13],[7.26380746,51.58211275,53.4],[7.2637468,51.58213475,53.46],[7.26298187,51.58244534,53.4],[7.26292287,51.58247,53.26],[7.26207827,51.58278627,52.66],[7.26201961,51.58280527,52.66],[7.261419,51.58296354,53.06],[7.26135801,51.58297687,53.13],[7.2605994,51.58310047,52.73],[7.26053574,51.58310713,52.66],[7.25988778,51.5831514,52.13],[7.25982545,51.58315239,52.2],[7.25884119,51.58312012,54],[7.25877586,51.58311479,54.2],[7.25800958,51.58300418,53.06],[7.25794392,51.58299118,53],[7.25749263,51.58289088,53.4],[7.25743097,51.58287555,53.53],[7.25712899,51.58278624,54.2],[7.25706933,51.58276725,54.33],[7.25657272,51.5825773,53.6],[7.25651839,51.58255331,53.53],[7.25583614,51.58219506,52.8],[7.25578881,51.58216706,52.73],[7.25527019,51.58180247,53.46],[7.2552322,51.58177314,53.66],[7.25495858,51.58151118,53.8],[7.25492858,51.58147885,53.93],[7.25463763,51.58111625,54.4],[7.25461297,51.58107859,54.4],[7.25333524,51.57891584,55.6],[7.25331491,51.57888118,55.66],[7.25328392,51.57880652,55.8],[7.25327126,51.57876286,55.86],[7.25321496,51.57837622,54.93],[7.25318997,51.57832622,54.6],[7.2526907,51.57780962,51.26],[7.25266204,51.57777429,51],[7.25250141,51.57748966,49.53],[7.25247308,51.577443,49.4],[7.25229311,51.57722003,49.86],[7.25225212,51.5771777,50],[7.25207613,51.57702473,50.53],[7.25203014,51.57698807,50.46],[7.2513492,51.57648848,48.93],[7.25129321,51.57645615,48.93],[7.25098824,51.57630985,48.93],[7.25092391,51.57628319,48.8],[7.25043761,51.57610256,49],[7.25036428,51.57608023,49],[7.24970833,51.57589993,48.73],[7.24963867,51.57588194,48.66],[7.24857944,51.57563202,48.4],[7.24850744,51.57561302,48.46],[7.2475895,51.57533508,48.66],[7.24751351,51.57530975,48.66],[7.24405575,51.57402266,48.6],[7.24398209,51.57399566,48.73],[7.24312847,51.57371505,49.46],[7.24304914,51.57368972,49.53],[7.24249085,51.57352509,49.8],[7.24240986,51.57350309,49.8],[7.24147526,51.57328881,50.06],[7.24138993,51.57326815,50.06],[7.23981371,51.57285626,51],[7.23978505,51.5728386,51.06],[7.23976606,51.57279361,51.33],[7.23977039,51.57276895,51.46],[7.23982868,51.57259333,52.26],[7.23984201,51.57256033,52.4],[7.24015758,51.5718121,52.06],[7.24017258,51.5717761,52],[7.2402859,51.57160013,52],[7.24031489,51.5715668,52],[7.24071882,51.57114122,51.6],[7.24074448,51.57111489,51.66],[7.24126004,51.57061638,52.86],[7.24127537,51.57060405,52.8],[7.24132036,51.57059739,52.66],[7.24134736,51.57060339,52.6],[7.24147001,51.57064738,52.6],[7.24149867,51.57065938,52.66],[7.24155598,51.57070569,52.73],[7.24157698,51.57071635,52.66],[7.24178126,51.57075729,52.73],[7.24178459,51.57075862,52.53],[7.2416406,51.57070563,52.26],[7.24161627,51.57069097,52.2],[7.24152796,51.57059565,51.8],[7.24150996,51.57057365,51.66],[7.2414993,51.57055132,51.53],[7.2414993,51.57052966,51.4],[7.24155795,51.57044534,51],[7.24156994,51.57042501,51],[7.24157294,51.57035704,51.93],[7.24157228,51.57035271,52.13],[7.2417496,51.57027139,52.93],[7.24177293,51.57025706,53.13],[7.24202621,51.56997244,53.6],[7.24205754,51.56994578,53.73],[7.24227985,51.5698318,54.2],[7.24232785,51.56981014,54.26],[7.24256349,51.56972149,54.4],[7.24260648,51.5697045,54.4],[7.2426898,51.56963519,54.26],[7.24269446,51.56960919,54.2],[7.24265448,51.56953254,54],[7.24263182,51.56950655,54],[7.24243153,51.56933859,54],[7.24239887,51.56931693,54.06],[7.2422209,51.56921063,54.4],[7.24218124,51.56919097,54.46],[7.24159865,51.56896272,55.93],[7.24155732,51.56894006,56.06],[7.24097871,51.56855577,59.06],[7.24093472,51.56852711,59.73],[7.24071275,51.56840112,61.46],[7.24067275,51.56837779,62.13],[7.2406161,51.56832379,63.46],[7.24060644,51.56829346,63.8],[7.24061043,51.56826247,64.13],[7.24062543,51.56823114,64.46],[7.24072941,51.56810349,63.66],[7.24076207,51.5680715,63.66],[7.24161562,51.56731596,56.2],[7.24166062,51.5672743,56.2],[7.24202357,51.56690434,56.4],[7.24206223,51.56686668,56.46],[7.2423802,51.56657805,56.6],[7.2424142,51.56654472,56.6],[7.2425935,51.56634909,58.33],[7.2426205,51.5663181,58.66],[7.24276313,51.56608147,61],[7.24277779,51.56604481,61.4],[7.24288539,51.56560055,62.46],[7.24288772,51.56557822,62.4],[7.24286841,51.56542193,61.8],[7.24285208,51.5653966,61.73],[7.24282975,51.56537261,61.66],[7.24279842,51.56535228,61.6],[7.2426721,51.56531263,61.2],[7.24262644,51.56530497,61.06],[7.24183419,51.56536222,60.33],[7.2417802,51.56536123,60.26],[7.24119091,51.56532564,59],[7.24114191,51.56532131,58.86],[7.2409436,51.56529899,58.4],[7.24089327,51.565292,58.4],[7.24080995,51.56526301,58.4],[7.24078195,51.56524068,58.4],[7.24076296,51.56521368,58.4],[7.24075163,51.56518435,58.4],[7.24074996,51.5650897,58.6],[7.24075329,51.56505771,58.66],[7.24079025,51.56476609,59],[7.24079558,51.56473309,59],[7.24085388,51.56451213,59],[7.24085887,51.56448213,59],[7.24091543,51.56396256,57.33],[7.24091842,51.56393723,57.2],[7.24091609,51.56385658,56.73],[7.24091276,51.56382858,56.53],[7.24084779,51.56374394,55.4],[7.24081413,51.56372695,55.06],[7.23998019,51.56360302,51.73],[7.23987853,51.56358869,51.6],[7.23955321,51.56355771,51.53],[7.23943988,51.56355071,51.46],[7.23659032,51.56346882,48.53],[7.23648066,51.56346549,48.53],[7.23391381,51.56335465,49.46],[7.23384381,51.56334999,49.4],[7.23332618,51.56330668,49.73],[7.23325119,51.56329769,49.93],[7.23208094,51.56312644,52.4],[7.23200761,51.56311411,52],[7.22382155,51.56147921,52.2],[7.22375389,51.56146288,52.06],[7.22311729,51.56126361,51.46],[7.22307729,51.56125028,51.46],[7.22276467,51.56111766,51.86],[7.22273201,51.56110133,51.93],[7.22252905,51.56098836,52.46],[7.22250039,51.56097037,52.46],[7.22155021,51.5603342,52.53],[7.22151322,51.56031187,52.4],[7.22113294,51.56013789,52],[7.22108295,51.56012189,52],[7.22060298,51.55999527,51.93],[7.22053098,51.55997994,51.93],[7.21752516,51.55940482,49.4],[7.21746883,51.55939316,49.46],[7.21718385,51.55931386,50.13],[7.21714352,51.5592992,50.26],[7.21692021,51.55918423,51.33],[7.21688355,51.55917023,51.6],[7.21599364,51.558976,53.6],[7.21593331,51.558963,53.6],[7.21495507,51.55878178,57.6],[7.21491307,51.55877279,57.66],[7.21479709,51.55873913,57.46],[7.21476209,51.5587258,57.33],[7.21454578,51.55862016,55.86],[7.21449745,51.55860983,55.73],[7.21380583,51.55852989,54.66],[7.2137475,51.55852423,54.66],[7.21315287,51.55849061,56.53],[7.21309088,51.55848995,56.93],[7.21302989,51.55849428,57.33],[7.21297123,51.55850561,57.73],[7.21270659,51.55860459,59.13],[7.21265126,51.55862292,59.13],[7.2124776,51.55866291,58.93],[7.2124166,51.5586679,58.86],[7.21229728,51.55866624,58.6],[7.21223895,51.55865924,58.4],[7.21177232,51.55857028,56],[7.21172399,51.55856628,55.8],[7.21084874,51.55855366,54.73],[7.21076941,51.558553,54.93],[7.21024946,51.55852271,55.73],[7.21019846,51.55852171,55.73],[7.20962753,51.55858765,56.13],[7.20954787,51.55859498,56.33],[7.20907891,51.55860896,57.06],[7.20900691,51.55859496,57.2],[7.20841395,51.55839236,53.66],[7.20837529,51.5583817,53.53],[7.20774003,51.5582521,56.2],[7.20767737,51.55823777,56.4],[7.20620147,51.55788292,54.66],[7.20614314,51.55786959,54.93],[7.20255975,51.55695622,54.73],[7.20249909,51.55693956,54.2],[7.20178248,51.55678162,49.26],[7.20172582,51.55677029,49.2],[7.20061194,51.55648607,50],[7.20056295,51.55646974,50.06],[7.20051629,51.55645108,50.13],[7.2004743,51.55642875,50.2],[7.20039132,51.55633544,50.53],[7.20038066,51.55629911,50.66],[7.20038399,51.5561508,51.6],[7.20038965,51.55611447,51.86],[7.20048061,51.55576852,53.6],[7.20048694,51.55572919,53.66],[7.20048694,51.55565553,53.53],[7.20047728,51.55562253,53.46],[7.20042262,51.55557387,53.33],[7.20037596,51.55556021,53.26],[7.20006598,51.55552623,52.6],[7.19999865,51.55552123,52.46],[7.19931673,51.55549895,49.93],[7.19925974,51.55549961,49.86],[7.19882512,51.55554057,51.93],[7.19877113,51.55554823,52.4],[7.1979152,51.55569718,57.93],[7.19784554,51.55570551,58.13],[7.19770488,51.5557165,58.4],[7.19763288,51.55571783,58.53],[7.19739357,51.55570118,58.4],[7.19735957,51.55569485,58.2],[7.19759086,51.55573483,55.6],[7.19763619,51.55573483,55.33],[7.19823275,51.55563863,53.53],[7.19824341,51.55563463,53.46],[7.19819043,51.55553933,53.26],[7.19816944,51.55552167,53.26],[7.19781383,51.55544472,53.2],[7.1978055,51.55544072,53.26],[7.19793049,51.55548305,53.33],[7.19848274,51.55555898,49.86],[7.19852807,51.55556298,49.8],[7.19896335,51.5555287,51.53],[7.19900968,51.5555247,51.8],[7.19925665,51.55548639,52.73],[7.19931298,51.55548406,52.86],[7.20038787,51.55555061,53.13],[7.2004232,51.55555561,52.93],[7.20047552,51.55557827,52.46],[7.20049051,51.5555956,52.2],[7.20049817,51.55564392,51.66],[7.20049584,51.55567425,51.4],[7.20041121,51.55597588,50.13],[7.20040188,51.55601554,50.06],[7.20037057,51.55620818,50],[7.20036924,51.55624684,50],[7.20038623,51.5563225,49.93],[7.20040556,51.55635816,49.86],[7.20050054,51.55644514,49.66],[7.20054687,51.5564678,49.6],[7.20117613,51.55663475,49.4],[7.20122346,51.55664608,49.46],[7.20239234,51.55689229,57.4],[7.20244633,51.55690462,57.33],[7.20393121,51.55727117,55.53],[7.20398487,51.5572845,55.6],[7.20584404,51.557784,52.8],[7.20588803,51.55778201,52.6],[7.20592836,51.55777235,52.4],[7.20596302,51.55775536,52.2],[7.20601667,51.5577087,51.8],[7.206039,51.55768104,51.66],[7.20641124,51.5570358,51.46],[7.20642757,51.55700481,51.4],[7.2064339,51.55697348,51.33],[7.20642857,51.55694315,51.26],[7.20631559,51.55680318,51],[7.20630226,51.55677052,51.06],[7.20629593,51.55673653,51.13],[7.20629659,51.55670254,51.2],[7.20632157,51.5565999,51.2],[7.20633756,51.55656591,51.2],[7.20701106,51.55546243,52.93],[7.20702872,51.55543677,52.86],[7.20713203,51.55532446,52.53],[7.20715203,51.5553058,52.46],[7.20731599,51.55517151,52],[7.20733365,51.55514351,52],[7.20732298,51.55505319,51.93],[7.20730465,51.55502253,51.86],[7.20697939,51.5546096,50.8],[7.20695973,51.55457861,50.8],[7.2068571,51.55431632,50.93],[7.20684444,51.55428366,51.06],[7.20679845,51.554228,51.26],[7.20676512,51.55420567,51.33],[7.20657814,51.55416703,51.6],[7.20652548,51.55416736,51.66],[7.20565622,51.55422392,51.33],[7.20561323,51.55422491,51.26],[7.20504061,51.55421928,51],[7.20498328,51.55421829,51.06],[7.20474297,51.55419831,51.2],[7.20467664,51.55419698,51.2],[7.20326208,51.55425488,50.2],[7.20318809,51.55425688,50.2],[7.20146992,51.55426849,53.33],[7.20142559,51.55426849,53.33],[7.20053768,51.55416825,53.93],[7.20047235,51.55415826,53.86],[7.20000739,51.55405095,53],[7.19994339,51.55403396,52.86],[7.19945244,51.55387167,52.33],[7.19939511,51.55384901,52.33],[7.19888015,51.55359974,52.53],[7.19883182,51.55357174,52.6],[7.19829124,51.55320181,52.06],[7.19825958,51.55317915,51.93],[7.19822459,51.55314482,51.66],[7.1982206,51.55313482,51.6],[7.19822427,51.55308884,51.33],[7.19820628,51.55306885,51.33],[7.19774231,51.55271522,52],[7.19767265,51.55266589,51.93],[7.19735834,51.55246224,51.46],[7.19727268,51.55241091,51.33],[7.19669604,51.55209728,49.46],[7.19659138,51.55204462,49.2],[7.19555376,51.55162334,48.53],[7.19545143,51.55158434,48.73],[7.19425681,51.5511724,50.6],[7.19415915,51.55113841,50.6],[7.19358551,51.55091478,50.46],[7.19348785,51.55088045,50.53],[7.19291522,51.55068849,50.8],[7.19282156,51.55065883,50.66],[7.19243058,51.55056918,49.8],[7.19232758,51.55055652,49.53],[7.19222292,51.55054886,49.26],[7.19211759,51.55054686,49],[7.1917996,51.55056584,48],[7.19169627,51.55057783,47.86],[7.19131329,51.55066981,48.4],[7.19122263,51.5506908,48.8],[7.19095731,51.55072812,50.06],[7.19086898,51.55073178,50.33],[7.19059798,51.55072046,52.13],[7.19050465,51.55070847,52.33],[7.19013567,51.55061082,54.06],[7.19004734,51.55057549,54],[7.18973002,51.55039752,54.13],[7.18965869,51.55034819,54.13],[7.18877575,51.54965592,52.53],[7.18870275,51.54960059,52.2],[7.18784848,51.54898397,50.13],[7.18776649,51.54892797,49.93],[7.18662424,51.54818906,48],[7.18655058,51.54814307,48.06],[7.1863246,51.54800742,48.13],[7.18624827,51.54796342,48.13],[7.18591996,51.54780244,47.86],[7.18583263,51.54776644,47.86],[7.18555565,51.54767812,47.93],[7.18546032,51.54765312,48],[7.18517167,51.54759414,48],[7.18507768,51.54757748,48],[7.18349278,51.54737059,49.53],[7.18342179,51.54736159,49.53],[7.18313614,51.54730728,49.46],[7.18306514,51.54729095,49.4],[7.18265018,51.54716997,49.33],[7.18258285,51.54714631,49.4],[7.18168993,51.54679641,49.26],[7.18164294,51.54678642,49.2],[7.18153929,51.54677376,49],[7.18150663,51.54677542,49],[7.18144497,51.54679941,48.73],[7.18142364,51.5468214,48.6],[7.18135801,51.54709969,47.46],[7.18134435,51.54713902,47.26],[7.18118037,51.54741265,47.4],[7.18114971,51.54744998,47.46],[7.18014818,51.54857247,48.53],[7.18011585,51.54860713,48.46],[7.17983923,51.54888876,48.53],[7.17981857,51.54890975,48.66],[7.17945301,51.54921733,50.93],[7.17943568,51.54923599,51.06],[7.1793917,51.54928898,51.46],[7.17937937,51.54930831,51.6],[7.17934073,51.54942627,52.06],[7.17932073,51.5494486,52.13],[7.17914642,51.5495599,52.53],[7.17912609,51.54958423,52.46],[7.17892949,51.54987884,52.46],[7.17891349,51.54990417,52.6],[7.17845428,51.55069872,50.06],[7.17842762,51.55073405,49.6],[7.17817933,51.55095735,48.2],[7.17812667,51.55099734,47.93],[7.17797402,51.55110865,47.26],[7.17792403,51.55113931,47.06],[7.17782437,51.55117863,46.93],[7.17777904,51.55118663,46.86],[7.17764642,51.55117429,46.8],[7.17762843,51.55115596,46.93],[7.17763876,51.55096366,48.46],[7.17764242,51.55094033,48.86],[7.17777503,51.5508037,51.53],[7.17780003,51.55078037,52.06],[7.17821964,51.55043043,53.2],[7.17824897,51.55039977,52.93],[7.17829663,51.55033712,52.13],[7.17830829,51.55030579,51.73],[7.17829829,51.55024414,50.93],[7.17827996,51.55021614,50.53],[7.1782533,51.55019315,50.26],[7.17821964,51.55017482,50.26],[7.17802234,51.55011617,51.06],[7.17798201,51.55010551,51.33],[7.17735174,51.54997392,54],[7.17730741,51.54996392,54],[7.17661148,51.54977667,51.73],[7.17655215,51.54976501,51.33],[7.17303077,51.54933565,47.86],[7.17296444,51.54932765,47.93],[7.17174887,51.54919642,48.13],[7.17168187,51.54919009,48.33],[7.16896177,51.54922136,46.6],[7.16890311,51.54921803,46.53],[7.16822584,51.5491131,46.4],[7.16817985,51.54910777,46.8],[7.16759627,51.54908181,53.33],[7.16755394,51.54907848,53.46],[7.16659136,51.54894125,48.93],[7.16651836,51.54893259,48.46],[7.1654001,51.54882866,46.13],[7.16532877,51.548821,46.13],[7.16380222,51.54863645,45.33],[7.16373356,51.54862979,45.26],[7.16331225,51.5486431,44.73],[7.16324025,51.5486431,44.73],[7.16282028,51.5486188,44.8],[7.16275429,51.54861447,44.73],[7.16209901,51.54854318,44.53],[7.16204435,51.54853652,44.46],[7.16133908,51.54843128,45.46],[7.16129709,51.54842695,45.6],[7.16121943,51.54842862,45.86],[7.1611921,51.54843761,45.93],[7.16115846,51.54850658,46.26],[7.1611578,51.54851124,46.33],[7.1612468,51.54855557,46.4],[7.1616041,51.54859587,45.73],[7.16165876,51.54859953,45.66],[7.16182074,51.54860186,45.26],[7.1618734,51.54860053,45.13],[7.16217137,51.54855623,44.66],[7.1622237,51.54855457,44.66],[7.16313495,51.54865216,45.6],[7.16319728,51.54865682,45.73],[7.16370224,51.54863151,46.33],[7.16376557,51.54863551,46.33],[7.16460317,51.54874412,46.26],[7.16466683,51.54875112,46.33],[7.16573408,51.54886066,49.33],[7.16578807,51.54886632,49.53],[7.16659531,51.5489259,53.6],[7.16664397,51.54893023,53.66],[7.16706959,51.54900017,52.4],[7.16712059,51.5490075,52.13],[7.16758122,51.54905946,48.53],[7.16764221,51.54906545,48.2],[7.16805619,51.54908574,46.73],[7.16811719,51.5490914,46.6],[7.16897911,51.54919666,47.53],[7.16904744,51.54920166,47.53],[7.17078432,51.54919868,48.33],[7.17085331,51.54919835,48.13],[7.17158292,51.54916706,48],[7.17164892,51.54917072,48.06],[7.17596919,51.54966399,52.06],[7.17601118,51.54966998,52.46],[7.1765681,51.54975658,53.93],[7.17660876,51.54976424,53.53],[7.17788159,51.5500674,51.06],[7.17791992,51.55007706,51.46],[7.17807189,51.55012036,53.13],[7.17808288,51.55012369,53.33],[7.1782002,51.55018567,53.53],[7.17823186,51.55020467,53.53],[7.17825885,51.55023233,53.13],[7.17827418,51.55026699,52.6],[7.17826618,51.55034798,51.53],[7.17824052,51.55039097,50.93],[7.1781152,51.55052296,49.46],[7.17806621,51.55056595,49.13],[7.17771391,51.55083192,47.46],[7.17768658,51.55085591,47.6],[7.17766692,51.55087991,47.73],[7.17765793,51.55090257,47.93],[7.17766992,51.55094123,48.53],[7.17768125,51.55095289,48.93],[7.17764559,51.5509219,49.26],[7.17767291,51.55086958,50.53],[7.17769224,51.55084859,51],[7.17807618,51.55053696,54.4],[7.17811217,51.55050496,54.4],[7.1783778,51.55019867,53.46],[7.17840946,51.55018401,53.2],[7.17852245,51.55017135,53.2],[7.17856245,51.55017635,53.33],[7.17880809,51.55026732,53.6],[7.17882375,51.55027931,53.8],[7.17883008,51.55029431,54],[7.17882709,51.5503113,54.2],[7.1787991,51.55036228,54.8],[7.17878777,51.55038161,55],[7.1786268,51.55057624,55],[7.17860447,51.55059923,55],[7.17851383,51.55065587,55],[7.1785125,51.55058254,55],[7.17895734,51.54981536,52.4],[7.178974,51.54978736,52.33],[7.17911564,51.54957841,51.46],[7.1791363,51.54955208,51.33],[7.1791573,51.54952942,51.2],[7.17918063,51.54951109,51.06],[7.17929728,51.54945711,50.4],[7.17932261,51.54943578,50.13],[7.17940758,51.54927113,49.06],[7.17943024,51.54924214,49],[7.18011416,51.54857787,48.53],[7.18016182,51.54852787,48.46],[7.18067275,51.54796228,47.6],[7.18070108,51.54793095,47.46],[7.18085705,51.54778164,47.06],[7.18088238,51.54775398,47],[7.18117064,51.54741537,48.2],[7.1811963,51.54738404,48.33],[7.18128661,51.54725007,48.86],[7.1813056,51.54721507,49],[7.18137058,51.54708142,49],[7.18138124,51.54704876,49],[7.18142718,51.54677948,48.93],[7.18142652,51.54675915,48.86],[7.18136656,51.54655319,47.8],[7.18135823,51.54651986,47.66],[7.18119627,51.54626557,46.93],[7.18117527,51.54622457,47],[7.18084771,51.54547765,48.53],[7.18083538,51.54544432,48.53],[7.18080473,51.54527869,48.2],[7.1808044,51.54524636,48.13],[7.18085136,51.54498142,48.4],[7.18085103,51.54497509,48.4],[7.18079337,51.54496476,48.4],[7.18036342,51.54507369,47.8],[7.18030542,51.54508002,47.73],[7.17887786,51.54521625,47.6],[7.1788102,51.54522291,47.73],[7.17706732,51.54535177,48.33],[7.17701799,51.54535543,48.4],[7.17614375,51.54543768,49.2],[7.17609509,51.54544167,49.06],[7.17592811,51.54547731,48.13],[7.17589912,51.54548197,47.93],[7.1755205,51.54544936,46.26],[7.1754745,51.54544803,46.06],[7.1750772,51.54546799,45.06],[7.17501487,51.54546998,44.86],[7.17416425,51.54545437,43.46],[7.17407092,51.54545037,43.46],[7.17045144,51.54507759,44.73],[7.17036945,51.54506893,44.73],[7.16878189,51.54485937,44],[7.1687129,51.54485004,44],[7.16584145,51.54450896,42.86],[7.16577212,51.54450196,43],[7.1655588,51.5444863,43.26],[7.16548814,51.5444843,43.33],[7.16509983,51.54451228,43.66],[7.16503917,51.54451461,43.66],[7.16429891,51.54450227,42.53],[7.16424525,51.54449661,42.53],[7.16382262,51.54440866,42.86],[7.16377096,51.54439433,43],[7.16319738,51.54417475,44],[7.16314705,51.54416242,44],[7.1624361,51.54431303,46.26],[7.16237444,51.54432436,46.53],[7.1615765,51.54444599,48.33],[7.16151017,51.54445498,48.26],[7.16064791,51.54451892,46],[7.16058991,51.54452258,46],[7.16000562,51.5445982,46.93],[7.15994696,51.54460419,47.06],[7.15848642,51.54472705,46.33],[7.15843209,51.54473138,46.4],[7.15529165,51.54491947,44.6],[7.15522065,51.54492313,44.73],[7.15201452,51.54507189,45.93],[7.15193319,51.54507555,45.93],[7.15145555,51.54507721,45.26],[7.15137755,51.5450792,45.06],[7.15034562,51.5451238,43.26],[7.15029063,51.54512646,43.2],[7.15019264,51.54513978,43.06],[7.15015198,51.54514844,43],[7.150066,51.54519507,43],[7.14999367,51.54521306,43],[7.14967137,51.54522803,44.2],[7.14965238,51.54522704,44.4],[7.14964839,51.54532036,44.8],[7.14964273,51.54534102,45],[7.14941551,51.54601857,47.06],[7.14940452,51.54605457,47.06],[7.14923994,51.54666646,45.13],[7.14923494,51.54667412,45],[7.14863266,51.54656351,44.53],[7.14852133,51.54654751,44.53],[7.14669783,51.54633267,40.8],[7.14662117,51.54632301,40.53],[7.14601555,51.54620172,39.06],[7.14593989,51.54618839,39],[7.14433737,51.54597182,40.13],[7.14426071,51.54596349,40.26],[7.1411589,51.545667,39.2],[7.14107391,51.54566067,39.13],[7.14013862,51.54561673,38.4],[7.14005196,51.54561307,38.46],[7.139046,51.54560543,39],[7.13896501,51.54560809,39],[7.13749809,51.54569734,38.93],[7.13742576,51.545704,38.86],[7.13597287,51.54589026,40.26],[7.13589921,51.54589892,40.33],[7.13529525,51.54602487,41.46],[7.13523326,51.5460352,41.66],[7.13254313,51.54642336,38.8],[7.1324728,51.54643336,38.86],[7.13035491,51.5467609,40.46],[7.13028592,51.5467719,40.73],[7.12967561,51.54688451,42.73],[7.12960961,51.54689817,42.73],[7.12820772,51.54720941,42.53],[7.12813772,51.5472204,42.46],[7.12502459,51.54757086,43.13],[7.12496193,51.54757719,43.53],[7.12318243,51.54768772,44.73],[7.12311944,51.54769138,44.73],[7.12191586,51.5477303,45.13],[7.1218562,51.54773229,45.06],[7.11609203,51.54774324,43.33],[7.11604337,51.54774357,43.4],[7.11560074,51.54778286,44.13],[7.11553341,51.54778419,44.26],[7.11480478,51.5477389,45.86],[7.11473045,51.5477339,46.2],[7.1137312,51.54771065,48.33],[7.11368087,51.54770766,48.06],[7.11353455,51.54768601,47.13],[7.11348755,51.54767368,46.6],[7.11332524,51.54760969,45],[7.11329191,51.54759103,44.6],[7.11312794,51.54744739,42.6],[7.11310961,51.5474184,42.46],[7.11307462,51.54732407,42.13],[7.11306996,51.54729041,41.93],[7.11307928,51.54718709,41.53],[7.11309161,51.54715143,41.4],[7.11310927,51.54711477,41.26],[7.11313326,51.54707811,41.26],[7.11323458,51.54697013,41.26],[7.11327391,51.54693813,41.26],[7.11367751,51.54671553,40.59],[7.11364251,51.54669687,40.59],[7.11355419,51.54672052,40.59],[7.11351886,51.54673485,40.59],[7.11282595,51.54703676,41],[7.11277995,51.54705209,40.93],[7.11240631,51.54710339,40.33],[7.11233331,51.54710605,40.2],[7.10724802,51.54709809,43.8],[7.10717936,51.54709609,43.8],[7.10587313,51.54710541,44.46],[7.10581047,51.54710574,44.53],[7.10550082,51.54713404,45.86],[7.10544483,51.54713703,46.2],[7.10443125,51.5470381,43.86],[7.10437459,51.54703344,43.6],[7.10305004,51.54695859,41.73],[7.10300605,51.54695593,41.66],[7.10118888,51.54674141,42.26],[7.10111989,51.54673175,42.33],[7.09976267,51.54648885,42.26],[7.09970301,51.54647619,42.2],[7.0986991,51.54622025,42.06],[7.0986541,51.54620692,42],[7.09804019,51.54597631,41],[7.09798953,51.54595832,41],[7.09726363,51.54571808,40.33],[7.09725297,51.54571342,40.4],[7.09708065,51.54567777,40.59],[7.09708598,51.5456781,40.59],[7.09718163,51.54570109,40.86],[7.09719563,51.54570609,41],[7.09577872,51.54550385,42.86],[7.09567872,51.54548586,42.73],[7.09346323,51.545009,41.46],[7.09341623,51.54499834,41.6],[7.0930866,51.54501065,41.8],[7.09302361,51.54500999,41.73],[7.09277531,51.54498934,41.4],[7.09271765,51.54498135,41.33],[7.09139779,51.54471715,46.53],[7.09135313,51.54470882,46.86],[7.0906052,51.54460255,48.13],[7.09053554,51.54458922,48],[7.08986296,51.54439561,49.6],[7.08981897,51.54438495,49.93],[7.0872822,51.54382985,51.8],[7.08722654,51.54381719,51.93],[7.0848981,51.54325009,52.73],[7.08485144,51.54323843,52.33],[7.08422183,51.54313651,43.73],[7.08415717,51.54311985,43.33],[7.08374422,51.54294789,43.13],[7.08368789,51.5429279,43.46],[7.08312695,51.54275828,46.2],[7.08307429,51.54273962,46.4],[7.08039891,51.54171991,45.26],[7.08034492,51.54169892,45.46],[7.07736918,51.54046486,48.06],[7.07731452,51.54044187,48.26],[7.07657593,51.54012024,50.2],[7.07651994,51.54009458,50.33],[7.07546268,51.539558,44.4],[7.07541402,51.53953167,44.2],[7.07430646,51.53888677,46.33],[7.0742628,51.53886178,46.06],[7.07366055,51.53855552,43.46],[7.07361955,51.53853486,43.26],[7.07333825,51.53832922,42.93],[7.07329426,51.53829923,43.06],[7.07285497,51.5380226,45.33],[7.07281131,51.53799527,45.4],[7.07193943,51.53748471,45.8],[7.07189477,51.53745805,45.8],[7.07142048,51.53724309,46],[7.07137282,51.5372171,46.13],[7.07115518,51.53706279,46.8],[7.07112252,51.53702613,46.93],[7.07103255,51.53691281,47.86],[7.07101722,51.53689015,48.2],[7.07096957,51.53674984,49.6],[7.07095091,51.53671718,49.8],[7.07086792,51.53662119,50.4],[7.07082993,51.53659053,50.6],[7.07031965,51.53628826,50],[7.07027632,51.5362616,49.86],[7.0694181,51.5356874,48],[7.06938144,51.53566174,47.93],[7.06906448,51.53547377,45.6],[7.06903082,51.53545211,45.4],[7.06892884,51.53535312,45],[7.06890151,51.53533446,45],[7.06868854,51.53521249,45.33],[7.06865055,51.53519216,45.46],[7.06776401,51.53475961,46.53],[7.06771502,51.53473561,46.33],[7.06698775,51.53441501,45],[7.06692442,51.53438768,44.93],[7.06564319,51.53390679,47.6],[7.06560386,51.53389146,47.93],[7.06538688,51.53384748,49.06],[7.06532088,51.53383249,49.06],[7.06511857,51.53376484,49.6],[7.06505058,51.53373851,49.8],[7.06277241,51.53281967,47.73],[7.06270175,51.53279001,47.2],[7.06183479,51.53238776,46.13],[7.06176846,51.5323571,46.46],[7.06083553,51.53190916,44.4],[7.06077754,51.53187783,43.8],[7.06033225,51.53148886,41.46],[7.06027559,51.53144686,41.4],[7.05976995,51.53113958,41.66],[7.05970229,51.53110459,41.86],[7.05935432,51.53094229,42.46],[7.05928032,51.53091163,42.53],[7.05712481,51.53004546,39.26],[7.05707182,51.5300218,39.26],[7.05702682,51.5299948,39.26],[7.05699449,51.52996314,39.26],[7.05688785,51.52975783,39],[7.05684619,51.52971784,38.93],[7.05651456,51.5294892,38],[7.05645123,51.52945654,37.8],[7.0563799,51.52943488,37.59],[7.05623924,51.52943488,37.2],[7.05617858,51.52945388,37.13],[7.05612559,51.52948021,37.26],[7.05607659,51.52951054,37.4],[7.05587796,51.52967651,38.59],[7.0558213,51.52969317,38.93],[7.05569831,51.52969717,39.66],[7.05563398,51.52969051,40.06],[7.055225,51.52961254,42.06],[7.05512767,51.52958388,42.2],[7.05446903,51.52933225,42.33],[7.05437804,51.52929659,42.33],[7.05243516,51.52849906,43.13],[7.05234683,51.5284684,43.26],[7.05134688,51.52817745,39.4],[7.05125655,51.52815246,39.06],[7.04944098,51.52766755,40.73],[7.04935432,51.52764389,41],[7.04879902,51.52746126,42.33],[7.04873136,51.5274386,42.4],[7.0482624,51.52719032,41.2],[7.04820207,51.52716132,41],[7.04766177,51.52692569,40.2],[7.04758977,51.5268947,40],[7.04414301,51.52548865,37.26],[7.04406835,51.52545865,37.26],[7.04228815,51.52471114,39.4],[7.04223315,51.52468815,39.33],[7.04132357,51.52445489,42.13],[7.04124491,51.52442956,42.46],[7.04085227,51.5242156,43.8],[7.04078694,51.52418361,43.8],[7.04007665,51.52387,40.06],[7.04001366,51.52384167,39.53],[7.03937405,51.52353339,36.13],[7.03932406,51.52350873,36],[7.0377776,51.52279926,36.46],[7.03773161,51.5227786,36.66],[7.03703002,51.52250767,37.66],[7.03697436,51.52248434,37.66],[7.03653074,51.52226204,38.33],[7.03648675,51.52224205,38.2],[7.03604715,51.52211946,34.8],[7.03600382,51.52210413,34.59],[7.0334304,51.52103301,37.46],[7.03337407,51.52101035,37.59],[7.03075397,51.52004188,34.73],[7.03069298,51.52001822,34.86],[7.02970307,51.51959998,36.66],[7.02965908,51.51958032,36.73],[7.0266714,51.51836834,35],[7.02664307,51.51835701,35],[7.02662873,51.51833802,35],[7.02663706,51.51833935,35],[7.0267127,51.51837199,35],[7.02674236,51.51838332,35],[7.02679268,51.51838099,35],[7.02680101,51.51837266,35],[7.02669704,51.51829269,35],[7.02668305,51.51827303,35],[7.02674236,51.51817473,35],[7.02674902,51.51815407,35],[7.02667807,51.51803345,35.33],[7.0266984,51.51803745,35.4],[7.02677606,51.51815778,35.46],[7.02672474,51.5182021,35.86],[7.02669608,51.51821543,36],[7.02658076,51.51822209,36.4],[7.02654043,51.51821343,36.66],[7.02633778,51.5181318,37.66],[7.02630079,51.51811181,37.86],[7.02582586,51.51781454,39.06],[7.0257922,51.51779088,39.13],[7.02570587,51.51771423,39.13],[7.02568354,51.51768757,39.13],[7.02556657,51.5175126,39.4],[7.02554491,51.5174826,39.46],[7.02532363,51.51721365,39.8],[7.02529763,51.51718499,39.8],[7.02489568,51.51675475,37],[7.02486902,51.51672575,37],[7.02472238,51.51662178,37],[7.02468172,51.51660879,37],[7.02456506,51.51660912,37],[7.0245424,51.51661378,37],[7.02439443,51.51665207,37.26],[7.02435277,51.5166634,37.33],[7.02417313,51.51673638,37.59],[7.0241248,51.51675804,37.66],[7.02394149,51.51686302,37.93],[7.02390016,51.51689135,38],[7.02368821,51.51708698,38],[7.02367921,51.51708964,37.93],[7.02392913,51.51683572,36.8],[7.02392647,51.51680573,36.73],[7.02382416,51.51669442,36.66],[7.02378483,51.51666876,36.66],[7.02354186,51.51655579,36.8],[7.0234892,51.51653746,37],[7.02172868,51.51603095,42.66],[7.02167502,51.51601562,42.33],[7.02101809,51.51587435,41.33],[7.0209691,51.51586302,41.6],[7.02026718,51.51567878,40.33],[7.02022685,51.51566845,40.06],[7.01971757,51.51551284,38.73],[7.01965757,51.51549618,38.66],[7.01912395,51.51538321,38.73],[7.01905929,51.51536822,38.93],[7.01839133,51.51519228,41.73],[7.01832633,51.51517595,41.6],[7.01826233,51.51516462,41.46],[7.01819833,51.51516029,41.33],[7.01793602,51.5151806,40.8],[7.01786469,51.51518393,40.66],[7.0176507,51.51516795,40.26],[7.0175807,51.51515662,40.2],[7.01553718,51.51473512,41.26],[7.01546285,51.51471946,41.2],[7.01489722,51.5145865,41.8],[7.01483022,51.51456984,41.8],[7.01451492,51.51446419,42.06],[7.01445492,51.51443986,42.33],[7.01411462,51.51427688,43.2],[7.01406196,51.51424855,42.93],[7.01391663,51.51415791,42.53],[7.01387264,51.51412591,42.4],[7.01357735,51.51388262,40.06],[7.01353702,51.51386962,39.73],[7.01349402,51.51386829,39.4],[7.01345303,51.51387762,39.33],[7.01332171,51.51393493,39.13],[7.01327138,51.51395026,39.06],[7.01316372,51.5139526,39],[7.01310839,51.51394394,39.13],[7.01263377,51.51378165,41],[7.01258011,51.51376499,41.2],[7.01221415,51.51367868,42.2],[7.01216249,51.51366902,42.26],[7.01190252,51.51362438,42.2],[7.01184686,51.51361705,42.06],[7.00977499,51.51337621,39.46],[7.00970899,51.51336555,39.53],[7.0073475,51.51287703,39.93],[7.0073065,51.5128707,40.06],[7.00727151,51.51287004,40.2],[7.00724085,51.5128767,40.2],[7.00720419,51.51291136,40.2],[7.0071982,51.51293602,40.2],[7.0071333,51.51350259,38.13],[7.0071303,51.51353358,38.06],[7.00710334,51.51398684,37],[7.00710068,51.5140175,36.86],[7.0070111,51.51462908,34.46],[7.00700444,51.51468274,34.33],[7.00702743,51.51481473,34.13],[7.00705743,51.51484606,34.06],[7.00725008,51.51491572,34],[7.00730674,51.51493138,34],[7.00758571,51.51497736,33.66],[7.00763137,51.51498569,33.66],[7.00833632,51.51517397,33.93],[7.00841198,51.51519363,34],[7.01001953,51.51556452,35.2],[7.01008053,51.51557785,35.26],[7.01063547,51.5156178,36.8],[7.01069413,51.51562246,37],[7.01112241,51.51568044,38],[7.01116107,51.51567811,38],[7.01132836,51.51563613,37.4],[7.01135569,51.5156248,37.2],[7.01149864,51.51548052,35],[7.0115153,51.51547286,35],[7.01180623,51.51541091,35],[7.01181523,51.51540958,34.93],[7.01170957,51.51542757,34.73],[7.01167124,51.51542856,34.59],[7.01148428,51.51540792,34.06],[7.01144795,51.51540526,34],[7.01106966,51.5154066,34.33],[7.01100466,51.51540127,34.46],[7.01015505,51.515264,34.73],[7.01006772,51.51524834,34.59],[7.00749987,51.51468519,35.26],[7.00740721,51.51466586,35.33],[7.00643929,51.51449492,31.6],[7.00636529,51.51447959,31.4],[7.00570933,51.51429962,30.8],[7.00563733,51.51428129,30.8],[7.00323084,51.51373513,31.73],[7.00316351,51.51372113,31.8],[7.00268488,51.51364383,31.6],[7.00261855,51.51363517,31.46],[7.00190227,51.51356589,31.73],[7.00186561,51.51355556,31.8],[7.00176697,51.51344158,32],[7.00173497,51.51342825,32],[7.00119007,51.513289,32.33],[7.00118641,51.51328667,32.33],[7.00123107,51.51326301,32.33],[7.0015517,51.51326069,32],[7.00159536,51.51326468,32],[7.00215329,51.51338793,32.46],[7.00217895,51.51338494,32.53],[7.00220294,51.51335728,32.66],[7.0022046,51.51333662,32.73],[7.00218097,51.51289072,33.66],[7.00218163,51.51285939,33.73],[7.0021793,51.51282773,33.8],[7.00216831,51.51280007,33.73],[7.00214398,51.51277974,33.66],[7.00210599,51.51276608,33.59],[7.00177235,51.51272011,32.86],[7.00171236,51.51271345,32.8],[7.00138871,51.5127038,32.33],[7.00132672,51.51269447,32.4],[7.00127239,51.51267648,32.46],[7.00119374,51.51261216,32.53],[7.00115275,51.51257616,32.53],[7.00104076,51.51251951,32.4],[7.0009721,51.51249918,32.33],[7.00058179,51.51242954,31.8],[7.00045613,51.51241121,31.66],[6.99979816,51.51233822,31],[6.99966916,51.51232589,30.86],[6.99502275,51.51221611,30.53],[6.99494009,51.51221611,30.46],[6.99462711,51.51219213,30.26],[6.99455812,51.51218047,30.26],[6.99388351,51.51201218,31.6],[6.99382585,51.51199519,31.86],[6.99264133,51.51159498,37.06],[6.99262067,51.51158599,37],[6.99259335,51.51153867,37.06],[6.99258936,51.51151668,37.13],[6.99259302,51.51142103,37.59],[6.99258969,51.51139237,37.73],[6.99247671,51.5111844,38.13],[6.99244072,51.51114707,38.06],[6.99217875,51.51097544,37.26],[6.99211309,51.51094445,37],[6.99187577,51.51088813,36.2],[6.99179144,51.51087814,36],[6.99156212,51.51086516,35.59],[6.99149379,51.51086682,35.53],[6.99115716,51.5109008,35.8],[6.9911135,51.51091046,35.93],[6.99096585,51.51097477,36.66],[6.99092819,51.51099476,36.8],[6.99047657,51.51126571,38.66],[6.99043191,51.51128937,38.8],[6.99027992,51.51134302,38.86],[6.99022526,51.51135501,38.86],[6.99011094,51.51136734,38.86],[6.99005061,51.51136601,38.86],[6.98977997,51.51132772,38.59],[6.98976931,51.51132573,38.59],[6.98960033,51.51133571,38],[6.98954,51.51132538,38.13],[6.98707814,51.51064253,39.33],[6.98699248,51.5106182,39],[6.97535812,51.50725685,37],[6.97531279,51.50724619,37],[6.97524747,51.50726186,37],[6.97524481,51.50727519,37],[6.9753014,51.50762579,37.66],[6.97530573,51.50765445,37.66],[6.97530772,51.5079644,36.26],[6.97530306,51.5079914,36],[6.97521043,51.50833068,33.59],[6.97519977,51.50835834,33.53],[6.97494385,51.50882788,38.66],[6.97492685,51.50884954,39.33],[6.97487521,51.50889685,42],[6.97487288,51.50889951,43.6],[6.97469323,51.50892049,46],[6.97464957,51.50894482,46.8],[6.97454225,51.50905881,48.26],[6.97451092,51.50909714,48.66],[6.97443659,51.50914279,48.8],[6.97439126,51.50914812,48.86],[6.97425228,51.5091388,48.66],[6.97421062,51.50913247,48.53],[6.97402999,51.50907684,48],[6.97400199,51.50906418,47.86],[6.97393201,51.5090152,47.46],[6.97391768,51.5089952,47.33],[6.97390936,51.50892821,46.93],[6.97391669,51.50890555,46.8],[6.97395401,51.50886923,47.06],[6.97398267,51.50885957,47.2],[6.97412265,51.50888591,47.26],[6.97415131,51.50890557,47.33],[6.97417497,51.50892856,47.4],[6.9741943,51.50895522,47.46],[6.97422862,51.50904488,47.86],[6.97424495,51.50907421,48],[6.97439758,51.50925251,47.2],[6.97440424,51.5092815,47],[6.97436892,51.50940682,46.13],[6.97435259,51.50943881,45.86],[6.97407235,51.50991139,52.26],[6.97403702,51.50993272,53],[6.97399669,51.50994405,53.73],[6.97395203,51.50994372,54.46],[6.97376605,51.5098964,57.2],[6.97371939,51.5098824,57.4],[6.97239689,51.50946387,57.53],[6.9723589,51.50945321,57.46],[6.9718543,51.50926697,56.66],[6.97182664,51.50924698,56.6],[6.97179298,51.50919832,56.46],[6.97178965,51.50917166,56.4],[6.97181831,51.50909235,56],[6.97183364,51.50906735,55.66],[6.97215721,51.50873575,49.06],[6.97218287,51.50871075,48.73],[6.97221853,51.50865409,48.2],[6.97222919,51.50862576,48],[6.97223785,51.50856943,47.6],[6.97223119,51.5085411,47.4],[6.97221386,51.50851544,47.33],[6.97218886,51.50849211,47.8],[6.97211687,51.50845245,48.73],[6.97207321,51.50843512,49],[6.97114232,51.50822488,41.2],[6.97108866,51.50821822,41.26],[6.97019809,51.50819895,43.6],[6.97014343,51.50819696,43.6],[6.96973747,51.50816298,42.13],[6.96967981,51.50816065,41.73],[6.96928486,51.50819395,38.06],[6.96922753,51.50819395,37.59],[6.96872224,51.50815167,35.26],[6.96868125,51.50815433,35.33],[6.96827832,51.50826329,35.26],[6.96822766,51.50826829,35.13],[6.96752106,51.50830023,34],[6.96746806,51.50830223,34],[6.96375708,51.50859561,38.4],[6.96370842,51.50861294,38.46],[6.96367009,51.50863493,38.53],[6.96364409,51.50866159,38.59],[6.96361143,51.50874724,38.66],[6.96360577,51.50877557,38.66],[6.96360045,51.50882989,38.66],[6.96360245,51.50885588,38.59],[6.96362777,51.50893321,38.8],[6.96363176,51.50896387,38.86],[6.96362111,51.50906152,39.06],[6.96361045,51.50909418,39.13],[6.96344118,51.50945313,40.2],[6.96342352,51.50948646,40.06],[6.96326754,51.50968876,39.4],[6.96325021,51.50972109,39.4],[6.96322789,51.5098864,38.06],[6.9632169,51.50992106,37.8],[6.96310759,51.51015535,37.66],[6.96309226,51.51018768,37.66],[6.96280934,51.5106839,41.4],[6.96278701,51.51071489,41.93],[6.96273236,51.51077488,42.33],[6.9626977,51.51079887,42.6],[6.96260905,51.51082553,42.8],[6.96255972,51.51083053,42.53],[6.96245506,51.51082886,42],[6.96240207,51.5108232,41.73],[6.96208442,51.51076823,38.2],[6.96202576,51.5107549,38],[6.96196776,51.51073557,37.93],[6.9619151,51.51070991,37.86],[6.96182145,51.51061125,37.66],[6.96181112,51.51057525,37.73],[6.96183578,51.51042694,38.06],[6.96185311,51.51038961,38.33],[6.96199708,51.51014297,38.13],[6.96201774,51.51011098,38.13],[6.96219637,51.50986135,38],[6.96221337,51.50983335,38],[6.96231099,51.50961972,38.46],[6.96232032,51.50958639,38.53],[6.96234963,51.50941675,38.53],[6.96235096,51.50938209,38.53],[6.96233565,51.50918046,37.8],[6.96232966,51.50914847,37.66],[6.96230967,51.50908748,37.4],[6.96229334,51.50905982,37.33],[6.96220469,51.5090035,37.13],[6.96216469,51.50899617,37.06],[6.9611881,51.50905511,36.06],[6.9611151,51.50906044,36.06],[6.95875863,51.5092462,34.59],[6.95870164,51.50924953,34.53],[6.95591825,51.50933962,34.73],[6.95587892,51.50933962,34.8],[6.95478568,51.50920972,37.59],[6.95472802,51.50920906,37.73],[6.95177394,51.50929081,34.66],[6.95171661,51.50929214,34.66],[6.95078136,51.50928517,34.73],[6.95071536,51.50928151,34.73],[6.95017907,51.50924789,35.4],[6.95010941,51.50924189,35.59],[6.94946778,51.50916895,36.13],[6.94939278,51.50915929,36.13],[6.94886049,51.50907566,36.13],[6.94878383,51.50906367,36.26],[6.94788957,51.50889039,36.59],[6.94781924,51.50887473,36.46],[6.94761425,51.50882041,35.8],[6.94754859,51.50879875,35.53],[6.94717096,51.50865279,35.86],[6.9471093,51.50862813,35.93],[6.94563014,51.50793732,40.73],[6.94560981,51.50791832,40.86],[6.94560081,51.50789366,41],[6.94560481,51.50786533,41],[6.94562247,51.50783733,41],[6.94565113,51.507809,41],[6.94588911,51.50762636,40.4],[6.94593177,51.50759237,40.13],[6.94613307,51.50740606,39.2],[6.94616873,51.50736406,39.06],[6.94631037,51.50718008,38.53],[6.94634437,51.50713008,38.4],[6.94650902,51.50685744,38.4],[6.94654268,51.50680045,38.26],[6.94677598,51.50625284,37.4],[6.94679664,51.50620485,37.4],[6.9470442,51.50545796,37],[6.94704387,51.5054183,36.86],[6.94703388,51.50537697,36.73],[6.94701322,51.50533698,36.59],[6.94695023,51.50525932,36.33],[6.94691224,51.50522099,36.2],[6.9454148,51.50387086,40.2],[6.94538914,51.50384886,40.13],[6.94503887,51.50349226,39.26],[6.94500954,51.5034636,39.2],[6.94472861,51.50321432,38.73],[6.94473827,51.50322532,38.66],[6.94462332,51.50307404,38],[6.94460232,51.50304938,38],[6.94446802,51.50294007,38.06],[6.94446769,51.50293341,38.13],[6.94465832,51.50284146,38.59],[6.94469398,51.5028238,38.66],[6.9447843,51.50274149,38.93],[6.94482229,51.50271183,39.06],[6.94491627,51.50265783,39.26],[6.9449706,51.5026335,39.26],[6.94598084,51.50223826,39.33],[6.9460305,51.50221793,39.4],[6.94636713,51.50205729,39.33],[6.94641646,51.50203529,39.33],[6.94751533,51.50157041,38.33],[6.94756066,51.50155208,38.26],[6.94773131,51.5014941,38],[6.94777564,51.50149144,38],[6.94800896,51.50157109,38.2],[6.94805696,51.50158109,38.26],[6.94820394,51.50155642,38.59],[6.9482506,51.50153442,38.8],[6.94843891,51.50141078,39.59],[6.94848557,51.50137212,39.8],[6.94867921,51.50111914,37.93],[6.9487042,51.50107648,37.86],[6.94874685,51.50099016,37.59],[6.94876284,51.5009485,37.4],[6.94882515,51.50072252,35.8],[6.94883448,51.50068652,36],[6.94884014,51.50064852,36.2],[6.94883681,51.50061086,36.4],[6.94878649,51.5005452,36.8],[6.94874416,51.50052154,36.73],[6.94803421,51.50033394,37.86],[6.94797722,51.50031694,38.06],[6.94752892,51.50012032,38.4],[6.94745426,51.50009666,38.26],[6.9459157,51.49972442,38.93],[6.94586237,51.49970842,39.2],[6.94575638,51.4996741,39.86],[6.94570805,51.49965444,40.2],[6.94555507,51.49956079,40.93],[6.94551674,51.49953979,41.06],[6.94534476,51.49946316,41.06],[6.94529443,51.49944716,40.93],[6.94499846,51.49939651,39.26],[6.94493813,51.49938385,38.8],[6.94461017,51.49930087,36.53],[6.94455484,51.49928788,36.33],[6.9441342,51.49922357,35.06],[6.94406154,51.49921091,35],[6.94250233,51.49889832,34.33],[6.94243434,51.49888566,34.26],[6.94079944,51.4986651,36.33],[6.94072811,51.49865444,36.4],[6.94035148,51.49856879,36.53],[6.94029615,51.4985628,36.46],[6.94019149,51.49855181,36.33],[6.94013849,51.49855048,36.26],[6.93971285,51.49857111,34.93],[6.93964619,51.49856945,34.8],[6.9391169,51.49853148,34.13],[6.93905657,51.49852748,34.2],[6.93693208,51.49832869,38.2],[6.93686842,51.4983227,37.93],[6.93607683,51.49826541,34.59],[6.93602184,51.49826075,34.59],[6.93548825,51.4981498,37.8],[6.93544426,51.49814681,38],[6.93535193,51.4981588,38],[6.93530427,51.49817213,38],[6.93515498,51.49823811,36.8],[6.93513432,51.49823977,36.59],[6.93472573,51.49819219,35.2],[6.9346894,51.49818886,35.46],[6.93448641,51.49818653,37.33],[6.93445775,51.49819519,37.66],[6.9343811,51.49824184,39.46],[6.93436144,51.49826384,40.2],[6.93407653,51.49863275,44.66],[6.93406454,51.49864441,44.73],[6.93407519,51.49867573,45.2],[6.93409052,51.49868206,45.46],[6.9341535,51.49866875,46.6],[6.93420783,51.49869708,46.93],[6.93420584,51.49873674,47.6],[6.93420151,51.49875874,47.93],[6.93416785,51.4988054,48.73],[6.93413585,51.49882806,49.13],[6.93364423,51.49895602,54.46],[6.93358924,51.49897835,55],[6.93353758,51.49900368,55.53],[6.93349125,51.49903168,56.2],[6.93334993,51.49916099,58.26],[6.9333146,51.49919065,58.53],[6.93319161,51.49925498,59.2],[6.93314828,51.49927031,59.33],[6.93219605,51.4994909,59.26],[6.93215572,51.49951456,59.33],[6.9321014,51.49957355,59.4],[6.93209107,51.49960688,59.4],[6.93211106,51.49970554,59.46],[6.93213072,51.4997372,59.53],[6.93233734,51.49998283,60.33],[6.932363,51.50001049,60.4],[6.9326899,51.50031774,60.33],[6.93262757,51.50030341,60.2],[6.93212766,51.49975251,59.46],[6.93210233,51.49971818,59.53],[6.93207101,51.49964552,59.66],[6.93206935,51.49960786,59.66],[6.93210267,51.4995342,59.66],[6.93213633,51.49950254,59.66],[6.93234064,51.49942089,59.46],[6.9323983,51.49940723,59.4],[6.93316091,51.49926228,53.66],[6.9332099,51.49924695,53.13],[6.93355219,51.49900567,48.26],[6.93359452,51.49898601,47.93],[6.93368684,51.49894902,47.26],[6.93373584,51.49893336,46.93],[6.93405447,51.49886939,45.66],[6.9341018,51.49885306,45.53],[6.93413779,51.49883106,45.46],[6.93416045,51.49880606,45.4],[6.93422643,51.49868109,45.73],[6.93425976,51.49866543,45.8],[6.9344854,51.4986338,45.66],[6.93453306,51.4986318,45.6],[6.93531796,51.49862749,40.59],[6.93540862,51.49863015,40.33],[6.93545561,51.49860649,39.66],[6.93546861,51.4985865,39.33],[6.93544164,51.49837519,38.26],[6.93543631,51.49834653,38.2],[6.9350422,51.49683616,41],[6.9350332,51.4968045,41],[6.93499327,51.49646591,41],[6.93498994,51.49644958,40.93],[6.93493997,51.49635726,40.26],[6.93493398,51.49633993,40.13],[6.93486538,51.49594732,39.66],[6.93485805,51.49590999,39.73],[6.9347691,51.49555938,40.4],[6.93474244,51.49553305,40.4],[6.93360053,51.49505285,39.4],[6.93354687,51.49502952,39.4],[6.93312325,51.49487689,40.33],[6.93307392,51.4948599,40.53],[6.93028517,51.4940368,42],[6.93022384,51.49401814,41.93],[6.92399737,51.49211529,42.13],[6.92393471,51.49209663,42.2],[6.92300779,51.4917927,42.2],[6.9229538,51.49177704,41.93],[6.92279215,51.49178503,41.33],[6.92274715,51.49180703,41.13],[6.92253318,51.49196233,40.59],[6.92249252,51.49199466,40.53],[6.92213691,51.49231427,41.93],[6.92210325,51.49233927,42],[6.9219626,51.49238791,42.2],[6.9219046,51.4923909,42.26],[6.9215873,51.49235094,42.33],[6.92152497,51.49233861,42.33],[6.92009741,51.49202036,45.13],[6.92002975,51.49200503,45.26],[6.91924216,51.49178678,41.93],[6.9191725,51.49177478,41.73],[6.91867187,51.49171747,41.33],[6.91859787,51.49171314,41.33],[6.91768293,51.4917038,38.53],[6.9176276,51.49168647,38.4],[6.91758527,51.49166081,38.26],[6.91754261,51.49159182,38],[6.91753561,51.49155249,38.06],[6.91758189,51.49104889,38.93],[6.91758489,51.49101023,39],[6.91762753,51.49082159,39.2],[6.91763186,51.49078493,39.26],[6.9176242,51.4907506,39.26],[6.91756754,51.49069328,39.33],[6.91752155,51.49067095,39.4],[6.91741356,51.49063196,39.53],[6.91735423,51.4906153,39.59],[6.91696693,51.49054633,39.86],[6.91690193,51.49053267,39.86],[6.91659496,51.49044537,40],[6.91653097,51.49042937,40],[6.91559204,51.49024975,39.66],[6.91552538,51.49023609,39.59],[6.91513207,51.49013579,39.26],[6.91506607,51.49012113,39.2],[6.91437513,51.49003785,40.26],[6.9143218,51.49003019,40.59],[6.91368153,51.48993158,43.6],[6.91362054,51.48992192,43.46],[6.91346422,51.48988193,43.06],[6.91342756,51.48986193,42.93],[6.91339857,51.48983727,42.6],[6.91337791,51.48980794,42.26],[6.91336125,51.48974228,41.6],[6.91336425,51.48970829,41.26],[6.9133999,51.48954732,40.13],[6.91340923,51.48951466,40],[6.91348121,51.48933702,39.2],[6.9134902,51.48930003,39.26],[6.91356841,51.48873679,41.26],[6.91356841,51.48871513,41.46],[6.91345016,51.48829121,44.2],[6.91344083,51.48826455,44.26],[6.91342552,51.4881539,44.26],[6.91341553,51.48812357,44.26],[6.91333388,51.48803592,44.06],[6.91328922,51.48801659,44],[6.91289859,51.4879423,43.53],[6.9128426,51.48793297,43.6],[6.91255296,51.48790267,43.46],[6.91249363,51.48790201,43.53],[6.91219266,51.48793466,43.6],[6.91213233,51.48794599,43.53],[6.91178368,51.48803797,42.66],[6.91172635,51.48804996,42.46],[6.91148303,51.48807161,42.13],[6.9114187,51.48807095,42.13],[6.90982115,51.4878711,41],[6.90975682,51.48786644,40.93],[6.90880655,51.48786145,40],[6.90874122,51.48786012,40],[6.90830992,51.48782148,40],[6.90824293,51.48782082,40],[6.90782196,51.4878598,39.86],[6.90774963,51.48786513,39.8],[6.90745299,51.48786646,39.53],[6.90737866,51.48786447,39.46],[6.90672204,51.48782918,39],[6.90665305,51.48782452,39],[6.90597876,51.48775724,39],[6.90592477,51.48775158,39],[6.90521584,51.48772597,38.73],[6.90515118,51.48772498,38.73],[6.90488053,51.48773462,38.73],[6.90480953,51.48774128,38.73],[6.90425922,51.4878389,39],[6.90419189,51.48784856,39.06],[6.90364328,51.48790752,39.86],[6.90357228,51.48791451,39.93],[6.90328763,51.48793615,40.46],[6.9032183,51.48794014,40.66],[6.90273401,51.48793648,41.86],[6.90266435,51.48794114,41.86],[6.90259569,51.48795047,41.93],[6.90253036,51.48796613,42],[6.90229437,51.48804811,41.46],[6.90223571,51.4880601,41.26],[6.90210405,51.48806809,40.86],[6.90203639,51.48806676,40.53],[6.90170675,51.48803445,39.26],[6.90164042,51.48802379,39.13],[6.90146377,51.48796947,38.86],[6.90142078,51.48793681,38.8],[6.90133947,51.48781816,38.59],[6.90130814,51.48777883,38.53],[6.9010735,51.48756853,38.73],[6.90104284,51.48753287,38.86],[6.90095453,51.48732789,40.06],[6.90093453,51.4872879,40.46],[6.90086021,51.48717325,41.66],[6.90083188,51.48713692,42.06],[6.90076889,51.4870666,42.6],[6.90073256,51.48703194,42.86],[6.9005969,51.48693162,43.33],[6.90054324,51.48690029,43.4],[6.90030859,51.48678865,43.2],[6.90024726,51.48676466,42.93],[6.89969197,51.48657203,40.59],[6.89962664,51.4865557,40.4],[6.899356,51.48650472,39.59],[6.899286,51.48649672,39.53],[6.89862438,51.48644744,39.2],[6.89856572,51.48643078,39.33],[6.89841406,51.4863568,39.59],[6.89837173,51.48632614,39.66],[6.89807211,51.48604919,39.66],[6.89804112,51.4860182,39.66],[6.89792946,51.48593888,39.33],[6.89788313,51.48591988,39.26],[6.89752517,51.48585925,38.8],[6.89747051,51.48585225,38.73],[6.89482981,51.48557085,39.2],[6.89479315,51.48556852,39.26],[6.89472016,51.48559284,39.46],[6.8947135,51.48561184,39.53],[6.89474614,51.48579215,39.8],[6.89474714,51.48581381,39.8],[6.89474415,51.48583247,39.8],[6.89473549,51.48584813,39.8],[6.89470184,51.48586245,39.8],[6.89468585,51.48585612,39.8],[6.89466153,51.4858028,39.8],[6.8946562,51.48577747,39.8],[6.89450872,51.4848613,47.13],[6.89450273,51.48483697,47.53],[6.89436479,51.48455335,48.33],[6.89434313,51.48451636,48.06],[6.89425882,51.48441371,46.93],[6.89422682,51.48438305,46.6],[6.89402584,51.48421774,47],[6.89398884,51.48418974,46.8],[6.8937742,51.48403811,47.33],[6.89372687,51.48400712,47.46],[6.89346756,51.48386847,48.6],[6.89341423,51.48384548,48.66],[6.89325458,51.48378449,49.4],[6.89320292,51.48376683,49.6],[6.89290996,51.4836902,50.93],[6.89286363,51.4836822,51.13],[6.8894816,51.48317855,47.46],[6.8893886,51.48316489,47.53],[6.88890696,51.48307559,47.2],[6.8888153,51.4830516,47],[6.88847732,51.48293695,46.2],[6.88839966,51.48290462,46.13],[6.88767473,51.48248602,47.13],[6.8876374,51.48246336,47.2],[6.88742608,51.48242104,47.33],[6.88736942,51.48240105,47.33],[6.88656482,51.48198413,47.46],[6.88649882,51.4819648,47.26],[6.88636317,51.48194714,47],[6.88629851,51.48195614,46.86],[6.88608053,51.48207345,46.6],[6.88601954,51.48210545,46.6],[6.8857169,51.48222043,46.6],[6.88563191,51.48224809,46.73],[6.88484128,51.48247872,47.86],[6.88476862,51.48249772,47.93],[6.88444864,51.48255571,48.13],[6.88438631,51.48256671,48.2],[6.88370271,51.48274831,48.26],[6.88363972,51.4827653,48.4],[6.88325676,51.48289492,51.73],[6.8832041,51.48289892,52.26],[6.88314711,51.48289426,52.8],[6.88308678,51.4828796,53.46],[6.88297112,51.48281927,54.8],[6.88291846,51.48278061,55.33],[6.88261384,51.48246531,55.53],[6.88256818,51.48241965,55.46],[6.88234353,51.482248,55.33],[6.8822762,51.48220667,55.2],[6.88054966,51.48127612,48.13],[6.880486,51.48125813,47.66],[6.88035001,51.48124581,46.93],[6.88027935,51.48124714,46.66],[6.8792324,51.48129341,44.93],[6.87916274,51.48129507,45.13],[6.8785911,51.48129008,46.86],[6.87852077,51.48129041,47.13],[6.87811713,51.48133037,48],[6.87804914,51.4813347,47.8],[6.8772642,51.48136496,45.93],[6.8772032,51.48136695,46.06],[6.87667492,51.48135599,48.13],[6.87661526,51.48135066,48.33],[6.87633962,51.48128301,48.93],[6.87628929,51.48126302,49],[6.87501178,51.48065752,47],[6.87500312,51.48065586,46.8],[6.87835145,51.47924053,46.6],[6.8786041,51.47917188,46.6],[6.87864676,51.47914822,46.6],[6.87869175,51.47908522,46.6],[6.87869375,51.47904356,46.66],[6.87858981,51.47844029,45.93],[6.87859414,51.47840263,45.73],[6.87860514,51.47836497,45.53],[6.87862347,51.47832764,45.46],[6.87877277,51.47810268,45.73],[6.87879643,51.47806368,45.8],[6.87882575,51.47798036,45.93],[6.87882974,51.4779367,46.13],[6.87880576,51.47775738,46.53],[6.8787861,51.47771038,46.46],[6.87857879,51.47740874,45.86],[6.87854946,51.47735708,45.93],[6.87840417,51.47701412,46.66],[6.87839018,51.47697046,46.8],[6.87839018,51.47693013,46.93],[6.87840917,51.47689447,47.06],[6.87852316,51.47680948,47.66],[6.87855949,51.47678348,47.86],[6.87859682,51.47672516,48],[6.87859116,51.47669117,48.33],[6.87791459,51.47574126,51.8],[6.87788426,51.47569726,51.66],[6.87764432,51.47530498,50.8],[6.87762799,51.47527432,50.73],[6.87758133,51.47523032,50.6],[6.87755034,51.47521899,50.53],[6.87743702,51.47521034,50.4],[6.87739669,51.47520501,50.4],[6.8773487,51.47517703,50.4],[6.87734704,51.47516037,50.46],[6.87755201,51.47508105,50.93],[6.87758267,51.47504806,51.06],[6.87762799,51.47497274,51.13],[6.87764498,51.47493074,51.13],[6.87774294,51.47464978,50.6],[6.87776794,51.47460112,50.4],[6.87814823,51.47408483,48.53],[6.87817989,51.47402583,48.4],[6.87828485,51.47371587,47.33],[6.87830184,51.47365321,47.06],[6.87850211,51.4728156,46.06],[6.87851011,51.47276027,46.26],[6.87851078,51.47259528,46.86],[6.87850378,51.47254195,47],[6.87842582,51.47213901,47.6],[6.87841649,51.47209035,47.6],[6.87827289,51.47162741,49.13],[6.87824923,51.47158808,49.13],[6.87816691,51.47152409,49],[6.87810925,51.4715011,48.93],[6.87762362,51.4714168,47.73],[6.87755663,51.4714058,47.46],[6.87749364,51.47139047,47.26],[6.87744431,51.47136647,47.06],[6.87741632,51.47133348,46.86],[6.87740732,51.47129315,46.86],[6.87741198,51.47124849,46.86],[6.87742431,51.4712015,46.86],[6.87794551,51.46973662,46.46],[6.87796217,51.46968496,46.53],[6.87808813,51.46927735,47.53],[6.87810246,51.46922469,47.73],[6.87811679,51.46900605,48.46],[6.87811113,51.46895205,48.53],[6.87797117,51.46853476,48.2],[6.87795017,51.46848377,48.06],[6.87764125,51.46789885,47],[6.87761959,51.46785919,47],[6.87734868,51.4671396,48],[6.87733302,51.46709694,48],[6.87725372,51.4669453,48.6],[6.87725206,51.46694364,48.6],[6.87733204,51.46684,48.53],[6.8773557,51.46681434,48.46],[6.8773697,51.46675535,48.33],[6.87735471,51.46672235,48.26],[6.87732671,51.46668802,48.2],[6.87728938,51.46665169,48.13],[6.8766678,51.46615143,48],[6.8766458,51.4661281,47.93],[6.87661182,51.46601678,47.66],[6.87659816,51.46598645,47.6],[6.87653917,51.46590179,47.4],[6.87652317,51.46587346,47.33],[6.87652315,51.46576516,47],[6.87652348,51.46575983,47.2],[6.87639151,51.46565887,47.86],[6.87638585,51.46563387,47.86],[6.87640451,51.46556155,47.86],[6.87643184,51.46554222,47.86],[6.8772541,51.46519163,47.8],[6.87729743,51.46516497,47.93],[6.87732542,51.46513364,48],[6.87732142,51.46506565,48.13],[6.87729676,51.46503066,48.2],[6.8769998,51.46478168,47.93],[6.87695747,51.46474702,47.8],[6.87690882,51.46468137,47.66],[6.87691415,51.46465337,47.6],[6.87701013,51.46458273,47.6],[6.87705646,51.4645604,47.6],[6.87770068,51.46429619,48.93],[6.87772201,51.46428653,49],[6.87777197,51.46421888,49.13],[6.87777131,51.46420589,49.13],[6.87704352,51.4627731,47.06],[6.87701986,51.46272611,46.73],[6.87654632,51.46184254,44.8],[6.87649966,51.46177755,44.73],[6.87637034,51.46166423,44.66],[6.87629268,51.4616139,44.66],[6.87514743,51.4609193,44.73],[6.87507677,51.46087597,44.93],[6.87488246,51.46074132,45.33],[6.8748248,51.46069366,45.46],[6.87466515,51.46054601,46.06],[6.87461749,51.46049435,46.26],[6.87437317,51.46018137,46.73],[6.87433584,51.46013304,46.8],[6.87422853,51.45998672,47.2],[6.87419753,51.45993672,47.4],[6.87417487,51.45983539,47.66],[6.87419487,51.45978606,47.8],[6.8742342,51.45974173,48],[6.87428886,51.4597034,48.2],[6.87442619,51.45963441,48.6],[6.87450218,51.45960141,48.8],[6.87544778,51.45921783,49.8],[6.87549844,51.45919784,49.73],[6.87604606,51.45901155,49.2],[6.87609339,51.45898856,49.26],[6.8776666,51.4580984,45.46],[6.87773159,51.45806074,45.26],[6.87830488,51.45764945,44.4],[6.87836354,51.45760412,44.4],[6.87891281,51.45713716,44.73],[6.87896414,51.4570955,44.8],[6.8794291,51.45674187,45.13],[6.87948576,51.45669821,45.2],[6.87961308,51.45661455,45.33],[6.87968241,51.45657522,45.4],[6.87994806,51.45644423,45.73],[6.87999972,51.45641157,45.86],[6.88003305,51.45637758,46],[6.88004404,51.45634892,46.13],[6.88003572,51.45631227,46.46],[6.88005105,51.45630061,46.53],[6.88016503,51.4562903,47.26],[6.88019269,51.45628464,47.4],[6.88028035,51.45625199,47.66],[6.88030335,51.45623033,47.73],[6.88031001,51.45620267,47.8],[6.88029968,51.45617068,47.86],[6.88015237,51.45590204,48],[6.88013704,51.45585904,48],[6.88006707,51.45551407,48.6],[6.88006674,51.45547141,48.73],[6.88010334,51.45427458,50],[6.88010367,51.45423925,50],[6.88012531,51.45405893,50],[6.88012764,51.45402327,50.13],[6.88016486,51.4531034,52.8],[6.88016719,51.45306541,52.93],[6.88023313,51.45262747,53.33],[6.88024279,51.45258847,53.33],[6.88039507,51.45216854,54.2],[6.88040973,51.45212654,54.33],[6.88058537,51.45186524,54.13],[6.8806087,51.45183191,54.06],[6.88084933,51.45156229,53.13],[6.88088499,51.45153063,53.13],[6.88151226,51.4511467,54.13],[6.88156292,51.4511147,54.26],[6.88185689,51.45091239,54.2],[6.88190555,51.4508754,54.13],[6.8823565,51.45047311,52.46],[6.88239916,51.45043212,52.4],[6.88290607,51.44990419,52.13],[6.8829444,51.44987053,52.26],[6.88325135,51.44960658,54.06],[6.88328768,51.44958158,54.33],[6.88349532,51.44950294,53.73],[6.88351065,51.44947661,53.66],[6.88360494,51.44895766,52.8],[6.8836136,51.44890667,52.86],[6.88384515,51.44783546,55.46],[6.88385281,51.4477948,55.46],[6.88388611,51.44734985,54.33],[6.88388844,51.44730619,54.26],[6.88394907,51.44692623,54.33],[6.8839594,51.44688123,54.4],[6.88412599,51.44629063,53],[6.88414165,51.44624397,52.8],[6.88428394,51.44583202,51.2],[6.88430093,51.44578536,51],[6.8844449,51.44545141,50.2],[6.88446889,51.44540375,50.06],[6.8847145,51.44497846,48.86],[6.8847465,51.44492946,48.6],[6.88578131,51.44343094,49.66],[6.88581331,51.44338694,49.73],[6.88631892,51.44275901,50],[6.88635391,51.44272001,50],[6.88671786,51.44237406,49.93],[6.88675652,51.44233506,50.06],[6.88710281,51.44195446,51],[6.88713614,51.4419158,51.06],[6.88766005,51.44119187,50.66],[6.88768771,51.44114888,50.53],[6.88804998,51.44070028,48.8],[6.88807764,51.44066529,48.8],[6.88823428,51.44035834,49.33],[6.88825227,51.44031301,49.46],[6.88829259,51.44013203,49.66],[6.88829392,51.44008837,49.73],[6.88826131,51.43900718,49.86],[6.88826597,51.43896918,49.8],[6.88838292,51.43850388,52.93],[6.88839658,51.43846355,53.6],[6.88846722,51.43831591,55.86],[6.88847922,51.43828558,56.4],[6.88850087,51.43818126,57.73],[6.88851087,51.43815493,58],[6.88862349,51.43792064,58],[6.88863315,51.43790064,58],[6.88863914,51.43786465,57.06],[6.88863648,51.43784766,56.6],[6.88860084,51.43778703,53.33],[6.88860018,51.43778437,52.86],[6.88862582,51.43767506,51],[6.88863048,51.43765907,51],[6.88864347,51.43762875,51],[6.88865047,51.43761475,51],[6.88878009,51.43748747,51],[6.88878442,51.43748247,51],[6.88875176,51.43743881,51],[6.88869577,51.43744779,51.2],[6.88867711,51.43744879,51.26],[6.88873544,51.43744379,51.33],[6.8887651,51.4374178,51.33],[6.88876743,51.43739614,51.26],[6.88867113,51.43703452,49.73],[6.88865747,51.43698952,49.4],[6.88862582,51.43674588,47.8],[6.88862516,51.43670122,47.6],[6.8886678,51.43649724,48],[6.8886808,51.43647124,48.2],[6.88879611,51.43636228,49.73],[6.8888051,51.43633762,50],[6.88882508,51.43617365,50.73],[6.88882774,51.43613632,50.93],[6.88882241,51.43599368,51.66],[6.8888244,51.43596435,51.73],[6.88884306,51.43591836,51.86],[6.88885872,51.43589736,51.93],[6.8889187,51.4358577,51.93],[6.88896403,51.43584404,51.93],[6.88912535,51.43583072,51.93],[6.88918401,51.43583006,51.8],[6.89019028,51.43584367,51.93],[6.89025694,51.43584367,52.06],[6.89087923,51.43582639,53.2],[6.89093556,51.43582672,53.33],[6.89186347,51.43586164,53.46],[6.89191146,51.4358643,53.4],[6.89341666,51.43587918,61.6],[6.89346399,51.43587885,61.6],[6.89432558,51.43578161,56.4],[6.89437458,51.43577828,56.2],[6.89522748,51.43577462,60.4],[6.89527048,51.43577296,60.8],[6.89577042,51.43572337,61.53],[6.89580475,51.43571704,61.6],[6.89586507,51.43569671,61.73],[6.8958924,51.43568372,61.8],[6.89605536,51.43557807,62.2],[6.89607269,51.43555374,62.66],[6.89619655,51.43474457,66.73],[6.89620388,51.43471891,66.46],[6.89658299,51.43386809,66.66],[6.89659532,51.43384276,66.66],[6.8967926,51.43354583,64.6],[6.8968206,51.43351983,64.53],[6.89695758,51.43345451,64.46],[6.89700291,51.43343085,64.73],[6.89742919,51.43316823,69],[6.89746052,51.4331659,69],[6.89758317,51.43319155,69],[6.89762516,51.43321188,69],[6.89833073,51.43360142,68.66],[6.89835939,51.43361308,68.6],[6.89848037,51.43363873,68.46],[6.89850903,51.43363773,68.53],[6.89861666,51.43360176,69]]}}]}