{"type":"FeatureCollection","features":[{"type":"Feature","properties":{"name":"20260505 Cicloturismo","time":"2026-05-05T07:52:01Z"},"geometry":{"type":"LineString","coordinates":[[4.81761133,50.69412333,96.42],[4.81760233,50.69413233,96.42],[4.81762999,50.69410867,96.42],[4.81762067,50.6940727,97.58],[4.81761901,50.69406504,97.62],[4.81751473,50.69383944,98.33],[4.81750673,50.69381744,98.43],[4.81750307,50.69379711,98.5],[4.8175064,50.69377911,98.56],[4.81751706,50.69376378,98.61],[4.81753306,50.69375245,98.69],[4.81758738,50.69375378,99.02],[4.81760538,50.69376411,99.15],[4.81791132,50.6939477,101.42],[4.81793532,50.69396303,101.6],[4.81816361,50.69412397,102.78],[4.8181966,50.69414096,102.77],[4.81823593,50.69415329,102.69],[4.81832425,50.69415696,102.54],[4.81836958,50.69414997,102.48],[4.81913578,50.69387576,102.45],[4.81916577,50.6938641,102.46],[4.81954335,50.69369749,102.71],[4.81957168,50.69368383,102.74],[4.81973798,50.6936242,102.92],[4.81977164,50.69361054,103.01],[4.82006294,50.69347058,103.17],[4.8200976,50.69345292,103.13],[4.82016859,50.69341226,103.05],[4.82020025,50.69338993,103],[4.82033957,50.69327795,102.66],[4.82036557,50.69325496,102.62],[4.82066783,50.69294237,103.34],[4.82068582,50.69292037,103.46],[4.82090808,50.69258679,104.98],[4.82092374,50.69256146,105.13],[4.82138126,50.691777,109.17],[4.82139426,50.69175367,109.2],[4.8215972,50.69142973,108.63],[4.82161853,50.69139407,108.63],[4.82168252,50.69127942,108.23],[4.82170318,50.69123842,108.11],[4.82173617,50.69115077,107.85],[4.8217485,50.69110411,107.7],[4.8219867,50.68980958,105.95],[4.82198903,50.68976925,105.97],[4.82196005,50.68953962,106.33],[4.82195372,50.68950263,106.39],[4.82182613,50.68886104,107.93],[4.82182047,50.68882504,107.99],[4.82181215,50.6886414,108.22],[4.82181215,50.68860374,108.26],[4.82184113,50.6884191,108.44],[4.82185279,50.6883831,108.5],[4.82193577,50.68824713,108.67],[4.8219631,50.68821314,108.73],[4.82218406,50.68797852,108.97],[4.82220805,50.68795286,109],[4.82253666,50.68756992,109.42],[4.82256599,50.68753693,109.45],[4.82302826,50.68704802,110.32],[4.82305659,50.68701736,110.4],[4.82322657,50.68682639,110.78],[4.82325356,50.68679306,110.85],[4.82329155,50.6867264,111.05],[4.82330255,50.68669307,111.16],[4.82329755,50.68659975,111.47],[4.82328822,50.68657109,111.56],[4.82318426,50.68632012,112],[4.82317227,50.68629246,112.05],[4.823041,50.68593485,112.76],[4.82303101,50.68590652,112.82],[4.82285343,50.68534329,113.92],[4.8228441,50.6853123,113.92],[4.82258789,50.68457008,115.46],[4.82257856,50.68453542,115.53],[4.82253127,50.68428778,116.03],[4.82252628,50.68425279,116.1],[4.82239447,50.68320427,118.23],[4.82238914,50.68316927,118.27],[4.82232018,50.68292064,118.62],[4.82230519,50.68288498,118.68],[4.8222502,50.68278066,118.82],[4.82222921,50.68274733,118.87],[4.82180098,50.68212977,119.91],[4.82177965,50.68209911,119.96],[4.82146571,50.68161718,120.94],[4.82144405,50.68158385,121],[4.82090419,50.6808103,122.5],[4.82088153,50.68077697,122.59],[4.8207129,50.68052701,123.33],[4.82069224,50.68049635,123.4],[4.82060126,50.68033839,123.93],[4.8205806,50.68030806,124.02],[4.82032967,50.67996246,125.35],[4.82031234,50.67993846,125.46],[4.82030068,50.67991313,125.57],[4.82029702,50.6798868,125.67],[4.82030201,50.67985947,125.78],[4.82031501,50.67983181,125.88],[4.820339,50.67980615,125.98],[4.82037333,50.67978582,126.06],[4.82046466,50.6797675,126.22],[4.82051465,50.67976883,126.28],[4.82092063,50.67983879,126.63],[4.82096696,50.67984545,126.69],[4.82146789,50.67990003,127.65],[4.82151055,50.67990469,127.79],[4.82169286,50.67991534,128.22],[4.82173752,50.679916,128.36],[4.82191517,50.67990702,128.92],[4.82196017,50.67990169,129.09],[4.82223182,50.67984738,130.18],[4.82227682,50.67983738,130.37],[4.82315305,50.67962745,132.29],[4.82320171,50.67961479,132.33],[4.82379899,50.67945217,131.76],[4.82385765,50.67943551,131.66],[4.82458093,50.67921323,130.28],[4.82464559,50.67919624,130.17],[4.82492623,50.67913525,129.57],[4.82500356,50.67912159,129.46],[4.82534121,50.67907627,128.92],[4.82542987,50.67906794,128.74],[4.82569753,50.67905329,128.17],[4.82578753,50.67905163,127.99],[4.82672149,50.67905229,125.56],[4.82681515,50.67905429,125.29],[4.8270938,50.67906961,124.44],[4.82718646,50.67907727,124.23],[4.82781943,50.67914623,122.74],[4.82790676,50.67915322,122.55],[4.8283284,50.67916022,121.83],[4.82841006,50.67915589,121.69],[4.82865838,50.67913324,121.33],[4.82874204,50.67912425,121.16],[4.82905968,50.67907527,120.61],[4.82913267,50.67905861,120.49],[4.8296843,50.67889765,119.89],[4.82973896,50.67888166,119.92],[4.83010492,50.6787587,119.58],[4.83015725,50.67874237,119.49],[4.83038324,50.67869606,119.17],[4.83044357,50.67869406,119.08],[4.83062156,50.67872171,118.91],[4.83067989,50.67873804,118.92],[4.83129884,50.67893732,119.3],[4.83134017,50.67894932,119.54],[4.8313805,50.67895665,119.67],[4.83143615,50.678947,119.97],[4.83144281,50.678934,120.11],[4.8313035,50.67875472,120.83],[4.8312765,50.67872272,120.87],[4.83052496,50.67785719,121.76],[4.8304993,50.67782719,121.79],[4.82824639,50.67516058,129.54],[4.82821573,50.67512292,129.6],[4.82757914,50.67440369,130.16],[4.82754514,50.67436436,130.16],[4.8272575,50.6740104,130.12],[4.82722517,50.6739714,130.14],[4.82596134,50.67248589,128.33],[4.82591868,50.67243623,128.21],[4.82575803,50.67222859,127.33],[4.8257147,50.6721766,127.14],[4.82550672,50.67197429,126.49],[4.82544272,50.67192729,126.34],[4.82515175,50.67177297,125.78],[4.82509576,50.67173164,125.69],[4.82505743,50.67168564,125.61],[4.8250411,50.67163765,125.47],[4.82504743,50.67158932,125.29],[4.82507842,50.67154432,125.12],[4.82513108,50.67150466,124.98],[4.82542573,50.67135801,124.71],[4.82549539,50.67131235,124.67],[4.82555972,50.67126269,124.63],[4.82562238,50.67120969,124.46],[4.82586736,50.67097504,123.89],[4.82592836,50.67091305,123.73],[4.82793815,50.66874088,118.85],[4.82798815,50.66868655,118.86],[4.83165161,50.66469372,125.99],[4.8316866,50.66465572,126.06],[4.83487978,50.66119456,133.67],[4.83491344,50.66115723,133.76],[4.83564932,50.66037533,135.61],[4.83568698,50.66033534,135.72],[4.84090496,50.65467202,135.81],[4.84094796,50.65462536,135.83],[4.84121626,50.65435239,135.97],[4.84126159,50.65430773,135.97],[4.84146257,50.65412774,136.04],[4.8415179,50.65408074,136.04],[4.84291713,50.65294987,133.39],[4.84297412,50.65290421,133.3],[4.84391971,50.65212295,132.85],[4.84397337,50.65207929,132.91],[4.84505594,50.65121271,132.58],[4.84511193,50.65116805,132.51],[4.84818968,50.64867065,124.56],[4.84824401,50.64862699,124.55],[4.8496855,50.64744183,127.13],[4.84972583,50.64740817,127.26],[4.85113596,50.64626834,131.72],[4.85116629,50.64624368,131.78],[4.85165887,50.64583742,132.68],[4.85169453,50.64580776,132.78],[4.8518235,50.64569278,132.96],[4.85185216,50.64566645,132.95],[4.85189148,50.64561313,132.94],[4.85189414,50.64560647,132.92],[4.85196013,50.64557848,132.86],[4.85198946,50.64555682,132.88],[4.85232076,50.64528554,132.56],[4.85236842,50.64524588,132.53],[4.85776362,50.64052966,120.55],[4.85781795,50.640482,120.4],[4.85849953,50.63985576,120.37],[4.85853086,50.6398271,120.41],[4.85906612,50.63938282,121.56],[4.85909778,50.63935549,121.66],[4.86129638,50.63742585,129.55],[4.86132737,50.63739786,129.67],[4.86206729,50.63677397,131.55],[4.86210062,50.63674564,131.61],[4.86346411,50.63554382,130.39],[4.8635071,50.63550549,130.3],[4.86526622,50.6339794,128.59],[4.86530822,50.63394374,128.59],[4.86687498,50.632526,130.1],[4.86691331,50.63249101,130.11],[4.8676939,50.63180944,129.5],[4.86774156,50.63176845,129.42],[4.86822985,50.63136452,128.54],[4.86827718,50.63132419,128.49],[4.87040861,50.62943114,129.02],[4.87044161,50.62940148,129.02],[4.87167141,50.62835998,129.4],[4.87170407,50.62833232,129.49],[4.87262421,50.62751281,132.44],[4.87264754,50.62749215,132.55],[4.8728688,50.62725987,133.2],[4.87289013,50.62723954,133.26],[4.87295911,50.62717823,133.51],[4.87298177,50.6271589,133.65],[4.87307875,50.62709491,134.03],[4.87310008,50.62707792,134.12],[4.87319772,50.62695931,134.74],[4.87321538,50.62693932,134.82],[4.87332202,50.62687467,135.2],[4.87334802,50.62685734,135.33],[4.87364627,50.62657676,136.81],[4.87366326,50.6265611,136.89],[4.87380057,50.6264748,137.37],[4.87382256,50.62645947,137.44],[4.87400251,50.62631418,138.11],[4.87402417,50.62629552,138.19],[4.87464471,50.62572732,140.53],[4.8746667,50.62570766,140.61],[4.87520561,50.62525044,142.5],[4.87523227,50.62522678,142.6],[4.87550854,50.62495283,143.19],[4.8755352,50.62492817,143.23],[4.8757835,50.62472155,143.74],[4.87581116,50.62469756,143.83],[4.87627875,50.6242803,144.44],[4.87630674,50.62425564,144.46],[4.87723895,50.62339075,146.21],[4.87726794,50.62336376,146.26],[4.87780519,50.62289986,147.01],[4.87783752,50.62287153,147.05],[4.87863442,50.62214134,147.46],[4.87866842,50.62211035,147.49],[4.88174307,50.61935703,142.52],[4.88178473,50.6193207,142.49],[4.88239068,50.61876178,141.41],[4.88243201,50.61872345,141.41],[4.88790129,50.61381619,140.52],[4.88793662,50.61378453,140.59],[4.8893711,50.61248875,141.92],[4.8894041,50.61246009,142.01],[4.89098083,50.61100865,143.76],[4.89101382,50.61097865,143.76],[4.89150541,50.61056537,143.98],[4.89154207,50.61053337,143.95],[4.8923113,50.60983979,142.14],[4.89235963,50.60979746,141.93],[4.89311956,50.60907953,138.82],[4.89317289,50.60902987,138.62],[4.89539206,50.60706238,133.59],[4.89543972,50.60701972,133.61],[4.89653658,50.60600619,134.61],[4.89656691,50.60597819,134.64],[4.89808737,50.60460675,136.86],[4.8981207,50.60457642,136.9],[4.89850831,50.60424015,137.32],[4.89854397,50.60420916,137.32],[4.89902557,50.60376089,137.54],[4.89906123,50.60372756,137.55],[4.90023172,50.60268005,137.31],[4.90026905,50.60264606,137.31],[4.90059701,50.60234277,137.39],[4.90063234,50.60231044,137.42],[4.90075831,50.60217613,137.44],[4.90079164,50.6021448,137.44],[4.90207779,50.60098131,138.11],[4.90211112,50.60095098,138.15],[4.90226876,50.60079668,138.4],[4.90230109,50.60076735,138.45],[4.9025927,50.60053906,138.75],[4.90262769,50.6005094,138.78],[4.90282334,50.6003161,139.02],[4.902858,50.60028377,139.08],[4.90343324,50.59977419,139.81],[4.90347057,50.59974053,139.82],[4.90498968,50.59834043,141.41],[4.90502367,50.5983091,141.41],[4.90531163,50.59806981,141.42],[4.90534796,50.59803882,141.45],[4.90611086,50.59735691,141.49],[4.90615019,50.59732225,141.51],[4.90740803,50.59617472,140.97],[4.90744903,50.59613773,140.94],[4.90774632,50.59589377,140.68],[4.90778731,50.59585911,140.61],[4.90825924,50.59544417,140.47],[4.9082959,50.59541151,140.5],[4.90832956,50.59537918,140.52],[4.90835922,50.59534718,140.59],[4.9084452,50.59522486,140.97],[4.90846486,50.5951992,141.03],[4.90853216,50.59512589,141.23],[4.90853949,50.59511789,141.28],[4.90842684,50.59521186,141.22],[4.90840718,50.59522686,141.18],[4.90834653,50.5952975,141.16],[4.90838019,50.59534516,141.21],[4.90859348,50.59539346,141.21],[4.90863314,50.59540579,141.24],[4.9089231,50.59552576,141.31],[4.90896376,50.59554242,141.21],[4.90907941,50.59559541,141.17],[4.90911707,50.59561474,141.2],[4.90931204,50.59574004,140.9],[4.90935003,50.59575503,140.84],[4.90939069,50.59576369,140.8],[4.90943402,50.59576735,140.79],[4.90951935,50.59576303,140.81],[4.90955835,50.5957527,140.88],[4.90959268,50.5957367,140.95],[4.909633,50.59569104,141.08],[4.90964199,50.59566438,141.14],[4.90964799,50.59563638,141.19],[4.90965032,50.59560739,141.25],[4.90963334,50.59546042,141.39],[4.90963168,50.59543109,141.4],[4.90959538,50.59526111,141.49],[4.90959072,50.59523378,141.5],[4.90957509,50.59503347,141.61],[4.90956709,50.59500448,141.61],[4.90953077,50.59492249,141.58],[4.90951477,50.59490116,141.58],[4.90945913,50.59486284,141.61],[4.90949546,50.59484785,141.8],[4.90952811,50.59487651,141.62],[4.90954244,50.59489751,141.55],[4.90957976,50.59497717,141.36],[4.90958809,50.59500616,141.27],[4.9095994,50.59522212,140.76],[4.90959973,50.59525445,140.75],[4.90964169,50.59545276,140.73],[4.90964735,50.59548609,140.72],[4.90966798,50.59568306,140.71],[4.90967798,50.59571205,140.69],[4.90970164,50.59573638,140.69],[4.90973697,50.59575271,140.7],[4.90982763,50.59576703,140.7],[4.90987596,50.59576736,140.71],[4.90992295,50.5957607,140.73],[4.90996261,50.59574604,140.73],[4.91000227,50.59570206,140.82],[4.9100066,50.59567473,140.86],[4.90997364,50.59540711,141.35],[4.90996965,50.59537778,141.38],[4.90990069,50.59509484,141.42],[4.90989669,50.59506051,141.39],[4.90986609,50.5946529,141.16],[4.90986576,50.59462424,141.16],[4.90989405,50.59443029,141.19],[4.90989372,50.59440229,141.18],[4.90986709,50.59427432,141.16],[4.90986509,50.59426899,141.2],[4.90974844,50.594179,141.93],[4.90972945,50.59416334,141.99],[4.90971445,50.59414434,142.04],[4.90970679,50.59412301,142.09],[4.90969848,50.59405069,142.2],[4.90968515,50.59402769,142.23],[4.90947321,50.59383041,142.35],[4.90944788,50.59380808,142.3],[4.90932025,50.59366277,142.29],[4.90929992,50.59363877,142.28],[4.90913361,50.59343846,142.35],[4.90911295,50.5934138,142.36],[4.90885769,50.59304757,142.85],[4.90885569,50.59303357,142.85],[4.90888301,50.59301858,142.8],[4.90890267,50.59302224,142.79],[4.90894032,50.59305357,142.74],[4.90896132,50.5930759,142.73],[4.90933725,50.5935565,142.52],[4.90936525,50.59359316,142.52],[4.90953988,50.59378846,142.31],[4.90957154,50.59381612,142.22],[4.90972684,50.59390477,141.92],[4.9097685,50.59391343,141.89],[4.90980283,50.59391044,141.89],[4.90982782,50.59389611,141.88],[4.90984814,50.59384045,141.9],[4.90984714,50.59380412,141.9],[4.90976525,50.59317289,141.1],[4.90976026,50.59313489,141.05],[4.90962306,50.59231634,140.87],[4.9096174,50.59228301,140.87],[4.90955483,50.59172511,140.7],[4.9095505,50.59169645,140.69],[4.9094789,50.59128019,140.72],[4.90947557,50.59125486,140.75],[4.90945392,50.59118988,140.89],[4.90943793,50.59114855,141.14],[4.90941762,50.59102958,141.31],[4.90941229,50.59100059,141.35],[4.9093121,50.59011845,141.23],[4.90930844,50.59008845,141.16],[4.90926681,50.58988282,140.95],[4.90926048,50.58985249,140.92],[4.90924383,50.58969786,140.89],[4.9092395,50.58966553,140.89],[4.90920786,50.58954388,141],[4.90919986,50.58951322,141.02],[4.90915291,50.58923728,141.14],[4.90914825,50.58920595,141.11],[4.90914858,50.5890823,141.09],[4.90914758,50.58905497,141.09],[4.90910396,50.58882267,141.29],[4.90909997,50.58879201,141.31],[4.90909863,50.58866903,141.41],[4.90909564,50.58863903,141.42],[4.90900908,50.58815211,141.71],[4.90900409,50.58812478,141.78],[4.90900409,50.58803946,141.92],[4.90900442,50.5880098,141.93],[4.90896279,50.58781017,141.95],[4.90895813,50.58778151,141.97],[4.90893585,50.58757988,142.07],[4.90893152,50.58755089,142.09],[4.90886958,50.58723459,142.24],[4.90886359,50.58720626,142.24],[4.90881202,50.58670301,143.16],[4.90880936,50.58667368,143.21],[4.90870748,50.58607945,143.18],[4.90870115,50.58604945,143.21],[4.90869017,50.58592914,143.25],[4.90868551,50.58589915,143.26],[4.90857563,50.58530128,143.63],[4.90856963,50.58527062,143.63],[4.9085077,50.58475538,144.12],[4.90850471,50.58472372,144.17],[4.90845844,50.58444777,144.47],[4.90845445,50.58441644,144.49],[4.90843216,50.58408948,144.76],[4.90843083,50.58405682,144.78],[4.90839921,50.58383686,144.88],[4.90839455,50.5838062,144.94],[4.90832794,50.58344757,145.85],[4.90831628,50.58341658,145.85],[4.90817931,50.58326393,146.29],[4.90817231,50.58324827,146.35],[4.90817497,50.58323128,146.39],[4.90819063,50.58321662,146.42],[4.90824929,50.58319363,146.5],[4.90827529,50.58317763,146.57],[4.90828428,50.58315497,146.63],[4.90827395,50.58313031,146.66],[4.90824929,50.58310598,146.69],[4.90821663,50.58308299,146.7],[4.90801733,50.58297734,146.43],[4.90798,50.58295501,146.4],[4.90745639,50.58258973,146.66],[4.90742673,50.5825684,146.68],[4.90701081,50.58224681,147.03],[4.90698215,50.58222481,147.05],[4.90638326,50.58178726,147.44],[4.90635493,50.58176693,147.47],[4.90535041,50.58100811,149.55],[4.90532142,50.58098645,149.62],[4.90448122,50.58037623,150.99],[4.90444922,50.5803539,151.08],[4.90372567,50.579793,152.25],[4.90368834,50.57976367,152.28],[4.90329471,50.57948173,152.28],[4.90324671,50.5794464,152.26],[4.9027531,50.57906645,152.08],[4.9027011,50.57902612,152.05],[4.9022088,50.57868017,151.4],[4.9021558,50.57864151,151.36],[4.90128488,50.57796758,150.84],[4.90123422,50.57793025,150.86],[4.90112423,50.57785826,150.86],[4.90106457,50.57782593,150.84],[4.9005696,50.57760629,150.49],[4.9005146,50.57757563,150.4],[4.90046527,50.57754097,150.31],[4.90042527,50.57750197,150.19],[4.90039961,50.57746098,150.07],[4.90039262,50.57741698,149.98],[4.90041527,50.57732266,149.69],[4.90043426,50.57727533,149.59],[4.90052557,50.57709368,149.26],[4.9005419,50.57704935,149.22],[4.90078049,50.57632676,150.75],[4.90079349,50.57629043,150.87],[4.9008738,50.57608279,151.38],[4.90088846,50.5760488,151.44],[4.90099109,50.57584817,151.98],[4.90100908,50.57581517,152.06],[4.90120536,50.57549321,152.67],[4.90122735,50.57546255,152.73],[4.90125234,50.57543189,152.82],[4.90128134,50.57540356,152.87],[4.90141832,50.57529757,153.11],[4.90144965,50.57526957,153.14],[4.90152396,50.57517758,153.38],[4.90154696,50.57514625,153.47],[4.90196521,50.57455304,154.77],[4.90198554,50.57452305,154.85],[4.90218082,50.57422376,155.3],[4.90219981,50.57419343,155.34],[4.90228145,50.57404112,155.45],[4.90229678,50.57401179,155.45],[4.90236042,50.57386781,155.53],[4.90237075,50.57383848,155.57],[4.90249435,50.5733849,156.04],[4.90250368,50.57335491,156.07],[4.90264359,50.5729933,156.28],[4.90265692,50.57296197,156.3],[4.9030055,50.57231043,156.51],[4.9030215,50.57227877,156.53],[4.903482,50.57145459,156.83],[4.90349833,50.57142426,156.84],[4.90355763,50.57126996,156.97],[4.90356763,50.57123863,157.02],[4.90363525,50.57092168,157.22],[4.90364925,50.57089168,157.25],[4.9037179,50.57081403,157.29],[4.90374289,50.57078903,157.3],[4.90396686,50.5705944,157.46],[4.90399419,50.57057007,157.5],[4.90440446,50.57026181,158],[4.90443479,50.57023848,158.02],[4.9047724,50.56994719,157.83],[4.90480173,50.56992253,157.8],[4.90504635,50.56967157,157.66],[4.90507868,50.56964591,157.67],[4.90554662,50.56935263,157.57],[4.90557995,50.56933097,157.57],[4.90574659,50.56919434,157.74],[4.90577492,50.56917234,157.77],[4.90603122,50.56901139,157.93],[4.90605822,50.56899039,157.97],[4.9061622,50.56888142,158.19],[4.9061762,50.56885776,158.24],[4.90619517,50.56875345,158.51],[4.90619517,50.56872479,158.58],[4.90615622,50.56837952,159.04],[4.90615189,50.56834919,159.06],[4.90609096,50.56801026,159.29],[4.90608596,50.56797893,159.3],[4.90606933,50.56780063,159.39],[4.90606467,50.56776997,159.41],[4.90603036,50.56761201,159.54],[4.90602437,50.56758102,159.56],[4.90600373,50.56735805,159.7],[4.90599907,50.56732572,159.75],[4.90585422,50.56647217,160.53],[4.90584889,50.56643851,160.54],[4.90583358,50.56623887,160.64],[4.90582959,50.56620587,160.66],[4.90576966,50.56587259,160.81],[4.90576467,50.56583926,160.85],[4.9056628,50.56498305,161.33],[4.90565814,50.56495039,161.34],[4.90556655,50.56443845,161.44],[4.90556156,50.56440845,161.47],[4.90542241,50.56340797,162.22],[4.90541775,50.56337931,162.22],[4.90535279,50.56309102,162.44],[4.9053468,50.56305502,162.46],[4.9053448,50.56301969,162.49],[4.90534447,50.56298636,162.53],[4.90536179,50.56292171,162.59],[4.90537279,50.56288538,162.58],[4.90537978,50.56280239,162.58],[4.90537912,50.56275739,162.56],[4.90533018,50.56228846,162.31],[4.90532452,50.5622498,162.27],[4.90529387,50.56208915,162.08],[4.90528154,50.56204949,162.09],[4.90519256,50.56189217,162.26],[4.9051709,50.56184984,162.29],[4.90509859,50.56166986,162.31],[4.90508293,50.56162453,162.22],[4.90500463,50.56131722,162.03],[4.90499597,50.56127356,162.03],[4.90497799,50.56113824,162.2],[4.90497466,50.56109291,162.19],[4.90496269,50.56077794,162.25],[4.9049577,50.56073228,162.28],[4.9048521,50.56016267,162.37],[4.90484577,50.56011968,162.38],[4.90484277,50.56007635,162.38],[4.90484211,50.56003369,162.39],[4.90486344,50.55990004,162.4],[4.90487077,50.55985205,162.4],[4.9048731,50.55975473,162.5],[4.90486444,50.55970707,162.57],[4.90484744,50.55965874,162.63],[4.9046848,50.55942943,162.7],[4.90466947,50.5593811,162.68],[4.9046658,50.55923978,162.51],[4.90466081,50.55919412,162.47],[4.90463049,50.5590588,162.43],[4.90462549,50.55901347,162.42],[4.90462649,50.55896748,162.41],[4.90463382,50.55892182,162.41],[4.90467314,50.55877651,162.47],[4.9046818,50.55872451,162.48],[4.90468413,50.55861619,162.49],[4.90468047,50.55856053,162.52],[4.90449263,50.55696502,162.88],[4.9044883,50.55693136,162.93],[4.90439868,50.55655107,163.17],[4.90438869,50.55650607,163.15],[4.90434305,50.55624076,163.49],[4.90433605,50.5561981,163.53],[4.9043031,50.5557455,164.26],[4.90429844,50.5557075,164.33],[4.90408927,50.55447934,165.52],[4.90408294,50.55444068,165.56],[4.90394109,50.55329216,166.88],[4.9039371,50.5532585,166.94],[4.90383754,50.55265393,167.74],[4.90383055,50.5526216,167.75],[4.90381591,50.55246631,167.81],[4.90381258,50.55243798,167.82],[4.90379093,50.55236133,167.89],[4.90378594,50.552334,167.9],[4.90378494,50.55227134,167.92],[4.90378461,50.55223801,167.93],[4.90375729,50.5521027,168.02],[4.9037513,50.55206937,168.07],[4.90373467,50.55187808,168.46],[4.90373101,50.55184508,168.49],[4.90363839,50.55143049,169.03],[4.90363273,50.55139683,169.05],[4.90356385,50.5508309,169.52],[4.90355885,50.55079391,169.55],[4.90329483,50.5489555,171.61],[4.9032905,50.5489185,171.63],[4.90317261,50.54820497,171.96],[4.90316561,50.54816764,171.97],[4.90304708,50.54734412,171.83],[4.90304175,50.54730779,171.81],[4.9029515,50.54679886,171.51],[4.90294551,50.54676953,171.52],[4.90292255,50.54656723,171.33],[4.90291889,50.54653257,171.3],[4.90292221,50.54643159,171.39],[4.90291921,50.54639759,171.43],[4.90283062,50.54594466,171.88],[4.90282529,50.54590967,171.94],[4.90272841,50.54517812,171.92],[4.90272442,50.54514512,171.9],[4.90259424,50.54438556,171.8],[4.90258925,50.54435223,171.79],[4.90257193,50.54414826,171.8],[4.90256993,50.54411393,171.81],[4.90252231,50.54387498,171.94],[4.90251731,50.54384198,171.98],[4.90250034,50.54364735,172.39],[4.90249635,50.54361469,172.48],[4.90238845,50.54297049,173.26],[4.90238279,50.54293883,173.3],[4.90236483,50.54275453,173.51],[4.9023605,50.54272453,173.53],[4.90226128,50.54218096,174.3],[4.90225629,50.54214963,174.37],[4.90216343,50.54151473,175.34],[4.9021591,50.54148407,175.4],[4.90214047,50.54129112,175.49],[4.90213681,50.54125912,175.53],[4.9020439,50.54073886,176.04],[4.90203891,50.5407072,176.1],[4.90201263,50.54038158,176.68],[4.90200797,50.54034925,176.75],[4.901964,50.54016396,177.21],[4.90195867,50.54013297,177.25],[4.90189475,50.53966271,178.12],[4.90189209,50.53963205,178.16],[4.90183248,50.53932544,178.56],[4.90182548,50.53929544,178.6],[4.90181982,50.53920312,178.78],[4.90181583,50.53917246,178.84],[4.90177453,50.53896616,179.25],[4.90176853,50.53893617,179.29],[4.90166998,50.53829027,180.14],[4.90166599,50.53826361,180.18],[4.90162106,50.53785367,180.8],[4.90161873,50.53782534,180.84],[4.90159975,50.53774469,180.97],[4.90159242,50.53771803,181.02],[4.90154815,50.5373561,181.5],[4.90154616,50.5373311,181.54],[4.9015235,50.53725378,181.63],[4.90151817,50.53722645,181.66],[4.90150253,50.53707948,181.99],[4.90149954,50.53704715,182.06],[4.90141761,50.53662486,182.76],[4.90141061,50.5365892,182.83],[4.90134066,50.5363259,183],[4.901334,50.5363009,183.01],[4.90133166,50.53603263,183.08],[4.901327,50.53599564,183.1],[4.90123476,50.53547571,183.7],[4.90122877,50.53544038,183.69],[4.90113887,50.53478717,184.36],[4.90113554,50.53475451,184.4],[4.90101199,50.53404997,185.15],[4.90100666,50.53401698,185.16],[4.90096571,50.53366304,185.5],[4.90096172,50.53363104,185.52],[4.90091475,50.53339375,185.7],[4.90090909,50.53335942,185.76],[4.90088912,50.53318645,186.12],[4.90088379,50.53315146,186.16],[4.90083382,50.53291184,186.33],[4.90082783,50.53287818,186.36],[4.90073295,50.53224529,187.07],[4.90072862,50.53221263,187.09],[4.900707,50.53197368,187.37],[4.900705,50.53193935,187.42],[4.9006524,50.53155377,187.82],[4.90064841,50.53152077,187.84],[4.90049422,50.53063658,188.88],[4.90048889,50.53060459,188.85],[4.90048457,50.53051327,188.78],[4.90048057,50.53048594,188.76],[4.90040196,50.53013433,188.77],[4.90039363,50.53010233,188.81],[4.90035934,50.52988036,189.32],[4.90035268,50.52985003,189.38],[4.90027373,50.52959872,189.79],[4.90026473,50.52956939,189.84],[4.90025474,50.52954139,189.89],[4.90024541,50.52952073,189.94],[4.9002191,50.52949974,190.03],[4.90021277,50.52949708,190.03],[4.90020311,50.52939842,190.03],[4.90007385,50.52903615,190.59],[4.90006419,50.52901016,190.63],[4.89989794,50.52865756,191.11],[4.89988595,50.5286319,191.15],[4.89977764,50.52845062,191.38],[4.89976731,50.52843096,191.4],[4.89975266,50.52834931,191.59],[4.899748,50.52833165,191.61],[4.89969935,50.52821801,191.73],[4.89969102,50.52819835,191.74],[4.89948077,50.52781443,191.76],[4.89946377,50.5277831,191.8],[4.89921452,50.52738385,191.69],[4.89919786,50.52735919,191.68],[4.89904724,50.5270849,191.56],[4.89902691,50.52704824,191.57],[4.89863699,50.52623633,191.84],[4.89860566,50.526197,191.86],[4.89825504,50.52586471,192.08],[4.89821771,50.52582571,192.1],[4.89799508,50.52552908,192.25],[4.89795975,50.52548775,192.24],[4.89776344,50.52529978,192.29],[4.89772145,50.52526612,192.32],[4.89719916,50.52487983,192.14],[4.8971635,50.52485217,192.11],[4.8969982,50.52469519,191.95],[4.89698087,50.52468153,191.91],[4.89696422,50.52467087,191.86],[4.89691156,50.52464488,191.62],[4.89675425,50.52459989,191.72],[4.89670792,50.52457489,191.71],[4.895907,50.5239613,190.82],[4.89585501,50.52392164,190.75],[4.89515573,50.52345738,189.94],[4.8950984,50.52341872,189.83],[4.89456911,50.52309542,188.96],[4.89450612,50.52305942,188.89],[4.89411681,50.52285313,188.4],[4.89405382,50.5228188,188.28],[4.89369218,50.5226105,187.65],[4.89362885,50.52257651,187.56],[4.89326255,50.52240121,187.24],[4.89276022,50.52216722,186.25],[4.89155591,50.52164758,185.51],[4.89146392,50.52160758,185.41],[4.89069964,50.52126529,184.41],[4.89062598,50.52123296,184.35],[4.88961837,50.52081205,183.07],[4.88954204,50.52077905,183],[4.88865475,50.52036079,181.94],[4.88858042,50.52032613,181.86],[4.88789947,50.52004319,181.09],[4.88782647,50.52001186,181.02],[4.88693453,50.51961061,179.73],[4.8868672,50.51958028,179.64],[4.88591829,50.51917068,178.31],[4.8858513,50.51914102,178.24],[4.88520901,50.51887706,177.9],[4.88513635,50.51884607,177.85],[4.88448706,50.51855546,177.08],[4.88441273,50.5185218,177.02],[4.88386744,50.51830084,176.42],[4.88382645,50.51828385,176.25],[4.88241156,50.51764563,174.05],[4.88233957,50.51761397,173.91],[4.88091962,50.51701334,172.54],[4.88083829,50.51697868,172.5],[4.88056798,50.51685472,172.11],[4.88055599,50.51685106,172.11],[4.88126255,50.51715962,172],[4.88130121,50.51717661,172.07],[4.88146951,50.51723691,172.44],[4.8814775,50.51724357,172.52],[4.88146651,50.51724657,172.62],[4.88145185,50.51724057,172.62],[4.88116822,50.51711361,172.37],[4.88113156,50.51709695,172.33],[4.88109856,50.51708096,172.28],[4.8810729,50.51706463,172.27],[4.88104858,50.51703664,172.24],[4.88104558,50.51702864,172.23],[4.88113558,50.51694131,172.5],[4.88123756,50.51690733,172.75],[4.88125555,50.51688833,172.82],[4.8815058,50.51648605,174.73],[4.88152279,50.51645706,174.86],[4.88185269,50.51556984,177.07],[4.88186535,50.51553384,177.15],[4.88194066,50.51535687,177.44],[4.88195499,50.51532288,177.52],[4.88201197,50.51514791,177.85],[4.88202363,50.51511625,177.95],[4.88214891,50.51482263,178.96],[4.88215924,50.51479397,179.07],[4.88220585,50.51450802,180.14],[4.88220984,50.51448036,180.25],[4.88226807,50.51391711,182.98],[4.88227173,50.51388978,183.14],[4.88234833,50.51348019,184.35],[4.88235633,50.51344753,184.34],[4.88250194,50.51304759,183.74],[4.8825166,50.51300893,183.65],[4.88275853,50.51241166,181.53],[4.88277652,50.512366,181.29],[4.88287747,50.51189306,180.69],[4.88288946,50.5118474,180.73],[4.8830391,50.51135147,180.57],[4.88305376,50.51130481,180.58],[4.88310574,50.51117216,180.67],[4.88311974,50.51112816,180.71],[4.88314806,50.51099184,180.67],[4.88315972,50.51094418,180.63],[4.88321937,50.5107412,180.22],[4.8832337,50.51068654,180.11],[4.88342198,50.50974259,175.88],[4.88344331,50.50966526,175.57],[4.88369791,50.50893132,174.85],[4.88371157,50.50889066,174.87],[4.88392884,50.50830205,174.54],[4.8839435,50.50826172,174.49],[4.88428072,50.50750188,176.83],[4.88428972,50.50747288,176.9],[4.88432033,50.50712194,178.25],[4.88432499,50.50709828,178.5],[4.8843966,50.50686366,180.65],[4.88440526,50.50684033,180.77],[4.88455812,50.50617546,182.63],[4.88456478,50.50614913,182.7],[4.8845711,50.50604348,183],[4.8845711,50.50601482,183.06],[4.8845578,50.50585385,183.33],[4.88455414,50.50582685,183.27],[4.88454515,50.50577686,183.11],[4.88454116,50.50575086,183.05],[4.88451551,50.50569487,182.81],[4.88448851,50.50566821,182.68],[4.88416988,50.50545525,181.79],[4.88412789,50.50542526,181.69],[4.88404757,50.50536194,181.56],[4.88400857,50.50532928,181.53],[4.88389692,50.50522062,181.46],[4.88386259,50.50518096,181.41],[4.8837966,50.50509564,181.32],[4.8837646,50.50504998,181.28],[4.88354062,50.50470768,180.26],[4.88350629,50.50465802,180.16],[4.88320934,50.50424773,179.32],[4.88317501,50.5041954,179.24],[4.88269209,50.50341519,178.89],[4.88266276,50.5033672,178.86],[4.88238481,50.50288661,178.61],[4.88235815,50.50283795,178.58],[4.88231382,50.50274063,178.48],[4.88229516,50.50269163,178.43],[4.88203358,50.50194138,177.91],[4.88201692,50.50189638,177.87],[4.88197126,50.50180872,177.78],[4.88194227,50.50176672,177.74],[4.88187262,50.50168739,177.63],[4.88183229,50.50165139,177.61],[4.88151868,50.50139144,177.86],[4.88148202,50.50135745,177.89],[4.88090877,50.50082422,178.06],[4.88087677,50.50079556,178.06],[4.88061416,50.50053462,178.03],[4.88058883,50.50050496,178],[4.88054484,50.50044631,177.76],[4.88052918,50.50041732,177.64],[4.88043057,50.5002007,177.18],[4.88041657,50.50017404,177.09],[4.87961271,50.4988062,170.62],[4.87957605,50.49875521,170.36],[4.87948972,50.49865789,169.82],[4.87944139,50.49861156,169.57],[4.87900977,50.49825628,167.93],[4.87896411,50.49821962,167.75],[4.87849616,50.49785833,166.19],[4.87844817,50.497822,166.01],[4.87793791,50.49748138,165.15],[4.87791458,50.49746605,165.12],[4.87786826,50.49741706,164.94],[4.87786693,50.4973994,164.89],[4.8779109,50.49734209,164.55],[4.87789191,50.49743442,165.06],[4.87789158,50.49741443,165.09],[4.87789991,50.49739243,165.08],[4.87794356,50.49734711,165.04],[4.87797456,50.49732278,165.01],[4.87826186,50.49716349,164.49],[4.87832152,50.49713449,164.24],[4.87873881,50.49695319,162.96],[4.87881814,50.49692019,162.76],[4.87926578,50.49674422,160.79],[4.87936644,50.49670556,160.4],[4.87992441,50.49651858,157.14],[4.8800484,50.49648392,156.64],[4.881582,50.49608931,148.59],[4.88166399,50.49606798,148.2],[4.88177865,50.49602499,147.39],[4.88181165,50.49600166,146.99],[4.88183398,50.495977,146.62],[4.88184731,50.49595,146.26],[4.8818513,50.49592067,145.93],[4.88184597,50.49588834,145.65],[4.88179665,50.49582268,145.21],[4.88175699,50.49578935,145.05],[4.88143435,50.49557772,144.18],[4.88137702,50.49553972,144.01],[4.88121838,50.49541507,143.61],[4.88117138,50.49537041,143.44],[4.87864291,50.49274597,137.98],[4.87859058,50.49269164,137.8],[4.87827026,50.49237167,137.13],[4.87821926,50.49231901,137.05],[4.87786931,50.49194571,136.55],[4.87781865,50.49189271,136.48],[4.87620478,50.49024786,133.31],[4.87615479,50.49019286,133.17],[4.87597548,50.48996488,132.79],[4.87593382,50.48990622,132.67],[4.87575684,50.48960824,132.14],[4.87572384,50.48954791,132.01],[4.87545256,50.48898296,130.74],[4.8754209,50.4889193,130.6],[4.87515959,50.48841433,129.54],[4.87512826,50.48835134,129.4],[4.8749303,50.48791705,128.44],[4.87490264,50.48785506,128.27],[4.87487765,50.48779307,128.1],[4.87485999,50.48773007,127.93],[4.87485066,50.48760375,127.64],[4.87486299,50.48754109,127.49],[4.87491398,50.48742177,127.21],[4.87495197,50.48736544,127.09],[4.87499863,50.48731078,126.87],[4.87505229,50.48725945,126.67],[4.87511395,50.48721245,126.67],[4.87518294,50.48716912,126.32],[4.87526027,50.48713046,126.17],[4.87534393,50.48709647,126.04],[4.87552559,50.48704348,125.8],[4.87562058,50.48702282,125.66],[4.87668454,50.48686287,124.35],[4.87677853,50.48684188,124.23],[4.87695685,50.48678789,123.87],[4.87704085,50.48675456,123.7],[4.87726017,50.48662824,123.23],[4.87732116,50.48657858,123.09],[4.87737582,50.48652525,122.91],[4.87742348,50.48646892,122.74],[4.87746248,50.48640959,122.54],[4.8775188,50.48628626,122.14],[4.8775358,50.4862226,121.97],[4.87754246,50.4861586,121.81],[4.8775298,50.48602994,121.5],[4.87751314,50.48596695,121.38],[4.87748781,50.48590529,121.2],[4.87741182,50.48578763,120.85],[4.87736582,50.48573163,120.68],[4.87659757,50.48490203,119.43],[4.87654524,50.4848457,119.31],[4.87577032,50.48404078,117.47],[4.87572066,50.48399345,117.31],[4.87510071,50.48344251,115.17],[4.87504771,50.48339585,115.12],[4.87460975,50.48302789,114.33],[4.87455509,50.4829819,114.21],[4.87343184,50.48200533,111.81],[4.87337818,50.481959,111.72],[4.87312887,50.48171869,111.22],[4.87307754,50.48166903,111.08],[4.87279091,50.48141772,110.54],[4.87272792,50.48136706,110.4],[4.8725946,50.48126673,110.17],[4.87252627,50.48121707,110.05],[4.8722373,50.48102543,109.59],[4.8721633,50.4809791,109.49],[4.8701284,50.47977389,105.77],[4.87005507,50.47972623,105.56],[4.86961377,50.47941592,104.12],[4.86953944,50.47935959,103.8],[4.86893749,50.47886663,100.98],[4.86885983,50.47880364,100.63],[4.86861352,50.47862332,99.6],[4.86852619,50.47856766,99.28],[4.86843519,50.47851667,98.96],[4.86834053,50.47846868,98.69],[4.86786022,50.47825137,98.1],[4.86776889,50.47820737,97.87],[4.8675209,50.47806605,96.97],[4.86744524,50.47801672,96.75],[4.8671026,50.47776807,95.92],[4.86703894,50.47771807,95.79],[4.86655966,50.47731945,94.89],[4.866502,50.47726912,94.79],[4.86639567,50.47716246,94.65],[4.86634901,50.47710613,94.65],[4.86627169,50.47698714,94.27],[4.8662377,50.47692581,94.04],[4.86616105,50.47673282,93.78],[4.86614472,50.47666649,93.64],[4.86613373,50.47659983,93.52],[4.86612707,50.47653317,93.43],[4.86613506,50.47633418,92.94],[4.86614672,50.47626985,92.74],[4.86616338,50.47620652,92.57],[4.86618571,50.47614519,92.39],[4.86633502,50.47584022,91.69],[4.86636035,50.47577689,91.5],[4.86646899,50.47545359,90.27],[4.86648699,50.47538826,90.06],[4.86654095,50.47505361,88.92],[4.86654928,50.47498828,88.7],[4.86658357,50.47460865,87.84],[4.8666009,50.47454932,87.71],[4.86662523,50.47449199,87.59],[4.86665723,50.47443733,87.44],[4.86676888,50.47428269,87.15],[4.86680088,50.47423169,87.08],[4.86686353,50.47407471,86.81],[4.86687552,50.47402305,86.71],[4.86688351,50.47392106,86.49],[4.86687752,50.47387207,86.35],[4.86678722,50.47360444,86.08],[4.86677289,50.47356144,86.01],[4.86675057,50.47342712,85.83],[4.86675057,50.47338046,85.77],[4.86678288,50.47315182,85.54],[4.86679121,50.47310782,85.52],[4.86683486,50.47293551,85.32],[4.86684252,50.47289351,85.28],[4.86685783,50.47277052,85.14],[4.86686416,50.47273053,85.08],[4.86686549,50.47261387,84.94],[4.86686749,50.47257521,84.91],[4.86688581,50.47249389,84.78],[4.8668948,50.47245256,84.71],[4.86690478,50.47232524,84.48],[4.86690511,50.47228258,84.42],[4.86687747,50.47193594,83.4],[4.86686347,50.47189294,83.29],[4.86680283,50.4717643,82.89],[4.8667785,50.47172264,82.79],[4.86669352,50.47160632,82.49],[4.86666686,50.47156999,82.35],[4.86657821,50.47142101,82.06],[4.86655855,50.47138335,82.03],[4.8664266,50.47109572,81.7],[4.8664116,50.47106106,81.64],[4.86637229,50.47092308,81.53],[4.86636163,50.47089475,81.53],[4.8663403,50.47087175,81.53],[4.86631364,50.47085576,81.53],[4.86625998,50.47083943,81.6],[4.86616532,50.47084009,81.44],[4.86614532,50.47082443,81.45],[4.86613199,50.4708021,81.45],[4.86611467,50.47074744,81.4],[4.86609901,50.47071845,81.35],[4.86594005,50.47058547,81.05],[4.86594438,50.47050181,80.56],[4.86601036,50.47045749,80.49],[4.86603369,50.4704475,80.48],[4.86610367,50.47044583,81.11],[4.86612367,50.47044882,81.32],[4.86614033,50.47045282,81.53],[4.86625366,50.47049448,81.72],[4.866253,50.47051514,81.85],[4.866264,50.47053447,82.06],[4.86637464,50.47059978,83.15],[4.8664083,50.47061344,83.53],[4.86660927,50.47067341,85.43],[4.86663793,50.47068107,85.77],[4.86672156,50.47068707,87.39],[4.86767222,50.47065341,94.58],[4.86768355,50.47061708,94.77],[4.86768954,50.47057642,94.63],[4.8677115,50.47031045,94.82],[4.86771216,50.47028245,94.86],[4.86770452,50.47021881,95.18],[4.86767919,50.47014048,94.65],[4.86767952,50.4700495,94.97],[4.86768251,50.4700135,95.05],[4.86775046,50.46950557,96.35],[4.86775746,50.46945958,96.45],[4.86781075,50.46918161,96.98],[4.86781075,50.46914261,96.95],[4.86779676,50.46908296,97.13],[4.86778477,50.46906063,97.25],[4.86773179,50.46900198,97.71],[4.86772046,50.46898732,97.78],[4.86771647,50.46896999,97.84],[4.86774278,50.46888767,98.04],[4.86773245,50.46886501,98.13],[4.8676398,50.46876435,98.59],[4.86760847,50.46873636,98.7],[4.86757349,50.46867537,98.73],[4.86757882,50.46864571,98.66],[4.86760081,50.46861905,98.56],[4.86763581,50.46859639,98.42],[4.86768114,50.46858006,98.35],[4.86773113,50.46856973,98.26],[4.86778412,50.46856474,98.23],[4.86783812,50.46856441,98.27],[4.86798677,50.46857806,98.5],[4.86802876,50.46858105,98.65],[4.86806442,50.46857772,98.8],[4.86811574,50.4685544,99.03],[4.8681334,50.46853707,99.14],[4.8681414,50.46851708,99.28],[4.86814306,50.46849542,99.42],[4.86812241,50.46842043,99.72],[4.86811508,50.46839177,99.81],[4.86811974,50.46832679,99.87],[4.86813307,50.4682898,99.88],[4.8683197,50.4679585,99.69],[4.86834903,50.46790017,99.55],[4.86848301,50.46760586,98.67],[4.86850567,50.4675552,98.47],[4.86863429,50.46721957,97.93],[4.86864595,50.46718291,98.01],[4.86875387,50.4667033,100.36],[4.86876286,50.4666623,100.53],[4.86886012,50.46608968,103.26],[4.86886712,50.46605502,103.43],[4.86895341,50.46578339,104.69],[4.86895474,50.46575973,104.84],[4.86892175,50.46571707,105.14],[4.86889509,50.46569807,105.29],[4.86854247,50.46548546,106.98],[4.86851014,50.4654658,107.16],[4.86819184,50.4653255,108.82],[4.86815218,50.46530451,109.04],[4.8677719,50.46507656,110.82],[4.86773257,50.46505256,111.01],[4.86758493,50.46495158,111.51],[4.86754427,50.46492692,111.6],[4.86682502,50.46454165,113.35],[4.86678569,50.46452365,113.42],[4.8667327,50.46447999,113.58],[4.86672637,50.46445266,113.68],[4.86673536,50.46442267,113.78],[4.86675669,50.46439234,113.85],[4.86682835,50.46433668,114.07],[4.86687234,50.46431135,114.14],[4.86745027,50.46411642,115.83],[4.8674816,50.46410376,115.99],[4.86765724,50.46401046,116.84],[4.86768424,50.46399313,116.94],[4.8677972,50.46388316,118.04],[4.86781086,50.46386583,118.15],[4.86783051,50.46382385,118.54],[4.86782885,50.46381752,118.7],[4.86775854,50.46369087,119.15],[4.86774321,50.46366721,119.27],[4.86768989,50.46361023,119.75],[4.86767723,50.46359623,119.91],[4.86776089,50.46351357,119.98],[4.86773424,50.46346759,119.72],[4.86772391,50.46344726,119.68],[4.86771225,50.46337361,119.45],[4.86771458,50.46334495,119.37],[4.86777555,50.46312066,118.75],[4.86778255,50.46309433,118.67],[4.86785517,50.4628804,117.86],[4.86786517,50.46286707,117.78],[4.86788316,50.46285507,117.69],[4.86790916,50.46284574,117.6],[4.86798048,50.46284141,117.33],[4.86802081,50.4628444,117.18],[4.86840276,50.46292034,115.44],[4.86843209,50.46291735,115.36],[4.86846542,50.46290869,115.31],[4.86850108,50.46289469,115.24],[4.86891268,50.46269975,114.69],[4.86894367,50.46268542,114.65],[4.86918464,50.46262445,114.47],[4.8692193,50.46261612,114.44],[4.86954491,50.46250883,114.26],[4.86956757,50.46249617,114.24],[4.86959322,50.46244385,114.13],[4.86959455,50.46242452,114.09],[4.86953558,50.46228655,113.96],[4.86952658,50.46225889,113.91],[4.86951096,50.46213425,113.62],[4.8695083,50.46212726,113.58],[4.86951362,50.46183899,112.56],[4.86950729,50.46181099,112.4],[4.8694723,50.46175867,112.1],[4.86944731,50.46173601,111.97],[4.86938232,50.46170235,111.78],[4.86934399,50.46169169,111.68],[4.86921634,50.46167371,111.42],[4.86917101,50.46167038,111.34],[4.86867776,50.46165842,109.79],[4.8686601,50.46165609,109.68],[4.86815485,50.46152115,107.27],[4.86811619,50.46151149,107.04],[4.86798822,50.46149618,106.21],[4.86795423,50.46149019,106.08],[4.86782358,50.46144421,106.04],[4.86778159,50.46141788,106.05],[4.86774493,50.46138622,106.03],[4.8677196,50.46134856,105.93],[4.8677116,50.46130756,105.81],[4.86772159,50.4612669,105.69],[4.86774959,50.46122824,105.58],[4.86779559,50.46119458,105.45],[4.86785558,50.46116692,105.34],[4.86808023,50.4611116,105.08],[4.86815556,50.4610906,104.99],[4.86836021,50.46100794,104.66],[4.86842087,50.46097628,104.52],[4.86851919,50.46090729,104.25],[4.86855285,50.4608693,104.23],[4.86857318,50.4608293,104.17],[4.86857718,50.46078797,104.12],[4.86856285,50.46074964,104.04],[4.86853286,50.46071964,103.94],[4.86827723,50.46058967,102.74],[4.8682549,50.46057734,102.63],[4.8669314,50.45980816,99.76],[4.86689974,50.45979283,99.69],[4.86686974,50.4597835,99.62],[4.86680942,50.4597875,99.48],[4.86677776,50.45979883,99.41],[4.8664678,50.4599731,98.46],[4.8664408,50.45997543,98.41],[4.8664138,50.45997244,98.35],[4.8663858,50.45996378,98.29],[4.86611916,50.45983515,97.65],[4.86607283,50.45981216,97.55],[4.86555355,50.45949055,96.37],[4.86551889,50.45946555,96.28],[4.86542224,50.45939156,96.03],[4.86539058,50.45936657,95.94],[4.86529627,50.45925259,95.64],[4.86527128,50.45922793,95.55],[4.86509397,50.45912029,94.96],[4.86506931,50.45910263,94.86],[4.86494434,50.45900133,94.24],[4.86492935,50.45899133,94.15],[4.86488903,50.45893435,93.74],[4.86486903,50.45891769,93.64],[4.86456109,50.45869908,92.81],[4.86453476,50.45867742,92.74],[4.86443746,50.45857312,92.31],[4.8644148,50.45855046,92.23],[4.86422116,50.45843381,91.95],[4.86418017,50.45840815,91.88],[4.86397753,50.45826951,91.48],[4.86393853,50.45824018,91.41],[4.86372488,50.45806987,90.93],[4.86369389,50.45804454,90.85],[4.86332629,50.45777359,89.65],[4.8632953,50.45774893,89.57],[4.863099,50.4575593,89.19],[4.86307034,50.45753364,89.14],[4.86290839,50.45733801,88.8],[4.86288606,50.45730935,88.72],[4.86272476,50.45708106,88.16],[4.86270376,50.4570524,88.09],[4.8625138,50.45681379,87.26],[4.8624938,50.45678946,87.21],[4.86238051,50.45660019,86.63],[4.86236952,50.45657886,86.56],[4.86234953,50.45652953,86.41],[4.86233953,50.45650287,86.32],[4.86223959,50.45613059,84.37],[4.86222626,50.45609093,84.19],[4.86208695,50.45569399,82.62],[4.86207262,50.455656,82.53],[4.86200365,50.45551402,82.12],[4.86199132,50.45548103,82.02],[4.86188136,50.4550841,80.66],[4.86187303,50.45505677,80.57],[4.86186536,50.45497179,80.37],[4.86187436,50.45495046,80.31],[4.86200567,50.45489614,80.05],[4.86203233,50.45487848,79.99],[4.86204599,50.45483616,79.87],[4.86203799,50.45481317,79.82],[4.86199534,50.45474486,79.62],[4.86197701,50.45472086,79.54],[4.86190269,50.45464888,79.27],[4.8618807,50.45462222,79.17],[4.86177906,50.45447159,78.64],[4.86175873,50.45444026,78.53],[4.86106427,50.45332612,75.35],[4.86105094,50.45330512,75.28],[4.86100599,50.45318182,74.84],[4.86099033,50.45315249,74.78],[4.86084369,50.45296119,74.44],[4.86082403,50.45292819,74.38],[4.86068872,50.45257324,73.19],[4.86067706,50.45253358,73.05],[4.86063241,50.45237059,72.53],[4.86062275,50.45232993,72.4],[4.86058078,50.45207397,71.63],[4.86056712,50.45204397,71.55],[4.86054279,50.45201864,71.48],[4.86050846,50.45200031,71.41],[4.86031849,50.451965,71.11],[4.86029449,50.45195267,71.07],[4.86020487,50.45185137,70.5],[4.86020421,50.45184838,70.43],[4.85996388,50.45169838,70.85],[4.85993422,50.45171871,70.85],[4.86024255,50.45190571,71.37],[4.8602662,50.4519427,71.39],[4.86028886,50.45195769,71.38],[4.86035385,50.45197702,71.33],[4.86039351,50.45198001,71.29],[4.8604335,50.45197568,71.27],[4.86046916,50.45196369,71.25],[4.86049616,50.45194469,71.21],[4.86051382,50.45191969,71.19],[4.86052348,50.45189236,71.17],[4.86052947,50.45186303,71.14],[4.86053379,50.45170506,71.02],[4.86053346,50.45167107,70.99],[4.86043918,50.45133278,70.77],[4.86043152,50.45129812,70.77],[4.86043353,50.45103349,70.8],[4.86042887,50.45099616,70.8],[4.86033692,50.45059556,70.98],[4.86032759,50.4505619,70.95],[4.8602823,50.45031027,70.81],[4.86027397,50.45027261,70.83],[4.86014237,50.44979134,70.59],[4.86013238,50.44975534,70.56],[4.85998748,50.44914674,70.43],[4.85997848,50.44911241,70.42],[4.85986554,50.44870449,70.43],[4.85985754,50.44867516,70.42],[4.85970694,50.4482099,70.38],[4.85969761,50.44817724,70.37],[4.85955105,50.44746634,70.24],[4.85954472,50.44743368,70.25],[4.85943418,50.44676046,70.3],[4.85942952,50.4467288,70.3],[4.85938854,50.44654317,70.32],[4.85938321,50.44651251,70.34],[4.85935492,50.44614991,70.32],[4.85934926,50.44611392,70.3],[4.85922433,50.44546535,70.21],[4.859217,50.44542869,70.29],[4.85916968,50.44523171,70.37],[4.85916335,50.44518705,70.3],[4.85914837,50.44499508,70.11],[4.85914471,50.44494508,70.09],[4.85900148,50.44375819,69.92],[4.85899649,50.44370586,70],[4.85897518,50.44339089,70.06],[4.85897318,50.44333856,70],[4.85897651,50.44317891,69.78],[4.85898417,50.44312558,69.76],[4.85920544,50.44228399,69.72],[4.85922043,50.44223333,69.68],[4.85946506,50.4416347,69.4],[4.85949005,50.44158637,69.35],[4.85966169,50.44130874,69.32],[4.85969135,50.44126474,69.34],[4.86027295,50.44053548,69.51],[4.86030528,50.44049282,69.49],[4.86077953,50.43979858,69.59],[4.86080186,50.43976359,69.61],[4.86095647,50.4394843,69.56],[4.86097213,50.43945564,69.56],[4.8612684,50.43884872,69.48],[4.86129406,50.43879939,69.5],[4.86145237,50.43856509,69.57],[4.86148236,50.43851876,69.59],[4.861608,50.43828311,69.61],[4.86163333,50.43823611,69.62],[4.86196796,50.43769117,69.77],[4.86199429,50.43764584,69.77],[4.86214025,50.43733121,69.82],[4.86216025,50.43728755,69.83],[4.86226854,50.43698726,69.74],[4.86228187,50.43694427,69.74],[4.8624618,50.43626469,69.84],[4.86247246,50.43622536,69.81],[4.86267302,50.43526912,69.04],[4.86268202,50.43522446,69.05],[4.86275631,50.43479851,69.83],[4.86276431,50.43476185,69.94],[4.86286226,50.4343889,70.45],[4.86287226,50.43435191,70.45],[4.86304814,50.43358934,69.75],[4.86305614,50.43355268,69.73],[4.86310812,50.43337704,69.64],[4.86312145,50.43334071,69.64],[4.86319975,50.43316139,69.58],[4.86321908,50.43312606,69.57],[4.86336372,50.43289243,69.57],[4.86338472,50.43286144,69.57],[4.86355335,50.43263981,69.76],[4.86357935,50.43260782,69.81],[4.86388398,50.43225553,70.03],[4.86391764,50.43221854,70.03],[4.86422194,50.43192024,69.96],[4.86426227,50.43188091,69.94],[4.8654048,50.43093434,69.46],[4.8654518,50.43089601,69.42],[4.86611338,50.43039376,68.49],[4.86615638,50.43036043,68.49],[4.86644901,50.43012081,68.63],[4.866492,50.43008648,68.65],[4.8669316,50.4296992,68.72],[4.86696693,50.42966521,68.65],[4.86719325,50.42941458,68.71],[4.86722558,50.42937692,68.73],[4.86744388,50.42910761,68.95],[4.86747588,50.42906828,68.96],[4.86905097,50.42709251,69.77],[4.86908696,50.42704918,69.78],[4.86919928,50.42692352,69.77],[4.86923861,50.42688386,69.8],[4.86940658,50.42673122,69.85],[4.86945158,50.42669556,69.85],[4.86969289,50.42653125,69.83],[4.86973922,50.42649792,69.83],[4.87003485,50.42626296,69.93],[4.87007918,50.42623097,69.93],[4.87048914,50.42597267,70.15],[4.87052847,50.42594401,70.24],[4.87071178,50.42577004,70.43],[4.87075177,50.42573171,70.41],[4.87101207,50.42551241,70.18],[4.8710554,50.42547708,70.15],[4.87183497,50.42486118,70.13],[4.8718743,50.42483019,70.13],[4.87201095,50.42474654,70.13],[4.87205861,50.42471955,70.15],[4.87225526,50.4246139,70.11],[4.87230459,50.42458957,70.1],[4.8729512,50.42428228,70.02],[4.87300086,50.42425995,70.02],[4.87339716,50.42403899,70.14],[4.87344449,50.42401399,70.13],[4.87374681,50.42387701,70.1],[4.87379614,50.42385335,70.12],[4.87421978,50.42363773,70.31],[4.87426744,50.4236144,70.33],[4.87619397,50.42282458,70.52],[4.8762583,50.42279792,70.51],[4.87671027,50.42262962,70.56],[4.87677126,50.42260496,70.58],[4.87688525,50.42255131,70.6],[4.87693858,50.42252131,70.59],[4.8770719,50.42241999,70.57],[4.87710623,50.42238333,70.56],[4.87735586,50.42204371,70.45],[4.87738152,50.42200871,70.44],[4.87794204,50.42118586,69.8],[4.8779587,50.42114887,69.81],[4.87801532,50.42085826,69.99],[4.87802098,50.42082293,70.02],[4.8780606,50.42044267,70.07],[4.87806559,50.42040834,70.04],[4.87811357,50.42027602,70.02],[4.87812256,50.42024303,70.01],[4.87821284,50.4197491,70.14],[4.8782235,50.41970911,70.14],[4.87848276,50.41888454,70.05],[4.87849675,50.41884421,70.04],[4.8785304,50.41876322,70],[4.87855073,50.41872356,69.98],[4.87868469,50.41848093,69.93],[4.87871069,50.41844027,69.93],[4.87892633,50.41815396,69.97],[4.87895833,50.41811263,69.97],[4.87906398,50.41799197,69.93],[4.87910231,50.41795397,69.93],[4.87965091,50.41744937,69.9],[4.8796949,50.41741037,69.9],[4.88037551,50.41682878,69.89],[4.88041817,50.41679079,69.92],[4.88080611,50.41640684,70.06],[4.88084244,50.41636785,70.06],[4.8819643,50.41496531,69.77],[4.88199896,50.41492031,69.77],[4.8822186,50.41459568,69.79],[4.88224759,50.41455035,69.81],[4.88246089,50.41418338,69.91],[4.88248555,50.41413772,69.95],[4.88252487,50.41404506,69.92],[4.88253987,50.4139994,69.9],[4.88258885,50.41382075,69.99],[4.88259751,50.41377609,69.99],[4.88280503,50.41245224,70.07],[4.88281436,50.41240891,70.05],[4.88300529,50.41178398,69.89],[4.88301662,50.41174365,69.89],[4.88315222,50.4111734,69.94],[4.88316021,50.4111314,69.9],[4.88321749,50.41069945,69.77],[4.88321782,50.41065679,69.76],[4.88320386,50.41031916,69.69],[4.8832012,50.41027517,69.68],[4.88315627,50.40968156,69.8],[4.88315228,50.4096409,69.71],[4.88312796,50.40952324,69.6],[4.88312197,50.40948591,69.65],[4.88311299,50.4093336,69.53],[4.88311066,50.40929494,69.48],[4.8830717,50.40901765,69.34],[4.88306671,50.40897665,69.38],[4.88301208,50.40873336,69.63],[4.88300408,50.40869336,69.62],[4.8829831,50.40848604,69.53],[4.8829761,50.40844438,69.52],[4.88292645,50.40827973,69.44],[4.88291546,50.40823773,69.47],[4.88267558,50.40721317,69.78],[4.88266692,50.40717251,69.78],[4.88266692,50.40672456,69.6],[4.88266492,50.4066769,69.57],[4.88261766,50.40591933,69.48],[4.88261433,50.40587233,69.5],[4.88257738,50.40550437,69.34],[4.88257139,50.40545871,69.27],[4.88247511,50.40498641,69],[4.88246612,50.40494441,69.05],[4.88235883,50.40461846,69.18],[4.88234283,50.40457847,69.17],[4.88210325,50.4041022,69.21],[4.88208359,50.4040642,69.26],[4.88194496,50.40376623,69.58],[4.88192863,50.40373257,69.61],[4.88189498,50.40363759,69.75],[4.88188132,50.40360926,69.8],[4.88183067,50.40353394,69.92],[4.88181467,50.40350795,70.01],[4.88167105,50.403214,70.28],[4.88165439,50.40318001,70.29],[4.88156008,50.40297471,70.44],[4.88154375,50.40294171,70.46],[4.88146611,50.40273141,70.52],[4.88145745,50.40269442,70.54],[4.88141553,50.40230514,70.68],[4.88141387,50.40226481,70.7],[4.88137168,50.40057531,70.67],[4.88137002,50.40053165,70.66],[4.88134205,50.40027669,70.72],[4.88133839,50.4002357,70.72],[4.88132774,50.3999954,70.66],[4.88132408,50.39995841,70.68],[4.88129211,50.39977377,70.83],[4.88128578,50.39973544,70.84],[4.88119854,50.39900518,71.05],[4.88119521,50.39896619,71.05],[4.88109596,50.39832428,70.76],[4.88108897,50.39828495,70.8],[4.880993,50.39810998,71.13],[4.880977,50.39807499,71.2],[4.88091637,50.39789368,71.39],[4.88090537,50.39785669,71.41],[4.88088739,50.39774237,71.54],[4.88087906,50.39770604,71.58],[4.88086941,50.39763038,71.61],[4.88086775,50.39759138,71.6],[4.88088605,50.39737873,71.36],[4.88088971,50.3973304,71.25],[4.88088172,50.39708375,70.85],[4.88087573,50.39703542,70.83],[4.88080909,50.39666379,70.75],[4.88080176,50.39661946,70.75],[4.8807698,50.39634616,70.82],[4.88076247,50.3963015,70.84],[4.88072316,50.39612585,70.84],[4.88071616,50.39608252,70.84],[4.88064522,50.39558257,70.88],[4.88063923,50.39554258,70.88],[4.8805153,50.39493034,71.11],[4.88050664,50.39488968,71.09],[4.88048534,50.39464205,70.82],[4.88048134,50.39460105,70.82],[4.8804337,50.39432342,70.65],[4.88042771,50.39428409,70.67],[4.8804124,50.39403879,70.59],[4.88040841,50.39399946,70.58],[4.88029581,50.39335789,70.67],[4.88028848,50.39331756,70.68],[4.88020652,50.39298826,70.82],[4.88019419,50.3929476,70.82],[4.88001093,50.392395,71],[4.87999827,50.39235567,70.96],[4.87985532,50.39197473,70.78],[4.87984399,50.39193774,70.79],[4.8797054,50.39138249,71.01],[4.87969741,50.39134683,71.09],[4.87955052,50.39053793,71.26],[4.87954219,50.39050227,71.23],[4.87949055,50.39033263,71.11],[4.87947922,50.39029964,71.08],[4.8794059,50.39013501,71.07],[4.87939857,50.39010168,71.09],[4.87937526,50.38996737,71.18],[4.87937027,50.38993271,71.23],[4.87936062,50.38976841,71.38],[4.87935696,50.38973775,71.43],[4.87932465,50.38961044,71.54],[4.87931866,50.38957378,71.56],[4.87931466,50.38918583,71.53],[4.879312,50.38914584,71.52],[4.87924404,50.38873556,71.65],[4.87924005,50.3886929,71.69],[4.87919779,50.38809329,71.68],[4.87919646,50.38806163,71.69],[4.87918148,50.38798265,71.79],[4.87917915,50.38796466,71.79],[4.8791908,50.38778703,71.85],[4.87918914,50.38775537,71.84],[4.8791735,50.38754307,71.77],[4.87917051,50.38750941,71.77],[4.87914055,50.38730211,71.79],[4.87913689,50.38727545,71.82],[4.8791299,50.38704549,71.95],[4.87912724,50.38701183,71.97],[4.8791116,50.38691218,71.95],[4.87910294,50.38687785,71.95],[4.87903297,50.38664521,72.01],[4.87902031,50.38660555,72.02],[4.87897333,50.38649056,72.05],[4.87895467,50.38645357,72.13],[4.87886002,50.38631359,72.3],[4.87883302,50.38627993,72.31],[4.87864771,50.38607829,72.26],[4.87860938,50.38604696,72.26],[4.87836308,50.38587665,72.37],[4.87832042,50.38585032,72.39],[4.87787747,50.38560636,72.39],[4.87783181,50.38558337,72.39],[4.87736886,50.38536541,72.44],[4.87732153,50.38534508,72.44],[4.87681193,50.38515947,72.59],[4.8767646,50.38514148,72.66],[4.87532078,50.38468131,74.18],[4.87527312,50.38466731,74.25],[4.87311635,50.38404985,75.88],[4.87306302,50.38403652,75.91],[4.87135517,50.38369168,75.53],[4.87129517,50.38367835,75.53],[4.87018028,50.38349011,75.58],[4.87012595,50.38348478,75.6],[4.86980798,50.38347116,75.78],[4.86975698,50.38347083,75.82],[4.86923469,50.3834881,76.1],[4.86918036,50.38348876,76.1],[4.86895671,50.38347512,76.08],[4.86889972,50.38346913,76.04],[4.86855342,50.3834125,75.78],[4.86849442,50.38340084,75.71],[4.86821312,50.38331887,75.38],[4.86815979,50.38329888,75.34],[4.86805513,50.38325456,75.25],[4.86800413,50.38323023,75.2],[4.86781083,50.38312591,75.08],[4.86776483,50.38309892,75.05],[4.86758785,50.38298694,74.63],[4.86754619,50.38295828,74.52],[4.86743887,50.38286763,74.27],[4.86740921,50.38283597,74.27],[4.86733489,50.38273732,73.98],[4.8673139,50.38270333,73.97],[4.86689569,50.38196079,75.01],[4.86688136,50.38193113,75.05],[4.86679138,50.38178915,75.04],[4.86678739,50.38175782,75.07],[4.86679772,50.38169416,75.11],[4.86681238,50.3816605,75.1],[4.86697135,50.38141989,74.74],[4.86699201,50.38138623,74.68],[4.86713795,50.38112327,74.56],[4.86715128,50.38109828,74.57],[4.86718258,50.3810233,74.59],[4.86718258,50.3810183,74.57],[4.86724491,50.38098464,75.07],[4.8672599,50.38096731,75.06],[4.86741353,50.38071004,74.82],[4.86743519,50.38067838,74.7],[4.86777245,50.38024978,74.63],[4.86780111,50.38021678,74.62],[4.86793309,50.3800858,74.48],[4.86797075,50.3800538,74.42],[4.86813806,50.37993282,74.29],[4.86818839,50.37990683,74.29],[4.86855037,50.37974053,74.09],[4.8686047,50.3797182,74.14],[4.86968425,50.37930664,74.42],[4.86973491,50.37928698,74.46],[4.87031653,50.37904204,74.61],[4.87036819,50.37902571,74.61],[4.87058451,50.3789764,74.63],[4.87063617,50.37896307,74.6],[4.87227338,50.37850423,74.91],[4.87234604,50.37848357,74.96],[4.87458723,50.37792242,75.19],[4.87465789,50.37790342,75.17],[4.87619507,50.37739886,74.86],[4.87624906,50.37737853,74.81],[4.87650003,50.37726555,74.8],[4.87654736,50.37724256,74.8],[4.87672501,50.37714291,74.81],[4.87676767,50.37711725,74.81],[4.87704464,50.37692995,74.7],[4.8770823,50.37690262,74.7],[4.87721862,50.37678798,74.69],[4.87725328,50.37675865,74.71],[4.87731861,50.37669899,74.72],[4.8773486,50.37666733,74.73],[4.87744958,50.37653935,74.71],[4.87747191,50.37650769,74.72],[4.87755756,50.37638238,74.8],[4.87757789,50.37635072,74.82],[4.87769853,50.37612508,74.69],[4.87771186,50.37609242,74.69],[4.87779082,50.37578914,74.65],[4.87779648,50.37575448,74.66],[4.87780512,50.37553984,74.68],[4.87780578,50.37550318,74.67],[4.8777988,50.37535454,74.65],[4.8777968,50.37531721,74.63],[4.8777665,50.3750919,74.63],[4.8777585,50.37505457,74.63],[4.87761886,50.37468462,74.69],[4.87759987,50.37464763,74.65],[4.87734593,50.37421467,74.51],[4.8773256,50.37417834,74.49],[4.87725462,50.37407469,74.43],[4.87722996,50.37404103,74.41],[4.87709065,50.37387405,74.44],[4.87705966,50.37384206,74.46],[4.87680304,50.37364011,76.12],[4.87678238,50.37361845,76.39],[4.87673073,50.37355413,77.21],[4.8767164,50.3735328,77.42],[4.87660544,50.37334816,78.19],[4.87658478,50.3733185,78.24],[4.87610852,50.37265959,77.34],[4.87608319,50.3726206,77.27],[4.8758439,50.37221033,77.37],[4.87582457,50.37217533,77.42],[4.87568128,50.37189203,77.77],[4.87566362,50.37185703,77.8],[4.87539937,50.37137978,78.35],[4.87537937,50.37134478,78.37],[4.87508745,50.37089185,78.35],[4.87506279,50.37085285,78.32],[4.8747162,50.37025494,77.81],[4.8746932,50.37021528,77.81],[4.87428995,50.36955106,77.33],[4.87426829,50.3695144,77.33],[4.87408667,50.36923477,77.21],[4.87406401,50.36920011,77.23],[4.87345685,50.36810394,76.97],[4.87343519,50.36806628,76.97],[4.87308694,50.36750637,76.85],[4.87306495,50.36746904,76.86],[4.87298296,50.36726873,76.95],[4.8729653,50.36722773,76.95],[4.87288166,50.3670661,76.93],[4.87285733,50.3670261,76.93],[4.87259704,50.36663482,76.94],[4.87257305,50.36659816,76.96],[4.8724924,50.36645552,77.15],[4.87247174,50.36642119,77.24],[4.87219247,50.3660156,77.68],[4.87216748,50.36597794,77.65],[4.87173922,50.36541799,75.53],[4.87169689,50.365361,75.36],[4.87138526,50.3649247,75.23],[4.87135027,50.36487637,75.39],[4.87103334,50.36438277,77.14],[4.87101134,50.36434644,77.19],[4.87095903,50.36424379,77.28],[4.87095404,50.3642098,77.28],[4.87091944,50.36360354,76],[4.87091944,50.36355755,75.94],[4.87094074,50.36328825,75.47],[4.87094573,50.36324726,75.39],[4.87097105,50.36308629,75.15],[4.87097805,50.36304596,75.12],[4.87101137,50.3629233,74.91],[4.87102603,50.36288231,74.83],[4.87115199,50.36258201,74.01],[4.87117299,50.36254135,73.93],[4.87131628,50.36231337,73.76],[4.87133894,50.36227537,73.79],[4.87144424,50.36208372,73.99],[4.87146223,50.36204306,74.02],[4.87150021,50.3619194,74.08],[4.87151321,50.3618784,74.1],[4.87161951,50.36161109,74.41],[4.87163017,50.36157876,74.49],[4.87169013,50.36133212,75.05],[4.87169846,50.36129946,75.06],[4.87175443,50.36113016,75.09],[4.87176509,50.36109817,75.08],[4.87203764,50.36057394,75.31],[4.8720523,50.36054461,75.32],[4.87207028,50.36045896,75.37],[4.87207828,50.3604323,75.33],[4.87219491,50.36026602,75.34],[4.8722059,50.36024936,75.35],[4.87232519,50.36011006,75.34],[4.87234552,50.3600824,75.34],[4.87245916,50.35986944,75.4],[4.87247916,50.35983745,75.41],[4.8727701,50.3594725,75.34],[4.87279509,50.3594365,75.34],[4.87305038,50.3590269,75.34],[4.87307171,50.35899124,75.36],[4.87322333,50.35869427,75.77],[4.87324366,50.35865828,75.78],[4.87344629,50.35837666,75.8],[4.87347328,50.358341,75.79],[4.87362525,50.35817037,75.81],[4.87365725,50.35813671,75.81],[4.87383489,50.35797341,75.83],[4.87387255,50.35794042,75.83],[4.87438947,50.35755683,75.81],[4.87443713,50.35752717,75.8],[4.87467711,50.35738886,75.83],[4.87472644,50.3573622,75.83],[4.87517972,50.35713892,75.87],[4.87523072,50.35711259,75.86],[4.87567733,50.3568693,75.79],[4.87572966,50.35684264,75.81],[4.8764726,50.35650438,75.61],[4.87652993,50.35647439,75.58],[4.87673458,50.35634941,75.48],[4.87678424,50.35631775,75.45],[4.87701955,50.35614845,75.31],[4.87706321,50.35611312,75.27],[4.87722885,50.3559718,75.23],[4.87726751,50.3559358,75.25],[4.87740948,50.35578949,75.33],[4.87744314,50.35575283,75.28],[4.87747313,50.3557155,75.25],[4.87750146,50.35567817,75.21],[4.87757045,50.35555952,75.13],[4.87759311,50.35551986,75.13],[4.8776341,50.35543921,75.15],[4.87765209,50.35539888,75.13],[4.87772707,50.35519524,75.05],[4.8777404,50.35515358,75.08],[4.87776438,50.35502859,75.2],[4.87776937,50.35498659,75.26],[4.87776937,50.35481761,75.31],[4.87776104,50.35477661,75.27],[4.87771906,50.3546143,75.2],[4.87770773,50.3545733,75.14],[4.87763941,50.354373,74.91],[4.87762241,50.35433567,75.04],[4.87756109,50.35423002,75.31],[4.87753543,50.35419536,75.36],[4.87739178,50.35402771,75.24],[4.87736112,50.35399672,75.24],[4.87720047,50.3538484,75.21],[4.87716714,50.35381907,75.21],[4.87691317,50.35364477,75.49],[4.87686518,50.35361644,75.52],[4.87658054,50.3534698,75.28],[4.87653188,50.3534488,75.21],[4.87623125,50.35334417,74.88],[4.87618092,50.35332918,74.88],[4.87536601,50.35313994,75.16],[4.87532768,50.35313228,75.18],[4.87512136,50.35310363,75.29],[4.8750757,50.35309697,75.29],[4.87477774,50.35303601,75.18],[4.87474108,50.35302835,75.15],[4.87385682,50.35288379,75.3],[4.87381582,50.35287646,75.26],[4.8725723,50.35274124,75.06],[4.87252764,50.35273658,75.07],[4.87171074,50.35263137,75.33],[4.87167208,50.35262604,75.39],[4.8712528,50.35254742,75.5],[4.87120747,50.35253942,75.45],[4.87102049,50.35251644,75.27],[4.8709755,50.35251011,75.26],[4.87044655,50.35239115,75.51],[4.87039622,50.35238182,75.55],[4.87010158,50.35235751,75.67],[4.87005725,50.35236284,75.7],[4.86980695,50.35240547,75.97],[4.86977396,50.35241813,76.01],[4.86974796,50.35243413,76.09],[4.86973063,50.35245212,76.17],[4.86970898,50.35248711,76.37],[4.86969565,50.35250211,76.42],[4.86966233,50.3525221,76.5],[4.869646,50.35252643,76.51],[4.86950171,50.35250548,76.39],[4.86949271,50.35250449,76.4],[4.86935638,50.35245384,76.58],[4.86933605,50.35211918,74.88],[4.86716424,50.35163738,74.83],[4.86711258,50.35162805,74.82],[4.86689826,50.35160207,74.88],[4.86684427,50.35159841,74.91],[4.866253,50.35157382,75.03],[4.86621501,50.35157349,75.04],[4.86601006,50.35158111,75.12],[4.86598507,50.35158311,75.13],[4.86580511,50.35157614,75.01],[4.86576978,50.35157614,74.99],[4.8656348,50.35158812,74.98],[4.86560414,50.35158945,75.02],[4.8645043,50.35157779,75.03],[4.86446464,50.35157713,75.05],[4.86411869,50.35159141,75.21],[4.86408836,50.35159207,75.22],[4.86336847,50.35158277,75.14],[4.86332514,50.35158144,75.14],[4.86298918,50.35159473,74.97],[4.86295218,50.35159606,74.94],[4.86261822,50.35158178,74.79],[4.86257523,50.35158012,74.79],[4.8621836,50.35159107,74.72],[4.86214094,50.35159173,74.7],[4.86192863,50.3515821,74.73],[4.86188664,50.35158177,74.74],[4.8609251,50.35160467,74.76],[4.86089211,50.35160666,74.76],[4.86003523,50.35160367,74.77],[4.85999124,50.35160334,74.8],[4.85940532,50.35161728,74.97],[4.85935699,50.35161828,74.98],[4.85831576,50.35162258,75],[4.85827177,50.35162192,75],[4.8580598,50.35160495,75.01],[4.85801747,50.35160196,75.03],[4.85738355,50.351581,75.26],[4.85732922,50.35157834,75.28],[4.85677762,50.35151871,75.32],[4.85671563,50.35150972,75.32],[4.85606802,50.35139743,75.22],[4.85601136,50.35138477,75.21],[4.85521311,50.3511735,75.21],[4.85516378,50.35115884,75.21],[4.85483848,50.35104587,75.2],[4.85479482,50.35102954,75.2],[4.85447519,50.35089492,75.17],[4.85443886,50.35087893,75.15],[4.85411058,50.35067932,75.26],[4.85407625,50.35065799,75.26],[4.85392327,50.35054601,75.24],[4.85389194,50.35052402,75.23],[4.85362464,50.35036473,75.23],[4.85359465,50.35034273,75.24],[4.85346867,50.35021576,75.25],[4.85344434,50.35018943,75.26],[4.85330538,50.35002346,75.29],[4.85328438,50.34999413,75.31],[4.85320607,50.34987282,75.32],[4.85318908,50.34984183,75.32],[4.85306412,50.34958087,75.18],[4.85305012,50.34954788,75.18],[4.8530308,50.34947889,75.28],[4.8530278,50.34944323,75.36],[4.85301285,50.34895595,75.36],[4.85301285,50.34891762,75.25],[4.85302317,50.34869465,74.79],[4.85302517,50.34865732,74.72],[4.8530794,50.34810607,74.58],[4.85308273,50.34807041,74.58],[4.85311669,50.34779313,74.73],[4.85312102,50.3477588,74.75],[4.85316566,50.34755349,74.82],[4.85317199,50.34752083,74.8],[4.85322627,50.34716322,74.89],[4.85323293,50.34713023,74.89],[4.85327757,50.34696492,74.83],[4.85328823,50.34693192,74.82],[4.85336886,50.34672164,74.97],[4.85337852,50.34669565,74.99],[4.85343351,50.34660734,75.06],[4.8534475,50.34658801,75.06],[4.85349081,50.34648337,75.09],[4.8535078,50.34644904,75.11],[4.85363777,50.34622941,75.03],[4.85366043,50.34619442,75.01],[4.85399635,50.34577048,74.87],[4.85402468,50.34573849,74.86],[4.85429129,50.34546888,74.72],[4.85432162,50.34544022,74.74],[4.85493787,50.34492263,75.09],[4.8549652,50.3448993,75.1],[4.85515216,50.344729,75.11],[4.85518082,50.344701,75.12],[4.85585268,50.34395043,76.52],[4.85588468,50.34391944,76.56],[4.85638261,50.34347818,76.69],[4.85641661,50.34344685,76.67],[4.85705984,50.34282794,76.2],[4.8570905,50.34279794,76.21],[4.85749544,50.34244434,76.36],[4.85752744,50.34241701,76.35],[4.85794904,50.34208941,76.46],[4.85798703,50.34206075,76.46],[4.85925385,50.34112558,76.24],[4.85929351,50.34109725,76.29],[4.85970678,50.34077132,76.74],[4.85973677,50.34074599,76.72],[4.8600757,50.34049971,76.94],[4.86010403,50.34047838,76.98],[4.86024099,50.34034241,77.27],[4.86025932,50.34031975,77.3],[4.86051323,50.33996414,77.29],[4.86053589,50.33993448,77.29],[4.86089582,50.33949787,75.61],[4.86093615,50.33945521,75.49],[4.86101881,50.33937689,75.32],[4.86106247,50.33934089,75.28],[4.86134678,50.33912226,75.17],[4.86138277,50.3390936,75.15],[4.86158141,50.33896196,75],[4.86162274,50.3389373,74.98],[4.86179604,50.33884666,74.94],[4.8618387,50.33882533,74.92],[4.86228233,50.33863605,74.63],[4.86232666,50.33861839,74.63],[4.86307725,50.33837513,74.98],[4.86311891,50.33836247,75.02],[4.86367917,50.33821456,75.14],[4.8637195,50.33820423,75.12],[4.86397915,50.33815461,75.25],[4.86402481,50.33814495,75.25],[4.865272,50.33786541,76.06],[4.86531366,50.33785608,76.1],[4.86706316,50.3374166,76.57],[4.86711216,50.33740461,76.61],[4.86726548,50.33737363,76.81],[4.86731814,50.3373643,76.86],[4.86753545,50.33733698,76.99],[4.86759011,50.33733132,77.04],[4.86861036,50.33726574,76.93],[4.86866702,50.33725974,76.95],[4.86899432,50.33721077,76.95],[4.86904665,50.33720277,76.93],[4.86934728,50.33713146,77.13],[4.86939661,50.33711813,77.19],[4.86972857,50.33700417,77.13],[4.8697729,50.33698217,77.09],[4.86993988,50.33688086,76.88],[4.86998421,50.3368562,76.88],[4.87048915,50.3366016,76.93],[4.87053448,50.3365766,76.9],[4.8706908,50.33646562,76.9],[4.87072546,50.33643463,76.94],[4.87094607,50.33615366,77.17],[4.87097507,50.336118,77.18],[4.87151901,50.33549077,77.29],[4.87155234,50.33545011,77.24],[4.87170097,50.33524046,76.99],[4.87172797,50.33519813,76.96],[4.87179761,50.33507048,76.97],[4.87181894,50.33502749,77.03],[4.87187325,50.33489784,77.22],[4.87188758,50.33485518,77.26],[4.87192324,50.33472853,77.26],[4.87193157,50.33468687,77.26],[4.87195888,50.33448389,77.31],[4.87196121,50.33444323,77.33],[4.8719296,50.33404628,77.68],[4.87192661,50.33401229,77.73],[4.87192162,50.33370667,77.97],[4.87191762,50.33367201,77.97],[4.87186234,50.33334905,77.85],[4.87185701,50.33331072,77.79],[4.87177081,50.33249281,76.85],[4.87176615,50.33245315,76.82],[4.87170686,50.33214085,76.77],[4.8717002,50.33210119,76.77],[4.87165692,50.33174525,76.7],[4.87165193,50.33170526,76.67],[4.87155334,50.33106103,76.76],[4.87154701,50.33102003,76.8],[4.87152103,50.33066141,77.01],[4.8715177,50.33062308,77.03],[4.8714734,50.33036445,77.01],[4.87146841,50.33032845,77.01],[4.87144379,50.33007747,77.17],[4.87143846,50.33004248,77.27],[4.87126119,50.32960187,78.24],[4.87124619,50.32956054,78.23],[4.87114423,50.32922923,78.1],[4.8711309,50.32918823,78.09],[4.87105395,50.32888228,78.16],[4.87104562,50.32884429,78.06],[4.871009,50.32861198,78.14],[4.87100401,50.32857332,78.16],[4.87099935,50.32849466,78.21],[4.87100068,50.328455,78.2],[4.87102695,50.32794109,77.65],[4.87102995,50.32790343,77.64],[4.87112089,50.32733151,78.39],[4.87113288,50.32728852,78.49],[4.87128182,50.32681558,79.61],[4.87129415,50.32677492,79.63],[4.87135946,50.32661194,79.53],[4.87137812,50.32657161,79.45],[4.87189233,50.32569042,79.48],[4.87191766,50.32565643,79.52],[4.87236826,50.32517282,79.05],[4.87240992,50.32512816,78.83],[4.87286886,50.32467088,77.32],[4.87290819,50.32463288,77.3],[4.87330615,50.3242766,77.25],[4.87334548,50.32424227,77.26],[4.87373609,50.32391232,77.28],[4.87377575,50.32387866,77.32],[4.87399371,50.32366703,77.49],[4.87403037,50.32363103,77.49],[4.87416301,50.32348738,77.51],[4.87419267,50.32345105,77.51],[4.87435264,50.32322475,77.49],[4.87437464,50.32318575,77.48],[4.8745016,50.32290312,77.52],[4.87451893,50.32286179,77.53],[4.87466222,50.3224965,77.69],[4.87467755,50.32245717,77.72],[4.87496246,50.32169926,78.08],[4.87497646,50.32166293,78.1],[4.87508241,50.32133598,78.1],[4.87509407,50.32129998,78.07],[4.87519937,50.32104502,77.93],[4.8752137,50.32100836,77.89],[4.87526068,50.32086138,77.86],[4.87527234,50.32082672,77.88],[4.87537664,50.32058743,77.96],[4.87539064,50.3205531,77.97],[4.87549559,50.32022481,78.09],[4.87550592,50.32019215,78.08],[4.87586679,50.31925931,77.43],[4.87587878,50.31922565,77.45],[4.87600273,50.31881472,77.92],[4.87601173,50.31878672,78.06],[4.87612262,50.31831714,80.74],[4.87613262,50.31828248,80.73],[4.87625924,50.31794185,80.13],[4.8762709,50.31790452,80.07],[4.87632953,50.31762223,79.87],[4.87633619,50.31759023,79.87],[4.8763748,50.31724797,79.39],[4.87637813,50.31721431,79.35],[4.87651896,50.31624644,78.8],[4.87652395,50.31620945,78.78],[4.87657222,50.31572154,78.84],[4.87657955,50.31568855,78.81],[4.87665053,50.31555856,78.79],[4.87668019,50.31551723,78.78],[4.87686983,50.31529493,78.53],[4.87690216,50.3152546,78.44],[4.87718511,50.31485399,78.04],[4.87721344,50.31481599,77.99],[4.87750006,50.31446103,77.85],[4.87752506,50.31443104,77.87],[4.87767035,50.31427441,77.94],[4.87769134,50.31425175,77.95],[4.877705,50.31420509,77.98],[4.87769267,50.31418676,78],[4.87760436,50.31416111,77.91],[4.8776037,50.31415645,77.91],[4.87772934,50.31415314,79.41],[4.87775167,50.31413748,79.4],[4.87792431,50.3139765,79.45],[4.87795697,50.3139435,79.45],[4.87814527,50.31373253,79.4],[4.8781776,50.3136972,79.4],[4.87848556,50.31338558,79.44],[4.87852156,50.31335258,79.44],[4.87913947,50.31283365,79.61],[4.8791778,50.31280199,79.63],[4.87957608,50.31249106,79.6],[4.87961441,50.31246107,79.61],[4.87992871,50.31223611,79.81],[4.87996604,50.31220811,79.85],[4.88047995,50.31184849,79.41],[4.88051595,50.31182516,79.4],[4.88236901,50.31068305,79.85],[4.88241067,50.31065772,79.85],[4.88311324,50.31020048,79.73],[4.88315324,50.31017482,79.73],[4.88420214,50.30954325,79.88],[4.88424647,50.30951792,79.86],[4.88491437,50.30918601,79.73],[4.8849637,50.30916168,79.68],[4.885299,50.30898205,79.88],[4.88534666,50.30895772,79.92],[4.88554865,50.30886474,80.05],[4.88559931,50.30883975,80.08],[4.8861506,50.30855014,80.18],[4.88619893,50.30852214,80.14],[4.88704384,50.30801124,79.9],[4.88709484,50.30798025,79.88],[4.88898259,50.30679846,80.11],[4.88903525,50.30676513,80.14],[4.88968984,50.30637721,80.2],[4.88973883,50.30634988,80.22],[4.89034677,50.30603726,80.47],[4.89040177,50.30601193,80.49],[4.89075108,50.30586162,80.54],[4.89081107,50.30583796,80.53],[4.89105904,50.30575398,80.46],[4.89112037,50.30573465,80.45],[4.89128702,50.30566633,80.49],[4.89133868,50.305639,80.49],[4.89156165,50.30548103,80.6],[4.89160731,50.30545037,80.61],[4.89188229,50.3052774,80.69],[4.89192829,50.30524874,80.69],[4.89232491,50.30503313,80.65],[4.89237257,50.3050048,80.66],[4.89291753,50.30466686,80.61],[4.89296353,50.30463886,80.62],[4.89338948,50.30439656,80.49],[4.89343614,50.3043689,80.46],[4.89383444,50.30410994,80.48],[4.89387743,50.30408294,80.55],[4.89421705,50.30388132,80.83],[4.89425571,50.30385566,80.82],[4.89458399,50.3035797,80.75],[4.89461598,50.30355237,80.73],[4.89497291,50.3032111,80.65],[4.89499991,50.30318377,80.63],[4.89508789,50.30306979,80.66],[4.89510955,50.30304279,80.66],[4.89527951,50.30285215,80.64],[4.89531184,50.30281315,80.65],[4.89572843,50.30227287,80.69],[4.89575843,50.30223487,80.67],[4.89583941,50.30211822,80.66],[4.89586474,50.30207856,80.65],[4.89595538,50.30191958,80.67],[4.89597538,50.30187959,80.67],[4.8960307,50.30175727,80.71],[4.89604669,50.30171694,80.7],[4.89612166,50.30150398,80.64],[4.89613299,50.30146965,80.64],[4.89618796,50.30114169,80.82],[4.89619096,50.30110303,80.85],[4.89619296,50.30058479,80.98],[4.89618997,50.30054346,80.99],[4.89610903,50.30003985,80.77],[4.89610104,50.29999852,80.77],[4.89586816,50.29912497,80.82],[4.8958555,50.29908764,80.73],[4.89552899,50.29820342,80.58],[4.895517,50.29817076,80.57],[4.89525409,50.29761718,81.09],[4.89524276,50.29758319,81.15],[4.89522945,50.29740222,81.47],[4.89522346,50.29736422,81.53],[4.89503687,50.29658567,81.83],[4.89502521,50.29654834,81.83],[4.8949739,50.29639769,81.76],[4.89495924,50.2963607,81.73],[4.89486926,50.29621305,81.61],[4.8948446,50.29617405,81.59],[4.89478428,50.29604639,81.72],[4.89477162,50.29600139,81.77],[4.89472565,50.29576942,81.86],[4.89471832,50.29572409,81.83],[4.89467004,50.29532315,81.69],[4.89466438,50.29528082,81.67],[4.89463343,50.29479886,81.82],[4.89462977,50.29475353,81.83],[4.89456385,50.29413559,82.03],[4.89455652,50.29409093,82.04],[4.89448123,50.29377963,82.07],[4.8944679,50.29373463,82.07],[4.89440359,50.29355464,82.05],[4.89438726,50.29350998,82.05],[4.89429796,50.29319268,82.13],[4.89428463,50.29314735,82.14],[4.894151,50.29273573,81.76],[4.89413567,50.2926904,81.74],[4.89406269,50.29251007,81.71],[4.89404269,50.29246507,81.69],[4.89393105,50.2922361,81.64],[4.89390572,50.29219011,81.64],[4.8937984,50.29200913,81.67],[4.89377007,50.29196514,81.68],[4.89358777,50.29170217,81.66],[4.89355511,50.29165751,81.65],[4.89327381,50.29131056,81.51],[4.89323948,50.2912669,81.47],[4.89311184,50.29109292,81.38],[4.89307751,50.29104959,81.38],[4.8918627,50.2895621,81.53],[4.8918347,50.28952777,81.53],[4.8914441,50.28901385,81.67],[4.89141944,50.28898019,81.69],[4.89132113,50.28881155,81.72],[4.8913018,50.28877789,81.73],[4.89118284,50.28853927,81.73],[4.89116751,50.28850494,81.73],[4.89105355,50.28818765,81.83],[4.89104122,50.28815266,81.84],[4.89100024,50.28797401,81.8],[4.89099158,50.28793635,81.73],[4.89093429,50.28763072,81.73],[4.89092863,50.28759306,81.73],[4.89088203,50.28708578,81.88],[4.89087837,50.28704945,81.88],[4.89086472,50.28683247,81.97],[4.89086372,50.28679681,81.99],[4.89086572,50.28654051,82.09],[4.89086506,50.28650518,82.09],[4.89088536,50.28629287,82.06],[4.89089035,50.28625754,82.06],[4.89105791,50.285452,81.97],[4.8910639,50.28541267,81.97],[4.89126645,50.28460875,82.18],[4.89127578,50.28456942,82.17],[4.89141504,50.28393218,82.46],[4.89142304,50.28389752,82.47],[4.89150033,50.28360557,82.5],[4.89150933,50.28356757,82.5],[4.8915873,50.28317495,82.45],[4.8915963,50.28313529,82.46],[4.89165761,50.28293432,82.43],[4.89167094,50.28289466,82.42],[4.89177957,50.28262936,82.35],[4.8917969,50.28259103,82.35],[4.89233277,50.28162381,82.42],[4.89235476,50.28158315,82.46],[4.89253373,50.28129419,82.47],[4.89255673,50.28125086,82.47],[4.89366285,50.27887676,82.34],[4.89368318,50.2788361,82.4],[4.89386613,50.27851382,82.58],[4.89389146,50.27847249,82.63],[4.89434404,50.27780455,82.87],[4.89437537,50.27776322,82.93],[4.89483933,50.27718361,83.07],[4.89487499,50.27714328,83.06],[4.89500231,50.27702297,83.01],[4.89504764,50.27697697,82.95],[4.8951873,50.27681766,82.77],[4.89523929,50.276765,82.74],[4.8958639,50.27614706,82.59],[4.89592456,50.2760914,82.72],[4.89659485,50.27551046,82.88],[4.89665051,50.2754648,82.85],[4.89717547,50.27507351,82.34],[4.89722346,50.27503785,82.29],[4.89740244,50.27489286,82.26],[4.89744777,50.27485753,82.27],[4.89825801,50.27426861,82.66],[4.89829701,50.27423895,82.67],[4.89872294,50.27388234,82.76],[4.89875727,50.27385401,82.74],[4.89884559,50.27376303,82.76],[4.89887492,50.27373437,82.75],[4.89897191,50.27365405,82.74],[4.89900257,50.27362639,82.74],[4.8992505,50.27335246,82.81],[4.89927383,50.2733268,82.8],[4.89940982,50.27320916,82.69],[4.89943748,50.27318416,82.69],[4.89977873,50.27282955,82.59],[4.89980473,50.27280689,82.55],[4.89987471,50.27271958,82.59],[4.8998907,50.27270292,82.65],[4.90001534,50.27263928,83.17],[4.90002934,50.27262495,83.28],[4.90012796,50.27248435,84.18],[4.90012829,50.27248335,84.19],[4.90023795,50.27238402,84.21],[4.90025661,50.27237036,84.21],[4.90079649,50.27181581,83.62],[4.90081649,50.27179681,83.61],[4.90108708,50.27148722,83.92],[4.90110607,50.27146623,83.94],[4.90145333,50.27111399,84.29],[4.90147333,50.27109233,84.3],[4.90156665,50.27101302,84.3],[4.90158864,50.27099269,84.32],[4.90177791,50.27077074,84.54],[4.90179657,50.27074574,84.55],[4.90189889,50.27065042,84.55],[4.90192589,50.27062509,84.55],[4.9020122,50.27052178,84.54],[4.90203453,50.27049812,84.54],[4.90219051,50.27035281,84.41],[4.9022155,50.27032781,84.39],[4.90234714,50.27018484,84.23],[4.90236813,50.27016251,84.2],[4.90281403,50.26962961,84.32],[4.90284036,50.26959862,84.32],[4.9030433,50.26931869,84.06],[4.90306363,50.26929036,84.04],[4.90329523,50.26900307,83.83],[4.90331422,50.26897408,83.82],[4.90352184,50.26857384,83.66],[4.90353883,50.26854351,83.61],[4.90362415,50.26842187,83.54],[4.90364348,50.26839288,83.58],[4.90369479,50.26823356,83.78],[4.90370578,50.26820123,83.81],[4.90379808,50.2680386,83.93],[4.90381607,50.2680056,83.93],[4.90393338,50.26785162,84.07],[4.90395504,50.26781996,84.07],[4.90402568,50.26769698,84.14],[4.90404234,50.26766999,84.17],[4.9042476,50.26736673,84.19],[4.9042596,50.2673474,84.19],[4.90432791,50.26726476,84.16],[4.90434424,50.26724076,84.15],[4.90437555,50.26715844,84.08],[4.90438955,50.26713078,84.06],[4.90445254,50.26705512,83.95],[4.90447187,50.26702846,83.93],[4.90451019,50.26693381,83.9],[4.90452685,50.26690215,83.89],[4.90476645,50.26654189,83.64],[4.90478811,50.26650656,83.63],[4.90489275,50.26630093,83.52],[4.90490974,50.2662706,83.53],[4.905229,50.26577069,83.53],[4.90525033,50.26573769,83.54],[4.9054256,50.2654224,83.65],[4.90543893,50.26539874,83.66],[4.90557723,50.26520045,83.82],[4.90559789,50.26516812,83.81],[4.90580449,50.26481417,83.9],[4.90582515,50.26478117,83.9],[4.9061744,50.2642806,83.89],[4.90619073,50.26425727,83.91],[4.90649067,50.26387535,83.74],[4.906516,50.26384535,83.73],[4.90660598,50.26371337,83.75],[4.90663097,50.26368004,83.75],[4.90723587,50.26298083,83.74],[4.90726487,50.26294984,83.7],[4.90772315,50.26249292,83.69],[4.90775581,50.26245992,83.7],[4.90802011,50.26222695,83.82],[4.90805277,50.26220229,83.86],[4.90994343,50.26095436,84.06],[4.90996376,50.26093836,84.07],[4.90998142,50.26092203,84.09],[4.90999408,50.26090304,84.11],[4.91001872,50.26081705,84.17],[4.91003172,50.26079639,84.18],[4.91013768,50.26067742,84.31],[4.91015634,50.26065742,84.34],[4.91027897,50.26048645,84.98],[4.91029663,50.26046345,85.2],[4.91038361,50.26036881,86.11],[4.9103986,50.26035115,86.54],[4.91041693,50.26032016,86.87],[4.91042126,50.26030783,86.87],[4.91042126,50.26026018,87.43],[4.91042559,50.26024252,87.49],[4.91044059,50.26022586,87.54],[4.91046392,50.26021453,87.59],[4.91057357,50.26021087,87.64],[4.9106159,50.26021887,87.66],[4.91156039,50.26042705,90.37],[4.91159072,50.26043404,90.29],[4.91205098,50.2605213,88.89],[4.91208364,50.26052796,88.86],[4.91223929,50.26056762,88.64],[4.91227795,50.26057995,88.54],[4.91230961,50.26059628,88.4],[4.91236125,50.26065326,87.72],[4.91239891,50.26067659,87.14],[4.91248222,50.26068758,87.01],[4.91251022,50.26068891,86.91],[4.91217222,50.25986025,83.33],[4.9124374,50.25921107,83.18],[4.91244673,50.25918808,83.16],[4.912536,50.25893181,83.32],[4.91254633,50.25890748,83.32],[4.91264298,50.25876051,83.12],[4.91265664,50.25873251,83.07],[4.91267595,50.25856854,83.04],[4.91268428,50.25853955,83.08],[4.9128585,50.25813766,83],[4.91285916,50.25813766,83.85],[4.91354415,50.255936,83.79],[4.91355715,50.255914,83.74],[4.91365512,50.25576136,83.73],[4.91366778,50.2557427,83.78],[4.91419032,50.25507015,82.65],[4.91421032,50.25504582,82.64],[4.91450158,50.25464421,82.77],[4.91452491,50.25461188,82.79],[4.91508911,50.25387569,82.85],[4.91511344,50.25384336,82.84],[4.91557903,50.25332113,82.94],[4.91560503,50.25329114,82.95],[4.91598763,50.25287754,83.18],[4.91601696,50.25284921,83.17],[4.91604896,50.25282221,83.18],[4.91608329,50.25279588,83.19],[4.91624293,50.25270024,83.21],[4.91627893,50.25267058,83.22],[4.9165732,50.25235098,83.3],[4.91660453,50.25231932,83.29],[4.91715178,50.25185607,83.06],[4.91718811,50.25182307,83.05],[4.91799299,50.25105851,83.02],[4.91802232,50.25103118,83.02],[4.91831226,50.25073958,83.07],[4.91833225,50.25072125,83.07],[4.91848387,50.25056664,83.13],[4.91850086,50.25054898,83.13],[4.91879242,50.25019508,82.77],[4.91880642,50.25017742,82.78],[4.9188864,50.2501111,82.73],[4.91890406,50.2500921,82.71],[4.91908766,50.24985649,82.73],[4.91910499,50.2498355,82.74],[4.91956656,50.24932895,83.39],[4.91958489,50.24930829,83.41],[4.91967319,50.24918633,83.49],[4.91967419,50.24918467,83.47],[4.91971352,50.24916434,83.76],[4.91972752,50.24914768,83.76],[4.9199258,50.24879907,83.4],[4.91994979,50.24875908,83.37],[4.92031371,50.24817283,83.3],[4.9203297,50.24814283,83.29],[4.92047366,50.24784255,83.29],[4.92048832,50.24780722,83.29],[4.92055763,50.24762691,83.37],[4.92057063,50.24758891,83.38],[4.92065359,50.24732329,83.39],[4.92066225,50.24728229,83.39],[4.92073085,50.24682835,83.25],[4.92073584,50.24678802,83.25],[4.92075679,50.24639372,83.27],[4.92076078,50.24635406,83.29],[4.92091328,50.2451119,84.43],[4.92091727,50.24508957,84.53],[4.9209013,50.24485527,84.92],[4.92089797,50.24481427,84.88],[4.92090196,50.24467795,84.67],[4.92090762,50.24463329,84.61],[4.92095026,50.24444265,84.62],[4.92096026,50.24441166,84.73],[4.92102156,50.24429669,84.84],[4.92103556,50.2442647,84.88],[4.9211495,50.24390276,84.25],[4.92116016,50.24387277,84.24],[4.92117947,50.2437338,84.26],[4.92117914,50.24370747,84.29],[4.92117182,50.24365181,84.35],[4.92116116,50.24361982,84.33],[4.92108418,50.24343585,84.19],[4.92106385,50.24339886,84.15],[4.92074424,50.24297892,83.98],[4.92072191,50.24294559,83.98],[4.92055029,50.24263063,83.57],[4.92053163,50.24260164,83.53],[4.92046265,50.24251798,83.46],[4.92043699,50.24248932,83.46],[4.91994639,50.24200006,83.54],[4.9199164,50.2419694,83.55],[4.91948147,50.24156912,84.19],[4.91945814,50.24154546,84.26],[4.91936816,50.24144515,84.51],[4.91934617,50.24141849,84.56],[4.91917586,50.24118419,84.74],[4.9191502,50.24115619,84.75],[4.91884292,50.24091892,84.76],[4.91881059,50.24089626,84.79],[4.91751039,50.24022475,84.42],[4.91746573,50.24020442,84.45],[4.91707876,50.24007345,84.43],[4.91703543,50.24005812,84.42],[4.91682012,50.23999748,84.42],[4.91677546,50.23998348,84.41],[4.9164615,50.23986353,84.39],[4.91642717,50.23983987,84.38],[4.91640117,50.23981288,84.38],[4.91638351,50.23978455,84.36],[4.91637885,50.23975655,84.4],[4.91638884,50.23973189,84.4],[4.91641017,50.23971123,84.51],[4.9164415,50.23969523,84.51],[4.91661748,50.23961526,85.12],[4.91665014,50.23959327,85.2],[4.91684741,50.23936032,86.96],[4.91685641,50.23934199,86.96],[4.91688172,50.23925402,88.01],[4.91688438,50.23923736,88.17],[4.91688404,50.23916139,88.75],[4.91688304,50.23913906,88.89],[4.91687105,50.23909773,89],[4.91685972,50.23907974,89.12],[4.91680706,50.23903109,89.55],[4.91678573,50.23901643,89.75],[4.91648147,50.23885484,91.95],[4.91646114,50.23884384,92.12],[4.91623356,50.23869923,93.98],[4.91621356,50.23869057,94.27],[4.9160816,50.23864593,95.15],[4.9160606,50.23863793,95.15],[4.91568063,50.23847464,98.2],[4.9156493,50.23846231,98.25],[4.91551266,50.23842567,98.95],[4.91549266,50.23841901,99.11],[4.9153317,50.23834071,100.13],[4.91529804,50.23832738,100.27],[4.91421627,50.2379616,107.45],[4.91419261,50.23795427,107.6],[4.9135931,50.23773038,111.64],[4.91357111,50.23772239,111.64],[4.91312952,50.23753684,114.61],[4.91310952,50.23752684,114.75],[4.91301754,50.23746986,115.44],[4.91300021,50.23745786,115.58],[4.91290557,50.23737855,116.38],[4.91288991,50.23736522,116.51],[4.91260065,50.23709261,119.36],[4.91258699,50.23707895,119.51],[4.91245204,50.23692433,121.15],[4.91243938,50.23691067,121.32],[4.91212512,50.23658877,124.73],[4.91211313,50.23657611,125.07],[4.91168262,50.23616455,129.24],[4.91167029,50.23615222,129.34],[4.911563,50.2360696,130.56],[4.91155834,50.23606727,130.56],[4.91129143,50.23578002,133.15],[4.9112761,50.23576436,133.32],[4.91116314,50.23561908,134.75],[4.91115048,50.23560308,134.92],[4.91100987,50.23537349,137.09],[4.91100054,50.23535449,137.09],[4.91092226,50.23516488,138.94],[4.91091493,50.23514655,139.1],[4.91088963,50.23505791,139.89],[4.91088464,50.23504025,140.03],[4.91085901,50.23488397,141.38],[4.91085768,50.23486664,141.54],[4.91086167,50.2347327,142.81],[4.91086001,50.23471604,142.97],[4.9108277,50.23458973,143.98],[4.91082404,50.2345714,144.12],[4.91079345,50.23426781,146.69],[4.91079145,50.23425115,146.82],[4.91075582,50.23414818,147.66],[4.91074782,50.23413119,147.78],[4.91068153,50.23403022,148.72],[4.91066987,50.23401389,148.89],[4.91055224,50.23389093,150.27],[4.91053691,50.2338776,150.42],[4.91031698,50.23374767,152.2],[4.91029965,50.23373634,152.31],[4.91008039,50.23357673,153.88],[4.91006673,50.23356207,154.04],[4.91000943,50.23345677,154.75],[4.91000544,50.23343878,154.85],[4.9100091,50.23338446,155.1],[4.91001443,50.23336713,155.17],[4.91004775,50.2333218,155.38],[4.91006575,50.23330881,155.43],[4.91019005,50.23324717,155.92],[4.91021238,50.23323951,156.01],[4.91039201,50.23320589,156.8],[4.91041801,50.2332029,156.93],[4.9107603,50.23318662,158.3],[4.9107873,50.23318529,158.44],[4.91163047,50.23310745,162.61],[4.9116598,50.23310446,162.75],[4.91208272,50.23312008,164.96],[4.91210805,50.23312441,165.08],[4.91220403,50.23315406,165.6],[4.91222669,50.23316239,165.72],[4.91241131,50.23324134,166.5],[4.91243431,50.23325267,166.6],[4.91266357,50.23339527,168.13],[4.91268156,50.23340793,168.26],[4.91337039,50.2337961,172.71],[4.91339239,50.23380876,172.86],[4.91347204,50.23386074,173.41],[4.9134897,50.23387474,173.57],[4.91353135,50.23391973,174.01],[4.91354934,50.23393306,174.13],[4.91370496,50.23400269,174.87],[4.91372562,50.23401269,175],[4.91404023,50.23418597,176.78],[4.91406156,50.23419797,176.85],[4.91477276,50.23463179,180.9],[4.91479409,50.23464479,181.05],[4.91497639,50.23474041,182.01],[4.91499905,50.23475207,182.06],[4.91519867,50.23482836,182.57],[4.915225,50.23483669,182.65],[4.91540897,50.23488666,183.39],[4.9154353,50.23489299,183.56],[4.91557394,50.2349173,184.34],[4.91560093,50.2349213,184.46],[4.91618283,50.23498653,186.95],[4.91621216,50.23499019,187.1],[4.91822334,50.23525966,197.57],[4.918231,50.23526132,197.65],[4.9188096,50.23532925,200.74],[4.91883193,50.23533158,200.83],[4.9189249,50.23533923,201.3],[4.91894856,50.23534022,201.41],[4.91901855,50.23533256,201.86],[4.91903788,50.2353239,202],[4.91905388,50.23531257,202.13],[4.91906387,50.23529891,202.3],[4.91907053,50.23526992,202.66],[4.91907319,50.23525726,202.81],[4.91905288,50.23521628,203.34],[4.91904789,50.23521262,203.43],[4.91924155,50.23535995,203.43],[4.91932587,50.23539627,203.91],[4.91935453,50.23540593,204.03],[4.91999243,50.23552782,207.46],[4.92001343,50.23553348,207.6],[4.92039304,50.2355684,209.32],[4.9204207,50.23557106,209.43],[4.9208163,50.23557439,211.26],[4.92084363,50.2355734,211.38],[4.92114159,50.23553778,212.91],[4.92116792,50.23553379,213.06],[4.92555086,50.23474217,227.99],[4.92560552,50.23473151,227.92],[4.92588482,50.23468455,227.75],[4.92594115,50.23467622,227.75],[4.92611414,50.23466124,227.83],[4.92617247,50.23466058,227.86],[4.92646178,50.23467889,227.63],[4.92651944,50.23468689,227.53],[4.92732802,50.2348218,227.32],[4.92737802,50.23482979,227.33],[4.92810528,50.23491905,227.54],[4.92815761,50.23492571,227.57],[4.93042939,50.23527842,230.15],[4.93047205,50.23528508,230.25],[4.93109031,50.235407,231.74],[4.9311283,50.23541366,231.84],[4.93178785,50.23555758,233.45],[4.93182084,50.23556458,233.55],[4.9322278,50.23562784,234.25],[4.9322608,50.2356335,234.38],[4.93245611,50.2356325,234.68],[4.93248444,50.23563616,234.73],[4.93271406,50.23572778,235.41],[4.93274639,50.23573578,235.46],[4.93305502,50.2357874,236.3],[4.93308102,50.2357924,236.37],[4.93343464,50.23587768,237.35],[4.93346364,50.23588401,237.44],[4.93392989,50.23597658,238.53],[4.93395789,50.23598191,238.52],[4.93434416,50.23603919,239.11],[4.93438015,50.23604418,239.23],[4.93568628,50.23619901,242.81],[4.93572094,50.23620334,242.94],[4.93662349,50.2362602,245.49],[4.93666249,50.23626319,245.46],[4.93710908,50.23632647,246.05],[4.93714474,50.2363308,246.12],[4.93773066,50.23648703,247.59],[4.93776632,50.23649569,247.71],[4.93806527,50.23656198,248.73],[4.9381036,50.23657031,248.82],[4.93821925,50.23658263,249.21],[4.93825658,50.23658529,249.32],[4.93853022,50.23659326,249.9],[4.93856988,50.23659492,250],[4.93897116,50.23662687,250.73],[4.93901382,50.2366272,250.8],[4.93953641,50.23658194,251.66],[4.93956974,50.23657961,251.65],[4.94001403,50.23656399,252.65],[4.94004703,50.236558,252.75],[4.94017902,50.23651136,253.27],[4.94021035,50.2364957,253.41],[4.94045765,50.23633307,254.33],[4.94049098,50.23631474,254.47],[4.94079727,50.23617945,255.36],[4.94084027,50.23616479,255.46],[4.94123156,50.23605783,255.86],[4.94127989,50.23604317,255.83],[4.94197517,50.23580657,254.89],[4.94204083,50.23578891,254.81],[4.94224882,50.23574625,254.6],[4.94231882,50.23573692,254.42],[4.94253647,50.23572759,253.76],[4.94260546,50.23573158,253.53],[4.94272712,50.23575157,253.25],[4.94278145,50.23576323,253.18],[4.94316608,50.23587618,254.44],[4.94318541,50.23588184,254.6],[4.943582,50.23604411,257.96],[4.94360633,50.23605411,258.16],[4.94403592,50.23617403,261.34],[4.94406358,50.23618202,261.48],[4.94445418,50.2362656,263.24],[4.94447884,50.23627159,263.37],[4.94502909,50.23643582,265.69],[4.94505509,50.23644481,265.81],[4.94528572,50.2365471,266.83],[4.94531238,50.23655976,266.95],[4.94575695,50.23678668,268.45],[4.94578361,50.23680001,268.54],[4.94630719,50.23704391,269.83],[4.94633852,50.23705491,269.91],[4.94654981,50.23710156,270.17],[4.94658847,50.23710856,270.17],[4.94750467,50.23726275,271.54],[4.94754266,50.23726974,271.57],[4.94779994,50.23732171,272.07],[4.94783594,50.23732904,272.13],[4.94811889,50.237401,272.6],[4.94815322,50.23740966,272.69],[4.94838552,50.23748894,273.52],[4.94841585,50.23750194,273.62],[4.94878478,50.2376812,274.94],[4.94881544,50.23769686,275.07],[4.94898376,50.23776651,275.7],[4.94901809,50.23778051,275.81],[4.94936272,50.23788912,276.79],[4.94940405,50.23789945,276.91],[4.9496247,50.23794276,277.42],[4.94967136,50.23795076,277.47],[4.95194516,50.23831927,273.76],[4.95200815,50.23833027,273.64],[4.95374736,50.23859512,272.35],[4.95381436,50.23860545,272.38],[4.95488495,50.23878371,272.63],[4.95495028,50.23879404,272.6],[4.95565589,50.23888698,272.42],[4.95571855,50.23889398,272.41],[4.95615718,50.23892862,272.38],[4.95621817,50.23893228,272.37],[4.95731041,50.23896752,273.09],[4.95736374,50.23896951,273.03],[4.96285821,50.23919462,278.01],[4.96289887,50.23919761,278.03],[4.96408241,50.23923681,278.33],[4.96414207,50.23923814,278.29],[4.96439671,50.23923714,278.07],[4.96446337,50.23923514,277.99],[4.965097,50.23920386,276.78],[4.96517099,50.23919987,276.62],[4.96640259,50.23911595,274.13],[4.96648225,50.23910996,273.97],[4.96742318,50.23902835,272.82],[4.96748184,50.23902369,272.75],[4.96797845,50.23899939,271.88],[4.96803378,50.23900039,271.75],[4.96814077,50.23901204,271.53],[4.96819177,50.23902403,271.44],[4.9682401,50.23903936,271.36],[4.96828476,50.23905769,271.28],[4.96836375,50.23910301,271.06],[4.96839941,50.23912934,270.93],[4.96846773,50.23918967,270.71],[4.96849573,50.23922333,270.7],[4.96854538,50.23929099,270.51],[4.96856571,50.23932165,270.45],[4.96860136,50.23940797,270.22],[4.96861402,50.2394343,270],[4.96866201,50.23946696,269.85],[4.96869434,50.23946962,269.8],[4.96913727,50.23939136,270.78],[4.9691756,50.23938636,270.92],[4.9697752,50.2393381,273.11],[4.96981986,50.23933377,273.25],[4.97011782,50.23927146,274.39],[4.97015315,50.23926513,274.5],[4.97042876,50.23924518,275.6],[4.97043576,50.23924352,275.77],[4.97051375,50.23925318,275.86],[4.97054575,50.23925152,276.07],[4.97247883,50.23912544,279.44],[4.97252616,50.23912211,279.48],[4.97387534,50.23908625,280.27],[4.97392467,50.23908359,280.24],[4.98544944,50.23830311,256.25],[4.98555243,50.23829578,256.06],[4.98854659,50.23811231,253.15],[4.98860592,50.23810932,253.2],[4.98870791,50.23810066,253.31],[4.9887489,50.238094,253.36],[4.98886818,50.23805837,253.5],[4.98887217,50.23805837,253.49],[4.98875384,50.23802138,253.52],[4.98875483,50.23802072,253.51],[4.98888116,50.23808638,253.76],[4.98890315,50.23808671,253.81],[4.98940007,50.23805745,254.74],[4.9894454,50.23805479,254.85],[4.98966604,50.23800982,255.05],[4.98967404,50.23800649,255.05],[4.99019333,50.23802311,255.33],[4.99025666,50.23802078,255.27],[4.99035099,50.23799779,255.18],[4.99037665,50.2379828,255.06],[4.9904243,50.23790781,253.97],[4.99043896,50.23788182,253.95],[4.99051727,50.23770918,253.67],[4.9905316,50.23767085,253.6],[4.99064355,50.23733357,253.03],[4.99065721,50.23729757,252.97],[4.99073753,50.23715359,252.61],[4.99076353,50.23711559,252.52],[4.99187537,50.23564807,246.9],[4.99191303,50.23559841,246.72],[4.99209201,50.2353771,245.72],[4.992109,50.2353391,245.55],[4.99211266,50.2353031,245.36],[4.99208733,50.23523945,245.07],[4.99206133,50.23521145,244.98],[4.99149172,50.23483152,245.13],[4.99146072,50.23480919,245.13],[4.99143873,50.23478719,245.12],[4.99142774,50.23476586,245.12],[4.99143941,50.23472721,245.04],[4.9914634,50.23470988,244.98],[4.99158105,50.23466824,244.79],[4.99162571,50.23465524,244.71],[4.99201334,50.23456028,243.72],[4.99206834,50.23454628,243.52],[4.99281492,50.23434036,239.39],[4.99285158,50.23433036,239.12],[4.99435333,50.23388824,229.68],[4.99439233,50.23387658,229.47],[4.99517087,50.23366603,224.3],[4.99520553,50.23365604,224.07],[4.99547317,50.23356641,222.62],[4.99551016,50.23355508,222.4],[4.9959171,50.23343847,220.05],[4.9959511,50.23342748,219.86],[4.99659834,50.23320291,216.19],[4.99663167,50.23319025,215.66],[4.99694065,50.23311163,213.45],[4.99697131,50.23310363,213.45],[4.99725725,50.23301235,210.33],[4.99728124,50.23300535,210.07],[4.99812211,50.23280047,204.2],[4.99816077,50.23279081,204.1],[4.99834908,50.23276118,203.7],[4.99838274,50.23275518,203.68],[4.9985637,50.23270654,203.67],[4.9985937,50.23269655,203.66],[4.99864802,50.23266989,203.7],[4.99866835,50.23265456,203.74],[4.99871633,50.23259758,203.99],[4.99872566,50.23258525,204.06],[4.99873865,50.23255592,204.16],[4.99874164,50.23253893,204.4],[4.9987453,50.23242064,206.01],[4.9987473,50.23241798,206.17],[4.99983595,50.23196132,216.66],[4.99986028,50.23195099,216.75],[5.00026556,50.23182706,217.85],[5.00029822,50.2318164,217.85],[5.00050418,50.23173044,217.57],[5.00054051,50.23171644,217.57],[5.00080481,50.23163382,216.69],[5.00085547,50.23161649,216.49],[5.00119877,50.23148519,215.4],[5.00123143,50.23146853,215.34],[5.00127976,50.2314322,215.2],[5.00129309,50.2314102,215.11],[5.00131474,50.23132221,214.86],[5.00132674,50.23128555,214.86],[5.0013764,50.23120723,214.42],[5.00141373,50.2311659,214.2],[5.00146106,50.2311229,213.89],[5.00151639,50.23108124,213.6],[5.00170471,50.23097559,212.62],[5.00176804,50.23094693,212.29],[5.00197336,50.23087595,211.2],[5.00205069,50.23085629,210.87],[5.00294565,50.23070267,207.83],[5.00302931,50.23068568,207.58],[5.00334729,50.2305897,206.53],[5.00342028,50.23056204,206.29],[5.00383391,50.23036574,204.75],[5.00389024,50.23033908,204.75],[5.00429088,50.23017645,202.88],[5.00433354,50.23015479,202.54],[5.00448285,50.23005714,201.17],[5.00451485,50.23002914,200.8],[5.00468245,50.22981552,196.94],[5.00470178,50.22979819,196.64],[5.00484307,50.22973221,195.54],[5.0048824,50.22971755,195.4],[5.00503905,50.22967389,194.79],[5.00509638,50.22965723,194.55],[5.00515571,50.22964124,194.32],[5.00521804,50.22962691,194.05],[5.00555136,50.22957993,192.53],[5.00561302,50.22957293,192.13],[5.00607664,50.2295363,188.41],[5.00610497,50.22953464,188.04],[5.00626361,50.2295373,186.21],[5.00628927,50.22953464,186.01],[5.00678955,50.22944304,182.64],[5.00683688,50.22943671,182.35],[5.00726019,50.22942373,180.13],[5.00731518,50.22942174,179.8],[5.00746717,50.22940343,178.84],[5.00751016,50.22939243,178.53],[5.00754682,50.22937777,178.28],[5.00757848,50.22936044,178.09],[5.00766714,50.22929246,177.61],[5.00768714,50.22927446,177.53],[5.00772747,50.22923414,177.42],[5.00774546,50.22921081,177.37],[5.00779011,50.22913815,177.17],[5.00780244,50.22911582,177.11],[5.00781509,50.22907383,177.09],[5.0078121,50.2290535,177.08],[5.00774413,50.22893288,176.88],[5.00774812,50.22893222,176.86],[5.00778508,50.22897185,176.84],[5.00779474,50.22898818,176.86],[5.00780739,50.22907216,176.95],[5.00780073,50.22909349,176.98],[5.0077441,50.22921614,176.88],[5.00773077,50.22923347,176.85],[5.00761281,50.22933176,177.13],[5.00759981,50.22934542,177.16],[5.00758616,50.22938707,177.21],[5.00757583,50.22939673,177.21],[5.00754484,50.22940007,177.2],[5.00753684,50.22939241,177.19],[5.0075385,50.22938108,177.2],[5.00754816,50.22936708,177.22],[5.00760581,50.2293101,177.23],[5.00760981,50.22930644,177.25],[5.00764814,50.22934177,177.25],[5.00761182,50.22939342,177.18],[5.00760549,50.22941675,177.16],[5.00761715,50.22947141,177.13],[5.00763581,50.22949774,177.12],[5.00774679,50.22958105,177.2],[5.00777379,50.22959771,177.27],[5.00797576,50.22969202,178.29],[5.00799509,50.22969468,178.4],[5.0081044,50.22968437,178.84],[5.00813706,50.22967838,178.92],[5.00837337,50.22960076,179.35],[5.0084037,50.22959143,179.38],[5.00922726,50.22936756,181.49],[5.00925125,50.2293609,181.63],[5.00935987,50.22934029,182.35],[5.0096632,50.22926529,185.05],[5.00915731,50.2293885,182.65],[5.00913932,50.2293935,182.54],[5.00911567,50.22940882,182.31],[5.00911301,50.22941982,182.2],[5.00915028,50.22948178,181.79],[5.00915428,50.22948477,181.77],[5.00958124,50.22946347,181.19],[5.00964957,50.2294638,181.09],[5.01037584,50.22951774,180.65],[5.01043317,50.22952173,180.71],[5.01065481,50.22952638,181.02],[5.01070914,50.22952638,181.08],[5.01098544,50.22951441,181.49],[5.01104277,50.22951041,181.62],[5.01150572,50.22947079,182.61],[5.01156338,50.2294668,182.7],[5.01203999,50.22945482,183.89],[5.01208665,50.22945782,183.99],[5.01222097,50.2294828,184.19],[5.01226263,50.22949746,184.23],[5.01248493,50.22961009,183.94],[5.01251493,50.22962375,183.88],[5.01280255,50.22972705,183.46],[5.01285288,50.22973971,183.4],[5.01307453,50.22978036,183.12],[5.01313219,50.22978836,183.04],[5.01365678,50.22984031,182.87],[5.01370477,50.22984331,182.9],[5.01407341,50.2298526,183.04],[5.01411674,50.22985194,183.04],[5.01505661,50.22978375,183.61],[5.01509794,50.22978076,183.58],[5.01595449,50.22975784,183.51],[5.01600015,50.22975584,183.52],[5.01635578,50.22972957,183.39],[5.01639811,50.22972558,183.4],[5.01654809,50.22970193,183.4],[5.01658675,50.2296956,183.4],[5.01687703,50.22967231,183.34],[5.01691369,50.22967065,183.35],[5.01723498,50.22968596,183.33],[5.01726897,50.22968795,183.3],[5.01751028,50.22971892,183.31],[5.01754528,50.22972458,183.34],[5.01796123,50.22982618,183.29],[5.01799389,50.22983551,183.29],[5.01811321,50.22987283,183.3],[5.01813787,50.22988149,183.3],[5.01832151,50.22996579,183.41],[5.01834751,50.22998112,183.44],[5.01850347,50.23010207,183.46],[5.0185238,50.23011973,183.48],[5.01863676,50.23023538,183.65],[5.01865509,50.23025438,183.66],[5.01897465,50.23063762,184.9],[5.01899598,50.23065695,185.03],[5.01909362,50.23073059,185.5],[5.01912128,50.23074792,185.62],[5.01928126,50.23082423,186.2],[5.01931492,50.23083823,186.34],[5.01952122,50.23091519,186.97],[5.01955322,50.23092652,187.05],[5.01983885,50.23100649,187.42],[5.01987018,50.23101482,187.42],[5.02025279,50.23110875,187.58],[5.02028745,50.23111675,187.6],[5.02052342,50.23116271,187.95],[5.02055575,50.23116971,187.99],[5.02107068,50.2312993,188.56],[5.02110334,50.23130829,188.62],[5.0218169,50.23156253,190.09],[5.02184956,50.23157219,190.17],[5.02245882,50.23173777,191.94],[5.02249615,50.23174743,191.96],[5.02292242,50.23184406,192.51],[5.02295975,50.23185239,192.61],[5.02315939,50.23189337,193.27],[5.02319972,50.23190003,193.36],[5.0233587,50.231917,193.67],[5.02339803,50.23191833,193.72],[5.02398263,50.23189341,193.9],[5.02401929,50.23189208,193.95],[5.02419859,50.23189939,194.34],[5.02423725,50.23189906,194.4],[5.02533676,50.23187318,195.26],[5.02537809,50.23187252,195.31],[5.02569038,50.2318828,195.78],[5.02572571,50.23188513,195.82],[5.02603267,50.23193209,196.02],[5.02606766,50.23193875,196.07],[5.02712852,50.23219795,198.03],[5.02716618,50.23220695,198.11],[5.02750779,50.23226456,198.71],[5.02754478,50.23226755,198.77],[5.02775908,50.23227421,199.01],[5.02779341,50.23227321,199.08],[5.02852498,50.23223631,200.25],[5.02855831,50.23223465,200.33],[5.02964884,50.23214352,201.49],[5.02968184,50.23214152,201.53],[5.02993815,50.23213855,201.68],[5.02998048,50.23214055,201.69],[5.03038678,50.23217917,201.52],[5.03043311,50.23218483,201.53],[5.03135966,50.23235341,201.33],[5.03140499,50.23236207,201.25],[5.03157431,50.23240704,201.11],[5.0316143,50.23242037,201.1],[5.03172428,50.23246735,201.07],[5.03175828,50.23248568,201.06],[5.0322152,50.23275029,201.69],[5.03225086,50.23276895,201.7],[5.03257713,50.2329209,201.68],[5.03261479,50.23293789,201.67],[5.03313105,50.23315915,201],[5.03317571,50.23317548,200.9],[5.03335536,50.23323513,200.41],[5.03339502,50.23324646,200.25],[5.03346868,50.23326178,199.99],[5.03350267,50.23326777,199.9],[5.033568,50.23326877,199.69],[5.03359566,50.23326244,199.61],[5.03361832,50.23325211,199.62],[5.03363665,50.23323745,199.64],[5.03366198,50.23320113,199.81],[5.03367064,50.2331818,199.94],[5.03372223,50.23294855,202.51],[5.03372756,50.23292889,202.73],[5.03377087,50.23282759,203.92],[5.0337742,50.23281993,204.06],[5.03407851,50.23242229,207.33],[5.03418017,50.23228463,208.73],[5.03419581,50.23223598,209.25],[5.03408815,50.23204632,212.77],[5.03405318,50.232023,213.06],[5.03392685,50.23195101,214.11],[5.03375723,50.23187142,215.63],[5.03374657,50.23186709,215.77],[5.03373458,50.23186277,216.05],[5.03266858,50.23149144,222.3],[5.03225826,50.23132848,224.83],[5.03224326,50.23132249,224.88],[5.03186938,50.23118862,226.91],[5.03185205,50.23118196,227.03],[5.03167246,50.23110102,228.46],[5.0316598,50.23109469,228.57],[5.03151887,50.2310104,230],[5.03150688,50.23100307,230.14],[5.03142559,50.23093478,231.09],[5.03141693,50.23092712,231.21],[5.03124729,50.23070913,234.2],[5.03124096,50.23069914,234.35],[5.03114675,50.23049088,236.96],[5.03114442,50.23048555,237.07],[5.03107743,50.23042357,237.58],[5.03105577,50.23040524,237.66],[5.03100145,50.23036392,237.85],[5.03096879,50.23034459,237.96],[5.03067183,50.23021029,238.81],[5.03063617,50.2301933,238.9],[5.03037655,50.230056,239.35],[5.03034189,50.23003467,239.4],[5.03021657,50.22994203,239.57],[5.03018858,50.22991937,239.61],[5.03007894,50.22980006,239.74],[5.03006861,50.22977373,239.75],[5.03005828,50.2297184,239.8],[5.03005828,50.22969074,239.8],[5.03006994,50.22963809,239.78],[5.0300796,50.22961143,239.76],[5.03015724,50.22944648,239.83],[5.0301689,50.22942382,239.88],[5.03026421,50.22926153,240.01],[5.03027821,50.2292372,240.02],[5.0311542,50.22795425,244.97],[5.03116019,50.22794459,244.97],[5.0315754,50.22738003,251.98],[5.03158139,50.22737203,252.07],[5.03187662,50.22692946,257.73],[5.03188295,50.22692013,257.86],[5.03188861,50.2269108,258.02],[5.03228261,50.22619514,266.99],[5.03234188,50.22607319,268.31],[5.03234821,50.22606119,268.4],[5.03238116,50.22595425,269.19],[5.03238282,50.22594259,269.31],[5.03238381,50.22589094,269.66],[5.03238248,50.22587794,269.75],[5.03236417,50.22582795,270.03],[5.03235751,50.22581629,270.1],[5.03233186,50.22578164,270.34],[5.03232053,50.22577031,270.41],[5.0322356,50.22570168,270.93],[5.03222894,50.22569902,271.01],[5.03202165,50.22565839,271.48],[5.03198066,50.2256484,271.53],[5.03165003,50.2255571,271.72],[5.03161037,50.22554511,271.78],[5.03050186,50.22519424,272.93],[5.03046086,50.22518125,272.98],[5.02994992,50.22503129,273.2],[5.02990626,50.2250183,273.2],[5.02982427,50.22498964,273.25],[5.02978694,50.22497398,273.26],[5.02969296,50.22492333,273.37],[5.02966163,50.224911,273.41],[5.02959697,50.22490135,273.45],[5.02956664,50.22490036,273.48],[5.02950033,50.22490604,273.54],[5.02947567,50.22489404,273.13],[5.02949433,50.22487538,273],[5.02951633,50.22486872,272.82],[5.02975063,50.22482073,272.71],[5.02979062,50.22480807,272.71],[5.02993326,50.22474942,272.57],[5.02996959,50.22473576,272.48],[5.03031323,50.22461879,271.93],[5.03036423,50.22460079,271.85],[5.03071153,50.22449715,271.28],[5.03077319,50.22447782,271.06],[5.03137982,50.22434485,269.59],[5.03142882,50.22431919,269.35],[5.03146082,50.22428586,269.16],[5.03147281,50.22424787,269.04],[5.03146615,50.22420887,268.96],[5.03144315,50.22417287,268.91],[5.03141049,50.22413854,268.85],[5.03136916,50.22410554,268.78],[5.03122084,50.22400322,268.49],[5.03116951,50.22396689,268.32],[5.0307236,50.22367465,265.46],[5.03070727,50.22366532,265.34],[5.03082026,50.22364199,264.22],[5.03080593,50.223634,264.18]]}}]}