{"type":"FeatureCollection","features":[{"type":"Feature","properties":{"name":"20260501 Cicloturismo","time":"2026-05-01T08:59:44Z"},"geometry":{"type":"LineString","coordinates":[[6.09342733,50.787407,175],[6.09339669,50.78735201,175],[6.09338503,50.78733801,175],[6.09325375,50.78720139,175],[6.09323676,50.78718406,175],[6.09307248,50.78704945,175.26],[6.09305748,50.78703612,175.4],[6.09288755,50.7868532,177.73],[6.09287389,50.7868392,177.8],[6.0927516,50.78673057,178.46],[6.0927376,50.78671891,178.53],[6.09270195,50.7866756,178.73],[6.09268929,50.78665994,178.8],[6.092526,50.78651331,179.4],[6.09250634,50.78649465,179.53],[6.09234005,50.78632738,180.66],[6.09232339,50.78630872,180.73],[6.09229008,50.78623307,181.13],[6.09227542,50.78621441,181.26],[6.09197849,50.78592149,183.6],[6.09195916,50.78590249,183.8],[6.09188085,50.78583952,184.53],[6.09187619,50.78583653,184.66],[6.09188785,50.78576953,184.8],[6.09189218,50.78574787,184.86],[6.09191284,50.78570121,185],[6.09193317,50.78568088,185.06],[6.09220647,50.78554924,185.2],[6.09225646,50.78552958,185.26],[6.09257777,50.78542196,185.86],[6.09263276,50.78540263,186],[6.09301406,50.78525533,188.93],[6.09306039,50.78523667,189.46],[6.09331602,50.78515168,193.2],[6.09335635,50.78513735,193.86],[6.093633,50.78501838,195.93],[6.093678,50.78500238,196.06],[6.09372933,50.78499105,196.2],[6.09390198,50.7849744,196.13],[6.09395797,50.78496541,196.06],[6.09411796,50.78492643,195.4],[6.09417495,50.7849171,195.13],[6.09429227,50.78491011,194.73],[6.09435126,50.78490878,194.53],[6.0948179,50.78491442,194.53],[6.09489089,50.78491608,194.33],[6.09582915,50.78496167,188.06],[6.09590814,50.78496733,187.26],[6.09665277,50.7849913,183.13],[6.0967021,50.78498364,183.26],[6.09674076,50.78496831,183.4],[6.09676809,50.78494665,183.53],[6.09678809,50.78492066,183.66],[6.09680275,50.78489,183.6],[6.09681408,50.78485634,183.53],[6.09684339,50.78470537,183.33],[6.09685639,50.78466537,183.06],[6.09687505,50.78462671,182.8],[6.09689971,50.78458905,182.53],[6.09699436,50.78448773,181.46],[6.09703469,50.78445774,181],[6.09722067,50.78434743,179.53],[6.09726766,50.7843251,179.26],[6.09798228,50.7840435,176.8],[6.09803461,50.78402017,176.8],[6.09808394,50.78399451,176.93],[6.09812894,50.78396418,177.06],[6.09816527,50.78393019,177.4],[6.09818493,50.78389353,177.73],[6.09818693,50.78385854,178.06],[6.0981746,50.78382588,178.4],[6.09806296,50.7836659,180],[6.09803963,50.78363124,180.26],[6.09797531,50.78351725,181.13],[6.09795698,50.78347659,181.46],[6.09794298,50.78343426,181.8],[6.09793099,50.7833916,181.93],[6.09792266,50.78330361,182.2],[6.09792,50.78325995,182.26],[6.09792099,50.78312663,182.4],[6.09792498,50.78308097,182.4],[6.0979573,50.78285532,182.13],[6.09796296,50.78281066,182],[6.09799159,50.78246636,181.2],[6.09799425,50.78242937,181.13],[6.09804519,50.78213708,181.4],[6.09804752,50.78210942,181.53],[6.09803454,50.7819038,182.46],[6.09803321,50.78187147,182.6],[6.09800557,50.78171551,182.73],[6.09800191,50.78168718,182.46],[6.09798827,50.78149689,179.26],[6.09798794,50.7814919,178.86],[6.09811594,50.78102357,178.46],[6.09811029,50.78092292,177.66],[6.09810996,50.78088426,177.46],[6.0981186,50.78071828,176.66],[6.0981196,50.78067395,176.4],[6.09810229,50.78051796,175.86],[6.09810262,50.78048197,175.66],[6.09813724,50.77987535,174.06],[6.09813823,50.77982636,174],[6.09815654,50.77967871,173.86],[6.09817254,50.77962571,173.8],[6.0982212,50.77951305,173.66],[6.0982512,50.77945372,173.6],[6.09842617,50.77912775,172.8],[6.0984315,50.77911976,172.53],[6.09849916,50.7791031,172.26],[6.09852482,50.77910443,172.06],[6.09859748,50.77912243,171.86],[6.09865446,50.77907511,171.13],[6.09869112,50.77906345,170.93],[6.09873778,50.77906012,170.73],[6.09884211,50.77907911,170.4],[6.0988951,50.77909644,170.26],[6.09904976,50.77916443,169.73],[6.09909842,50.77918776,169.6],[6.0993174,50.7793014,169.46],[6.09936039,50.7793194,169.6],[6.09948504,50.77935205,169.73],[6.09952004,50.77936238,169.73],[6.09961635,50.77939669,170],[6.09962434,50.77940135,170.26],[6.09956301,50.77943468,170.53],[6.09949535,50.77941903,170.8],[6.09945435,50.7794017,171],[6.0993047,50.77933272,171.6],[6.09925004,50.77930806,171.73],[6.09903706,50.77919609,172.46],[6.09898273,50.77916943,172.66],[6.09872176,50.77905746,172.4],[6.09868076,50.77903613,172.13],[6.09864977,50.7790148,171.86],[6.09862877,50.77899481,171.6],[6.0985628,50.77892116,169.6],[6.09855214,50.7788965,168.93],[6.09855447,50.77886584,168.26],[6.0985738,50.77882851,167.6],[6.09860879,50.77878618,167],[6.09884844,50.7785402,164.6],[6.0989031,50.77848287,164.13],[6.09911409,50.77824688,163.13],[6.09916742,50.77818822,163],[6.09928241,50.77808156,162.73],[6.09934374,50.77803023,162.6],[6.09952806,50.77790525,162.06],[6.09957472,50.77786625,162],[6.09960605,50.77782559,161.93],[6.09961538,50.77778326,161.93],[6.09960038,50.77774393,162],[6.09956539,50.77771093,162.06],[6.09951773,50.7776836,162.06],[6.0994584,50.77766394,162.06],[6.09939007,50.77764828,162.06],[6.09890577,50.77758097,162.8],[6.09884377,50.77757064,162.86],[6.09831916,50.777465,162.46],[6.0982815,50.77745534,162.46],[6.09824784,50.77744168,162.46],[6.09821918,50.77742369,162.46],[6.09819885,50.7774007,162.46],[6.09818786,50.77737304,162.46],[6.09818586,50.77734104,162.46],[6.09819219,50.77730738,162.53],[6.09820519,50.77727305,162.6],[6.09823818,50.77720306,162.73],[6.09825151,50.77716707,162.8],[6.09826681,50.77702077,162.6],[6.09826881,50.77701377,162.46],[6.09847244,50.77668181,161.33],[6.09849643,50.77664048,161.26],[6.09859809,50.77642751,161.06],[6.09861875,50.77638585,161.06],[6.09864308,50.77634619,161.06],[6.09867174,50.77630753,161.06],[6.0987074,50.77626787,161.06],[6.09874106,50.77622621,161.06],[6.09879805,50.77613689,161.13],[6.09882204,50.7760909,161.2],[6.09888402,50.77595391,161.53],[6.09890301,50.77590958,161.73],[6.09896466,50.77573693,162.53],[6.09898032,50.7756956,162.73],[6.0991486,50.77528766,164.86],[6.09916293,50.77525,165],[6.0992579,50.77502902,165.6],[6.09927323,50.77499336,165.66],[6.09942349,50.77467307,165.73],[6.09942449,50.77464608,165.66],[6.09941383,50.77462642,165.6],[6.09935151,50.77461376,165.46],[6.09931118,50.77461376,165.4],[6.09829463,50.7746923,165.4],[6.0981083,50.77463564,165.4],[6.09811929,50.77459598,165.4],[6.09812795,50.77457365,165.4],[6.0981706,50.77453099,165.53],[6.09820693,50.774514,165.6],[6.09825059,50.774501,165.6],[6.09829925,50.77449134,165.6],[6.09845657,50.77447068,165.6],[6.09850757,50.77445769,165.6],[6.09855223,50.77443836,165.66],[6.09858456,50.7744137,165.73],[6.09860122,50.7743857,165.8],[6.09860388,50.77435671,165.86],[6.09858123,50.77427039,166],[6.09857524,50.7742414,166],[6.09856991,50.77418142,166],[6.09857224,50.77414876,166],[6.09858856,50.77404444,166],[6.09859489,50.77400745,166],[6.09861788,50.77393013,166],[6.09862654,50.77389147,166],[6.09862953,50.77371282,166],[6.09863419,50.77367516,166.06],[6.09871415,50.77326722,166.06],[6.09872014,50.77323456,166],[6.09872447,50.77313357,165.73],[6.09872647,50.77309757,165.6],[6.09875145,50.77298959,165.2],[6.09876144,50.7729586,165.13],[6.0987651,50.77293194,165],[6.09876709,50.77290994,164.86],[6.0987591,50.7728473,164.53],[6.09876043,50.77283631,164.46],[6.09878209,50.77277266,164.26],[6.09878642,50.772742,164.2],[6.09884036,50.77229939,165.06],[6.09884535,50.77226339,165.33],[6.09885732,50.77206076,166.93],[6.09886131,50.7720261,167.13],[6.09894521,50.77144952,168.66],[6.09895854,50.77141786,168.66],[6.0989822,50.77139353,168.66],[6.09901086,50.77137453,168.66],[6.09908952,50.77135187,168.8],[6.09914151,50.77134788,168.86],[6.09937849,50.77136054,169.06],[6.09943982,50.77136587,169.13],[6.10003642,50.77142782,169.8],[6.10009008,50.77143081,169.86],[6.10018273,50.77142648,170.06],[6.10022139,50.77141548,170.26],[6.10025172,50.77139682,170.46],[6.10027238,50.77137216,170.66],[6.10028571,50.77134483,170.86],[6.10032902,50.77121286,171],[6.10034535,50.77117353,170.93],[6.10036867,50.77102122,170.66],[6.10037267,50.77098356,170.6],[6.10043263,50.77068194,170.46],[6.10043862,50.77064661,170.46],[6.10044527,50.77049964,170.46],[6.1004486,50.77046364,170.46],[6.10046957,50.77031466,170.2],[6.10047257,50.770279,170.06],[6.10049219,50.76989405,168.66],[6.10049518,50.76985872,168.53],[6.10053613,50.76954677,168],[6.10054112,50.76952044,168],[6.10053646,50.76950278,168],[6.10052746,50.76949079,168],[6.1005008,50.7694698,168.06],[6.10049147,50.76945414,168.13],[6.1004908,50.76941449,168.4],[6.10050313,50.76939083,168.6],[6.10052479,50.76936817,168.8],[6.10055578,50.76934818,169],[6.10063543,50.76931853,169.4],[6.10067942,50.76930954,169.6],[6.10072308,50.76930488,169.8],[6.10076641,50.76930322,170],[6.10089106,50.76931187,170.8],[6.10092672,50.7693162,171],[6.10117735,50.76935384,171.8],[6.10120834,50.7693595,171.86],[6.10147798,50.76938781,171.86],[6.10153797,50.76939714,171.73],[6.10171762,50.76942914,171.33],[6.10177461,50.76943847,171.13],[6.10191192,50.76947379,170.33],[6.10194125,50.76948112,170.2],[6.10227554,50.76953808,170.8],[6.1023312,50.76954641,171],[6.10316011,50.76965101,173.8],[6.10321244,50.76965834,173.93],[6.10363307,50.76972663,174.13],[6.1036864,50.76973563,174.06],[6.10469963,50.76987855,172.66],[6.10475496,50.76988688,172.66],[6.10503727,50.76992118,173.06],[6.1050956,50.76992751,173.2],[6.10538925,50.76995314,173.93],[6.10544891,50.7699598,174.2],[6.10661882,50.77012504,176.8],[6.10667581,50.77013304,176.73],[6.10738441,50.77024764,176.4],[6.1074284,50.77025497,176.53],[6.10755772,50.77026795,177.06],[6.10756971,50.77026762,177.26],[6.10764104,50.77025429,177.46],[6.10766637,50.77024329,177.66],[6.10771269,50.7702003,178.06],[6.10773135,50.77016964,178.46],[6.10796463,50.76959006,178],[6.10797796,50.76955607,177.6],[6.10804292,50.7693441,176.6],[6.10805358,50.7693121,176.46],[6.10810222,50.76918546,176.6],[6.10811355,50.7691688,176.66],[6.10813055,50.76915547,176.73],[6.10814954,50.76914547,176.8],[6.10820119,50.76913016,176.93],[6.10822385,50.7691265,176.86],[6.10835683,50.76911819,176.46],[6.10838116,50.76911753,176.33],[6.10844781,50.76912251,175.8],[6.10845647,50.76912451,175.6],[6.10846213,50.76912617,175.4],[6.1080738,50.76913683,175.2],[6.10798581,50.76915315,174.8],[6.10795248,50.76915149,174.66],[6.10775551,50.76911119,174.4],[6.10770618,50.76910253,174.4],[6.10710388,50.76901391,175.06],[6.10703888,50.76900392,175.2],[6.10697355,50.76899526,175.26],[6.10690922,50.76899026,175.33],[6.10679523,50.76899458,175.46],[6.10675023,50.76900158,175.6],[6.10665525,50.7690389,176],[6.10663026,50.76905223,176.13],[6.1065896,50.76908789,176.4],[6.10657727,50.76910822,176.53],[6.106507,50.7693125,178],[6.106498,50.76933583,178],[6.10647103,50.7694618,177.8],[6.10646437,50.76949346,177.73],[6.10642506,50.76963444,177.2],[6.10641407,50.76967143,177],[6.10637408,50.76978275,176.4],[6.10636075,50.76981774,176.2],[6.10629976,50.76995805,175.13],[6.1062831,50.76997238,174.93],[6.10626177,50.76998171,174.73],[6.10623477,50.76998504,174.46],[6.10617178,50.76998405,174.2],[6.10613745,50.76998139,174.06],[6.10524886,50.76988949,172.4],[6.10520986,50.76989149,172.4],[6.1051832,50.76989382,172.4],[6.10516854,50.76989715,172.4],[6.10514221,50.76994781,172.4],[6.10513356,50.76999613,172.66],[6.10511523,50.77004712,172.8],[6.10507124,50.77006677,173.2],[6.10503724,50.77007077,173.4],[6.1048866,50.77005779,174],[6.10482527,50.77005046,174.2],[6.10271071,50.76976557,171.46],[6.10263238,50.76975491,171.46],[6.10134012,50.76959566,169.53],[6.10126846,50.76958633,169.33],[6.1007715,50.76953138,168.8],[6.10068217,50.76952338,168.86],[6.10061085,50.76953871,169.13],[6.10057519,50.76955537,169.26],[6.10054353,50.76957903,169.46],[6.10051753,50.76960903,169.66],[6.1005012,50.76964502,169.73],[6.10049221,50.76968535,169.8],[6.10047989,50.76981234,170.26],[6.1004739,50.76985634,170.46],[6.10042992,50.77013864,171.33],[6.10042259,50.7701903,171.46],[6.10037597,50.77074824,170.8],[6.10036964,50.7707979,170.6],[6.10031236,50.77117785,169.53],[6.10030703,50.77122651,169.33],[6.10028437,50.77131483,169.06],[6.10026204,50.77135516,169],[6.10022371,50.77138849,169],[6.10017038,50.77141282,169],[6.10010839,50.77142781,169],[6.10004173,50.77143547,168.93],[6.09983375,50.77143481,168.73],[6.09976375,50.77143181,168.73],[6.09916747,50.77139419,168.6],[6.09910981,50.77139286,168.53],[6.09901182,50.77140252,168.13],[6.09897582,50.77141585,167.93],[6.09893049,50.77146284,167.53],[6.09891583,50.77149383,167.33],[6.09890417,50.77152783,167],[6.09889551,50.77156449,166.66],[6.09883056,50.77188545,164.8],[6.09882257,50.77192678,164.73],[6.0987373,50.77246105,166.26],[6.09873064,50.77249938,166.33],[6.098677,50.77269834,166.73],[6.09866967,50.77273633,166.66],[6.09867,50.77277533,166.6],[6.09868133,50.77281399,166.53],[6.09873464,50.77291697,166.33],[6.09874497,50.77295163,166.26],[6.09875496,50.77302462,166.2],[6.09875363,50.77306162,166.2],[6.0987463,50.77309728,166.2],[6.09873397,50.77313194,166.13],[6.09868599,50.77324392,166],[6.09866966,50.77328392,166],[6.09861834,50.7735019,166],[6.09860768,50.7735459,166],[6.09860002,50.77359123,166],[6.09859436,50.77363689,166],[6.09858304,50.77385752,166.26],[6.09857738,50.77389785,166.33],[6.09851775,50.77417215,166.06],[6.09850342,50.77420415,166],[6.09848276,50.77422848,165.93],[6.0984541,50.77424514,165.86],[6.09833478,50.77427512,165.46],[6.09829379,50.77428511,165.33],[6.09818748,50.77432975,165],[6.09816282,50.77434841,165],[6.0981345,50.77438839,165],[6.09812884,50.77440505,165],[6.09812518,50.77446604,165],[6.09812285,50.77448303,165],[6.09811152,50.77452435,165.13],[6.09810519,50.77454868,165.2],[6.09809453,50.77457401,165.26],[6.09807854,50.774597,165.4],[6.09805188,50.77461566,165.53],[6.09801622,50.77462866,165.66],[6.09797323,50.77463799,165.8],[6.09792624,50.77464365,165.93],[6.09776192,50.7746513,166.33],[6.09770292,50.77465363,166.46],[6.09667599,50.77467888,165],[6.096622,50.77468054,164.73],[6.09642768,50.77469552,163.8],[6.09637502,50.77470118,163.6],[6.09632336,50.77471351,163.39],[6.09627736,50.77473484,163.2],[6.0962407,50.77476284,163],[6.09619137,50.77483516,163],[6.09617437,50.77487649,163],[6.09608808,50.77523912,162.46],[6.09607442,50.77528478,162.39],[6.09605843,50.77533011,162.33],[6.0960421,50.77537544,162.26],[6.09595679,50.77556508,162],[6.09594513,50.77559041,162],[6.09593847,50.77564173,162],[6.09594146,50.77564839,162],[6.09588946,50.77566172,162],[6.09574849,50.77563841,162.13],[6.09562183,50.77560408,162.26],[6.09553585,50.77556243,162.66],[6.09550519,50.77554477,162.93],[6.09545087,50.77550211,163.46],[6.09541421,50.77548712,163.73],[6.09537088,50.77548079,164],[6.09522389,50.77548345,165.2],[6.09517189,50.77548611,165.6],[6.09472593,50.7755304,167.4],[6.09466793,50.77553606,167.46],[6.09411065,50.77560135,167.33],[6.09404565,50.77560868,167.4],[6.09379034,50.77565433,167.93],[6.09372735,50.77566699,168.13],[6.09334504,50.77575063,169.33],[6.09328071,50.77576363,169.4],[6.09295539,50.77582027,169.4],[6.09288973,50.77582926,169.26],[6.09269142,50.77584057,168.66],[6.09262476,50.77583891,168.46],[6.09208346,50.77580496,168],[6.09201613,50.77580063,168.06],[6.09181782,50.77579963,168.66],[6.09175316,50.77580229,168.8],[6.09150585,50.77582527,169.33],[6.09144685,50.77583493,169.33],[6.09116821,50.77589992,169],[6.09111488,50.77591325,168.8],[6.09100489,50.77593024,168.4],[6.09095189,50.77592925,168.2],[6.0909059,50.77591959,168.06],[6.0908309,50.77587993,167.8],[6.09079757,50.77585327,167.66],[6.09076991,50.77582194,167.53],[6.09074391,50.77578828,167.4],[6.09065227,50.77564997,167],[6.09062528,50.77561664,167],[6.09059162,50.77558798,167],[6.09054896,50.77556532,167],[6.0905003,50.77555033,167],[6.09033665,50.77552602,166.86],[6.09027765,50.77552136,166.8],[6.0897157,50.7755034,166.93],[6.08965471,50.77549807,167],[6.08909242,50.77541612,168.46],[6.08903942,50.77541579,168.53],[6.08898876,50.77542045,168.6],[6.08894343,50.77543045,168.66],[6.0886718,50.77551742,169],[6.0886458,50.77552708,169.06],[6.08863081,50.77553874,169.13],[6.08861781,50.77555073,169.13],[6.08857316,50.77561139,169.13],[6.0885525,50.77562072,169.13],[6.08844084,50.77557739,169.13],[6.08822289,50.77535443,168.53],[6.08818989,50.77532177,168.46],[6.08803992,50.7751558,168.73],[6.08721192,50.77483347,168.86],[6.08703595,50.77483147,170.06],[6.08700162,50.77483147,170.2],[6.08663301,50.77485375,170.86],[6.08659735,50.77485608,170.8],[6.0864377,50.7748574,170.46],[6.0864107,50.77485441,170.4],[6.08627339,50.77481343,170.06],[6.08624406,50.77480543,170],[6.08589543,50.77473649,171.2],[6.08586277,50.77472983,171.4],[6.08555582,50.77469187,172.93],[6.08552216,50.77468721,173.13],[6.08494425,50.77455296,176.46],[6.08492325,50.7745483,176.6],[6.08481828,50.77455795,177.06],[6.08480195,50.77455562,177.13],[6.0847503,50.77453297,177.33],[6.08473431,50.77452464,177.4],[6.08468666,50.77447298,177.66],[6.08466767,50.77446065,177.86],[6.08454102,50.774403,178.8],[6.08451536,50.77439301,178.93],[6.08433139,50.77434271,180.13],[6.0843044,50.77433771,180.33],[6.08427674,50.77433271,180.4],[6.08424874,50.77432938,180.46],[6.08416075,50.77432872,180.53],[6.08413076,50.77432971,180.46],[6.08406977,50.77434036,180.33],[6.08404477,50.77435202,180.26],[6.08397912,50.77441667,179.93],[6.08394846,50.77443333,179.8],[6.08391246,50.77444333,179.66],[6.0838758,50.77444799,179.53],[6.08372316,50.77445865,179.6],[6.08369616,50.77446065,179.8],[6.08359451,50.7744843,180.06],[6.08357485,50.77449463,180],[6.08355919,50.77450763,179.93],[6.0835472,50.77452329,179.86],[6.08352623,50.77461093,179.2],[6.0835209,50.77462826,178.8],[6.08348692,50.77467624,177.6],[6.08346326,50.77468657,177.2],[6.08340527,50.77469789,176.93],[6.08337461,50.77470088,176.8],[6.0832443,50.77470287,176.26],[6.08321631,50.7747042,176.13],[6.08308867,50.77473484,176],[6.08306301,50.7747415,176],[6.08295337,50.77475081,176.4],[6.08293171,50.77475314,176.53],[6.0828504,50.77477078,177.2],[6.08283674,50.77477578,177.33],[6.08282708,50.77478144,177.46],[6.08274242,50.7748351,177.6],[6.08268945,50.77489209,178.13],[6.08267912,50.77490842,178.26],[6.08267113,50.77492508,178.4],[6.08266514,50.77494174,178.53],[6.08262919,50.77514435,180],[6.0826272,50.77516335,180],[6.08262454,50.77529366,180.13],[6.08262853,50.77531266,180.13],[6.08264785,50.77534298,179.93],[6.08266085,50.77535431,179.73],[6.08270917,50.77538163,179.13],[6.08271983,50.77538563,178.93],[6.08273282,50.77538463,178.26],[6.08317115,50.77547529,177.93],[6.08328413,50.77548194,177.13],[6.08334213,50.77548527,176.8],[6.08351878,50.7754826,175.8],[6.08357411,50.77547627,175.66],[6.08370376,50.77545829,175.26],[6.08373309,50.77545163,175.13],[6.0837814,50.77542834,175],[6.08378273,50.77542801,175],[6.08385004,50.77542468,175.26],[6.0838737,50.77543134,175.4],[6.08392702,50.775467,175.93],[6.08393568,50.77548199,176.13],[6.08394601,50.77551132,176.53],[6.08394934,50.77552598,176.93],[6.08395001,50.77558629,178.4],[6.08394968,50.77559962,178.73],[6.084274,50.77579161,179.26],[6.08428733,50.7758016,179.46],[6.08430666,50.77582525,179.86],[6.08433032,50.77594424,180],[6.08432832,50.7759629,180.13],[6.08432599,50.77598156,180.26],[6.08429068,50.7760872,180.33],[6.08428335,50.77610486,180.4],[6.08418441,50.77631315,180.8],[6.08417441,50.77632981,180.73],[6.0841291,50.77637347,180.4],[6.0841151,50.77638846,180.26],[6.08408678,50.77643777,179.86],[6.08407112,50.77645177,179.73],[6.08403347,50.77647509,179.46],[6.08401581,50.77648342,179.33],[6.08398748,50.77649108,179.2],[6.08397615,50.77649174,179.13],[6.08396549,50.77649141,179.06],[6.08363216,50.77635741,179],[6.08357117,50.77635642,179.06],[6.08354451,50.77635242,179.13],[6.08338686,50.77631877,179.66],[6.08335986,50.77631511,179.8],[6.08324421,50.77631278,180.33],[6.08321688,50.77630812,180.46],[6.08307291,50.77625882,180.93],[6.08305025,50.77624916,181],[6.08265567,50.7760129,181],[6.08262867,50.77599757,181],[6.08232339,50.7758433,181],[6.08228906,50.77582564,181],[6.08216574,50.77575366,181],[6.08213541,50.775736,181],[6.08192847,50.7756317,181.53],[6.08190414,50.77561904,181.6],[6.08188181,50.77560538,181.66],[6.08186015,50.77559105,181.66],[6.08179584,50.77552941,181.46],[6.08177984,50.77551475,181.33],[6.08173185,50.77548143,180.93],[6.08172219,50.7754761,180.8],[6.08171586,50.7754741,180.66],[6.08159153,50.77546244,180.53],[6.08147155,50.77542512,180],[6.08143822,50.77540846,179.86],[6.08137023,50.77536813,179.86],[6.08133823,50.77534614,179.86],[6.08112192,50.77519017,180],[6.08108892,50.77517218,180.06],[6.08081228,50.77503055,181.33],[6.08077729,50.77501189,181.53],[6.0802937,50.77477695,182.13],[6.08025804,50.77475896,182.06],[6.0800474,50.77462333,182],[6.08001707,50.774606,182.06],[6.07992076,50.77455935,182.13],[6.0798891,50.77454335,182.13],[6.07938416,50.77426679,182.2],[6.07935317,50.77425013,182.2],[6.07925551,50.77420214,182.26],[6.07922085,50.77418681,182.46],[6.07910586,50.77414315,183.06],[6.07906686,50.77412749,183.26],[6.07891523,50.77405819,184.06],[6.07888057,50.77404053,184.26],[6.0786806,50.77390923,185.13],[6.07865227,50.77389023,185.13],[6.07830301,50.77368598,184.86],[6.07827235,50.77366932,184.86],[6.07808204,50.77352836,184.86],[6.07805404,50.7735097,184.86],[6.0779324,50.77344639,185.33],[6.07790307,50.77343273,185.53],[6.07779408,50.77339475,186.46],[6.07776808,50.77338375,186.73],[6.07768977,50.77334143,187.53],[6.07766544,50.77332577,187.8],[6.07746583,50.77315715,189],[6.07744684,50.77313715,189],[6.07732921,50.77297619,189.26],[6.07731755,50.7729612,189.33],[6.07729157,50.77293922,189.53],[6.07729157,50.77293988,189.53],[6.07729057,50.77292788,189.33],[6.07728591,50.77291522,189.26],[6.07727291,50.77289989,189.13],[6.07724792,50.77288556,188.86],[6.07720959,50.7728769,188.6],[6.0771076,50.7728829,188.06],[6.07705127,50.77289523,187.8],[6.07688329,50.77296689,187.06],[6.07682796,50.77299888,186.86],[6.0767763,50.77303488,186.66],[6.0767273,50.77307321,186.53],[6.07654832,50.77323619,186.06],[6.07650833,50.77327718,186.13],[6.07640101,50.7733955,186.33],[6.07636935,50.77343549,186.46],[6.07625737,50.77359914,187],[6.07621604,50.77363513,187.13],[6.07616304,50.77366446,187.26],[6.07610205,50.77368779,187.4],[6.0759674,50.77370811,187.66],[6.07590074,50.77370778,187.66],[6.07583508,50.77370245,187.66],[6.07570943,50.77367813,187.66],[6.07564643,50.7736618,187.66],[6.07509381,50.7734835,187.2],[6.07503182,50.77346517,187.2],[6.07319897,50.77297663,190.8],[6.07314831,50.77296297,190.6],[6.07287502,50.77291501,189.06],[6.07284336,50.77290868,188.93],[6.07278971,50.77289203,188.53],[6.07272072,50.77287003,188.4],[6.07256542,50.77284439,188.66],[6.07252376,50.77283639,188.8],[6.07195845,50.77268278,192.2],[6.07191079,50.77267012,192.4],[6.07167981,50.77262015,192.73],[6.07163615,50.77260982,192.66],[6.07119254,50.77249422,192.13],[6.07115188,50.77248289,192.26],[6.07111222,50.77247023,192.4],[6.07107389,50.7724559,192.53],[6.07096057,50.77240191,192.93],[6.07091991,50.77238692,193.26],[6.07058729,50.77228463,194.86],[6.07054596,50.7722693,194.86],[6.07047398,50.77223197,194.86],[6.07044465,50.77221097,194.86],[6.07040166,50.77216465,194.6],[6.07037733,50.77214132,194.4],[6.07030901,50.77209833,194],[6.07026768,50.772082,193.8],[6.07022569,50.77207034,193.46],[6.07018269,50.77206268,193.2],[6.07004337,50.77205402,192.8],[6.06999571,50.77204969,192.73],[6.06990239,50.7720357,192.6],[6.06985639,50.7720257,192.53],[6.06972474,50.77198338,193.33],[6.06968275,50.77196739,193.6],[6.06964275,50.77195006,193.86],[6.06960742,50.7719314,194.26],[6.06954443,50.77189075,195],[6.06951243,50.77187376,195.33],[6.06940011,50.77184777,196.33],[6.06935745,50.77184244,196.66],[6.06926746,50.77183411,197.33],[6.0692188,50.77183145,197.46],[6.06896315,50.77183045,198],[6.06891249,50.77182812,198],[6.0684822,50.77177417,199.13],[6.06843454,50.77177184,199.33],[6.06825122,50.7717775,200.13],[6.06820856,50.7717775,200.33],[6.06794427,50.77177152,201],[6.06790761,50.77177218,201.2],[6.06756399,50.77178847,202.26],[6.06752033,50.7717908,202.4],[6.06635613,50.77191703,197.66],[6.06631113,50.77192136,197.8],[6.06609916,50.77192602,198.8],[6.06605883,50.77193001,199],[6.06582187,50.77199764,200.2],[6.06577754,50.77200297,200.33],[6.06563622,50.77201095,200.66],[6.06558889,50.77201295,200.73],[6.06516592,50.77201626,199.13],[6.06512293,50.77202092,198.86],[6.0650816,50.77202825,198.6],[6.06504361,50.77203858,198.33],[6.06494128,50.7720799,197.53],[6.06490862,50.77209423,197.26],[6.06465767,50.77222451,196.4],[6.06463934,50.77223417,196.33],[6.0645757,50.77229115,196.26],[6.06454737,50.77230714,196.33],[6.06446605,50.77233113,196.6],[6.06441706,50.77233979,196.73],[6.06419775,50.77235109,197.06],[6.06413876,50.77235208,197.13],[6.06389377,50.77234642,197.06],[6.06383111,50.77234409,197],[6.06333582,50.77229346,196.8],[6.06327816,50.7722838,196.86],[6.06299553,50.77223048,197.13],[6.06293854,50.77221882,197.2],[6.06260757,50.77213851,197.53],[6.06255524,50.77212485,197.53],[6.0623606,50.77206287,197.73],[6.0623126,50.77204621,197.8],[6.06192664,50.77190126,198.53],[6.06187698,50.77188327,198.6],[6.06154901,50.77174864,198.46],[6.06150435,50.77173098,198.46],[6.06134837,50.77164833,198.2],[6.06130937,50.77163,198.13],[6.06101841,50.77150671,198],[6.06098508,50.77149172,198],[6.06075611,50.77137409,198.4],[6.06072245,50.77135676,198.46],[6.06035284,50.77121114,199],[6.06032184,50.77119781,199.06],[6.0601422,50.77110384,199.86],[6.06011154,50.77108751,200],[6.05996123,50.77103819,200.53],[6.0599209,50.77102286,200.6],[6.05967926,50.77091622,200.66],[6.0596366,50.77089956,200.66],[6.05805242,50.77031577,203.26],[6.05800776,50.77030144,203.46],[6.05796243,50.77028945,203.66],[6.05791577,50.77028079,203.86],[6.05786778,50.7702778,204],[6.05782112,50.77028179,204.13],[6.05778046,50.77029512,204.26],[6.05774513,50.77031445,204.4],[6.05765647,50.7703881,204.73],[6.05762347,50.7704121,204.8],[6.05750881,50.77047274,204.66],[6.05746848,50.77048774,204.6],[6.05742282,50.7705004,204.53],[6.05737283,50.77050939,204.46],[6.05720551,50.77049973,204.26],[6.05715585,50.77048774,204.2],[6.05711252,50.77046974,204.13],[6.05705253,50.77041908,203.93],[6.05703587,50.77038809,203.86],[6.05702521,50.77035543,203.8],[6.05701855,50.77032144,203.73],[6.05700358,50.77021712,203.53],[6.05699792,50.77018346,203.6],[6.0569676,50.77012213,203.73],[6.05694094,50.77009647,203.8],[6.05683295,50.77003982,204.06],[6.05679362,50.77002516,204.2],[6.05629368,50.76987156,206.86],[6.05625202,50.76985556,207],[6.05589073,50.76968494,207.33],[6.0558544,50.76966428,207.4],[6.05561643,50.76950698,208.06],[6.05558443,50.76948365,208.2],[6.05530446,50.7692447,209.33],[6.0552818,50.76922504,209.4],[6.05522014,50.76916273,209.73],[6.05520148,50.7691404,209.86],[6.0551595,50.76906808,210.26],[6.05514484,50.76904575,210.4],[6.05512618,50.76902409,210.53],[6.05509885,50.76900843,210.6],[6.05506385,50.7689991,210.66],[6.05489188,50.76899576,210.93],[6.05484889,50.76899776,211],[6.05464226,50.76900973,211.06],[6.0546006,50.76901239,211.13],[6.05437028,50.76903802,211.46],[6.05432428,50.76904202,211.53],[6.05372102,50.76907995,213.6],[6.05367836,50.76908261,213.93],[6.05329975,50.76909088,217.2],[6.05325842,50.76909221,217.53],[6.05278949,50.76912116,219.4],[6.05274583,50.76912415,219.46],[6.0523362,50.76913876,220.13],[6.05227454,50.76914109,220.2],[6.05056768,50.76924327,219.86],[6.05049735,50.76924793,219.66],[6.04946542,50.76934881,216.86],[6.04945543,50.76935047,216.73],[6.04923345,50.76935679,216.26],[6.04917479,50.76935978,216.13],[6.04867581,50.76939374,215.46],[6.04859948,50.76940074,215.4],[6.04830017,50.76943205,215.13],[6.04822817,50.76944204,215.06],[6.04802884,50.76948703,215.2],[6.04796618,50.76949936,215.26],[6.04790519,50.76950002,215.33],[6.04767921,50.76945303,215.86],[6.04761955,50.76945037,216],[6.04699393,50.76947433,217.06],[6.0469426,50.76947699,217.13],[6.04683895,50.76948364,217.26],[6.04678695,50.7694913,217.4],[6.04668996,50.76952595,217.66],[6.04664163,50.76954594,217.8],[6.0465273,50.76957126,218.13],[6.04646264,50.76957626,218.33],[6.04639564,50.76957493,218.53],[6.04613033,50.76954195,219.26],[6.04606767,50.76953962,219.4],[6.04525474,50.76956722,219.13],[6.04518774,50.76956988,219],[6.04419951,50.7696378,219.06],[6.04414485,50.76964113,219.2],[6.04372823,50.76966142,219.53],[6.04369324,50.76966308,219.46],[6.04358393,50.76965944,219.26],[6.0435726,50.76965878,219.26],[6.04325396,50.76969308,219.73],[6.04319996,50.76969841,219.86],[6.04287399,50.76972004,220.53],[6.04281799,50.7697237,220.53],[6.04240137,50.76973533,220.4],[6.04233871,50.76973732,220.4],[6.04194774,50.76975695,220.26],[6.04187908,50.76976161,220.13],[6.04160344,50.76978659,219.6],[6.04153578,50.76979425,219.46],[6.04102082,50.76985954,218.4],[6.04095949,50.76986653,218.46],[6.04066118,50.76989151,219.53],[6.04060252,50.76989584,219.8],[6.03944863,50.76994441,220.93],[6.0393923,50.76994641,221],[6.03902401,50.76994907,222.33],[6.03896135,50.76994574,222.53],[6.03884036,50.76993641,222.93],[6.03878337,50.76993008,223.13],[6.03861772,50.76990509,223.46],[6.03856172,50.76989776,223.53],[6.03831075,50.76988047,223.2],[6.03826642,50.76987847,223.06],[6.0377608,50.76986984,220.53],[6.0376838,50.76986785,220.13],[6.03686452,50.76983224,215.33],[6.03675653,50.76982825,214.73],[6.0359269,50.76981294,210.93],[6.03580024,50.76980928,210.4],[6.03514426,50.76978063,208.33],[6.0350086,50.7697753,208],[6.03157739,50.76967506,200.26],[6.03145839,50.76967207,200.13],[6.03089874,50.76967173,200.13],[6.03079441,50.76967606,200.26],[6.03021578,50.76972803,201.26],[6.03012812,50.76974002,201.46],[6.03004546,50.76975635,201.73],[6.0299658,50.76977668,202],[6.0291135,50.7700133,203.13],[6.02903684,50.7700343,203.06],[6.0286652,50.77014594,202.13],[6.02858987,50.77016794,202],[6.02703762,50.77058853,200.93],[6.02695996,50.77061019,201],[6.02634133,50.77076182,201.4],[6.02626733,50.77077982,201.4],[6.02605235,50.7708388,201.4],[6.02598002,50.77085879,201.4],[6.02498444,50.77111004,201.73],[6.02490611,50.77113037,201.8],[6.02411482,50.77135531,201.33],[6.02403383,50.77137797,201.2],[6.02334253,50.77155127,200.26],[6.02325387,50.7715736,200.26],[6.02185827,50.77194284,198.86],[6.02177561,50.77196517,198.66],[6.02104067,50.77219179,197.26],[6.02096001,50.77221578,197.26],[6.02055504,50.77232675,197.26],[6.02047571,50.77234874,197.26],[6.02017506,50.77246172,197.73],[6.0200974,50.77248838,197.93],[6.02001541,50.77250971,198.06],[6.01992942,50.7725267,198.2],[6.01938711,50.77262399,198.53],[6.01929778,50.77264065,198.46],[6.01903812,50.7726993,198.26],[6.01895446,50.77272096,198.2],[6.01811484,50.7729489,197.06],[6.01802918,50.77297189,197.06],[6.01751554,50.77312085,197.46],[6.01743021,50.77314651,197.46],[6.01600497,50.77353642,195.86],[6.01591431,50.77356108,195.73],[6.01520733,50.77376239,194.26],[6.01512067,50.77378805,194.06],[6.01478168,50.77389636,193.26],[6.01469802,50.77392436,193],[6.01411604,50.77412566,191.73],[6.01403471,50.77415432,191.66],[6.01354808,50.77433128,191.66],[6.01346709,50.77436061,191.8],[6.01306912,50.77451524,192.86],[6.01299046,50.77454557,193.06],[6.01268448,50.77467221,194.13],[6.01260882,50.77470454,194.4],[6.01200287,50.77497017,195.2],[6.01192688,50.7750035,195.2],[6.01087497,50.77549445,194.6],[6.01080131,50.77552978,194.53],[6.01036701,50.77575041,194.2],[6.01029335,50.7757874,194.13],[6.00978172,50.77606203,193.2],[6.00970673,50.77610069,193],[6.00948808,50.77622267,192.33],[6.00941608,50.776264,192.06],[6.00878079,50.77663963,190.4],[6.0087098,50.77667963,190.2],[6.00841749,50.77683194,188.53],[6.00834283,50.77686993,188.06],[6.00796819,50.77707924,185.26],[6.0078892,50.77712323,184.6],[6.00774554,50.77721889,183.66],[6.00768188,50.77727022,183.2],[6.00762622,50.77732588,182.86],[6.0075079,50.77749887,182.46],[6.00745791,50.77754653,182.4],[6.00739591,50.77758219,182.33],[6.00732558,50.77760585,182.26],[6.00725125,50.77762051,182.33],[6.00717592,50.77763384,182.26],[6.00703026,50.7776775,182.4],[6.00695993,50.77770883,182.53],[6.0063443,50.7780508,182],[6.00625897,50.77810013,181.8],[6.005726,50.77842043,180.13],[6.00563067,50.77847742,179.73],[6.00471471,50.77901104,178.06],[6.00460672,50.7790737,177.8],[6.00154017,50.78083756,165.73],[6.00143151,50.78090089,165.06],[6.0010042,50.7811542,162.13],[6.00089787,50.78121619,161.39],[6.00037256,50.7815385,158.46],[6.00026423,50.7816015,158],[5.99851032,50.78259975,154.66],[5.99840832,50.78265875,154.66],[5.99740205,50.78326236,155.2],[5.99731872,50.78331236,155.13],[5.99675643,50.78363832,154.26],[5.99667843,50.78368298,154.13],[5.99601014,50.78408126,154.39],[5.99594014,50.78412359,154.6],[5.99549751,50.78434388,156.2],[5.99542651,50.78438387,156.39],[5.99383228,50.78530578,157],[5.99376628,50.78534344,157],[5.99331065,50.78561907,156.66],[5.99324399,50.78565907,156.66],[5.99243005,50.78613168,156.33],[5.99236372,50.78617101,156.26],[5.99188509,50.7864273,155.06],[5.99181976,50.78646496,154.86],[5.99130746,50.78677359,154.06],[5.9912428,50.78681225,154],[5.99051919,50.7872302,153.26],[5.99045653,50.78726753,153.2],[5.99020622,50.78742184,153.06],[5.99014256,50.78746084,153.13],[5.98996358,50.78758949,153.33],[5.98990092,50.78763248,153.39],[5.98956361,50.78783611,153.86],[5.98949595,50.78787644,154],[5.98755312,50.78900095,155.73],[5.98749079,50.78903628,155.73],[5.98693651,50.78936656,155.73],[5.98687285,50.78940389,155.8],[5.98614756,50.78981017,155.93],[5.9860809,50.7898485,155.93],[5.98562358,50.79012214,154.86],[5.98555858,50.79016047,154.6],[5.98468332,50.79066675,152.13],[5.98461466,50.79070708,152.06],[5.98440367,50.79082773,152.2],[5.98433267,50.79086773,152.26],[5.98403436,50.79102238,152.2],[5.9839577,50.79106304,152.2],[5.98341673,50.79137301,151.8],[5.98333707,50.791419,151.73],[5.98310308,50.79155865,151.13],[5.98302642,50.79160565,151.06],[5.98211883,50.7921756,148.06],[5.98204183,50.79222193,147.8],[5.98038296,50.79318251,141.86],[5.9803083,50.79322584,141.73],[5.98008331,50.79335216,141.73],[5.98000832,50.79339316,141.8],[5.97963335,50.79358846,141.8],[5.97956035,50.79362946,141.8],[5.97860241,50.79418505,139.6],[5.97852875,50.79422771,139.46],[5.97794913,50.794565,137.46],[5.97787947,50.79460666,137.13],[5.97754217,50.79482598,136.33],[5.97747217,50.79486864,136.2],[5.97689421,50.79519595,136.39],[5.97682321,50.79523728,136.53],[5.97598192,50.79574191,137.86],[5.97591059,50.79578424,138],[5.97449404,50.79660147,140.39],[5.97442505,50.7966418,140.33],[5.97435572,50.79668046,140.26],[5.97428539,50.79671846,140.2],[5.97406808,50.79682177,139.6],[5.97399808,50.7968571,139.6],[5.97339346,50.79719205,138.26],[5.9733268,50.79723071,138.13],[5.97287718,50.79749833,137.8],[5.97282252,50.79753232,137.8],[5.97278019,50.79756398,137.8],[5.97275686,50.79759531,137.8],[5.97275353,50.79762064,137.86],[5.97277319,50.79764263,137.93],[5.97278152,50.79764496,138],[5.97270086,50.7976373,138.06],[5.97267453,50.79763896,138.13],[5.97253822,50.79770228,138.46],[5.97249756,50.79772494,138.39],[5.97224726,50.79791758,138.13],[5.97219526,50.79795257,137.93],[5.97167597,50.79828452,136.2],[5.97161398,50.79832352,136],[5.97126733,50.7985285,134.66],[5.97119467,50.79857116,134.53],[5.96904347,50.79981639,131.26],[5.96896481,50.79986205,131.2],[5.9683265,50.80021168,130.73],[5.9682495,50.80025368,130.53],[5.96786552,50.80045432,129.46],[5.96779352,50.80049498,129.2],[5.96538102,50.80191313,126.33],[5.96531369,50.80195246,126.33],[5.9637301,50.80286466,124.33],[5.9636651,50.80290265,124.26],[5.96323446,50.80317228,124.86],[5.96317513,50.80321094,124.93],[5.96261851,50.80360855,125.93],[5.96256551,50.80364488,125.86],[5.96209587,50.80395516,125.66],[5.96204454,50.80398949,125.6],[5.96163757,50.80424412,124.86],[5.96159291,50.80427678,124.73],[5.96155558,50.80431144,124.6],[5.96152792,50.80434877,124.53],[5.96151326,50.80438843,124.46],[5.96150926,50.80446542,124.33],[5.9615006,50.80449775,124.26],[5.9614826,50.80452374,124.2],[5.96143162,50.8045654,124],[5.96140962,50.8045844,123.86],[5.96140162,50.80460506,123.8],[5.96140862,50.80462672,123.73],[5.96141762,50.80465038,123.66],[5.96141296,50.80467737,123.6],[5.9613883,50.8047037,123.53],[5.96134797,50.80472203,123.46],[5.96129997,50.80472636,123.4],[5.96108099,50.80467338,123.13],[5.96101633,50.80466772,123.06],[5.96095167,50.80467171,123.06],[5.96082902,50.80470603,123.2],[5.96077102,50.80473136,123.26],[5.96042037,50.80491299,123.4],[5.96036204,50.80494298,123.46],[5.96017873,50.8050303,123.93],[5.96011307,50.80506196,124.13],[5.95976776,50.80524527,124.46],[5.95969443,50.8052816,124.53],[5.95916848,50.80552256,124.53],[5.95909482,50.80555722,124.4],[5.9588145,50.80569821,124.06],[5.95874584,50.80573354,123.93],[5.95807623,50.8061145,123.8],[5.95800823,50.80615383,123.86],[5.95767292,50.80635714,124.26],[5.95760493,50.8063968,124.4],[5.95699731,50.80673677,125.2],[5.95692832,50.80677243,125.2],[5.95657933,50.80694373,125.4],[5.95651034,50.80697672,125.26],[5.95597604,50.80721633,124.13],[5.95590971,50.80724599,124.06],[5.95535309,50.8074713,123.06],[5.95528443,50.80749763,123],[5.95514444,50.80754729,122.86],[5.95507145,50.80757062,122.73],[5.95476881,50.80765594,122.06],[5.95469482,50.80767793,121.93],[5.95408587,50.8078659,122.06],[5.95402288,50.8078839,122.13],[5.9532853,50.80806884,122.86],[5.95326197,50.8080755,122.8],[5.95324231,50.80807883,122.73],[5.95322865,50.80807883,122.6],[5.95323098,50.80807317,122.4],[5.95324197,50.80806884,122.33],[5.95332929,50.80805352,122.13],[5.95337362,50.80804352,122.06],[5.95411389,50.80784191,122],[5.95418155,50.80782291,122],[5.95443621,50.80774327,122],[5.95448454,50.80772694,122],[5.95454587,50.80769862,122],[5.9545662,50.80769096,121.86],[5.95458053,50.80768963,121.8],[5.95458786,50.80770996,121.66],[5.9545782,50.80772962,121.6],[5.95455621,50.80775128,121.6],[5.95452188,50.80777328,121.6],[5.95447722,50.80779361,121.6],[5.95442489,50.80781294,121.6],[5.95411792,50.80790725,121.93],[5.95405493,50.80792524,122],[5.953034,50.80820583,121.4],[5.952963,50.80822816,121.46],[5.95154142,50.80868236,119.8],[5.95147109,50.80870536,119.8],[5.94974756,50.80928423,119.2],[5.94967923,50.80930789,119.06],[5.94833966,50.80972978,120],[5.948276,50.80974911,120],[5.94758373,50.80998304,120.46],[5.94751707,50.8100047,120.53],[5.9466788,50.81025961,121.86],[5.94661347,50.81027594,121.8],[5.94634016,50.8103326,121.6],[5.94626816,50.81034626,121.53],[5.94597019,50.81039191,121.4],[5.94589353,50.81040124,121.4],[5.94549556,50.81043489,122.2],[5.94541357,50.81043955,122.46],[5.94499959,50.81044653,123],[5.94491593,50.81044454,123],[5.94466761,50.81043422,122.66],[5.94458495,50.81042856,122.53],[5.94425597,50.81039591,121.86],[5.94417531,50.81038558,121.66],[5.94238209,50.81012234,117.13],[5.94230643,50.81011068,116.93],[5.94149149,50.81000007,117.46],[5.94141816,50.80999474,117.53],[5.94127284,50.80999042,117.66],[5.94120085,50.80999075,117.73],[5.94073023,50.81000972,117.66],[5.94066857,50.81001105,117.6],[5.94035727,50.8100004,117.46],[5.94029361,50.81000106,117.46],[5.94003362,50.81001437,117.53],[5.93996529,50.81001736,117.6],[5.939184,50.81003198,118],[5.93911234,50.81003297,118],[5.93842706,50.81002066,117.53],[5.93836073,50.810019,117.46],[5.93782877,50.81003196,117.4],[5.93776511,50.81003295,117.4],[5.93750746,50.81002663,117.4],[5.93744146,50.81002464,117.4],[5.93731813,50.81002929,117.13],[5.93726547,50.81003495,116.93],[5.93694984,50.8101069,114.2],[5.93690651,50.81011689,113.86],[5.93631522,50.81023452,112],[5.93621956,50.81025518,111.8],[5.93573524,50.81036983,111.26],[5.93563824,50.81039049,111.06],[5.93505827,50.81050045,109.86],[5.93496227,50.81051811,109.6],[5.93476762,50.81054544,109.06],[5.93467062,50.8105531,108.8],[5.93428598,50.81056208,107.66],[5.93419598,50.81056307,107.4],[5.93411499,50.81056706,107.13],[5.93404499,50.81057939,106.86],[5.93398966,50.81060238,106.6],[5.93395167,50.81063337,106.33],[5.93392967,50.81066937,106.13],[5.93391768,50.81070936,105.93],[5.93390704,50.81088701,105.46],[5.93390538,50.81093234,105.33],[5.93390903,50.81110933,105],[5.9339027,50.81115299,104.93],[5.93389071,50.81119632,104.86],[5.93387438,50.81123898,104.8],[5.93382306,50.81131997,104.6],[5.9337884,50.81135763,104.53],[5.93374774,50.81139396,104.46],[5.93364941,50.81146095,104.46],[5.93359375,50.81149294,104.46],[5.93275015,50.8118952,105.4],[5.93269749,50.81192086,105.46],[5.93247819,50.81203383,105.8],[5.9324362,50.81205549,105.86],[5.9322749,50.81215912,105.8],[5.93226757,50.81216211,105.73],[5.93228886,50.81215314,105.2],[5.93233885,50.81209915,105.13],[5.93250348,50.81199984,104.73],[5.93254081,50.81197851,104.66],[5.93364035,50.81144266,105.33],[5.93368201,50.811423,105.33],[5.93372134,50.81140167,105.33],[5.93375667,50.81137901,105.33],[5.93382033,50.81133036,105.4],[5.93384733,50.81130503,105.46],[5.93388765,50.81125204,105.6],[5.93389898,50.81122438,105.66],[5.93393363,50.81109307,106.33],[5.93393863,50.81106908,106.6],[5.93394595,50.81096409,107.66],[5.93394396,50.81093643,107.8],[5.93391698,50.81082078,108.33],[5.93391532,50.81079112,108.46],[5.93391598,50.8107328,108.73],[5.93391764,50.81070514,108.86],[5.93392829,50.81065515,109],[5.93393295,50.81063215,108.93],[5.93393262,50.81059383,108.8],[5.93392696,50.81057783,108.73],[5.93388764,50.81054783,108.6],[5.93385098,50.8105385,108.53],[5.93356402,50.81050487,107.73],[5.93351902,50.81049954,107.6],[5.93314473,50.81048425,107.06],[5.9331354,50.81048392,107.13],[5.93299774,50.81049624,107.4],[5.93294941,50.8104989,107.53],[5.93270909,50.81049558,107.93],[5.93264343,50.81049325,108],[5.93236912,50.81047227,108.26],[5.93229812,50.81046594,108.26],[5.93201214,50.81043363,108],[5.93194148,50.81042363,107.86],[5.93173349,50.81038964,107.53],[5.93166549,50.81037698,107.6],[5.93146484,50.81033333,107.73],[5.93140018,50.81031667,107.73],[5.93114587,50.81024469,107.73],[5.93108354,50.81022503,107.6],[5.93077223,50.81011806,106.4],[5.9307259,50.81011473,106.06],[5.92955133,50.8101973,104],[5.92948633,50.81020263,104],[5.92914335,50.8102466,104],[5.92906869,50.81025526,104],[5.92850508,50.8103089,104],[5.92842242,50.81031689,104],[5.92606321,50.81051374,103.8],[5.92598155,50.81052074,103.66],[5.92509363,50.81058566,102.13],[5.9250143,50.81059199,102],[5.92383207,50.81069622,101.46],[5.92375274,50.81070288,101.53],[5.92351376,50.81072086,101.73],[5.92343377,50.81072719,101.8],[5.92289014,50.81075381,102],[5.92281781,50.81075881,102],[5.92110225,50.81091735,102.66],[5.92102559,50.81092501,102.73],[5.9208716,50.81094367,103],[5.92079327,50.810956,103.13],[5.92039797,50.81102698,103.53],[5.92031564,50.81103798,103.6],[5.91874043,50.81120454,103.86],[5.9186571,50.81121387,103.8],[5.91782913,50.81131015,102.73],[5.91774714,50.81131981,102.53],[5.91656188,50.81146905,100.66],[5.91648755,50.81147838,100.6],[5.91553895,50.81160764,99.46],[5.91547162,50.81161664,99.4],[5.91503931,50.81167994,99],[5.91498665,50.81168827,99],[5.91477934,50.81173191,99],[5.91474268,50.81173757,99],[5.9144617,50.8117712,99],[5.91440671,50.81177819,99],[5.91429706,50.81179651,99],[5.9142414,50.81180884,99],[5.9139601,50.81188281,99],[5.91389977,50.81189447,99],[5.91294917,50.81204474,99.06],[5.91287584,50.81205574,99.06],[5.91244054,50.81211336,98.6],[5.91236854,50.81212402,98.53],[5.91201057,50.81218732,97.93],[5.91193891,50.81220132,97.8],[5.91179825,50.81223031,97.53],[5.91172825,50.81224564,97.46],[5.91129661,50.81235094,97.06],[5.91122328,50.81236893,97],[5.91042333,50.81258286,97],[5.91035233,50.81260319,97],[5.90980303,50.81277516,96.46],[5.90973437,50.81279716,96.4],[5.90904509,50.81303213,96.53],[5.9089771,50.81305546,96.66],[5.90850714,50.81320343,97.26],[5.90844248,50.81322476,97.33],[5.9083175,50.81327308,97.33],[5.90825651,50.81329874,97.4],[5.90801386,50.81341406,97.73],[5.90794953,50.81344206,97.86],[5.90707725,50.81379167,99.4],[5.90700926,50.813819,99.26],[5.90632567,50.81410494,97.6],[5.90625734,50.81413294,97.4],[5.90571872,50.81436824,97.06],[5.90565139,50.81439823,97.4],[5.90524411,50.81458587,99.4],[5.90517645,50.8146202,99.73],[5.90485514,50.8148075,100.93],[5.90479381,50.81484649,101.2],[5.90445318,50.81508946,99.93],[5.90440152,50.81513079,99.73],[5.90420387,50.8153021,98.53],[5.90415854,50.8153451,98.26],[5.90399357,50.81551942,97.2],[5.90395624,50.81556275,97.06],[5.90372695,50.81586571,95.4],[5.90369495,50.81590937,95.2],[5.90347865,50.816215,93.6],[5.90344799,50.81625733,93.4],[5.90331934,50.81642098,93.4],[5.90328568,50.81645898,93.4],[5.90317937,50.81657129,93.86],[5.90314337,50.81660862,94.06],[5.90294906,50.81679659,95.66],[5.90290806,50.81683525,96.06],[5.90282141,50.8169109,96.86],[5.90277708,50.81694756,97.06],[5.90258744,50.81708553,97.73],[5.90253678,50.81711786,97.86],[5.90220914,50.81729251,98.33],[5.90215181,50.81731817,98.26],[5.90197382,50.81738816,98.06],[5.90191249,50.81741016,98.13],[5.90165952,50.81748947,98],[5.90159319,50.8175068,97.86],[5.90145986,50.81753845,97.53],[5.9013922,50.81755278,97.33],[5.90118722,50.81758943,96.8],[5.90111923,50.81759943,96.66],[5.90098358,50.81761709,96.4],[5.90091725,50.81762409,96.26],[5.90053928,50.8176534,96.4],[5.90047729,50.8176584,96.53],[5.90030931,50.81768638,96.93],[5.90025998,50.81769037,97.06],[5.90020965,50.81768837,97.26],[5.90015665,50.81768171,97.46],[5.89997201,50.81765206,98.06],[5.89990568,50.8176404,98.26],[5.89936038,50.81750945,99.2],[5.89929172,50.81749279,99.2],[5.89888175,50.81738582,98.53],[5.89881409,50.81736783,98.4],[5.89818579,50.81717853,97.73],[5.89812913,50.81716187,97.8],[5.89807647,50.81714354,97.86],[5.89802914,50.81712188,97.93],[5.89794682,50.81707323,98.13],[5.89790449,50.8170509,98.13],[5.89771751,50.81697492,98.53],[5.89767085,50.81695493,98.66],[5.89753386,50.81688728,99.06],[5.89748553,50.81686562,99.26],[5.89733288,50.8168073,99.86],[5.89728222,50.81678731,100.06],[5.89646394,50.81648671,99.6],[5.89641028,50.81646738,99.46],[5.89586899,50.81628044,98.86],[5.89581433,50.81626178,98.93],[5.89550701,50.81614315,99.13],[5.89546035,50.81612516,99.13],[5.8951837,50.81603784,99.13],[5.89513804,50.81602218,99.13],[5.89447212,50.8157716,99.4],[5.89442579,50.81575361,99.53],[5.89415415,50.81563598,100.33],[5.89411049,50.81561899,100.46],[5.8940125,50.81559501,100.66],[5.89399817,50.81559435,100.66],[5.89363517,50.81544403,100.6],[5.89360084,50.8154307,100.53],[5.89246731,50.8150735,100],[5.89242831,50.81506217,100],[5.89229366,50.81503552,99.73],[5.89226666,50.81503086,99.66],[5.89224233,50.81502987,99.6],[5.89220135,50.81504285,99.33],[5.89219802,50.81504451,99.2],[5.8921457,50.81510116,98.93],[5.89212404,50.81511749,98.8],[5.89185775,50.81524979,98.13],[5.89182642,50.81527045,98.06],[5.89178443,50.81531544,98],[5.89177244,50.8153381,98],[5.89174146,50.81543275,98],[5.89174612,50.81546241,98],[5.89178378,50.81551674,98],[5.89181378,50.81554007,98],[5.89196875,50.81563039,98],[5.89199974,50.81565705,98],[5.89213105,50.81583635,98],[5.89215238,50.81586534,98],[5.892267,50.81603631,98],[5.89228766,50.81606464,98],[5.89235196,50.81617896,98],[5.89237229,50.81620495,98],[5.89239862,50.81622361,98],[5.89242695,50.81623161,98],[5.89258125,50.81623561,97.6],[5.89261391,50.81624327,97.46],[5.8927702,50.81631024,96.53],[5.89288286,50.81633557,96.4],[5.89296851,50.81639988,96],[5.8929935,50.81641721,96],[5.89305116,50.8164462,96],[5.89307515,50.8164602,96],[5.89309081,50.81647753,96],[5.8930958,50.81649719,96],[5.89307016,50.8165755,96.13],[5.8930655,50.81659116,96.2],[5.89298419,50.81668612,97],[5.89297953,50.81669245,97.13],[5.89298853,50.81664446,97.26],[5.89281422,50.81655715,97.86],[5.89278556,50.81653816,97.93],[5.89244794,50.81628455,98],[5.89242395,50.81626156,98],[5.89235897,50.81618858,98],[5.89233931,50.81616325,98],[5.89229033,50.81608627,98],[5.892274,50.81606094,98],[5.89209739,50.81573535,98],[5.8920804,50.81571202,98],[5.89203575,50.81566536,98],[5.89200742,50.8156427,98],[5.89190942,50.81558238,98],[5.89187343,50.81556605,98],[5.89180011,50.81554339,98],[5.89176312,50.81553806,98],[5.89166413,50.81553639,98],[5.89163247,50.81552939,98],[5.89156281,50.81550673,98],[5.89152148,50.81549474,98],[5.89133316,50.81545642,98],[5.8912865,50.81544542,98.06],[5.89110384,50.81538977,98.4],[5.89105884,50.81537411,98.53],[5.89097086,50.81534145,98.8],[5.8909292,50.81532412,99],[5.89077288,50.81524549,99.8],[5.89073389,50.8152255,100],[5.89041427,50.8150362,101],[5.89037661,50.81501854,101],[5.89029628,50.81498655,101],[5.89025529,50.81497289,101],[5.89005064,50.81491458,101.53],[5.89000898,50.81490692,101.66],[5.88988299,50.81489594,102.13],[5.88983933,50.81489627,102.33],[5.88933706,50.81494119,104.4],[5.88929707,50.81494418,104.53],[5.88891246,50.81496013,104.86],[5.8888748,50.81496279,104.86],[5.88880848,50.81497311,104.86],[5.88878248,50.81498311,104.53],[5.88876715,50.81499744,104.2],[5.88876316,50.8150131,103.93],[5.88876982,50.81502809,103.66],[5.88878481,50.81504142,103.33],[5.88880414,50.81505108,103],[5.88882313,50.81505474,102.66],[5.88889776,50.81503677,100.86],[5.88890809,50.81503477,100.46],[5.88832443,50.81456911,100.06],[5.88832809,50.81455212,100],[5.88837941,50.81448646,99.8],[5.88840707,50.81446047,99.73],[5.888702,50.81420319,99.13],[5.888728,50.81418586,99.2],[5.88879365,50.81415554,99.33],[5.88883365,50.81414088,99.4],[5.88899662,50.8140909,99.86],[5.88900861,50.81408857,99.93],[5.88912027,50.81404324,100],[5.88915493,50.81403358,100],[5.88925325,50.81402991,100.2],[5.88931391,50.8140359,100.33],[5.88952156,50.81408089,100.73],[5.88959556,50.81409989,100.86],[5.89033384,50.81433585,101.06],[5.89040617,50.81435785,100.93],[5.89068748,50.81443848,100.4],[5.89075481,50.81445714,100.26],[5.89119345,50.81456777,99.93],[5.89125611,50.81458343,99.93],[5.89187108,50.8147624,99.93],[5.89194007,50.81478273,99.93],[5.89236137,50.81493802,99.53],[5.89241003,50.81494968,99.46],[5.89249068,50.81494635,99.33],[5.89252034,50.81493235,99.26],[5.89290126,50.81468675,99.93],[5.89301059,50.81463075,100],[5.89301959,50.81461509,100],[5.89303625,50.81460043,100],[5.89337521,50.81439282,100.33],[5.89341487,50.81437183,100.4],[5.89345553,50.8143545,100.6],[5.89349719,50.81434484,100.6],[5.89358451,50.81434884,100.6],[5.89362917,50.81435883,100.6],[5.89380481,50.81442648,100.86],[5.89384814,50.81444681,100.8],[5.89396913,50.81451847,100.6],[5.89400879,50.8145458,100.53],[5.89429376,50.81476409,100.13],[5.89433342,50.81479575,100.06],[5.89477436,50.81516203,99],[5.89479235,50.81518002,99],[5.89480833,50.81520601,99],[5.89481099,50.81521834,99],[5.89480999,50.81526732,99],[5.89480433,50.81528698,99],[5.894795,50.81530764,99],[5.89477934,50.81532864,99],[5.89474102,50.81537097,99],[5.89472569,50.8153933,99.06],[5.89469537,50.81545962,99.26],[5.89470103,50.81547995,99.33],[5.89476068,50.8155176,99.53],[5.89478068,50.81552726,99.6],[5.89485266,50.81555258,99.66],[5.89485799,50.81555491,99.66],[5.89512432,50.81575157,99.6],[5.89514732,50.81578623,99.53],[5.89513033,50.81585489,99.46],[5.895112,50.81587022,99.4],[5.89508634,50.81588688,99.33],[5.89505301,50.81590354,99.26],[5.89496469,50.81591986,99.13],[5.89491469,50.81591453,99.06],[5.89475538,50.81586455,99.13],[5.89470038,50.81584356,99.2],[5.89436576,50.81570057,99.86],[5.89430843,50.81567824,100],[5.89279889,50.81518139,100],[5.89274256,50.81516306,100],[5.89197529,50.81489679,100],[5.89191029,50.81487413,100],[5.89056274,50.81445725,101.06],[5.89049975,50.81443726,100.93],[5.8894725,50.81415402,100],[5.88943284,50.81414203,99.93],[5.88927919,50.81410839,99.66],[5.8892442,50.81410273,99.6],[5.88900326,50.81406615,98.53],[5.88900193,50.81406582,98.46],[5.88893028,50.81406248,98.46],[5.88889629,50.81405448,98.46],[5.8887773,50.81402349,98.53],[5.88873564,50.81401183,98.66],[5.88857866,50.81395518,99.2],[5.88853866,50.81394218,99.33],[5.88833003,50.81388188,100.26],[5.88828803,50.81387055,100.46],[5.88660228,50.8134441,105.2],[5.88657328,50.81343744,105.4],[5.88645964,50.81339913,106.06],[5.88643065,50.81339113,106.33],[5.88620068,50.81334117,108.13],[5.88616635,50.81333384,108.33],[5.88592105,50.81326987,108.66],[5.88588406,50.81326021,108.6],[5.88554746,50.8131836,108.26],[5.88551013,50.81317461,108.46],[5.88422233,50.8128508,115.4],[5.88417567,50.81283914,115.6],[5.87995519,50.81176225,125.4],[5.87991086,50.81175159,125.46],[5.87920695,50.811558,124.73],[5.87916729,50.81154767,124.66],[5.87647899,50.81086797,135.46],[5.87643866,50.81085831,135.73],[5.87504016,50.81057777,144.53],[5.87500083,50.81057077,144.93],[5.87459155,50.81050815,150],[5.87455022,50.81050182,150.39],[5.87420992,50.81046219,153.2],[5.87416826,50.81045819,153.39],[5.87351502,50.81042926,150.26],[5.87347336,50.81042726,149.93],[5.87318007,50.81042495,149.26],[5.87313741,50.81042495,149.39],[5.87252715,50.81044719,152],[5.87248782,50.81044852,152.13],[5.87182692,50.81048742,153.06],[5.87178759,50.81049075,153.13],[5.87134165,50.81053435,153.86],[5.87130199,50.81053868,153.93],[5.87062577,50.81063492,154.06],[5.87058911,50.81064091,154.26],[5.87019116,50.81072619,156.33],[5.87015483,50.81073485,156.46],[5.8697369,50.81085012,157.6],[5.86970191,50.81086011,157.8],[5.8692243,50.8110097,160],[5.86919164,50.81102036,160],[5.86890369,50.81112597,161],[5.86887136,50.8111383,161.2],[5.86825644,50.81139654,164],[5.86822645,50.81140853,164.2],[5.86759025,50.81169479,165.8],[5.86756026,50.81170812,165.93],[5.86708501,50.81190071,167.26],[5.86705035,50.81191437,167.4],[5.86662744,50.81207066,168.86],[5.86658311,50.81208632,169.06],[5.86610351,50.8122466,171.13],[5.86605952,50.81226193,171.4],[5.86574589,50.81235891,172.46],[5.86570289,50.8123709,172.46],[5.86526027,50.81248717,172.46],[5.86521361,50.8124985,172.46],[5.86445436,50.81267209,172.73],[5.86441336,50.81268042,172.8],[5.86384474,50.81277401,174.46],[5.86379741,50.812781,174.66],[5.86188826,50.81304213,178.46],[5.86184126,50.81304912,178.66],[5.86144963,50.81309541,179.33],[5.86139597,50.8131024,179.33],[5.8607587,50.81320303,178.93],[5.86069871,50.81321236,179.06],[5.86051939,50.81323101,179.26],[5.8604574,50.81323801,179.33],[5.86003743,50.81329897,179.8],[5.85998077,50.81330697,179.86],[5.85913783,50.81341588,179.13],[5.8590755,50.81342388,179.06],[5.8579136,50.81358911,179.4],[5.85785261,50.81359777,179.46],[5.8574223,50.81365406,179.93],[5.8573583,50.81366139,180.06],[5.85710332,50.81367503,180.33],[5.85704099,50.81367969,180.46],[5.8566397,50.81373099,181.4],[5.85658337,50.81373798,181.53],[5.85565175,50.81387023,180.26],[5.85559476,50.81387956,180.2],[5.85532178,50.8139452,180],[5.85526745,50.81395719,180],[5.85499281,50.81400451,180],[5.85493682,50.8140135,180],[5.85298364,50.81428035,180.6],[5.85292464,50.81428968,180.66],[5.85263366,50.81431299,181.06],[5.85257867,50.81431932,181.13],[5.85174174,50.81444158,181.6],[5.85167941,50.81445024,181.6],[5.85130712,50.81452087,181.53],[5.85124346,50.8145312,181.46],[5.84858769,50.81490262,179.13],[5.84853336,50.81491028,179.06],[5.84818473,50.81496592,179.46],[5.8481234,50.81497491,179.6],[5.84776376,50.81502056,180.13],[5.84770177,50.81502956,180.26],[5.84656717,50.81521581,181],[5.84650418,50.8152258,180.93],[5.84613655,50.81527344,180.53],[5.84607855,50.81528177,180.46],[5.8458459,50.81532141,179.8],[5.84578824,50.81533007,179.6],[5.84468834,50.81547299,178],[5.84462834,50.81548099,178],[5.84349011,50.81561722,176.6],[5.84343545,50.81562321,176.53],[5.84302716,50.81568651,176.06],[5.8429625,50.81569651,176],[5.84203359,50.81582111,176.4],[5.84197493,50.81582944,176.46],[5.84145398,50.81591039,176.4],[5.84139732,50.81591872,176.33],[5.84117035,50.81594403,175.8],[5.84111436,50.81595069,175.6],[5.84106236,50.81596002,175.4],[5.8410197,50.81597635,175.2],[5.84099404,50.81599868,175.06],[5.84099005,50.81602701,175],[5.84100871,50.81605867,174.93],[5.8410847,50.81612999,174.66],[5.8411247,50.81616832,174.6],[5.84115636,50.81620865,174.53],[5.84117069,50.81624964,174.46],[5.8411557,50.81628864,174.46],[5.8411137,50.81632164,174.46],[5.84105504,50.81634664,174.46],[5.84098571,50.81636497,174.46],[5.84091105,50.81637863,174.6],[5.84015442,50.81647125,175.26],[5.84008209,50.81647958,175.26],[5.83940915,50.81654986,175.6],[5.83934782,50.81655419,175.66],[5.83897485,50.81656982,175.86],[5.83891186,50.81657215,175.8],[5.83836023,50.81657016,175.2],[5.83829057,50.8165695,175.13],[5.83788093,50.81657647,174.86],[5.83781427,50.81657813,174.8],[5.83748529,50.81661443,174.46],[5.83741763,50.81661542,174.33],[5.83735297,50.81660743,174.2],[5.83729531,50.81659143,174.06],[5.83719465,50.81655044,173.8],[5.83713899,50.81653644,173.66],[5.83707833,50.81653011,173.53],[5.83701267,50.81653011,173.46],[5.83686868,50.81654144,173.33],[5.83679268,50.81654877,173.26],[5.83632071,50.8166074,173],[5.83624138,50.81661639,173],[5.8351288,50.81677965,172.4],[5.83506547,50.81679131,172.4],[5.83500481,50.81680764,172.4],[5.83495048,50.8168293,172.46],[5.83486549,50.81689029,172.66],[5.8348285,50.81692495,172.8],[5.83478317,50.81695361,172.93],[5.83473051,50.8169736,173.06],[5.83467318,50.81698359,173.26],[5.83461885,50.81698226,173.46],[5.8345172,50.81695427,173.8],[5.83446021,50.81694327,173.93],[5.83439688,50.81693961,174.06],[5.83433055,50.81693994,174.2],[5.8340479,50.81696025,174.53],[5.83397591,50.81696558,174.46],[5.83333029,50.81702921,173.13],[5.83324596,50.8170402,172.93],[5.83290232,50.81709451,172.2],[5.83281666,50.81710684,172.13],[5.83167271,50.81725979,171.73],[5.83158405,50.81727112,171.66],[5.8304161,50.8174404,171],[5.83032544,50.81745306,171],[5.8290475,50.81761732,169.8],[5.82895717,50.81762965,169.66],[5.82860453,50.81769263,169.53],[5.82851654,50.81770696,169.53],[5.82774858,50.81782057,169.2],[5.82766692,50.81783323,169.13],[5.82623169,50.81803484,168.73],[5.82616003,50.81804484,168.8],[5.82513875,50.81817175,170.86],[5.82507842,50.81817908,170.93],[5.8248441,50.81822006,171.06],[5.82478577,50.81823072,171.13],[5.8242325,50.81830866,171.73],[5.82417351,50.81831699,171.8],[5.82359222,50.81841093,172.46],[5.82353422,50.81841959,172.53],[5.82312557,50.81847155,173],[5.82306691,50.81847955,173],[5.81974825,50.81895127,174.86],[5.81972092,50.81895593,174.86],[5.81966093,50.81896892,174.86],[5.81962493,50.81897692,174.86],[5.81954994,50.81900891,174.93],[5.81950828,50.81902691,175],[5.81940895,50.81905523,175],[5.81935829,50.81906623,175],[5.818954,50.81912352,175.33],[5.81890267,50.81913185,175.4],[5.81843772,50.81921813,176],[5.81839139,50.81922646,176],[5.81816274,50.81929045,175.73],[5.81811441,50.81930245,175.66],[5.81741482,50.81945139,175],[5.81736716,50.81946505,175.06],[5.8173245,50.81948271,175.13],[5.8172895,50.81950404,175.2],[5.81726417,50.8195287,175.26],[5.81724651,50.81955636,175.26],[5.81721119,50.81965001,175.26],[5.81720386,50.819684,175.26],[5.8171992,50.81979166,175.26],[5.81719887,50.81982532,175.26],[5.81719554,50.81985265,175.26],[5.81718421,50.81987065,175.26],[5.81716755,50.81987864,175.2],[5.81715756,50.81987531,175.13],[5.8171569,50.81986365,175.06],[5.81719755,50.81979334,175],[5.81721154,50.81976101,175],[5.81726053,50.81958969,175.26],[5.81727319,50.81955603,175.33],[5.81729085,50.81952303,175.4],[5.81731685,50.81949404,175.46],[5.81735318,50.81947138,175.53],[5.81739617,50.81945405,175.6],[5.81748983,50.8194264,175.73],[5.81753882,50.8194154,175.8],[5.81792177,50.81933511,176],[5.8179581,50.81932778,176],[5.81803242,50.81931879,176],[5.81806908,50.81931313,176],[5.81847867,50.81920587,175.13],[5.81848466,50.81920388,175],[5.81888165,50.81915222,174.86],[5.81932128,50.81907959,174.33],[5.81937994,50.81906826,174.33],[5.81943027,50.81905593,174.33],[5.81947093,50.8190446,174.33],[5.81952025,50.81901661,174.33],[5.81952291,50.81900162,174.4],[5.81951058,50.81899162,174.46],[5.81948659,50.81898796,174.53],[5.81936494,50.81899594,174.73],[5.81931495,50.81900193,174.8],[5.81850234,50.81912784,175.73],[5.81845235,50.8191365,175.73],[5.81821271,50.81916747,175.4],[5.81816638,50.81917413,175.33],[5.81798007,50.81921278,175.06],[5.81793241,50.81922211,175],[5.81768009,50.81926276,174.73],[5.81762843,50.81927075,174.66],[5.81736044,50.81930372,174.33],[5.81730578,50.81931138,174.26],[5.81676284,50.81940266,173.86],[5.81670651,50.81941132,173.8],[5.81597854,50.81950494,172.73],[5.81591388,50.8195136,172.73],[5.81396302,50.81979349,168.33],[5.81388936,50.81980415,168.13],[5.81290676,50.81993474,166.26],[5.81283177,50.81994474,166.13],[5.8120245,50.8200647,164.66],[5.81195084,50.8200757,164.46],[5.80869474,50.82052084,157.39],[5.80861474,50.82053184,157.13],[5.80617121,50.82087904,152.26],[5.80608855,50.8208907,152.06],[5.80439002,50.82114226,151.93],[5.80431136,50.82115359,151.93],[5.80235483,50.82141841,148.46],[5.80228617,50.82142774,148.33],[5.79892265,50.82191759,143.73],[5.79883765,50.82192959,143.6],[5.79833768,50.82199289,143.13],[5.79825802,50.82200355,143.06],[5.79777571,50.82207486,143],[5.79768772,50.82208819,143],[5.79701276,50.82217716,142.86],[5.7969111,50.82219082,142.8],[5.79377591,50.82263072,136.93],[5.79366292,50.82264605,136.66],[5.79284196,50.82273136,134.6],[5.7927233,50.82274802,134.26],[5.79236865,50.82279867,133.33],[5.79224999,50.82281767,133],[5.79189901,50.82288365,132.06],[5.79178168,50.82290531,131.8],[5.79142536,50.82296363,131.13],[5.7913067,50.82298129,130.8],[5.78931045,50.82326251,128.46],[5.78919179,50.82327917,128.46],[5.78849314,50.82338781,128.13],[5.78837681,50.82340514,128],[5.78603257,50.82373736,124.13],[5.78591724,50.82375402,123.93],[5.78525194,50.82384133,123.4],[5.78514695,50.82385433,123.33],[5.78220745,50.8242665,125.06],[5.78213612,50.82427616,124.93],[5.78178582,50.82431347,124.26],[5.78171716,50.82432046,124.2],[5.78144785,50.82435711,124.2],[5.78138119,50.82436577,124.26],[5.78045891,50.82450371,126.33],[5.78039091,50.8245137,126.46],[5.77894103,50.82471057,134.2],[5.7788697,50.82472057,134.39],[5.77665824,50.82504274,133.6],[5.77659424,50.82505173,133.6],[5.77457174,50.8253089,132.46],[5.77450508,50.82531789,132.53],[5.77437042,50.82533888,132.66],[5.77430376,50.82535054,132.73],[5.77383247,50.82544418,133.53],[5.77376281,50.82545518,133.66],[5.77265021,50.82561443,134.6],[5.77258288,50.82562376,134.53],[5.77176128,50.82572969,132.8],[5.77170228,50.82573769,132.66],[5.77022907,50.82594356,132.73],[5.77017007,50.82595122,132.8],[5.76963811,50.82603918,132.6],[5.76957611,50.82604884,132.53],[5.76861083,50.82618511,132.8],[5.76853184,50.82619644,132.93],[5.76837818,50.82622077,133.26],[5.76830285,50.82623576,133.46],[5.76801421,50.82630775,133.93],[5.76793788,50.82631974,134],[5.76786022,50.8263284,134.06],[5.76778089,50.82633206,134.13],[5.76746525,50.82633671,134.2],[5.76739325,50.82634504,134.13],[5.76697895,50.82640401,133.53],[5.76691029,50.82641401,133.46],[5.76649466,50.82649431,133.06],[5.766425,50.82650564,133.06],[5.76581272,50.82657226,133],[5.76574639,50.82658026,133],[5.76513544,50.82666488,132.8],[5.76506611,50.82667521,132.8],[5.76451083,50.82678084,132.86],[5.76444217,50.82679484,132.93],[5.76392254,50.82691514,132.93],[5.76386121,50.8269308,132.93],[5.7636289,50.82700911,133.13],[5.76357157,50.82702844,133.2],[5.7630833,50.82715074,134.13],[5.76302297,50.82716873,134.26],[5.76278399,50.8272477,134.46],[5.76272466,50.82726836,134.46],[5.76254934,50.82733635,134.53],[5.76249068,50.82735934,134.53],[5.76214439,50.82750498,134.13],[5.76208773,50.82752998,134.06],[5.76169778,50.82772061,133.66],[5.76164445,50.82775061,133.66],[5.76118051,50.82804124,133.53],[5.76112718,50.82807623,133.6],[5.7609142,50.82822088,133.86],[5.76086154,50.82825754,133.93],[5.76065989,50.82840518,134.06],[5.76061156,50.82844251,134.13],[5.76025226,50.82875015,134.39],[5.76020993,50.82878814,134.26],[5.75967433,50.82932943,132.39],[5.75963567,50.82936976,132.26],[5.75940602,50.8296344,131.8],[5.75936469,50.82968006,131.73],[5.7590554,50.83000269,130.86],[5.75900974,50.83005068,130.73],[5.75865144,50.83044464,129.13],[5.75860811,50.83049297,129],[5.7583298,50.83078027,128.26],[5.75828714,50.83082893,128.2],[5.75824948,50.83087726,128.13],[5.75822415,50.83092726,128],[5.75819884,50.83107591,127.73],[5.75817585,50.83112157,127.66],[5.75813552,50.83116057,127.53],[5.75795353,50.83125056,127.33],[5.75789853,50.83128855,127.26],[5.75779887,50.83137354,127.13],[5.75774921,50.83141954,127],[5.7574929,50.83167218,126.13],[5.75744024,50.83172684,125.93],[5.75682895,50.83239845,122.26],[5.75676862,50.83246378,121.93],[5.75543575,50.83388434,114],[5.75536809,50.833955,114],[5.75475114,50.83462394,114.26],[5.75468148,50.8346986,114.4],[5.7536802,50.83575452,110.86],[5.75360887,50.83583051,109.93],[5.75326856,50.83621648,105.6],[5.75320057,50.83629314,104.8],[5.75262095,50.83690543,98.13],[5.75254762,50.83698309,97.46],[5.75195733,50.83762071,93.26],[5.75188167,50.83770137,92.8],[5.75130669,50.838338,89.4],[5.75123536,50.83841466,88.86],[5.75041244,50.83928293,82.13],[5.75033544,50.83936292,81.73],[5.75001646,50.83967656,80.8],[5.74993113,50.83975322,80.66],[5.74965615,50.83997154,80.33],[5.74956249,50.84004153,80.19],[5.74908785,50.84037316,78.53],[5.74899152,50.84043582,78.06],[5.74859455,50.84067279,76.13],[5.74849289,50.84072945,75.66],[5.74796958,50.84100109,72.66],[5.74786058,50.84105309,72.13],[5.74763492,50.84115174,71.33],[5.74751759,50.8411984,71],[5.74715728,50.84133239,70],[5.74703395,50.84137472,69.6],[5.7464013,50.84156503,67.86],[5.7462723,50.84160236,67.6],[5.74574865,50.84173867,66.8],[5.74561599,50.84176833,66.6],[5.74521634,50.84184631,66.19],[5.74508268,50.84186897,66.06],[5.74453904,50.84194761,65.4],[5.74440238,50.84196427,65.26],[5.74348974,50.8420549,63.86],[5.74336808,50.84206689,63.66],[5.74196549,50.8421915,63.26],[5.74186883,50.84220183,63.2],[5.74160618,50.84225581,62.8],[5.74152585,50.84227381,62.6],[5.74136752,50.84229847,62.2],[5.74128819,50.84230746,62],[5.74105587,50.84232577,61.53],[5.74098254,50.84233043,61.4],[5.74055656,50.84234941,60.86],[5.74048023,50.84235874,60.8],[5.74032524,50.8423924,60.6],[5.74024925,50.84241373,60.46],[5.7395943,50.84262835,59.73],[5.73952064,50.84265201,59.86],[5.73928865,50.84270533,60.33],[5.73920866,50.84271499,60.6],[5.73912767,50.84271832,60.86],[5.73904634,50.84271732,61.2],[5.73896735,50.84270999,61.53],[5.73889002,50.84269766,61.86],[5.73833938,50.8425727,63.33],[5.73825772,50.84256204,63.33],[5.73817639,50.84255605,63.2],[5.73809473,50.84255472,63],[5.73776909,50.84256304,62.06],[5.73768776,50.84256937,61.73],[5.73687182,50.84266132,59.6],[5.73678882,50.84266998,59.6],[5.73513955,50.84282687,59.66],[5.73504422,50.84283587,59.6],[5.73395662,50.84293514,59.2],[5.73386696,50.8429428,59.26],[5.73350898,50.84296544,59.46],[5.73341898,50.8429721,59.46],[5.73271669,50.84303106,59.33],[5.73263236,50.84303739,59.26],[5.73246937,50.84305571,59.13],[5.73239604,50.84306704,59.06],[5.73221039,50.84310303,59],[5.73219673,50.84310602,59],[5.73191243,50.84313565,58.73],[5.73185044,50.84314131,58.6],[5.73151446,50.84314265,57.93],[5.7314398,50.84314531,57.8],[5.73095983,50.84318229,56.66],[5.73087717,50.84318995,56.6],[5.72992923,50.84329123,56.46],[5.7298399,50.84330089,56.46],[5.72921726,50.84337986,56.2],[5.72913093,50.84339019,56.06],[5.72844998,50.84345181,55.13],[5.72838132,50.8434578,55.06],[5.72690241,50.84361069,55.06],[5.72682075,50.84361935,55],[5.72640911,50.84365566,54.86],[5.72632878,50.84366266,54.8],[5.72617179,50.84368699,54.53],[5.72609513,50.84370232,54.4],[5.72563382,50.84380329,53.6],[5.72555583,50.84381795,53.46],[5.72531584,50.84384793,53.13],[5.72523418,50.84385593,53.06],[5.72288669,50.84406477,54],[5.72281203,50.84407143,54.06],[5.72169278,50.84418534,55],[5.72161778,50.84419267,54.93],[5.72111314,50.84423196,54.4],[5.72104781,50.84423696,54.26],[5.72052453,50.84430759,54.33],[5.7204742,50.84431292,54.53],[5.72043054,50.84430959,54.73],[5.72035956,50.84428527,55.2],[5.72031923,50.84427561,55.53],[5.7202729,50.84427395,55.86],[5.72022324,50.84427761,56.13],[5.72006259,50.84430126,56.8],[5.72000493,50.84431192,56.73],[5.71947697,50.84442923,55.33],[5.71940164,50.84444422,55.06],[5.719091,50.84448954,54.2],[5.71902834,50.84449953,54],[5.71895634,50.84451619,54],[5.71894268,50.84451819,54],[5.71890035,50.84454785,54],[5.71889569,50.84456318,54],[5.71891032,50.84486514,53.2],[5.71890899,50.84490314,53.06],[5.71889433,50.84493447,52.86],[5.71886867,50.8449538,52.66],[5.71884267,50.84496013,52.46],[5.71882267,50.8449518,52.26],[5.71880768,50.84493214,52.06],[5.71878669,50.84486948,51.66],[5.71877869,50.84483148,51.46],[5.7187474,50.84458284,51.46],[5.71874141,50.84454151,51.46],[5.71873842,50.84441686,51.8],[5.71873576,50.84437486,51.93],[5.71871977,50.8443382,52.06],[5.71868677,50.84431154,52.2],[5.71864344,50.84429621,52.33],[5.71859611,50.84428821,52.46],[5.71854945,50.84428255,52.53],[5.71850246,50.84427889,52.6],[5.71831981,50.84428122,52.86],[5.71827081,50.84428122,52.93],[5.71781084,50.84426425,53.2],[5.71776218,50.84426825,53.26],[5.71763654,50.84430124,53.46],[5.71760088,50.84431857,53.46],[5.7175119,50.84438589,53.46],[5.71748157,50.84440789,53.4],[5.71733225,50.8444852,53.06],[5.71728826,50.84450219,52.86],[5.7171936,50.84453384,52.46],[5.71714427,50.8445495,52.26],[5.71692862,50.84458814,51.6],[5.71687262,50.84459347,51.46],[5.71653266,50.84460877,51.46],[5.716476,50.84461043,51.6],[5.71615837,50.84459978,52.4],[5.71610537,50.84459745,52.53],[5.71605437,50.84459312,52.66],[5.71600771,50.84458513,52.8],[5.7158504,50.84453648,53.26],[5.71582274,50.84452248,53.33],[5.71580241,50.84450649,53.4],[5.71578975,50.84448783,53.46],[5.71578842,50.84441551,53.66],[5.71579608,50.84438852,53.73],[5.71581806,50.8443332,53.66],[5.71583239,50.84430554,53.53],[5.71592436,50.84416956,52.6],[5.71594235,50.84413956,52.46],[5.715984,50.84404658,52.06],[5.71599133,50.84401525,51.93],[5.71604428,50.84371098,53.2],[5.71604627,50.84368165,53.4],[5.71602396,50.84350734,54.86],[5.71601797,50.84347768,55.13],[5.71594666,50.84327104,55.86],[5.71593366,50.84324038,55.93],[5.71580202,50.84299109,56.06],[5.71578236,50.8429591,56.06],[5.71565573,50.8428048,55.86],[5.71562574,50.84277347,55.8],[5.71552075,50.84268149,55.6],[5.71548409,50.84265016,55.53],[5.71531677,50.84251818,55.26],[5.71527177,50.84248419,55.2],[5.71503879,50.84231821,54.66],[5.71499313,50.84228688,54.6],[5.71476482,50.8421439,53.93],[5.71472249,50.84211924,53.8],[5.71467716,50.84209825,53.66],[5.7146285,50.84208025,53.46],[5.71452684,50.84205259,53.26],[5.71447984,50.84203693,53.2],[5.71439418,50.84200128,53.06],[5.71435419,50.84198362,53],[5.7140439,50.84179833,53.6],[5.7140009,50.84177167,53.8],[5.71391991,50.84171701,54.06],[5.71388625,50.84168768,54.13],[5.71378294,50.84153471,54.86],[5.71375428,50.84150638,55.06],[5.71354564,50.84135175,55.06],[5.71350965,50.84132642,55.06],[5.71316202,50.84111347,54.86],[5.71312203,50.84109147,54.86],[5.71274675,50.84091019,55],[5.71270276,50.84089086,55],[5.7123178,50.84075922,55],[5.71226847,50.84074356,55],[5.71201816,50.84067592,55],[5.71196883,50.84066393,55],[5.71171118,50.84061296,54.93],[5.71166119,50.84060397,54.86],[5.71125289,50.84054334,54.06],[5.71120156,50.84053568,53.93],[5.71104724,50.84051804,53.73],[5.71099458,50.84051371,53.66],[5.71058929,50.84048809,54.13],[5.71053963,50.8404851,54.26],[5.71035931,50.84044645,54.66],[5.71031565,50.84044512,54.73],[5.71014668,50.84048577,54.73],[5.71010135,50.8404951,54.66],[5.7100257,50.84050208,54.6],[5.71000537,50.84050009,54.6],[5.71015068,50.84049577,54.8],[5.71019301,50.84048678,54.86],[5.71022634,50.84047245,54.93],[5.71024634,50.84045445,55],[5.71024834,50.84043746,55.06],[5.71022834,50.84042613,55.13],[5.71019268,50.84042047,55.06],[5.70973238,50.84040685,53.93],[5.70966272,50.84040452,53.73],[5.70936308,50.84037589,53.13],[5.70928709,50.84036789,53],[5.70900578,50.84036224,53],[5.70894212,50.8403649,53],[5.70840352,50.84040887,53],[5.70836153,50.84041553,53],[5.70832753,50.84042619,53],[5.70826088,50.84047251,53],[5.70823322,50.84048851,53],[5.70819789,50.8405005,53],[5.70815656,50.84050916,53],[5.70756661,50.84055977,52.93],[5.70751395,50.8405651,52.86],[5.70670735,50.84066237,52.33],[5.70665602,50.84066703,52.4],[5.70655803,50.84065937,52.53],[5.70651303,50.84064704,52.6],[5.7064287,50.84061105,53.13],[5.70638804,50.84059272,53.4],[5.70630238,50.84056573,53.93],[5.70625872,50.84056207,54.2],[5.70617606,50.84057706,54.86],[5.7061364,50.84059039,55.2],[5.70604675,50.84063204,56.06],[5.70602809,50.84064137,56.33],[5.70597477,50.84065803,56.86],[5.70593711,50.84066369,57.06],[5.70589478,50.84066169,57.26],[5.70584978,50.8406527,57.46],[5.70574646,50.84062504,57.86],[5.70568713,50.84061471,58],[5.70562447,50.84060938,58],[5.70549681,50.84061737,58],[5.70543548,50.8406267,58],[5.70467956,50.84079729,59.33],[5.70463457,50.84080795,59.46],[5.70417694,50.84087722,60.26],[5.70413294,50.84088388,60.2],[5.70391631,50.84092785,59.86],[5.70387065,50.84093618,59.6],[5.70301805,50.8411481,53.8],[5.70296172,50.84116176,53.73],[5.70239744,50.84128803,56.86],[5.70234311,50.84130036,57.33],[5.70144617,50.8415166,57.33],[5.70139418,50.84152993,56.8],[5.70078655,50.84165187,51.93],[5.70074222,50.84165987,51.66],[5.70016761,50.84178583,51.33],[5.70011161,50.84179782,51.33],[5.69965132,50.84191046,51.33],[5.69959332,50.84192446,51.33],[5.69824044,50.84223769,54.53],[5.69817778,50.84225335,54.66],[5.69792748,50.84232567,54.66],[5.69786415,50.842346,54.6],[5.6976795,50.84242166,54.4],[5.69762084,50.84245199,54.33],[5.69745619,50.84255597,54.33],[5.69740686,50.84259563,54.33],[5.69736387,50.84263462,54.33],[5.69733187,50.84266862,54.4],[5.69729921,50.84271394,54.4],[5.69729255,50.84272427,54.4],[5.69729788,50.84268694,54.4],[5.69732887,50.84265161,54.4],[5.6973502,50.84263095,54.4],[5.69741918,50.84257363,54.33],[5.69743251,50.84255597,54.26],[5.69743451,50.84254031,54.2],[5.69742418,50.84252532,54.13],[5.69734386,50.84247899,54],[5.69730153,50.84246799,54],[5.69725453,50.84246666,54],[5.6972052,50.84247265,54],[5.69658391,50.84259227,54],[5.69650091,50.8426066,54],[5.6961456,50.84265492,54],[5.6960526,50.84266491,54],[5.69557663,50.84270322,54.33],[5.6954803,50.84270788,54.4],[5.694898,50.84271519,55],[5.6948,50.84271286,55.06],[5.69441201,50.84268822,55.33],[5.69431635,50.84268023,55.4],[5.6938387,50.84261992,55.46],[5.69374371,50.84260526,55.26],[5.69319041,50.84249996,54.33],[5.69310141,50.8424813,54.13],[5.69257944,50.842358,53.26],[5.69249544,50.84234067,53.26],[5.69233912,50.84232668,53.53],[5.69227346,50.84233801,53.73],[5.69222246,50.84236267,53.93],[5.69218413,50.84239466,54.06],[5.6921568,50.84242999,54.33],[5.69211748,50.84250298,54.86],[5.69209948,50.84254031,55.13],[5.69191019,50.84296425,57.46],[5.69189353,50.84299824,57.53],[5.69163494,50.84338984,58.73],[5.69161928,50.84340983,58.8],[5.69159495,50.84347047,59.2],[5.69158695,50.84349147,59.26],[5.69151831,50.8436291,59.66],[5.69150632,50.84365343,59.73],[5.691477,50.84369942,59.86],[5.69146267,50.84371941,59.93],[5.69142202,50.84376573,60],[5.69141436,50.84377939,60],[5.6914127,50.84379205,60],[5.69142769,50.84381238,60],[5.69144369,50.84382071,60],[5.69148334,50.84383437,59.93],[5.691506,50.84384036,59.86],[5.69161365,50.84385766,59.53],[5.69191265,50.843689,59.46],[5.69191199,50.84367134,59.4],[5.691908,50.84365335,59.33],[5.69189667,50.84363702,59.26],[5.69188001,50.84362536,59.26],[5.69175203,50.84358906,59.06],[5.69164203,50.84363005,59.06],[5.69162271,50.84366537,59.06],[5.69161538,50.8436837,59.06],[5.69161172,50.84371969,58.93],[5.69133139,50.84399635,58.8],[5.69129075,50.84410167,58.2],[5.69128442,50.84412333,58.06],[5.69128541,50.84420064,57.4],[5.69128707,50.84422163,57.2],[5.69131839,50.84429529,56.6],[5.69133839,50.84432295,56.53],[5.69136205,50.84435061,56.46],[5.69139005,50.84437961,56.4],[5.69149337,50.84446793,56.2],[5.69152537,50.84449859,56.13],[5.69165368,50.84463756,56.26],[5.69167801,50.84466289,56.33],[5.69179831,50.84477785,56.33],[5.69179831,50.84479418,56.33],[5.69170466,50.84488249,56.13],[5.69167133,50.84490915,56],[5.69128537,50.84518943,54.86],[5.69125404,50.84520876,54.8],[5.69101408,50.84533472,55.26],[5.69097242,50.84535372,55.33],[5.69053881,50.84551566,56],[5.69050882,50.84552632,56],[5.69048316,50.84553798,56],[5.69046316,50.84555131,56],[5.69045183,50.84556564,56],[5.69044517,50.84557964,56],[5.69043986,50.84567294,55.6],[5.69044385,50.84568993,55.53],[5.69046284,50.84574492,55.8],[5.6904715,50.84576191,55.86],[5.69049348,50.8457849,56],[5.69050014,50.84579056,56.06],[5.69154647,50.84564857,56.13],[5.69167245,50.84564026,57.2],[5.69047279,50.84800892,57.4],[5.69038046,50.84804091,57.46],[5.69033546,50.8480589,57.53],[5.68999817,50.84820752,58],[5.68995551,50.84822352,58],[5.6895219,50.84833848,56.53],[5.68948124,50.84834881,56.33],[5.68925761,50.84838945,55.33],[5.68923195,50.84839611,55.26],[5.68920595,50.8484051,55.2],[5.68916129,50.84843875,55.06],[5.68914463,50.84846141,55],[5.68910031,50.84859339,55],[5.68909765,50.84862105,55],[5.68909633,50.84872402,54.8],[5.68909766,50.84874935,54.73],[5.68911531,50.84887166,54.4],[5.68911731,50.84889699,54.33],[5.68912529,50.84920561,53.26],[5.68912595,50.84923294,53.33],[5.68911297,50.84933559,53.66],[5.68910998,50.84936125,53.8],[5.6891113,50.84951256,54.6],[5.68911163,50.84953555,54.73],[5.68911928,50.84959853,55],[5.68912261,50.84961653,55],[5.68913992,50.84966718,55.6],[5.68914458,50.84968317,55.8],[5.68914924,50.84975781,56.8],[5.68915223,50.8497698,57],[5.68913692,50.84985811,58],[5.68913226,50.84987877,58],[5.68911694,50.84992143,58],[5.68911095,50.84994343,58],[5.68911961,50.85005173,57.4],[5.68912027,50.85006306,57.2],[5.68904028,50.85007339,57],[5.68903429,50.85005606,56.8],[5.68903761,50.84998907,56.2],[5.68904327,50.84996374,56],[5.68908192,50.84985709,55.33],[5.68908525,50.84983776,55.2],[5.68908059,50.8498201,55.26],[5.68906893,50.84980344,55.33],[5.68904994,50.84979011,55.4],[5.68902261,50.84978278,55.46],[5.68899095,50.84978178,55.53],[5.68895729,50.84978578,55.6],[5.68886163,50.84980343,56],[5.68882963,50.84980676,56.13],[5.68870432,50.84981441,56.53],[5.68867399,50.84981674,56.66],[5.68854767,50.84982139,57.2],[5.68851401,50.84982172,57.33],[5.68841269,50.84981673,58.4],[5.68837869,50.84981673,58.8],[5.68801372,50.84984767,62.4],[5.68798506,50.84984933,62.33],[5.68761479,50.84985827,61],[5.6875938,50.84986026,61],[5.68753849,50.84985361,61.13],[5.6875205,50.8498576,61.2],[5.68748585,50.84989892,61.4],[5.68747819,50.84991825,61.2],[5.68745423,50.85019455,58.73],[5.68744557,50.85023521,58.53],[5.68738993,50.85039052,57.46],[5.68737727,50.85042485,57.4],[5.68731762,50.8505265,57.4],[5.68731196,50.8505485,57.4],[5.68731729,50.85057183,57.4],[5.68733729,50.85059383,57.4],[5.68736929,50.85061549,57.4],[5.68749261,50.85067014,57.13],[5.68753694,50.85068747,57],[5.68800323,50.85083177,57.13],[5.68804022,50.85084376,57.26],[5.68817653,50.85087874,57.26],[5.68820953,50.8508864,57.26],[5.68868747,50.85097435,58.2],[5.68873047,50.85098268,58.26],[5.68885812,50.85099034,58.4],[5.68890011,50.850994,58.4],[5.68920074,50.85103096,57.8],[5.68924707,50.85103696,57.66],[5.69006563,50.85116688,52.66],[5.69009696,50.85117854,52.4],[5.69016595,50.85123219,51.6],[5.69018494,50.85125252,51.33],[5.6902016,50.85127518,51.4],[5.69022059,50.85132517,51.53],[5.69022492,50.8513515,51.6],[5.69023225,50.85163112,52.4],[5.69023125,50.85165245,52.46],[5.69020894,50.85176274,53],[5.69020594,50.85178073,53.13],[5.69020628,50.85190103,53.46],[5.69020595,50.85191769,53.46],[5.69019496,50.85195734,53.46],[5.69018297,50.851962,53.46],[5.69016831,50.85195767,53.53],[5.69015698,50.85194634,53.53],[5.69015099,50.85192501,53.53],[5.69014633,50.85189668,53.53],[5.69013933,50.85160371,52.8],[5.69014033,50.85156638,52.8],[5.6901593,50.85139507,52.6],[5.6901663,50.85136341,52.53],[5.69017463,50.85133341,52.46],[5.69018396,50.85130442,52.6],[5.69022027,50.8512301,52.93],[5.69023493,50.85121411,52.86],[5.69025026,50.85120345,52.8],[5.69026226,50.85119779,52.73],[5.69032624,50.85118648,52.4],[5.6903389,50.85118115,52.46],[5.69038354,50.85113417,52.73],[5.6906132,50.85096051,52.8],[5.69071119,50.85097184,53.06],[5.69075918,50.85097883,53.2],[5.69102448,50.85103114,54.53],[5.69105847,50.85103713,54.66],[5.69110879,50.8510388,54.93],[5.69113112,50.85103447,55.06],[5.69118943,50.85099148,55.06],[5.69120042,50.85097949,54.93],[5.69124506,50.85091219,54],[5.69125239,50.85089986,53.86],[5.6912677,50.85085787,53.33],[5.69127036,50.85084854,53.2],[5.69078937,50.85102053,53.06],[5.69074971,50.85101553,53.2],[5.69070971,50.85100787,53.33],[5.69055473,50.85096821,53.86],[5.69052273,50.85095388,54],[5.69048274,50.85091789,54],[5.69047208,50.85089856,54.13],[5.69046842,50.85088057,54.26],[5.69048672,50.8508076,54.13],[5.69048339,50.85080061,54.06],[5.69044809,50.85076865,53.93],[5.6904381,50.85076166,53.8],[5.68950411,50.84975466,53.66],[5.68909078,50.84952433,53.46],[5.68909911,50.84947567,53.66],[5.68910077,50.84944534,53.8],[5.68909347,50.84920205,54.6],[5.68909214,50.84916772,54.66],[5.68911212,50.84901607,54.93],[5.68911445,50.84897508,55.06],[5.68906682,50.84861512,55.8],[5.68906682,50.84857912,55.93],[5.68907981,50.84850813,56.2],[5.6890938,50.8484728,56.33],[5.68916545,50.84833716,56.8],[5.68917945,50.84830483,56.93],[5.68918811,50.84827217,57],[5.6891921,50.84824018,57.06],[5.68918611,50.84820818,57.2],[5.68917011,50.84817352,57.33],[5.68914278,50.84813953,57.4],[5.68905379,50.84808087,57.53],[5.68899879,50.84805587,57.73],[5.68820319,50.84775627,61.4],[5.68815453,50.84773661,61.6],[5.68803788,50.84766129,62.2],[5.68800822,50.84763363,62.4],[5.68798156,50.84760464,62.6],[5.68795823,50.84757565,62.8],[5.68787159,50.84743101,63],[5.68785493,50.84740468,63],[5.68781794,50.84735569,63],[5.68780028,50.84733403,63],[5.68777329,50.84728904,63],[5.68775929,50.84726571,62.86],[5.68771331,50.84716007,62.33],[5.68770265,50.84713141,62.2],[5.68767767,50.84702842,61.4],[5.68766934,50.84699109,61.06],[5.68765003,50.84687144,60.2],[5.68764537,50.84683011,59.93],[5.6876477,50.8465728,59.33],[5.68763204,50.84653647,59.26],[5.68759738,50.84650847,59.26],[5.68754839,50.84648714,59.46],[5.68749173,50.84647048,59.66],[5.68717676,50.84640818,60.46],[5.6871161,50.84639418,60.6],[5.68694645,50.84635252,60.8],[5.68689246,50.84633952,60.86],[5.68674281,50.8462942,61],[5.68669648,50.84627721,61],[5.68643818,50.84616158,61.26],[5.68639752,50.84614125,61.4],[5.68610623,50.84598497,62.6],[5.6860739,50.84596597,62.8],[5.6858976,50.845838,63.26],[5.68586594,50.845819,63.26],[5.68558497,50.84568871,63.26],[5.68554931,50.84567271,63.26],[5.68508638,50.84550911,65.13],[5.68505072,50.84549645,65.33],[5.68482442,50.84542915,66.19],[5.68478476,50.84541882,66.26],[5.68434715,50.84532286,64.46],[5.68429249,50.84530986,64.13],[5.68369288,50.84515691,63.06],[5.68362588,50.84514158,63.2],[5.68323156,50.84507929,64.13],[5.6831679,50.84506529,64.19],[5.68233466,50.84484769,61.93],[5.68227967,50.84483503,61.86],[5.68216568,50.84482104,61.73],[5.68210768,50.84482303,61.66],[5.6816104,50.84491633,61.73],[5.68155474,50.84492266,61.8],[5.68149841,50.84492599,61.8],[5.68144075,50.84492566,61.8],[5.68132376,50.84491433,61.73],[5.6812671,50.84490167,61.73],[5.68121344,50.84488534,61.73],[5.68116078,50.84486635,61.73],[5.68106413,50.84481969,61.93],[5.68102147,50.84479169,62.13],[5.68098247,50.84476103,62.33],[5.68094581,50.8447297,62.46],[5.6807715,50.84455106,63.66],[5.68072384,50.84451973,64.06],[5.68066951,50.84449407,64.6],[5.68054952,50.84445575,65.66],[5.68048753,50.84443975,66.19],[5.67993857,50.84431447,68.06],[5.67988024,50.84430114,68.06],[5.6796666,50.84424349,67.13],[5.67961627,50.8442305,66.8],[5.67931863,50.84417553,65.46],[5.6792843,50.8441672,65.4],[5.67914998,50.84413288,65.4],[5.67909498,50.84411888,65.4],[5.67887433,50.84404989,65.86],[5.67881834,50.8440329,66],[5.67858135,50.84396959,66.46],[5.67852069,50.84395493,66.6],[5.67763277,50.84375031,67],[5.67757744,50.84373731,67],[5.67627692,50.84345478,68.53],[5.67626159,50.84345145,68.66],[5.67598362,50.84336516,69.6],[5.67593329,50.84335017,69.66],[5.67573166,50.84329652,69.93],[5.67567833,50.84328219,70.06],[5.67449277,50.84303232,71.19],[5.67443544,50.84301999,71.26],[5.67387248,50.8428867,72.8],[5.67380549,50.84287171,73.06],[5.67152938,50.84240286,79],[5.67147305,50.84239053,79.13],[5.67072512,50.8422129,80],[5.67066979,50.84219924,80],[5.67045148,50.84214326,80.19],[5.67039982,50.8421286,80.26],[5.67024917,50.84207761,80.6],[5.67019851,50.84205995,80.73],[5.67009986,50.84201896,81],[5.6700512,50.8419963,81.19],[5.66985655,50.84189965,82],[5.66980589,50.84187699,82.13],[5.66928127,50.84165302,84.2],[5.66922827,50.84163069,84.33],[5.66774837,50.84103384,85.13],[5.66769504,50.84101318,85.06],[5.66764038,50.84099418,85],[5.66758439,50.84097719,85],[5.66736841,50.84093388,85.2],[5.66731908,50.84091988,85.26],[5.6670311,50.84081626,85.8],[5.6669831,50.84080127,86.13],[5.66693611,50.84079228,86.46],[5.66679279,50.84078763,88.46],[5.66675113,50.8407743,88.8],[5.66665114,50.84073032,89.8],[5.66660914,50.84070832,90.13],[5.66653148,50.84064733,90.66],[5.66648882,50.84061534,90.73],[5.66643949,50.84058601,90.8],[5.6663855,50.84055835,90.86],[5.66566654,50.84026375,91.93],[5.66560688,50.84023842,92],[5.6653249,50.84010444,91.93],[5.66526924,50.84008011,91.73],[5.66427236,50.83967819,89.2],[5.66422103,50.83965719,89.26],[5.66389705,50.83953355,89.4],[5.66384072,50.83951189,89.53],[5.66180894,50.83868275,87.26],[5.66175694,50.83866276,87.4],[5.66053101,50.83814451,88.53],[5.66045435,50.83811185,88.53],[5.66013303,50.83798487,88],[5.66005303,50.83795254,87.93],[5.65951075,50.83771924,87.4],[5.65943409,50.83768725,87.26],[5.65912178,50.83756294,86.66],[5.65904079,50.83753161,86.46],[5.6587818,50.8374403,85.86],[5.65869147,50.83740697,85.66],[5.65785118,50.83705635,82.13],[5.65775318,50.83701636,81.8],[5.65745286,50.83690504,80.8],[5.65735287,50.83686805,80.46],[5.65647959,50.8365061,78.4],[5.65638226,50.83646611,78.4],[5.65523399,50.8360055,79.53],[5.65514166,50.83596784,79.73],[5.6544757,50.83572054,80.93],[5.65440804,50.83569421,81.06],[5.65416839,50.83559423,81.4],[5.65411406,50.83557157,81.46],[5.6536471,50.83539126,82.46],[5.65359011,50.8353686,82.53],[5.65275152,50.83502436,83.73],[5.65269686,50.83500236,83.86],[5.65168062,50.83460315,85.73],[5.65162162,50.83458049,85.66],[5.65053606,50.83413191,84],[5.65048207,50.83410925,84.06],[5.65021641,50.83399061,84.8],[5.65016108,50.83396762,84.93],[5.64994111,50.83388565,85.46],[5.64988811,50.83386566,85.6],[5.64968946,50.83377636,85.6],[5.64964047,50.8337557,85.53],[5.64754604,50.83290527,86],[5.64750071,50.83288661,86.13],[5.64474361,50.83178624,87.66],[5.64469395,50.83176625,87.46],[5.64448497,50.83168761,86.26],[5.64442931,50.83166828,85.66],[5.64425934,50.83161597,83.86],[5.64420468,50.83159731,82.8],[5.64399204,50.83151233,78.6],[5.64394004,50.83149167,77.4],[5.64287213,50.83104713,64.66],[5.64282314,50.83102647,64.6],[5.64208056,50.83072923,73.19],[5.64203223,50.83070924,74.06],[5.64090171,50.83023374,85.66],[5.64089005,50.83022874,85.6],[5.64088439,50.83022575,85.53],[5.64089339,50.83018942,85.46],[5.64091339,50.83017609,85.4],[5.64093705,50.83016276,85.33],[5.64096271,50.83015143,85.06],[5.64106036,50.83012912,84.33],[5.64107802,50.83012579,84.13],[5.64104236,50.83016112,83.8],[5.64106568,50.83019511,83.4],[5.64108934,50.83021144,83],[5.64153296,50.83036405,75.93],[5.64155962,50.83037405,75.46],[5.64184889,50.830513,76.06],[5.64190655,50.830535,76.8],[5.64184756,50.83052801,77.53],[5.6416456,50.8304437,81.19],[5.64161194,50.8304287,81.86],[5.64142029,50.8303594,84],[5.64138796,50.83034607,84.26],[5.64126299,50.83028342,85.33],[5.64123233,50.83027109,85.4],[5.64103936,50.83020746,86.13],[5.64101336,50.83019913,86.26],[5.64082172,50.83018482,86.4],[5.64076406,50.83017882,86.4],[5.6407034,50.83016782,86.4],[5.64057975,50.8301305,86.53],[5.64051575,50.83010684,86.6],[5.6399848,50.82987956,86.86],[5.63994147,50.82986157,86.93],[5.63822894,50.82917306,85.66],[5.63816095,50.82914573,85.73],[5.63705903,50.82869113,85.73],[5.63697804,50.82865714,85.8],[5.63193897,50.82662642,86.8],[5.63186564,50.82659642,86.8],[5.63087103,50.82620281,86.6],[5.63079737,50.82617315,86.66],[5.62840022,50.82519998,87.86],[5.62831756,50.82516632,87.86],[5.62781425,50.82496836,87.93],[5.62773092,50.8249347,88],[5.62741028,50.82479705,88.4],[5.62733095,50.82476505,88.46],[5.62717063,50.82470506,88.6],[5.62708997,50.82467706,88.66],[5.62684898,50.82460074,88.86],[5.62677032,50.82457608,88.93],[5.62641301,50.82443945,89],[5.62634601,50.82441479,89],[5.62627768,50.82439313,89],[5.62620902,50.82437747,89],[5.62614003,50.82437081,89],[5.62607437,50.82437414,89],[5.62601404,50.82438547,89],[5.62596404,50.82440746,89],[5.62592405,50.82444012,88.93],[5.62589272,50.82448011,88.86],[5.62586773,50.82452477,88.8],[5.6258474,50.82457243,88.73],[5.6258254,50.82467175,88.53],[5.62582274,50.82472308,88.4],[5.62584004,50.82515704,87.33],[5.62584104,50.8252137,87.4],[5.62583837,50.82572034,88.33],[5.62583837,50.825775,88.46],[5.62583039,50.82599098,88.66],[5.62581973,50.82604464,88.6],[5.62580007,50.8260963,88.46],[5.62576441,50.82614063,88.33],[5.62571075,50.82617429,88.2],[5.62564609,50.82619295,88.06],[5.6255751,50.82619295,87.93],[5.62550244,50.82617862,87.8],[5.62543244,50.82615662,87.66],[5.62437418,50.82563405,87.46],[5.62431685,50.82560472,87.6],[5.62202805,50.82439028,89.2],[5.62197339,50.82436162,89.33],[5.62152409,50.82413899,90.06],[5.6214641,50.82410966,90.06],[5.61988093,50.82335349,90.26],[5.61982827,50.82332583,90.33],[5.61876001,50.82269757,91.33],[5.61869968,50.82266291,91.26],[5.61772044,50.82213899,92.73],[5.61765878,50.82210466,92.86],[5.61703316,50.82170503,92.33],[5.6169865,50.82167404,92.26],[5.61690385,50.82161305,92.13],[5.61687619,50.82157906,92.06],[5.61686086,50.82154107,92],[5.61686119,50.82150241,91.86],[5.61687852,50.82146341,91.8],[5.61694451,50.82138409,91.66],[5.61698517,50.8213441,91.6],[5.61725848,50.82110214,91.13],[5.61730314,50.82106114,91],[5.61742578,50.82093849,90.6],[5.61745344,50.8208965,90.6],[5.61746577,50.82085584,90.6],[5.61745777,50.82082051,90.6],[5.61743044,50.82079151,90.6],[5.61739078,50.82076552,90.66],[5.61728945,50.82071487,90.8],[5.61723079,50.82069087,90.86],[5.61595357,50.82018829,92.86],[5.61588191,50.82015963,93],[5.61372207,50.81928213,95.66],[5.61366908,50.81926047,95.8],[5.61266386,50.81886356,96],[5.61260753,50.81884156,96.06],[5.61193393,50.81856663,96.93],[5.61187827,50.81854397,97.06],[5.61148765,50.818397,97.4],[5.61143266,50.81837567,97.4],[5.60932219,50.81750985,98.73],[5.60925619,50.81748185,98.8],[5.60714303,50.81663901,101.73],[5.60706937,50.81660968,101.73],[5.60532684,50.81590447,100.8],[5.60525484,50.81587548,100.93],[5.60482653,50.8157095,101.73],[5.60475487,50.8156825,101.86],[5.60414692,50.81546656,102],[5.60408593,50.8154429,102],[5.60332365,50.81513529,102.26],[5.60326532,50.81511129,102.33],[5.60286535,50.81492899,102.8],[5.60280402,50.81490099,102.86],[5.60242104,50.81473869,103.13],[5.60235638,50.81471136,103.2],[5.60189341,50.81452073,104.06],[5.60182708,50.81449473,104.2],[5.60156409,50.81440241,104.73],[5.60150343,50.81437708,104.8],[5.60132644,50.81429508,105.2],[5.60126611,50.81426809,105.26],[5.60074783,50.81404813,105.86],[5.60069717,50.81402647,105.93],[5.59974559,50.81365425,106.53],[5.59968926,50.81363292,106.53],[5.59932962,50.81351762,106.8],[5.59927296,50.81349562,106.93],[5.59889201,50.81332832,107.53],[5.59883768,50.81330533,107.6],[5.59765414,50.81282112,109.86],[5.59760748,50.81280179,110],[5.59735716,50.81270948,110.66],[5.5973075,50.81268949,110.73],[5.59644294,50.81233127,114.46],[5.59639494,50.81231194,114.66],[5.59565402,50.81202368,113.26],[5.59560036,50.81200535,113.2],[5.59554303,50.81198935,113.2],[5.5954837,50.81197802,113.2],[5.59518873,50.81195971,113.46],[5.59513773,50.81194505,113.53],[5.5950924,50.81192239,113.6],[5.59505474,50.8118954,113.66],[5.59500409,50.81183108,113.8],[5.59497376,50.81180042,113.86],[5.59489377,50.81174776,114],[5.59484744,50.81172377,113.93],[5.59406385,50.81138783,113.53],[5.59400485,50.8113625,113.53],[5.59346856,50.8111242,113.33],[5.59340723,50.81109787,113.26],[5.5926746,50.81080625,113.2],[5.59260294,50.81077926,113.13],[5.58951378,50.80970379,108.86],[5.58943145,50.80967513,108.8],[5.58853253,50.8093665,108.4],[5.58844953,50.8093385,108.4],[5.58794822,50.80917653,108.06],[5.58786556,50.80914887,108.13],[5.5867453,50.80876128,107.66],[5.58667264,50.80873628,107.33],[5.58390088,50.80775881,106.53],[5.58384222,50.80773815,106.6],[5.58162539,50.80696963,108.6],[5.58156506,50.8069473,108.53],[5.58115011,50.80681033,108.06],[5.58109245,50.80679167,108],[5.58085048,50.8067337,108],[5.58079349,50.80671804,108],[5.58063484,50.80666406,108],[5.58058184,50.80664673,108],[5.58052884,50.80662773,108],[5.58047818,50.80660574,108],[5.5803272,50.80653076,108.13],[5.58027154,50.8065081,108.13],[5.57914731,50.80610222,108.46],[5.57909098,50.80608156,108.46],[5.57693917,50.80532943,108.06],[5.57687084,50.8053041,107.86],[5.57658753,50.80521145,107.2],[5.5765162,50.80518745,106.93],[5.57610389,50.80503681,105.93],[5.57603556,50.80501115,106],[5.57529361,50.80476686,106.73],[5.57521628,50.80474053,106.86],[5.57366772,50.80419961,107.06],[5.57358773,50.80417228,106.93],[5.57310943,50.8040403,106.06],[5.5730341,50.80401664,106.06],[5.57296044,50.80399131,106.06],[5.57288878,50.80396265,106.06],[5.57275312,50.80389833,106.33],[5.57268312,50.80386767,106.46],[5.5725388,50.80381035,106.73],[5.57246514,50.80378402,106.86],[5.57148487,50.80345209,106.53],[5.57140888,50.8034261,106.33],[5.57064528,50.80315747,105],[5.57056695,50.80312981,105],[5.56743048,50.80206198,105],[5.56734782,50.80203465,104.93],[5.56702551,50.801919,104.66],[5.56694451,50.801891,104.4],[5.56514495,50.80128544,100.26],[5.56507029,50.80126011,100.2],[5.56414834,50.80093083,101.06],[5.56407768,50.80090583,101.2],[5.56210749,50.80024063,104.13],[5.56203083,50.80021464,103.93],[5.56149953,50.800025,103.66],[5.5614232,50.79999901,103.6],[5.56111555,50.79990869,103.46],[5.56103755,50.79988936,103.46],[5.55958499,50.79955248,102.53],[5.55951133,50.79953648,102.46],[5.55747646,50.79905297,103.4],[5.55741146,50.79903731,103.46],[5.55715282,50.798979,103.4],[5.55708349,50.79896634,103.4],[5.55694184,50.79894969,103.4],[5.55687351,50.79894103,103.4],[5.55674185,50.79891604,103.46],[5.55667819,50.79890138,103.53],[5.55650254,50.7988394,103.73],[5.55644388,50.79881941,103.8],[5.55612392,50.79873544,103.86],[5.55605392,50.79871845,103.8],[5.55502597,50.79847554,103.8],[5.55494931,50.79845688,103.8],[5.55426037,50.79830294,104.26],[5.55418471,50.79828561,104.33],[5.55115331,50.79756117,106.33],[5.55109698,50.79754784,106.33],[5.54968847,50.79722963,107.6],[5.54963281,50.79721764,107.46],[5.54946216,50.79719999,107.2],[5.5494085,50.79719199,107.2],[5.54930451,50.79716833,107.2],[5.54925285,50.797157,107.26],[5.54920219,50.79714467,107.33],[5.54915453,50.79713001,107.4],[5.54907187,50.79709235,107.66],[5.54902988,50.79707469,107.8],[5.54884657,50.79702571,108.33],[5.54879991,50.79701405,108.46],[5.54710306,50.7966229,109.2],[5.5470514,50.79661157,109.26],[5.54617148,50.7963943,110.6],[5.54612048,50.79638097,110.86],[5.54461529,50.79602311,111.6],[5.5445713,50.79601211,111.66],[5.54418002,50.79592516,112],[5.54413703,50.79591583,112],[5.5411607,50.79520442,115.13],[5.54111804,50.79519476,115.33],[5.54058245,50.79507682,118.93],[5.54053112,50.79506682,119.06],[5.53762308,50.79452773,117],[5.53756842,50.7945184,117],[5.53729944,50.79446009,117.13],[5.53724478,50.79444909,117.2],[5.53674517,50.79436546,117.53],[5.53668784,50.7943558,117.53],[5.53593724,50.79421221,116.93],[5.53588491,50.79420221,116.86],[5.53556694,50.79415057,116.46],[5.53551128,50.79414057,116.4],[5.53484299,50.79400362,116],[5.53478033,50.79398996,116],[5.53472133,50.7939723,116],[5.53466667,50.79394997,116.06],[5.53461767,50.79392298,116.13],[5.53457301,50.79389365,116.2],[5.53431239,50.7936687,116.53],[5.53426273,50.79363837,116.53],[5.53420607,50.79361271,116.53],[5.53407741,50.79357506,116.53],[5.53400908,50.7935594,116.53],[5.53380143,50.79352508,116.33],[5.5337321,50.79351542,116.26],[5.53359144,50.79350243,116],[5.53351944,50.7935001,115.86],[5.53337645,50.79349977,115.6],[5.53330579,50.7935021,115.46],[5.53309414,50.79351509,115],[5.53302348,50.79351975,114.8],[5.53252752,50.79353438,113.06],[5.53245386,50.79353704,112.73],[5.53230754,50.79353504,112.13],[5.53223588,50.79352804,111.8],[5.53195555,50.79349106,110.46],[5.53188822,50.79347907,110.13],[5.53009933,50.7931425,108.86],[5.53002767,50.79313884,108.66],[5.52996534,50.7931505,108.46],[5.52991568,50.7931755,108.26],[5.52987902,50.7932105,108.06],[5.52974437,50.79339581,108],[5.52970271,50.79344147,107.93],[5.52965038,50.79347646,107.86],[5.52958805,50.79349779,108],[5.52952272,50.79350245,108],[5.52946439,50.79349079,108],[5.52941806,50.79346146,108],[5.5293984,50.79341946,107.93],[5.52940773,50.79337013,107.86],[5.52945239,50.79326014,107.73],[5.52946205,50.79320015,107.66],[5.52945205,50.79314115,107.6],[5.52941672,50.79308849,107.4],[5.52936006,50.79304649,107.2],[5.52929006,50.7930125,107],[5.52921407,50.79298317,106.86],[5.52913308,50.79296251,106.73],[5.52905075,50.79294685,106.53],[5.52896775,50.79293719,106.4],[5.52868976,50.79292887,105.86],[5.52862843,50.79292588,105.73],[5.52827548,50.7928936,105.06],[5.52822815,50.79288461,105],[5.52812949,50.79284995,105],[5.52808183,50.79282529,105],[5.52791819,50.79271831,105],[5.52787986,50.79269832,105],[5.52783986,50.79268199,105],[5.52779753,50.79266833,105],[5.52765487,50.79263435,105],[5.52760088,50.79262302,105],[5.52748155,50.79260203,105.06],[5.52741922,50.79259304,105.13],[5.52695126,50.79253373,105.6],[5.52688626,50.79252474,105.66],[5.52657196,50.79247076,105.86],[5.52650996,50.79245976,105.8],[5.52626299,50.79240645,105.33],[5.52620066,50.79239245,105.2],[5.52495808,50.79214919,100.93],[5.52488842,50.79213553,100.66],[5.52316288,50.79181268,101.53],[5.52310255,50.79180102,101.53],[5.52108305,50.7914338,102],[5.52100472,50.7914198,101.86],[5.51951116,50.79113788,102.73],[5.51944516,50.79112555,102.8],[5.51814593,50.79089532,104.46],[5.5180786,50.79088332,104.53],[5.51701401,50.79068007,107.33],[5.51693802,50.79066607,107.4],[5.51632806,50.79055979,107.8],[5.51625606,50.7905478,107.8],[5.51598641,50.79051349,107.53],[5.51592441,50.7905045,107.46],[5.51498485,50.79030922,109.33],[5.51492419,50.79029623,109.53],[5.51439557,50.79019391,110.26],[5.51432858,50.79018125,110.26],[5.512738,50.78989305,110.2],[5.51267334,50.78988106,110.26],[5.51120778,50.78959315,111.8],[5.51113645,50.78957915,111.86],[5.50714176,50.78884442,118.86],[5.50706776,50.78883109,118.86],[5.50362759,50.78818293,105.73],[5.50349726,50.78815827,105.46],[5.50259496,50.78798196,104.86],[5.5024733,50.78795897,104.86],[5.50116403,50.78771668,105.13],[5.50106903,50.78769868,105.2],[5.50070705,50.7876407,105.66],[5.50062439,50.78762904,105.8],[5.50026242,50.7875974,106.6],[5.50019509,50.7875864,106.8],[5.50012743,50.78757374,106.93],[5.5000601,50.78755841,107],[5.49978245,50.78746877,106.86],[5.49970512,50.78744911,106.66],[5.49937314,50.78738214,105.66],[5.49928615,50.78736515,105.4],[5.49749124,50.78703959,99.2],[5.49747691,50.78703726,99.13],[5.49693163,50.78692831,97.4],[5.49683463,50.78690965,97.26],[5.48940374,50.78552444,102.6],[5.48934675,50.78551344,102.66],[5.48912144,50.78547946,103.13],[5.48906711,50.78547046,103.26],[5.48857914,50.78537618,104.53],[5.48852881,50.78536652,104.73],[5.48829417,50.78533021,105.73],[5.48824418,50.78532088,106],[5.48761623,50.78519896,107.86],[5.48757357,50.78519163,107.86],[5.48721629,50.78511134,108],[5.48717296,50.78510234,108.13],[5.48688066,50.78506271,109.13],[5.48682766,50.78505405,109.33],[5.48622606,50.78494177,110.53],[5.4861704,50.78493144,110.53],[5.48588575,50.78488946,110.73],[5.48582942,50.78488146,110.8],[5.48553912,50.78483015,111.33],[5.48547946,50.78481915,111.53],[5.48479318,50.78468754,111.06],[5.48473452,50.78467621,110.93],[5.48436789,50.78459123,110.13],[5.48430789,50.7845789,110],[5.48364596,50.78446127,109.86],[5.48358297,50.78445061,109.8],[5.48253438,50.78424501,107.53],[5.48246072,50.78423068,107.4],[5.48179545,50.78410971,106.8],[5.48171879,50.78409505,106.73],[5.48090817,50.78393011,105.93],[5.48082384,50.78391245,105.73],[5.48057086,50.78385214,105.26],[5.48048353,50.78383715,105.13],[5.4799529,50.78377684,104.33],[5.47986424,50.78376718,104.2],[5.47951427,50.78374053,104.26],[5.47942594,50.78373554,104.26],[5.47915795,50.78372756,104.26],[5.47906829,50.78372723,104.26],[5.47870997,50.78373888,104.13],[5.47862064,50.78374521,104.06],[5.47844265,50.7837622,103.73],[5.47835665,50.7837732,103.53],[5.47810466,50.78381218,103],[5.47802367,50.78382984,102.86],[5.47731971,50.78401714,101.06],[5.47724271,50.7840388,100.93],[5.47700172,50.78409245,100.6],[5.47692139,50.78411211,100.53],[5.47660975,50.7841971,100.4],[5.47653142,50.78421609,100.33],[5.47636876,50.78424675,100.06],[5.4762841,50.78426008,99.93],[5.47602212,50.78429173,99.4],[5.47593279,50.78429973,99.2],[5.47566246,50.78431572,98.33],[5.47557213,50.78431738,98],[5.47539181,50.78431373,97.33],[5.47530181,50.78431007,97.13],[5.47494816,50.78428277,96.46],[5.47486583,50.78427144,96.26],[5.47478883,50.78425611,96.13],[5.4747175,50.78423612,96],[5.47458951,50.7841848,95.73],[5.47452585,50.7841628,95.66],[5.47446319,50.78414947,95.6],[5.47433453,50.78414314,95.4],[5.47431754,50.78414248,95.26],[5.47435887,50.78405515,95.13],[5.47436953,50.78403082,95.06],[5.47438417,50.78390117,94.8],[5.4743905,50.78386651,94.73],[5.47444481,50.78368153,94.33],[5.47445714,50.7836422,94.2],[5.47460874,50.78322928,93.86],[5.47461873,50.78319362,94],[5.47462273,50.78315396,94.2],[5.47461573,50.78311363,94.46],[5.4745944,50.78307397,94.73],[5.47456207,50.78303564,95],[5.47452208,50.78299798,95.26],[5.47447608,50.78296065,95.53],[5.47442842,50.78292699,95.8],[5.47437643,50.78289666,96.13],[5.47430877,50.78288133,96.46],[5.47422411,50.78288799,96.66],[5.47413812,50.78290199,96.86],[5.47379315,50.78297729,97.6],[5.47373882,50.78298295,97.66],[5.47338918,50.78298859,96.6],[5.47333552,50.78298892,96.4],[5.47318687,50.7829816,95.8],[5.47313954,50.78297427,95.6],[5.47309655,50.78296094,95.4],[5.47306289,50.78294061,95.2],[5.4730379,50.78291628,94.93],[5.47300691,50.78286562,94.8],[5.47299825,50.78284263,94.73],[5.47299359,50.78272267,94.46],[5.47299193,50.78270301,94.46],[5.47299692,50.7826257,94.46],[5.47299326,50.78260937,94.53],[5.47300691,50.78258738,94.8],[5.47302191,50.78258705,94.93],[5.47303457,50.78259538,95.06],[5.4730409,50.78261204,95.2],[5.47303824,50.7826337,95.33],[5.47300726,50.78276934,96.26],[5.47300127,50.78279134,96.46],[5.47297761,50.78282166,96.86],[5.47296428,50.78282899,97.2],[5.47295295,50.78282999,97.46],[5.47294329,50.78282766,97.73],[5.4729213,50.78280667,98.53],[5.4729163,50.78280134,98.8],[5.47250264,50.78289467,99.06],[5.47238166,50.78290199,99.46],[5.47234067,50.78290498,99.6],[5.47194805,50.78296758,100.33],[5.47191172,50.78297324,100.4],[5.47154243,50.78301519,100.6],[5.4715051,50.78301618,100.4],[5.47129714,50.78305849,99.4],[5.47124848,50.78306615,99.2],[5.47120148,50.78307148,99],[5.47115615,50.78307481,98.86],[5.47102717,50.78307214,98.46],[5.47099018,50.78307313,98.33],[5.47088486,50.78308411,98.66],[5.47080387,50.78313477,98.93],[5.47073288,50.78321275,99.73],[5.47071755,50.78323208,99.8],[5.47068956,50.78328807,99.93],[5.47067556,50.78331273,100],[5.47059258,50.78342571,100.46],[5.47056658,50.7834547,100.6],[5.47036395,50.78365202,100.73],[5.47033562,50.78367902,100.8],[5.47024564,50.78375434,101.53],[5.47021898,50.78377834,101.8],[5.47010834,50.78389631,103.13],[5.47008635,50.78391964,103.4],[5.46994538,50.78405259,105.26],[5.46992905,50.78406992,105.53],[5.46988706,50.78411991,106.33],[5.46987507,50.78413824,106.6],[5.46984708,50.78420122,107],[5.46983275,50.78422155,107.13],[5.46979776,50.78426287,107.4],[5.46977977,50.7842842,107.53],[5.4696718,50.78438785,107.4],[5.46965281,50.78440951,107.26],[5.46963948,50.78443351,107.06],[5.46962548,50.78445784,106.86],[5.46953352,50.78457081,106.53],[5.46951586,50.78459147,106.46],[5.4693179,50.78473176,106.53],[5.46929924,50.78475076,106.6],[5.46925425,50.78480774,106.8],[5.46924159,50.7848254,106.86],[5.46915763,50.78496102,106.33],[5.46915463,50.78496435,106.13],[5.46920963,50.78495102,106],[5.46924163,50.78496035,105.86],[5.46992921,50.78521027,102.46],[5.46997554,50.7852286,102.33],[5.47028584,50.78532724,101.53],[5.47032884,50.78534657,101.4],[5.47036183,50.78537023,101.26],[5.47037883,50.78539956,101.13],[5.47038316,50.78543322,101],[5.47037883,50.78547222,101.13],[5.47036917,50.78551355,101.26],[5.47032185,50.78563887,101.66],[5.47030152,50.7856782,101.8],[5.4702522,50.78575052,102.06],[5.47022654,50.78578518,102.2],[5.47009523,50.78594649,103.13],[5.47007157,50.78597815,103.33],[5.46988529,50.78623646,103.93],[5.46986796,50.78626145,104],[5.46978765,50.78634977,104.26],[5.46976866,50.78637343,104.33],[5.4696187,50.78662137,104.26],[5.46961437,50.78662503,104.13],[5.46957871,50.7865987,104.13],[5.46975499,50.78636407,104.26],[5.46976498,50.78632874,104.26],[5.46975899,50.78629341,104.33],[5.46973933,50.78626208,104.4],[5.469702,50.78624275,104.46],[5.46965301,50.78623742,104.6],[5.46959902,50.78624675,104.73],[5.46954869,50.78626674,104.73],[5.46950403,50.7862944,104.73],[5.4692134,50.78654904,105],[5.46918074,50.78657737,105],[5.46907309,50.78665603,105],[5.4690311,50.78667502,105],[5.46894077,50.78669201,105],[5.46889711,50.78668602,105],[5.46855182,50.78658506,105],[5.46854316,50.78658107,105],[5.46860882,50.7866044,105],[5.46869947,50.78661838,105],[5.46873147,50.78662704,104.93],[5.46883012,50.78667303,104.8],[5.46886778,50.78668536,104.8],[5.46890577,50.78668869,104.8],[5.4689401,50.78668336,104.8],[5.4690051,50.78666104,104.8],[5.46904143,50.78664605,104.8],[5.46908209,50.78662872,104.66],[5.46912175,50.78660672,104.53],[5.46920007,50.7865474,104.26],[5.46924273,50.78651207,104.2],[5.46949737,50.78627277,102.8],[5.4695387,50.78623378,102.53],[5.46967869,50.78612479,101.73],[5.46972702,50.78608713,101.6],[5.46995934,50.78588949,101.13],[5.470004,50.78584716,101.26],[5.47004766,50.78580516,101.4],[5.47008766,50.78576417,101.53],[5.47023564,50.7855812,102.2],[5.47026297,50.78554721,102.33],[5.47034263,50.78546389,102.93],[5.47035529,50.78543723,103.13],[5.47035695,50.78540923,103.33],[5.47034696,50.78538057,103.4],[5.4703253,50.78535324,103.46],[5.47029431,50.78532691,103.66],[5.47025798,50.78530025,103.86],[5.47021465,50.78527659,104.06],[5.47016665,50.78525426,104.26],[5.46974002,50.78510264,106.06],[5.46969003,50.78508531,106.2],[5.4694004,50.78497201,106.46],[5.4693534,50.78495402,106.46],[5.46913143,50.78487938,106.46],[5.46912077,50.78486805,106.46],[5.46915543,50.78485539,106.53],[5.46918576,50.78484573,106.73],[5.46924641,50.78480941,107.13],[5.46927507,50.78478542,107.33],[5.46954002,50.78452678,106.46],[5.46957368,50.78449245,106.33],[5.46969666,50.78435414,104.2],[5.46972532,50.78432081,103.6],[5.46976464,50.78425316,102.73],[5.4697713,50.78421883,102.46],[5.46976797,50.78418584,102.06],[5.46973665,50.78409252,100.86],[5.46972999,50.78406386,100.46],[5.46972866,50.7840332,100.13],[5.46973432,50.78400087,99.8],[5.46974832,50.78396688,99.8],[5.46977165,50.78393322,99.73],[5.46980365,50.78390189,99.66],[5.46984265,50.7838709,99.6],[5.4699803,50.78377625,99.33],[5.47002596,50.78374359,99.2],[5.47011129,50.78367327,99.2],[5.47014995,50.78363561,99.2],[5.47048121,50.78326966,98.46],[5.4704932,50.78325566,98.46],[5.47050253,50.78324166,98.46],[5.47050786,50.78322833,98.46],[5.47050886,50.78320101,98.6],[5.47050253,50.78318835,98.73],[5.47045889,50.78313471,99.8],[5.47044123,50.78311938,99.93],[5.47035658,50.78308306,100.4],[5.47032092,50.78307473,100.6],[5.46991365,50.78300447,102.06],[5.46988499,50.78299981,102.2],[5.46979833,50.78299149,102.4],[5.469769,50.78298916,102.46],[5.46964671,50.78299514,103.06],[5.46958071,50.78299448,103.2],[5.4694204,50.78293884,103.73],[5.46937474,50.78292784,103.86],[5.46916775,50.78288852,104.53],[5.46911476,50.78287952,104.73],[5.46884812,50.78284088,105.46],[5.46879746,50.78283088,105.6],[5.46855915,50.78277557,105.66],[5.46851549,50.78276324,105.6],[5.46796922,50.78259063,104.73],[5.46792556,50.78257763,104.8],[5.46695899,50.78236208,107],[5.46691566,50.78235108,107],[5.46633738,50.78217182,107.93],[5.46629505,50.78215949,108.06],[5.46607807,50.78208386,108.4],[5.46603307,50.78206687,108.46],[5.46594575,50.78203088,108.73],[5.46590475,50.78201188,108.86],[5.46549981,50.78180528,110.4],[5.46546748,50.78178962,110.53],[5.46523817,50.78170165,111.2],[5.46519751,50.78168765,111.6],[5.4649772,50.78162833,112.26],[5.4649312,50.781619,112.33],[5.46475123,50.78159436,112.4],[5.4647069,50.78158936,112.4],[5.46438426,50.7815584,111.13],[5.46433793,50.78155174,110.93],[5.46417528,50.78150043,110.6],[5.46414062,50.7814831,110.53],[5.46405164,50.78142879,110.46],[5.46402798,50.78141013,110.53],[5.46382536,50.78122884,110.86],[5.46379737,50.78120684,110.73],[5.46365672,50.78111353,110.06],[5.46363406,50.78109487,109.93],[5.46359274,50.78105754,109.66],[5.46357541,50.78103954,109.53],[5.46350711,50.7809349,109],[5.46350112,50.78091957,109.06],[5.46349679,50.78082426,109.46],[5.46349945,50.7808086,109.53],[5.46353708,50.78073395,109.93],[5.46333475,50.78020696,109.93],[5.46334874,50.7801243,109.73],[5.46335874,50.78009064,109.66],[5.46351368,50.77975236,108.66],[5.46353234,50.77971303,108.6],[5.463555,50.77964238,108.6],[5.46355899,50.77961305,108.6],[5.46356099,50.77958606,108.6],[5.46355933,50.77956173,108.6],[5.46354735,50.77950074,108.8],[5.46354136,50.77948341,108.86],[5.46353236,50.77946575,108.93],[5.4635197,50.77944975,109],[5.46344406,50.77937577,109.33],[5.46343207,50.77937077,109.4],[5.4634964,50.77950343,109.46],[5.46350873,50.77952442,109.53],[5.46353671,50.77962873,109.8],[5.46353671,50.77965673,109.86],[5.46352238,50.77971405,110],[5.46351039,50.77974305,110],[5.46340875,50.77993702,110],[5.46339542,50.77996301,110],[5.4633338,50.78011664,109.46],[5.46333114,50.78014164,109.33],[5.46334313,50.78020063,109.13],[5.46335013,50.78023196,109.06],[5.46335612,50.78032495,108.86],[5.46336711,50.78035328,108.8],[5.46338244,50.78038061,108.73],[5.46340043,50.78040727,108.66],[5.46348208,50.78051157,108.8],[5.46350007,50.78053856,108.86],[5.46353639,50.78062622,109.4],[5.46353872,50.78065655,109.53],[5.4635144,50.78078186,110.06],[5.46350474,50.78081319,110.2],[5.46345442,50.78090051,110.46],[5.46344542,50.78092917,110.53],[5.46344609,50.7809855,110.66],[5.46344709,50.7810135,110.6],[5.4634291,50.78107016,110.46],[5.4634081,50.78109882,110.46],[5.46335278,50.78115347,110.46],[5.46332278,50.78118013,110.46],[5.46319279,50.78128445,110.8],[5.46315979,50.78131078,110.93],[5.46294949,50.78144676,111.46],[5.46291649,50.78147009,111.46],[5.46280785,50.78156307,111.66],[5.46278486,50.78158373,111.66],[5.46258591,50.78179703,111.93],[5.46256992,50.78181369,112],[5.46255692,50.78182568,111.93],[5.46254493,50.78183334,111.86],[5.46253593,50.78183667,111.8],[5.46253393,50.78183101,111.66],[5.46253792,50.78182601,111.6],[5.46255158,50.78181668,111.46],[5.46255858,50.78181202,111.33],[5.46245892,50.78197801,111.06],[5.46244893,50.78199067,110.93],[5.46237995,50.78206165,110.46],[5.46235829,50.78208498,110.4],[5.4622833,50.78213497,110.26],[5.46224497,50.7821563,110.26],[5.46219997,50.78217396,110.26],[5.46215564,50.78218562,110.26],[5.46196333,50.78221027,110.46],[5.46191034,50.78221093,110.4],[5.46169735,50.78218928,110.13],[5.46164736,50.78218229,110.06],[5.46126339,50.78212034,106.66],[5.46122039,50.78211701,106.33],[5.46110208,50.78212301,105],[5.46109242,50.78212401,104.66],[5.4608891,50.78215365,104.33],[5.46083644,50.78215431,104.4],[5.46078144,50.78214898,104.46],[5.46073044,50.78213665,104.53],[5.46068645,50.78211666,104.66],[5.46065046,50.78209,104.8],[5.4606198,50.78205934,104.93],[5.46054982,50.78195802,105.6],[5.46052882,50.78192469,105.86],[5.46037854,50.78166272,107.6],[5.46035955,50.78162972,107.73],[5.46026225,50.78142875,108.26],[5.46024892,50.78139542,108.4],[5.46022627,50.7813281,108.66],[5.46021661,50.78129411,108.8],[5.46019462,50.78118912,109.13],[5.46018762,50.78115446,109.2],[5.46012868,50.78077119,109.73],[5.46012635,50.7807362,109.66],[5.46012237,50.78046357,108.86],[5.46012303,50.78043024,108.73],[5.46012968,50.78033025,108.46],[5.46013367,50.78029826,108.53],[5.4601693,50.7800843,109],[5.46016597,50.78005364,109.06],[5.46015331,50.78002298,109.13],[5.46012665,50.77999332,109.2],[5.46008366,50.77996766,109.26],[5.45996267,50.779927,109.4],[5.45989134,50.779911,109.46],[5.45958136,50.77984869,109.06],[5.45950137,50.7798327,108.93],[5.45805511,50.77957044,107.33],[5.45796812,50.77955378,107.33],[5.45728949,50.77941649,105.93],[5.4572035,50.7793995,105.46],[5.45579526,50.77913359,101.4],[5.45570626,50.77911726,101.33],[5.45405003,50.77878835,97.8],[5.4539687,50.77877202,97.73],[5.45015397,50.7780326,99.33],[5.45007898,50.77801794,99],[5.44912938,50.77784034,97.53],[5.44905805,50.77782735,97.66],[5.44877207,50.77778303,97.8],[5.44870074,50.7777717,97.86],[5.44820977,50.7776804,98.06],[5.44813911,50.77766807,98],[5.4479128,50.77763575,97.8],[5.44783781,50.77762309,97.86],[5.44769116,50.77759277,97.73],[5.44762016,50.77757478,97.6],[5.44734552,50.77748848,97.33],[5.44727419,50.77747015,97.33],[5.44698687,50.77740584,97.4],[5.44691421,50.77739184,97.46],[5.44604227,50.77724156,98.93],[5.44596928,50.77722923,99],[5.44546797,50.77715193,98.53],[5.44539664,50.77714093,98.46],[5.44468634,50.7770553,97.86],[5.44461601,50.77704764,97.8],[5.44404371,50.77699033,97.26],[5.44397171,50.77698334,97.2],[5.44348507,50.77694339,97],[5.44341807,50.77693873,97],[5.44243681,50.77687981,97.46],[5.44236881,50.77687648,97.53],[5.44136189,50.77686055,98.53],[5.44129389,50.77685956,98.53],[5.44057193,50.77686618,98.4],[5.44049727,50.77686784,98.46],[5.43936669,50.77690642,99.4],[5.43930303,50.77690908,99.46],[5.43822111,50.77698501,100.53],[5.43814545,50.776991,100.66],[5.43738517,50.77706095,101.73],[5.43730951,50.77706795,101.8],[5.43672921,50.77713325,102],[5.43666255,50.77714125,102],[5.4356986,50.77726917,103.73],[5.4356326,50.7772785,103.8],[5.43496965,50.77737511,104],[5.43490399,50.77738477,104],[5.43363707,50.77759834,105.13],[5.43357374,50.77761,105.13],[5.43268513,50.77780326,104.6],[5.4326168,50.77782092,104.53],[5.43236182,50.77791224,104.26],[5.43229616,50.77793223,104.2],[5.43196617,50.77801121,104.06],[5.43190151,50.77802721,104.13],[5.43164853,50.77810953,104.53],[5.43158087,50.77812886,104.73],[5.43151087,50.77814319,104.93],[5.43129921,50.77815885,105.53],[5.43123155,50.77816884,105.73],[5.43023795,50.77839577,105.2],[5.43016329,50.7784131,104.93],[5.42984964,50.77847675,104.06],[5.42977031,50.77849508,103.86],[5.42953632,50.7785564,103.4],[5.42945966,50.77857806,103.26],[5.42923334,50.77865138,102.93],[5.42915668,50.77867437,102.86],[5.42844271,50.77886999,102.33],[5.42836205,50.77889232,102.33],[5.42787242,50.77903829,101.93],[5.42778742,50.77906128,102.06],[5.42736245,50.77917392,102.2],[5.42727879,50.77919458,102.13],[5.42694048,50.77925889,102],[5.42685615,50.77927622,102.06],[5.42660517,50.77933754,102.46],[5.42652184,50.77935887,102.46],[5.4241593,50.77998739,101.2],[5.42406697,50.78001205,100.93],[5.42118477,50.78079291,93.2],[5.42107311,50.78082324,93.13],[5.42015147,50.78106288,91.33],[5.42003681,50.78109321,91.2],[5.41992415,50.78112554,91.06],[5.41981415,50.78116087,90.93],[5.41949284,50.78127152,90.73],[5.41938251,50.78130118,90.6],[5.41904686,50.78137283,90.4],[5.41893686,50.78139716,90.4],[5.41800592,50.78163446,90.66],[5.41790959,50.78166012,90.6],[5.41718864,50.78186108,89.86],[5.41710265,50.78188541,89.8],[5.4140138,50.78270625,91.06],[5.41393447,50.78272724,91.13],[5.41208825,50.78323377,91],[5.41200459,50.78325676,91],[5.41166495,50.78334275,91],[5.41158029,50.78336475,91],[5.41102799,50.78354338,90.73],[5.410947,50.78356604,90.66],[5.40922742,50.78401628,89.6],[5.40914409,50.78403828,89.46],[5.40558091,50.78499541,77.19],[5.40545825,50.78502774,76.8],[5.40320067,50.78564164,75.66],[5.40310467,50.7856673,75.8],[5.40292134,50.78571396,76.06],[5.40283401,50.78573429,76.06],[5.40250203,50.78580327,76.13],[5.40241903,50.78582427,76.19],[5.40125577,50.7861422,76.66],[5.40118577,50.7861612,76.73],[5.40068514,50.78628682,77.13],[5.40061214,50.78630582,77.13],[5.39895259,50.78674467,79.73],[5.3989026,50.78675767,79.86],[5.39806502,50.78698791,81.46],[5.39803202,50.7869979,81.46],[5.39743678,50.78714516,82.06],[5.39739678,50.78715516,82.13],[5.39693649,50.78728544,82.26],[5.39689049,50.78729877,82.26],[5.3960919,50.78750937,82.13],[5.39603724,50.78752403,82.2],[5.39598425,50.78754003,82.26],[5.39593592,50.78755936,82.33],[5.39584559,50.78760435,82.46],[5.39579793,50.78762234,82.53],[5.39560129,50.78767631,82.8],[5.39555463,50.78768997,82.86],[5.39523899,50.78773694,83.93],[5.395195,50.78774827,84.13],[5.3946444,50.78790255,85.53],[5.39460741,50.78791521,85.6],[5.39445276,50.78794986,85.8],[5.39441376,50.78795986,85.86],[5.39385415,50.78811179,85.8],[5.39381582,50.78812179,85.73],[5.3936795,50.7881771,85.66],[5.39364451,50.78818976,85.66],[5.39345721,50.78824539,86.33],[5.39341922,50.78825605,86.53],[5.39286161,50.78839664,89.6],[5.39282061,50.7884073,89.73],[5.39237699,50.78853658,90],[5.392337,50.78854724,90],[5.39198272,50.7886302,90.4],[5.39193539,50.78864086,90.4],[5.39175741,50.78869784,90.4],[5.39171342,50.78871117,90.4],[5.39142845,50.78878681,90.2],[5.39137779,50.78879947,90.13],[5.39122881,50.78884811,89.8],[5.39117415,50.78886277,89.73],[5.39093517,50.78892141,89.46],[5.39087117,50.78893674,89.4],[5.39045753,50.78902173,88.8],[5.3903862,50.78903906,88.66],[5.3895416,50.789262,85.66],[5.3894586,50.789284,85.33],[5.38937427,50.78930733,85],[5.38929127,50.78933366,84.6],[5.38896596,50.78945497,83.33],[5.38887663,50.7894803,83.06],[5.38505014,50.79050346,77.53],[5.38498115,50.79052246,77.73],[5.38440353,50.79066974,79.13],[5.38434987,50.79068374,79.26],[5.38413222,50.79074705,79.8],[5.38407689,50.79076271,79.93],[5.38354195,50.79090234,81.53],[5.38349029,50.79091567,81.66],[5.38324198,50.79099498,82.26],[5.38318898,50.79100898,82.33],[5.38297999,50.79106263,82.6],[5.382927,50.79107329,82.66],[5.38282167,50.79108194,82.86],[5.38277001,50.79108627,83],[5.38267402,50.79110326,83.26],[5.38263003,50.79111492,83.33],[5.38228339,50.79121688,84.2],[5.3822344,50.79123121,84.33],[5.38181378,50.7913445,84.66],[5.38176945,50.79135716,84.6],[5.38064289,50.79164905,84.26],[5.38059223,50.79166305,84.2],[5.38054123,50.79167771,84.2],[5.38049057,50.79169271,84.2],[5.38035592,50.79174802,84.33],[5.38031193,50.79176435,84.4],[5.37977131,50.79191998,85.06],[5.37972065,50.79193431,85.13],[5.37873572,50.79219325,84.73],[5.37866406,50.79221224,84.4],[5.37791878,50.79241852,81.8],[5.37784612,50.79243951,81.8],[5.37732417,50.7925738,81.8],[5.37724918,50.79259379,81.8],[5.37681488,50.79272209,82.2],[5.37674488,50.79274142,82.26],[5.37620958,50.79286938,82.8],[5.37614558,50.79288571,82.86],[5.37545932,50.79306996,82.6],[5.37542499,50.79307696,82.46],[5.375368,50.79308462,82.2],[5.37534634,50.79308429,82],[5.37531101,50.79306664,81.6],[5.37530202,50.79304965,81.4],[5.37531201,50.79289701,80.4],[5.37531534,50.79285501,80.33],[5.37532667,50.79280968,80.26],[5.375344,50.79276335,80.19],[5.37536833,50.79271536,80.13],[5.37539699,50.7926667,80.06],[5.37546798,50.79257404,80],[5.37550797,50.79252971,80],[5.37578693,50.79227542,80],[5.37580559,50.79226876,80],[5.37581459,50.79227209,80],[5.37581159,50.79228208,80],[5.37577527,50.79231607,80],[5.37574728,50.79233907,80],[5.3756323,50.79241072,80],[5.37558597,50.79242805,80],[5.37553764,50.79243838,80],[5.37548931,50.79244237,80],[5.37525867,50.7924234,80],[5.37520867,50.7924174,80],[5.3740898,50.79221651,81.33],[5.37403581,50.79220752,81.33],[5.37384916,50.79216854,81.6],[5.37380083,50.79215988,81.66],[5.37307556,50.79204328,82.2],[5.3730149,50.79203362,82.26],[5.37266326,50.79196665,83.06],[5.3726056,50.79195499,83.2],[5.37217331,50.79188468,83.93],[5.37211065,50.79187368,83.93],[5.37180901,50.79180603,83.6],[5.37174902,50.7917907,83.53],[5.37134172,50.79167607,83.33],[5.37128406,50.79166207,83.33],[5.3711694,50.79163742,83.46],[5.37111241,50.79162609,83.53],[5.37094344,50.79160244,83.73],[5.37088678,50.79159911,83.8],[5.3707198,50.79160044,84],[5.37066614,50.79160544,84],[5.37022386,50.79166274,84],[5.37016386,50.79166807,84],[5.36959925,50.79170068,83.53],[5.36953726,50.79170801,83.46],[5.36930027,50.79175099,83.46],[5.36924428,50.79176332,83.46],[5.36909196,50.79180531,83.46],[5.36904763,50.79181931,83.6],[5.36896764,50.7918523,83.93],[5.36892698,50.79186763,84.2],[5.36884066,50.79189329,84.73],[5.36879866,50.79190562,85],[5.368758,50.79191562,85.2],[5.36872134,50.79191961,85.4],[5.36868968,50.79191595,85.6],[5.36866269,50.79190662,85.8],[5.36863869,50.79189296,86],[5.36861536,50.79187663,86.2],[5.3685507,50.79181832,86.8],[5.36853004,50.79179666,87],[5.36847606,50.79173201,87.4],[5.3684634,50.79171701,87.53],[5.36846074,50.79170503,88.06],[5.36842975,50.79164937,88.2],[5.36819781,50.79140143,88.46],[5.36817581,50.7913781,88.4],[5.36812316,50.79130878,88.2],[5.36811183,50.79128545,88.13],[5.36809352,50.79121613,88],[5.36809286,50.7911928,88],[5.36815982,50.79094286,88.26],[5.36816082,50.79091753,88.33],[5.36815549,50.79089287,88.4],[5.36810917,50.79079622,88.53],[5.36809651,50.79076956,88.53],[5.3680722,50.79067458,88.73],[5.36807486,50.79065592,88.73],[5.36808585,50.79063659,88.73],[5.36813251,50.79059426,88.73],[5.36816384,50.7905716,88.73],[5.36842813,50.7904103,89.06],[5.36846746,50.79038797,89.13],[5.3687151,50.79025699,89.53],[5.36875543,50.79023499,89.6],[5.3690924,50.79008136,90],[5.36912906,50.79005936,90],[5.36915572,50.7900347,90],[5.36916905,50.7900087,90],[5.36916971,50.78998171,90],[5.36915805,50.78995538,90],[5.36913439,50.78993038,90],[5.3691004,50.78990805,90],[5.36905807,50.78988872,90],[5.36896341,50.7898554,90],[5.36891442,50.78983907,90],[5.36865511,50.78977476,90],[5.36860245,50.78976477,90],[5.36818615,50.7897028,90.4],[5.36813149,50.7896968,90.46],[5.36718523,50.78962054,91.86],[5.36712557,50.78961555,92],[5.36645496,50.78954763,93.46],[5.3664013,50.7895403,93.53],[5.36613066,50.78949799,93.86],[5.36607866,50.78948799,93.93],[5.36537408,50.78932172,94],[5.36532275,50.78931306,94],[5.36527076,50.78930907,94],[5.36521843,50.78930973,94],[5.3650601,50.78932704,94.13],[5.36500777,50.78933537,94.2],[5.36309896,50.78968853,100.26],[5.36305997,50.78969519,100.46],[5.36286666,50.78972417,101.53],[5.36282967,50.78972917,101.73],[5.36246705,50.7897688,103.33],[5.36243205,50.78977446,103.53],[5.36173946,50.78993439,105.26],[5.36169913,50.78994305,105.33],[5.36129185,50.79002566,106.53],[5.36124752,50.79003466,106.66],[5.36068258,50.79013391,106.73],[5.36064892,50.79013891,106.66],[5.36025198,50.79017718,107],[5.36021632,50.79018017,107],[5.3597214,50.79020744,107.8],[5.35968441,50.79020877,107.86],[5.35879855,50.79019817,108.53],[5.35875856,50.7901985,108.46],[5.35818663,50.79022676,108.8],[5.35810663,50.79023042,108.93],[5.35775598,50.79024006,109.73],[5.35766499,50.79024572,109.93],[5.35730867,50.7902797,110.73],[5.35722401,50.79029003,110.73],[5.35645009,50.79040599,110.53],[5.35639843,50.79041398,110.46],[5.35575386,50.79052123,113.06],[5.35574587,50.79052356,113.26],[5.35561155,50.79069988,113.66],[5.35559889,50.79071487,113.8],[5.3555529,50.79075552,114.2],[5.35553657,50.79076952,114.33],[5.35548725,50.7908245,115.13],[5.35547326,50.79083783,115.33],[5.35539495,50.79089081,115.86],[5.35537529,50.79090547,116],[5.355238,50.79102909,117],[5.35521667,50.79103909,117.2],[5.35511103,50.79106208,117.8],[5.35508503,50.79106941,117.93],[5.35500038,50.79110205,118.46],[5.35498105,50.79110804,118.6],[5.3548311,50.79113467,117.8],[5.35481177,50.79113301,117.93],[5.35479144,50.79112735,118.06],[5.35469878,50.79103636,118.2],[5.35466246,50.79098137,118.6]]}}]}