{"type":"FeatureCollection","features":[{"type":"Feature","properties":{"name":"20260510 Cicloturismo","time":"2026-05-10T07:29:17Z"},"geometry":{"type":"LineString","coordinates":[[6.58967166,48.67865933,228.25],[6.58965066,48.67868998,228.26],[6.58964266,48.67870197,228.26],[6.58966798,48.67872396,228.25],[6.58968664,48.67873229,228.25],[6.58980763,48.6787576,228.38],[6.58983363,48.67876159,228.54],[6.59023558,48.67889986,229.56],[6.59027424,48.67891252,229.73],[6.59035689,48.67893284,230.06],[6.59040055,48.67893683,230.21],[6.59052186,48.67890551,230.7],[6.59055119,48.67888051,230.88],[6.59066816,48.6787322,231.82],[6.59068882,48.67870187,231.95],[6.5909274,48.67829559,232.97],[6.5909424,48.67826993,233.02],[6.59102338,48.6781753,233.11],[6.59102671,48.67816097,233.13],[6.59100372,48.67812998,233.16],[6.59097739,48.67811132,233.12],[6.5908954,48.67807133,232.8],[6.59088474,48.67806733,232.67],[6.59046412,48.67796369,231.15],[6.59040846,48.67795903,230.97],[6.59036213,48.67796403,230.76],[6.59033647,48.67797769,230.57],[6.59033913,48.67799235,230.39],[6.59036279,48.67800468,230.23],[6.59058776,48.67807165,229.66],[6.59063775,48.67808831,229.6],[6.59097539,48.67823794,229.42],[6.59102572,48.67825727,229.43],[6.59147367,48.67840325,229.18],[6.59152667,48.67842658,229.15],[6.59183065,48.67859055,229.09],[6.59188031,48.67861888,229.09],[6.5922186,48.67882684,228.74],[6.59226626,48.67885317,228.81],[6.5925069,48.67896914,229.03],[6.59255656,48.67899213,229.02],[6.59277087,48.67907444,229],[6.5928262,48.67909377,229.02],[6.59336881,48.67926605,229.13],[6.59342147,48.67928138,229.17],[6.59380477,48.67937367,229.27],[6.59386176,48.679386,229.26],[6.59437803,48.67947797,229.25],[6.59443502,48.67948663,229.28],[6.59500695,48.6795579,229.19],[6.59506461,48.67956389,229.17],[6.59590852,48.67960283,227.55],[6.59596385,48.67960416,227.55],[6.5964788,48.67959652,227.64],[6.59653813,48.67959419,227.62],[6.59914755,48.67931577,228.76],[6.59920721,48.67930978,228.8],[6.59989082,48.67928083,228.34],[6.59995482,48.67928116,228.3],[6.60518503,48.67950105,229.28],[6.60524769,48.67950404,229.31],[6.6063896,48.67960894,229.38],[6.60645893,48.67961227,229.31],[6.6077755,48.67964187,228.88],[6.6078445,48.67964154,228.89],[6.60891209,48.67958996,229.84],[6.60897442,48.67959095,229.64],[6.60934972,48.6795986,229.04],[6.60940805,48.67960293,229.11],[6.60991902,48.67966823,229.25],[6.60997868,48.67967723,229.25],[6.61027999,48.67974153,229.35],[6.61034165,48.67975719,229.39],[6.61069364,48.67986582,229.57],[6.61075197,48.67988515,229.56],[6.61098296,48.67997346,229.62],[6.61104029,48.67999812,229.62],[6.61131993,48.68013243,229.44],[6.61137226,48.68016176,229.37],[6.61173158,48.68039472,229.73],[6.61178191,48.68043171,229.55],[6.61234517,48.68090198,228.83],[6.61239183,48.68093864,228.83],[6.61309242,48.68143889,228.92],[6.61314575,48.68147489,228.95],[6.61378103,48.68185951,229.5],[6.61384203,48.68189384,229.66],[6.61457361,48.68227776,230.04],[6.61463694,48.68230742,229.96],[6.61535689,48.68262438,230.22],[6.61542189,48.68265138,230.26],[6.61642782,48.68302462,230.48],[6.61648948,48.68304395,230.46],[6.61717742,48.6832299,229.8],[6.61724408,48.6832439,229.76],[6.61798669,48.68335285,230.21],[6.61805369,48.68335918,230.22],[6.61922963,48.68342709,229.91],[6.61930196,48.68343008,229.91],[6.62379631,48.68358482,229.61],[6.62386997,48.68358748,229.65],[6.6245026,48.68356685,229.9],[6.62457093,48.68355986,229.81],[6.6251802,48.68344923,229.4],[6.62524386,48.68343157,229.3],[6.6255435,48.68332993,229.28],[6.62559616,48.6833086,229.53],[6.62591278,48.68316031,231.21],[6.62594544,48.68314631,231.44],[6.62617775,48.68309265,232.39],[6.62623141,48.68307365,232.47],[6.6263324,48.68302333,232.6],[6.62637939,48.682994,232.63],[6.6266997,48.68277505,232.86],[6.62674836,48.68274472,232.86],[6.62707433,48.68257907,233.07],[6.62713066,48.68255274,233.11],[6.62753961,48.68239109,233.39],[6.6275996,48.68236909,233.42],[6.62809654,48.68221715,233.37],[6.62816054,48.68220082,233.34],[6.62858417,48.68211552,233.39],[6.6286595,48.68210619,233.41],[6.62949943,48.68203859,233.47],[6.62957076,48.68203293,233.4],[6.62978507,48.68201961,233.17],[6.62985673,48.68201662,233.09],[6.63085833,48.68200668,233.43],[6.63092833,48.68200668,233.44],[6.6319746,48.68212262,233.79],[6.6320456,48.68213362,233.8],[6.63259089,48.68226759,233.76],[6.63265822,48.68228792,233.75],[6.63292121,48.6823779,233.57],[6.63298454,48.6824029,233.48],[6.63353249,48.68264187,233.03],[6.63359315,48.68266853,232.87],[6.63463373,48.68316312,232.79],[6.63468739,48.68318845,232.77],[6.63518833,48.68340941,232.63],[6.63524666,48.6834324,232.61],[6.63579528,48.68360668,232.63],[6.63585994,48.68362334,232.58],[6.63650324,48.68374262,232.93],[6.6365689,48.68375161,232.97],[6.63682422,48.68376825,232.9],[6.63688755,48.68377024,232.81],[6.63726185,48.68376959,232.59],[6.63732251,48.68376693,232.59],[6.63769881,48.68374063,232.35],[6.63776214,48.6837343,232.3],[6.6381458,48.683679,232.25],[6.63821046,48.68366934,232.26],[6.63858876,48.68358438,232.21],[6.63864942,48.68356739,232.2],[6.63900674,48.68344342,232.21],[6.6390674,48.68342243,232.21],[6.6395197,48.68328813,231.99],[6.63958603,48.6832708,232.23],[6.64012865,48.6831725,233.07],[6.64019931,48.68316484,233.12],[6.64092828,48.68312119,233.34],[6.64100094,48.68312218,233.32],[6.64135792,48.68314115,233.34],[6.64143291,48.68314748,233.44],[6.64180488,48.68319678,233.92],[6.64187554,48.68321078,233.95],[6.64228684,48.68331042,233.66],[6.64234883,48.68333008,233.55],[6.64258148,48.68341906,233.28],[6.64263981,48.68344206,233.23],[6.64296612,48.68359637,233.39],[6.64301712,48.6836237,233.37],[6.64316177,48.68370835,233.22],[6.64320576,48.68373768,233.11],[6.64359037,48.68402564,232.87],[6.64363436,48.6840573,232.75],[6.64415697,48.68441125,232.82],[6.6442063,48.68444458,232.81],[6.64451228,48.68462421,233.01],[6.64456528,48.6846512,232.99],[6.64491225,48.68478117,232.8],[6.64497191,48.68479916,232.81],[6.64554487,48.68491378,232.84],[6.64560887,48.68492411,232.88],[6.64600218,48.68492878,232.83],[6.64606851,48.68492579,232.88],[6.64660614,48.68486516,232.79],[6.64667114,48.68485283,232.78],[6.64724176,48.68471587,232.73],[6.64730542,48.68470021,232.68],[6.64802273,48.68449294,232.39],[6.64808206,48.68447894,232.42],[6.6496156,48.6841461,232.91],[6.64967326,48.68413344,232.91],[6.65007023,48.68406281,232.82],[6.65012756,48.68405348,232.84],[6.65061052,48.68401852,233.22],[6.65067218,48.68401819,233.32],[6.65123845,48.68405279,233.25],[6.65130144,48.68405945,233.21],[6.65172607,48.68412341,233.04],[6.65178473,48.68413474,233.01],[6.65224136,48.6842507,232.74],[6.65229602,48.68426803,232.74],[6.65257099,48.684366,233.03],[6.65262365,48.68438899,233.13],[6.65313628,48.68465495,233.56],[6.65318428,48.68468461,233.59],[6.6535239,48.68493257,233.67],[6.65356023,48.68496557,233.68],[6.6542851,48.68567245,233.82],[6.65432143,48.68570745,233.81],[6.65503899,48.686377,233.96],[6.65507832,48.68640933,233.93],[6.65557228,48.68678094,233.65],[6.65561694,48.68681094,233.65],[6.65589892,48.68699225,233.63],[6.65594692,48.68702091,233.61],[6.65620423,48.68714889,233.63],[6.65625623,48.68717188,233.65],[6.65673686,48.68734616,233.22],[6.65679152,48.68736315,233.3],[6.65734514,48.6874951,233.85],[6.65740213,48.68750543,233.88],[6.65787442,48.68756806,234.16],[6.65793508,48.68757439,234.14],[6.65896966,48.68761066,234.06],[6.65902932,48.68761599,234.1],[6.65967594,48.68776128,233.86],[6.65973527,48.68777361,233.84],[6.66006723,48.68789291,233.8],[6.66012123,48.68791591,233.81],[6.66071582,48.68821786,233.75],[6.66076682,48.68824019,233.72],[6.66125877,48.68839981,233.88],[6.66131743,48.68841414,233.87],[6.66181472,48.6884971,233.91],[6.66187705,48.68850309,233.93],[6.66230635,48.68850077,233.63],[6.66236701,48.68849744,233.51],[6.66289398,48.68843715,234.01],[6.66294898,48.68842849,234.08],[6.66342458,48.68831955,235.68],[6.66345824,48.68831422,235.87],[6.66380652,48.68829594,236.97],[6.66385852,48.68828794,237.01],[6.66431079,48.68816466,236.98],[6.66436445,48.68815233,236.92],[6.6648114,48.68807069,236.82],[6.66486873,48.68806269,236.83],[6.66521302,48.68802772,236.8],[6.66527035,48.68802473,236.82],[6.66578198,48.68803139,236.88],[6.66583731,48.68803672,236.9],[6.6663486,48.68811301,236.88],[6.66640493,48.68812401,236.84],[6.66698587,48.68828262,236.8],[6.66703887,48.68829862,236.79],[6.66815944,48.68874484,237],[6.66820877,48.68876384,237],[6.66880705,48.68894211,237.17],[6.66886604,48.68895344,237.19],[6.66952166,48.68903706,236.95],[6.66957932,48.68904239,236.88],[6.67192414,48.68921816,236.69],[6.67198414,48.68922249,236.72],[6.67284107,48.6892421,236.9],[6.6729004,48.68924144,236.91],[6.67393799,48.68919553,237.01],[6.67399565,48.68919619,237.01],[6.67468291,48.68925812,237.14],[6.6747379,48.68926445,237.12],[6.67567381,48.68941101,237.08],[6.6757298,48.68942067,237.11],[6.67604477,48.68949532,236.93],[6.6760951,48.68950865,236.89],[6.67634207,48.68958562,236.77],[6.67639073,48.68960261,236.74],[6.67735565,48.68998186,237.49],[6.67741098,48.69000119,237.45],[6.67764095,48.69006184,237.56],[6.67769995,48.6900745,237.58],[6.67794726,48.69011582,237.84],[6.67801726,48.69012348,237.85],[6.67840124,48.69014877,237.92],[6.67848023,48.69014844,237.95],[6.67863689,48.69013912,238],[6.67871288,48.69013079,238.01],[6.67901719,48.69008348,237.9],[6.67909385,48.69006882,237.86],[6.67954215,48.68995586,237.64],[6.67961415,48.68993353,237.62],[6.68037443,48.68966859,237.33],[6.68044476,48.68964959,237.33],[6.68072073,48.6895866,237.49],[6.68078906,48.6895726,237.54],[6.68118603,48.6895063,237.33],[6.68125069,48.68949764,237.34],[6.68164199,48.689465,237.35],[6.68170732,48.68946034,237.29],[6.68203165,48.689459,237.12],[6.68209631,48.68946066,237.12],[6.68326157,48.68957393,237.12],[6.6833269,48.68957626,237.16],[6.68358555,48.68956927,237.11],[6.68364988,48.68956428,237.06],[6.68404451,48.68951963,237.28],[6.68410984,48.6895083,237.37],[6.68444514,48.68942499,237.65],[6.68451247,48.689401,237.66],[6.68471479,48.68931768,237.77],[6.68477879,48.68928802,237.86],[6.68500744,48.68916303,238.99],[6.6850391,48.6891497,239.21],[6.68539772,48.6890644,240.53],[6.68538872,48.68906906,240.57],[6.68516409,48.68913636,240.95],[6.68512576,48.68913536,240.98],[6.68509343,48.68912403,241.03],[6.68507544,48.68910237,241.07],[6.68509677,48.68904805,241.12],[6.68513677,48.68902706,241.11],[6.68518476,48.68901506,241.08],[6.68529408,48.68902172,240.69],[6.68530708,48.68902571,240.56],[6.68529008,48.68904737,241.88],[6.68525376,48.68903605,241.9],[6.68522743,48.68903572,241.95],[6.68517644,48.68905271,242.04],[6.68515111,48.68906437,242.08],[6.68510679,48.68909469,242.15],[6.6850928,48.68911235,242.14],[6.68509646,48.68914701,242.43],[6.68511179,48.68915834,242.42],[6.68516578,48.68916533,242.59],[6.68520411,48.68916133,242.65],[6.6852961,48.68913867,242.65],[6.68534343,48.68912134,242.6],[6.68575872,48.68883338,242.17],[6.68580605,48.68880472,242.12],[6.68623968,48.68860475,241.81],[6.68629901,48.68858475,241.77],[6.68681229,48.68846779,242.05],[6.68687862,48.68845746,242.1],[6.68713327,48.68842482,242.25],[6.6871946,48.68841816,242.29],[6.68758191,48.68840085,242.43],[6.68765057,48.68840118,242.32],[6.68818521,48.6884348,241.78],[6.68825287,48.68844346,241.82],[6.68873083,48.68854576,241.62],[6.68879916,48.68856342,241.63],[6.68912913,48.68867372,241.3],[6.68919446,48.68869938,241.2],[6.69024205,48.68916129,242.02],[6.69030238,48.68918695,242.02],[6.69092933,48.68942924,241.95],[6.69099466,48.68945157,241.96],[6.69186859,48.68968117,241.95],[6.69193692,48.68969616,241.94],[6.69242121,48.68977513,241.84],[6.6924902,48.68978512,241.82],[6.69277484,48.68981409,241.72],[6.6928485,48.68981975,241.72],[6.69349445,48.68984804,241.42],[6.69356311,48.68984937,241.56],[6.69398075,48.68984072,241.46],[6.69405008,48.68983706,241.44],[6.69477605,48.68978276,241.31],[6.69485338,48.6897751,241.3],[6.69610698,48.68961884,241.16],[6.69618297,48.68961151,241.19],[6.69679392,48.68959021,241.16],[6.69686791,48.68959221,241.13],[6.69775386,48.68967249,240.67],[6.69782652,48.68968182,240.62],[6.70026904,48.69008664,240.15],[6.7003497,48.6900993,240.12],[6.70115499,48.69019825,240.18],[6.70123698,48.69020358,240.19],[6.70311021,48.69020029,240.15],[6.70318487,48.69020062,240.15],[6.70488376,48.69022589,240.31],[6.70495975,48.69022722,240.29],[6.70810487,48.69037737,240.18],[6.7081862,48.69037836,240.25],[6.70889949,48.69035373,240.55],[6.70897548,48.69034874,240.58],[6.70956411,48.69030745,240.55],[6.70963444,48.69030179,240.52],[6.71020073,48.69023818,240.85],[6.71024706,48.69023419,241],[6.71060136,48.69025683,241.62],[6.71067202,48.69025617,241.66],[6.71118131,48.69020554,241.6],[6.71125597,48.69019921,241.6],[6.71148728,48.69019288,241.65],[6.71156694,48.69019421,241.72],[6.71501708,48.690388,242.17],[6.71510307,48.69039266,242.17],[6.71602869,48.69045761,241.89],[6.71611302,48.69046761,241.89],[6.71644834,48.69052225,241.77],[6.71653267,48.69053958,241.74],[6.71807825,48.69088114,241.57],[6.71815458,48.6908918,241.61],[6.71861187,48.69094176,241.69],[6.7186882,48.69094742,241.69],[6.71970248,48.69097302,241.9],[6.71978181,48.69097468,241.92],[6.72033909,48.69102432,241.86],[6.72041709,48.69103698,241.86],[6.7209614,48.69116794,242.05],[6.72103806,48.6911916,242.07],[6.72133203,48.69129958,241.49],[6.72140303,48.69132891,241.34],[6.72160601,48.69142656,241.31],[6.72167267,48.69146089,241.34],[6.72186599,48.69156854,241.35],[6.72192865,48.69160654,241.36],[6.72216363,48.69176886,241.66],[6.72221862,48.69181219,241.73],[6.72237227,48.69195018,241.83],[6.72241893,48.69199817,241.86],[6.72263257,48.69225081,242.06],[6.72266857,48.69230347,242.1],[6.72273223,48.69240947,242.16],[6.72275956,48.6924638,242.14],[6.72283021,48.69263012,242.14],[6.7228492,48.69268612,242.13],[6.72300079,48.6933594,242.15],[6.72301278,48.69341373,242.12],[6.72307576,48.6936287,242.08],[6.72309642,48.69368136,242.12],[6.7232194,48.69394033,242.13],[6.72324906,48.69399099,242.1],[6.72347903,48.69428229,242.04],[6.72352436,48.69432762,242.04],[6.72378101,48.69453893,241.91],[6.72383767,48.69457892,241.87],[6.72425831,48.69482821,241.78],[6.72431897,48.6948612,241.83],[6.72556852,48.69547008,242.09],[6.72562985,48.69549941,242.04],[6.72595482,48.6956377,241.87],[6.72602448,48.6956627,241.85],[6.72646545,48.69578368,241.72],[6.72654245,48.69579834,241.71],[6.72710807,48.69586529,241.79],[6.72719006,48.69586929,241.83],[6.7275967,48.69587029,242.16],[6.72767869,48.69586563,242.08],[6.72889594,48.69576236,241.77],[6.72897827,48.6957607,241.76],[6.72939125,48.69576935,241.65],[6.72947191,48.69577435,241.64],[6.72987855,48.69581999,242.3],[6.72995788,48.69583399,242.43],[6.73042653,48.69593929,242.92],[6.73050186,48.69596095,242.99],[6.73102315,48.69615126,242.89],[6.73109514,48.69618392,242.9],[6.73143712,48.69636389,242.94],[6.73150078,48.69640289,242.94],[6.7320834,48.69682017,242.81],[6.73214173,48.6968615,242.79],[6.73250003,48.69708813,242.91],[6.73256069,48.69712146,242.9],[6.73293333,48.69730043,242.94],[6.73300132,48.69732809,243],[6.73359927,48.69752404,243.12],[6.73366126,48.6975417,243.03],[6.73413956,48.69765634,241.79],[6.73419889,48.697669,241.81],[6.73464486,48.69774396,241.58],[6.73470886,48.69775229,241.5],[6.73813095,48.6980464,241.93],[6.73821094,48.69804773,241.91],[6.73844993,48.69804541,241.76],[6.73852826,48.69804142,241.71],[6.73883523,48.69801111,241.36],[6.73891089,48.69799978,241.29],[6.73914054,48.69795745,241.24],[6.7392172,48.69794046,241.28],[6.73966384,48.69781881,241.39],[6.73973484,48.69779448,241.39],[6.74405422,48.69620779,242.32],[6.74412188,48.69618046,242.34],[6.74468417,48.69591883,242.31],[6.74474283,48.6958865,242.3],[6.74491281,48.69578585,242.28],[6.74496814,48.69575152,242.29],[6.74522312,48.69557221,242.6],[6.74527412,48.69553555,242.64],[6.7454671,48.6953809,242.7],[6.74551243,48.6953399,242.66],[6.74571807,48.69512026,242.64],[6.74575506,48.69507427,242.65],[6.74594803,48.69479764,242.76],[6.74597636,48.69474998,242.72],[6.74608,48.69451134,242.6],[6.74609199,48.69446368,242.59],[6.74609565,48.69431837,242.59],[6.74608599,48.69427104,242.6],[6.74601535,48.69406041,242.8],[6.74600402,48.69402075,242.92],[6.74595438,48.69375478,244.03],[6.74594272,48.69370778,244.17],[6.74581843,48.69328449,245.03],[6.74581143,48.69323683,245.14],[6.74581343,48.69298385,245.41],[6.74582109,48.69293319,245.41],[6.74585574,48.69278387,245.47],[6.7458704,48.69273521,245.5],[6.74592538,48.69259223,245.41],[6.74594738,48.69254557,245.37],[6.74607569,48.69232026,245.25],[6.74610635,48.6922776,245.28],[6.746246,48.69210962,245.31],[6.74628433,48.69206696,245.31],[6.7464553,48.69190097,245.21],[6.74650263,48.69186064,245.2],[6.74677261,48.69167134,245.19],[6.7468336,48.69163634,245.18],[6.74730223,48.69140905,245.43],[6.74737422,48.69137972,245.51],[6.7476832,48.69128307,245.59],[6.74776453,48.69126274,245.6],[6.74818651,48.69118342,245.6],[6.74827284,48.69117176,245.57],[6.7514206,48.69083396,244.1],[6.75148893,48.69082663,244.12],[6.75208655,48.69077866,244.19],[6.75216188,48.69077467,244.17],[6.75231053,48.69077301,244.48],[6.75238486,48.69077467,244.64],[6.75284916,48.69080763,245.37],[6.75292882,48.69081429,245.44],[6.75564264,48.69107844,245.37],[6.7557203,48.69108577,245.34],[6.75688424,48.69117135,245.72],[6.75697057,48.69117568,245.75],[6.75793217,48.69118266,245.81],[6.7580185,48.69117833,245.81],[6.75827781,48.69115867,245.84],[6.75836447,48.69114867,245.85],[6.7588891,48.69106737,245.9],[6.75897576,48.69105071,245.91],[6.75940107,48.69095374,245.96],[6.75948507,48.69093241,245.96],[6.75988605,48.69081176,245.93],[6.75996338,48.6907861,245.94],[6.76034303,48.69064279,245.92],[6.76041702,48.69061146,245.92],[6.76069901,48.69047014,245.87],[6.76076667,48.69043248,245.86],[6.76127296,48.69009052,245.66],[6.76133162,48.69004386,245.67],[6.76206688,48.6893526,245.77],[6.76211987,48.6893036,245.78],[6.76240084,48.68906996,245.8],[6.76246017,48.68902763,245.81],[6.76311811,48.68864235,245.68],[6.7631871,48.68860702,245.67],[6.76382373,48.68834274,245.63],[6.76389939,48.68831808,245.65],[6.76444403,48.68817612,245.71],[6.76452069,48.68815946,245.68],[6.76887813,48.68728543,245.59],[6.76892579,48.68727577,245.73],[6.76933075,48.6872488,246.51],[6.76939274,48.6872358,246.54],[6.76976537,48.68713384,246.87],[6.76982736,48.68711818,246.96],[6.77107529,48.68682726,247.76],[6.77114928,48.68680826,247.83],[6.77599258,48.68552725,247.49],[6.77606024,48.68550492,247.47],[6.77667552,48.68527896,247.24],[6.77674418,48.6852523,247.34],[6.77726648,48.68501034,247.28],[6.77732781,48.68497701,247.2],[6.77762579,48.68480003,247.01],[6.77768212,48.68476203,247.03],[6.77801176,48.68450873,247.2],[6.77806942,48.6844674,247.11],[6.77813308,48.68443107,247.03],[6.77820174,48.68439941,246.96],[6.77863637,48.68422477,246.98],[6.77870037,48.68418678,246.99],[6.77925763,48.68375149,247.13],[6.77930762,48.6837055,247.22],[6.77943127,48.68356052,247.41],[6.77946126,48.68350853,247.46],[6.77963922,48.68312924,247.52],[6.77965721,48.68307358,247.41],[6.7796942,48.68290426,247.15],[6.7796992,48.68284727,247.09],[6.77971586,48.68238799,247],[6.77972552,48.68232966,247.05],[6.77973851,48.68227033,247.06],[6.77975417,48.68221167,247.09],[6.77984414,48.68197769,247.09],[6.77987313,48.68192036,247.08],[6.77994013,48.6818067,247],[6.77997879,48.68175104,246.93],[6.7801511,48.68153539,246.71],[6.78019909,48.68148339,246.68],[6.78041773,48.68128641,246.91],[6.78047506,48.68123941,246.94],[6.7807257,48.68106976,246.82],[6.7807917,48.68103143,246.8],[6.78100269,48.68092645,246.78],[6.78107468,48.68089345,246.78],[6.78137766,48.68077614,246.72],[6.78145632,48.68075114,246.69],[6.7818503,48.6806535,246.56],[6.78193063,48.68063617,246.73],[6.78233694,48.68056252,247.13],[6.7824186,48.68055019,247.15],[6.78300622,48.68048956,247.43],[6.78309488,48.6804849,247.46],[6.78665704,48.68034246,247.77],[6.78674337,48.68033646,247.78],[6.78716501,48.68027781,247.75],[6.78724734,48.68026048,247.75],[6.78764031,48.68014351,247.76],[6.7877143,48.68011518,247.77],[6.7881876,48.67987355,247.78],[6.78824859,48.67983389,247.78],[6.78841958,48.67970823,247.79],[6.78847391,48.67966524,247.79],[6.78866689,48.67948192,247.75],[6.78870889,48.67943359,247.74],[6.7888242,48.6792846,247.73],[6.78885819,48.67923394,247.73],[6.78902782,48.67892163,247.82],[6.78905848,48.6788713,247.81],[6.78941243,48.67835735,248.06],[6.78943709,48.67831635,248.17],[6.78962903,48.67786407,249.59],[6.78965569,48.67782141,249.68],[6.78986065,48.67752344,250.14],[6.78989431,48.67748044,250.17],[6.79005562,48.67731279,250.15],[6.79009995,48.67727213,250.15],[6.7905409,48.67692116,250.26],[6.79059123,48.67688316,250.24],[6.79091321,48.67667452,250.2],[6.7909722,48.67664186,250.21],[6.79136984,48.67646856,250.31],[6.7914395,48.67644356,250.31],[6.79215879,48.67622294,250.3],[6.79223145,48.67620694,250.33],[6.79260376,48.6761353,250.41],[6.79268109,48.67612297,250.41],[6.79324939,48.67605967,250.24],[6.79333439,48.67605501,250.2],[6.79375703,48.67605168,250.16],[6.79384136,48.67605434,250.17],[6.79443366,48.67609366,250.31],[6.79451699,48.67610232,250.33],[6.79949001,48.67688101,249.76],[6.79956367,48.67689301,249.75],[6.79998998,48.67696497,249.83],[6.80005998,48.6769773,249.82],[6.80061026,48.6770986,249.8],[6.80067892,48.67711626,249.82],[6.80135753,48.67732687,249.9],[6.80142419,48.6773512,249.9],[6.80571855,48.67899125,250.01],[6.80578621,48.67901758,250.05],[6.80801169,48.67996708,249.77],[6.80806735,48.67999108,249.77],[6.80865728,48.68027835,250.93],[6.80869594,48.68029568,251.05],[6.80939552,48.68057961,251.96],[6.80944218,48.68059927,252],[6.81049774,48.68106247,251.87],[6.81054773,48.6810828,251.84],[6.81085471,48.68118744,251.76],[6.81090837,48.68120344,251.76],[6.81130334,48.6813044,251.28],[6.811356,48.68131873,251.36],[6.81209359,48.68145835,252.06],[6.81212358,48.68146101,252.06],[6.81269019,48.68149363,251.98],[6.81273885,48.68149363,251.98],[6.81351678,48.68144637,251.72],[6.81353544,48.68144371,251.71],[6.81710677,48.68065671,254.83],[6.8173641,48.68060805,254.93],[6.81779472,48.68048875,255.75],[6.81781271,48.68048409,255.83],[6.81786002,48.68048442,256.23],[6.81787335,48.68048875,256.4],[6.817888,48.68051372,256.87],[6.81788301,48.68051605,256.92],[6.81794067,48.68049339,256.97],[6.81801666,48.68049972,257.24],[6.81806065,48.68049806,257.21],[6.8182583,48.68046609,257.2],[6.81831096,48.68045509,257.26],[6.81868193,48.68030312,257.35],[6.81874593,48.68028212,257.35],[6.81956053,48.68006884,256.77],[6.81962686,48.68005484,256.69],[6.8201035,48.67997086,256.54],[6.82017016,48.67996253,256.52],[6.82076311,48.67991824,256.3],[6.8208291,48.67991591,256.24],[6.82149738,48.6799279,255.85],[6.82156304,48.67993256,255.83],[6.82201301,48.67998018,255.99],[6.82207767,48.67998818,256],[6.82240964,48.68004449,256.08],[6.82247497,48.68005882,256.08],[6.82304526,48.68022178,255.89],[6.82310559,48.68024111,255.84],[6.82520976,48.68094492,256.17],[6.82526509,48.68096358,256.33],[6.82545874,48.68099956,256.82],[6.82549173,48.68099757,257.03],[6.82552872,48.68098591,257.58],[6.82553572,48.68098225,257.89],[6.82556605,48.68093959,258.16],[6.82606695,48.68051437,260.71],[6.82609928,48.68048604,260.67],[6.82669686,48.67988783,260.36],[6.82672785,48.67985617,260.36],[6.82729443,48.67932594,260.27],[6.82732309,48.67929761,260.32],[6.82735209,48.67927228,260.38],[6.82738442,48.67925229,260.46],[6.82745608,48.67923296,260.64],[6.82749474,48.67923396,260.77],[6.82762306,48.67926695,261.08],[6.82766939,48.67928228,261.1],[6.82804269,48.67942692,260.73],[6.82809735,48.67945092,260.69],[6.82857964,48.67972356,259.66],[6.8286453,48.67975889,259.52],[6.82927259,48.68007284,258.43],[6.82933925,48.68010983,258.38],[6.82945458,48.68019249,258.33],[6.82950157,48.68023882,258.31],[6.82964923,48.68043647,258.3],[6.82968656,48.68048446,258.27],[6.82978088,48.68056945,258.26],[6.82984254,48.68059845,258.26],[6.8299112,48.68061644,258.28],[6.8299822,48.6806261,258.31],[6.83047951,48.68064475,258.52],[6.83054384,48.68065674,258.54],[6.83072315,48.68070872,258.48],[6.83077748,48.68073138,258.51],[6.83118076,48.680943,259.83],[6.83123176,48.68095966,259.93],[6.83128642,48.68097066,260.02],[6.83134408,48.68097432,260.13],[6.83158806,48.68096134,260.39],[6.83165139,48.68096333,260.42],[6.83182804,48.68100666,260.4],[6.83187837,48.68103065,260.39],[6.83196336,48.68108664,260.42],[6.83199669,48.68111797,260.43],[6.83227599,48.68144661,260.69],[6.83231165,48.68147527,260.75],[6.83317791,48.68198015,261.05],[6.8332269,48.68200681,261.05],[6.83361954,48.68218078,261.28],[6.83367987,48.68220377,261.26],[6.83446048,48.68246738,261.21],[6.83453248,48.68249304,261.22],[6.83490912,48.68264567,261.13],[6.83498378,48.682681,261.07],[6.83519676,48.68279566,260.87],[6.83526142,48.68283532,260.78],[6.83589968,48.6832666,260.51],[6.83595901,48.68330059,260.49],[6.8367946,48.68370354,261.06],[6.83684026,48.6837312,261.18],[6.83691058,48.68379919,261.34],[6.83693658,48.68383752,261.4],[6.83696623,48.6839205,261.42],[6.83696923,48.68396616,261.4],[6.83695358,48.68406581,261.26],[6.83694025,48.68411814,261.05],[6.83683528,48.68444544,259.15],[6.83682728,48.68450043,258.97],[6.8368306,48.68486706,258.53],[6.83682894,48.68492072,258.51],[6.83684393,48.68503637,258.31],[6.83686626,48.68509636,258.1],[6.83701991,48.68532767,257.15],[6.83705657,48.685385,256.98],[6.83719354,48.68566697,256.5],[6.83722487,48.6857193,256.44],[6.83765515,48.68627958,256.13],[6.83770048,48.68632791,256.11],[6.83815844,48.68673654,255.73],[6.83821177,48.68677987,255.68],[6.83911901,48.68744577,255.8],[6.839156,48.68748643,255.84],[6.83923599,48.68762308,255.92],[6.83925699,48.68767174,255.92],[6.83943427,48.68816002,255.75],[6.83944493,48.68820635,255.84],[6.83944593,48.68829268,256.04],[6.83943427,48.68833068,256.17],[6.83936995,48.688433,256.43],[6.83935429,48.68846966,256.49],[6.83937296,48.68854565,256.43],[6.83940895,48.68858165,256.38],[6.84340089,48.69089126,256.91],[6.84345622,48.69092092,256.92],[6.84369619,48.69102256,256.87],[6.84375885,48.69104456,256.86],[6.84434549,48.69123184,256.61],[6.84440582,48.69125583,256.61],[6.84445848,48.69128482,256.61],[6.84450014,48.69132015,256.59],[6.84462712,48.69147713,256.63],[6.84466311,48.69151246,256.75],[6.84479143,48.69159145,257.14],[6.84483709,48.69161178,257.28],[6.84497541,48.69166109,257.72],[6.84502107,48.69167475,257.89],[6.84552399,48.69179401,259.78],[6.84556198,48.69180634,259.92],[6.8460476,48.6919796,261.76],[6.8460796,48.69199226,261.93],[6.84646822,48.69216521,263.61],[6.84649988,48.69218187,263.72],[6.8465542,48.69222019,263.95],[6.84657486,48.69224018,264.09],[6.84661418,48.69230583,264.47],[6.84662084,48.69232816,264.59],[6.84662417,48.69235016,264.73],[6.84662417,48.69237216,264.87],[6.84657886,48.69251212,265.76],[6.84658419,48.69253311,265.88],[6.84659818,48.69255577,265.97],[6.84662051,48.69257943,266.07],[6.84668916,48.69262575,266.15],[6.84673516,48.69264741,266.09],[6.84684615,48.6926804,265.93],[6.84690915,48.69268806,265.79],[6.84710947,48.69267374,265.33],[6.84717513,48.69265641,265.1],[6.84735412,48.69258275,264.31],[6.84740811,48.69255575,264.11],[6.84767741,48.69236813,263.98],[6.8476814,48.69236879,264.07],[6.84729844,48.69261208,264.13],[6.84725645,48.69263441,264],[6.84696084,48.69273405,264.47],[6.84693885,48.69273372,264.62],[6.84659626,48.69260815,265.98],[6.84656726,48.69259682,266.03],[6.84650595,48.69255885,266.53],[6.84643729,48.69251886,266.66],[6.84628132,48.69247055,267.95],[6.84624299,48.69245622,268.04],[6.84582706,48.69227328,268.86],[6.84578173,48.69225728,268.99],[6.84568974,48.69223329,269.29],[6.84564341,48.69222529,269.44],[6.84559975,48.69222463,269.61],[6.84556409,48.69223263,269.78],[6.84554276,48.69224896,269.96],[6.84553943,48.69226862,270.12],[6.84555543,48.69228728,270.3],[6.84558609,48.69230227,270.52],[6.84576374,48.69236525,271.07],[6.8458104,48.69238458,271.15],[6.84605104,48.69250555,271.1],[6.8461017,48.69253421,271.05],[6.84773456,48.69349873,271],[6.84778755,48.69353139,271.01],[6.84864849,48.69401099,271.46],[6.84871215,48.69404665,271.46],[6.84901812,48.69423663,271.5],[6.84908178,48.69427196,271.53],[6.84961306,48.69450091,271.67],[6.84967539,48.69452891,271.53],[6.8517785,48.69554108,271.43],[6.85183716,48.69556774,271.41],[6.85244744,48.69578635,271.35],[6.85250843,48.69580368,271.35],[6.85433162,48.69619054,271.36],[6.85439228,48.6962042,271.33],[6.85567115,48.69644011,271.56],[6.85572881,48.69645044,271.63],[6.85649041,48.69657004,272.2],[6.8565344,48.69657703,272.37],[6.85680571,48.69664601,273],[6.85685337,48.69665667,273.09],[6.85718666,48.69669463,273.45],[6.85724666,48.69670496,273.36],[6.85772263,48.6968176,272.16],[6.85780162,48.69683559,272.04],[6.86097473,48.69746302,271.11],[6.86104139,48.69747735,271.14],[6.86136671,48.69755365,271.29],[6.86143004,48.69757098,271.32],[6.861866,48.69771026,270.95],[6.86192799,48.69773226,270.82],[6.86210964,48.69780258,270.45],[6.86216897,48.69782758,270.32],[6.86250928,48.69800021,269.85],[6.86256328,48.69803221,269.81],[6.8629709,48.69832583,269.89],[6.86301823,48.69836416,269.91],[6.86331953,48.69865146,270.09],[6.86335886,48.69869646,270.09],[6.8641914,48.69977167,271.26],[6.86422773,48.69981966,271.26],[6.8648353,48.70064724,271.89],[6.86487263,48.7006969,271.98],[6.86567084,48.70171578,271.37],[6.86570717,48.70176277,271.29],[6.86601814,48.70206942,271.08],[6.86605647,48.70211542,271.06],[6.86623811,48.70240273,270.97],[6.8662691,48.70245039,270.95],[6.86637642,48.70259137,270.93],[6.86641741,48.7026367,270.93],[6.86664071,48.70284501,270.81],[6.86668771,48.702885,270.83],[6.86723864,48.70330294,270.69],[6.8672913,48.70334027,270.72],[6.86757761,48.70352225,270.86],[6.86763727,48.70355791,270.86],[6.86801758,48.70376021,270.81],[6.86808358,48.70379287,270.82],[6.86849022,48.70397284,270.65],[6.86855888,48.7040015,270.64],[6.86891619,48.70413381,270.63],[6.86899052,48.70415947,270.66],[6.8693715,48.7042751,270.61],[6.86944883,48.7042961,270.59],[6.87001313,48.7044294,270.64],[6.87009479,48.7044454,270.6],[6.87972221,48.70619053,270.27],[6.87979887,48.70620453,270.3],[6.88003053,48.70621752,270.8],[6.88010486,48.70620619,270.91],[6.88042016,48.70605988,271.11],[6.88049049,48.70604022,271.15],[6.88056415,48.70603089,271.14],[6.88063981,48.70603023,270.98],[6.88086813,48.70605288,270.62],[6.88094346,48.70606588,270.53],[6.88108245,48.70610853,270.41],[6.88113778,48.70614153,270.31],[6.88117978,48.70618186,270.25],[6.88125877,48.70632851,270.24],[6.8812921,48.70637817,270.24],[6.88133776,48.7064225,270.38],[6.88146342,48.70648782,270.46],[6.88153642,48.70651015,270.48],[6.88294101,48.70677276,269.96],[6.883027,48.70678609,269.95],[6.88328632,48.70681774,270],[6.88337431,48.70682607,270.01],[6.88373096,48.70683904,269.88],[6.88382096,48.7068397,269.89],[6.88671781,48.70680416,270.59],[6.8868048,48.7068025,270.56],[6.88731376,48.7067642,270.47],[6.88739476,48.70675087,270.46],[6.89404601,48.70543362,270.06],[6.89412167,48.70541862,270.1],[6.89644817,48.70497544,270.02],[6.8965275,48.70495978,269.99],[6.90120124,48.70401679,269.73],[6.90127657,48.70400146,269.71],[6.90187584,48.70389882,269.75],[6.9019495,48.70388482,269.8],[6.90267812,48.70367919,270],[6.90275212,48.7036562,269.97],[6.90326542,48.70347457,269.83],[6.90333708,48.70344558,269.77],[6.90382004,48.70323261,269.72],[6.90388737,48.70320095,269.78],[6.90440268,48.70291898,269.87],[6.90446601,48.70288132,269.86],[6.90551522,48.70222339,269.7],[6.90557555,48.70218539,269.7],[6.90708576,48.70127757,269.03],[6.90713609,48.70124757,269.13],[6.90843566,48.70043634,269.72],[6.90849466,48.70040001,269.74],[6.90877463,48.7002077,269.75],[6.90882762,48.7001677,269.73],[6.9090746,48.69995373,269.53],[6.90911993,48.69990907,269.5],[6.9093229,48.69967576,269.26],[6.90935856,48.6996271,269.21],[6.90955986,48.6992748,269.01],[6.90958519,48.69922381,269.06],[6.91024401,48.69763834,269.43],[6.91026401,48.69759135,269.44],[6.91107551,48.69572656,269.39],[6.91110284,48.6956769,269.36],[6.91119516,48.69552858,269.32],[6.91123015,48.69548025,269.31],[6.91143178,48.69524228,269.24],[6.91147678,48.69519495,269.24],[6.91162177,48.6950583,269.27],[6.91167243,48.69501464,269.29],[6.91194174,48.69480166,269.32],[6.91200074,48.69476133,269.31],[6.91231137,48.69457368,269.37],[6.91237637,48.69453869,269.38],[6.9152461,48.69303428,268.74],[6.9152991,48.69300662,268.8],[6.92043398,48.69028007,269.2],[6.92049564,48.69024808,269.21],[6.92295309,48.68892197,268.88],[6.92301575,48.68889064,268.91],[6.92340939,48.68871733,269.1],[6.92347739,48.68869067,269.09],[6.92441366,48.68835108,269.71],[6.92447599,48.68833142,269.92],[6.92722744,48.68757996,271.73],[6.92728877,48.68755697,271.68],[6.9273411,48.68752931,271.57],[6.92738176,48.68749731,271.54],[6.92742875,48.68742365,271.59],[6.92743908,48.68738232,271.68],[6.92744807,48.687248,271.83],[6.92744441,48.68720167,271.75],[6.92740477,48.68697002,271.41],[6.92739911,48.68692703,271.52],[6.92742177,48.68685104,271.76],[6.92745276,48.68682505,271.84],[6.92749942,48.68681405,271.94],[6.92756008,48.68681471,271.99],[6.9276964,48.68684537,272.03],[6.9277474,48.6868817,271.88],[6.92781305,48.68702469,271.41],[6.92782471,48.68707435,271.41],[6.92783771,48.68728267,270.96],[6.92786337,48.68733533,270.88],[6.92790637,48.68737532,270.78],[6.92796236,48.68739231,270.65],[6.92808468,48.68735699,270.3],[6.92814901,48.68732399,270.05],[6.92847133,48.68712001,269.18],[6.92852966,48.68707568,269.1],[6.93175934,48.68451526,268.44],[6.931814,48.68447226,268.46],[6.93191165,48.68438228,268.46],[6.93195498,48.68433295,268.43],[6.9321043,48.68413197,268.49],[6.93214729,48.68408564,268.61],[6.93249125,48.68378936,270.36],[6.93252391,48.68376203,270.65],[6.9326079,48.68373104,271.12],[6.93265356,48.68373104,271.31],[6.93290419,48.68384502,271.93],[6.93295885,48.68386335,272.23],[6.93302085,48.68387268,272.36],[6.93308584,48.68386802,272.46],[6.93314817,48.68384869,272.52],[6.93320717,48.6838167,272.52],[6.93359348,48.68349373,271.91],[6.93366947,48.6834254,271.63],[6.93424043,48.68285744,269.18],[6.93429909,48.68280311,269.09],[6.93455741,48.68261479,268.93],[6.93462574,48.6825688,268.93],[6.93490305,48.68240082,268.97],[6.93497438,48.68236249,268.97],[6.93534468,48.68220018,269.06],[6.93542067,48.68217052,269.09],[6.93580799,48.6820382,268.91],[6.93588599,48.6820142,268.74],[6.93627896,48.68191655,268.67],[6.93635762,48.68190189,268.6],[6.93682394,48.6818416,267.89],[6.9368996,48.68183227,267.9],[6.93929708,48.68162745,267.77],[6.93938774,48.68161912,267.79],[6.94587836,48.68111582,268.22],[6.94595869,48.68110949,268.27],[6.94635634,48.68109085,267.62],[6.946437,48.68108985,267.51],[6.94701263,48.68110614,267.92],[6.94709463,48.6811138,267.94],[6.94741894,48.68115678,267.96],[6.94749994,48.68117144,267.98],[6.94805357,48.68130474,268.55],[6.94812856,48.68132807,268.59],[6.94856719,48.68149105,268.81],[6.94863952,48.68152138,268.83],[6.94918382,48.681799,268.81],[6.94924548,48.68183766,268.78],[6.94942113,48.68195798,268.7],[6.94947713,48.68200031,268.7],[6.94990676,48.6823416,268.7],[6.94995909,48.68238226,268.71],[6.95084567,48.68311086,268.08],[6.95089633,48.68315319,268.15],[6.9519659,48.68398413,268.18],[6.95202189,48.68402913,268.21],[6.95288547,48.68474275,267.86],[6.9529388,48.68478708,267.84],[6.95302545,48.68488407,267.79],[6.95304611,48.68493706,267.77],[6.95304644,48.68499006,267.75],[6.95303144,48.68503872,267.72],[6.95298279,48.68511804,267.7],[6.95296279,48.68515003,267.74],[6.95294947,48.68520035,267.98],[6.95295847,48.68521668,268.14],[6.95297513,48.68522334,268.43],[6.95299279,48.68521935,268.67],[6.95310809,48.68511871,269.71],[6.95313975,48.68509971,269.87],[6.95364336,48.68481511,272.05],[6.95368035,48.68479311,272.07],[6.95375634,48.68477079,272.1],[6.953782,48.68477845,272.08],[6.95379199,48.68479578,272.02],[6.95373101,48.6849061,271.39],[6.95372468,48.6849621,270.98],[6.95374434,48.68502076,270.52],[6.95383733,48.68512842,269.64],[6.95389466,48.68518108,269.23],[6.95539353,48.68639394,266.85],[6.95545353,48.6864416,266.82],[6.95564452,48.68657891,266.76],[6.95571351,48.68662324,266.74],[6.95593817,48.68674757,266.72],[6.95601716,48.68678523,266.71],[6.95757839,48.68741744,267.23],[6.95765305,48.6874481,267.18],[6.95803735,48.68757708,267.09],[6.95812101,48.68759607,267.1],[6.95829133,48.6876204,267.28],[6.95837599,48.68762673,267.33],[6.95910427,48.68764403,267.56],[6.9591836,48.68764337,267.53],[6.9598899,48.68754308,267.69],[6.95996789,48.68753575,267.72],[6.96019487,48.68755241,267.67],[6.9602662,48.6875704,267.62],[6.96097281,48.68784101,267.68],[6.96104914,48.68786634,267.72],[6.96423926,48.68888382,267.91],[6.96432426,48.68891048,267.85],[6.96667947,48.68968004,267.72],[6.96675947,48.68970637,267.8],[6.96742576,48.68993934,267.34],[6.96749309,48.689964,267.29],[6.96762941,48.68998833,267.22],[6.96769274,48.68998333,267.19],[6.96792636,48.68987903,269.48],[6.96794169,48.68987437,269.64],[6.96799001,48.68986572,270.14],[6.968007,48.68986506,270.33],[6.96813829,48.68988101,271.66],[6.96815062,48.68988434,271.83],[6.9681896,48.68990199,272.43],[6.96820493,48.68991665,272.54],[6.96823492,48.68996964,272.67],[6.96824958,48.69000397,272.66],[6.96842818,48.69058959,272.7],[6.96847051,48.69063559,272.66],[6.96853284,48.69067292,272.62],[6.9686115,48.69069725,272.56],[6.96889382,48.6907449,272.11],[6.96899715,48.69076456,271.8],[6.96920614,48.69082622,271.05],[6.96930214,48.69087122,270.54],[6.96944047,48.69099021,269.43],[6.96947446,48.6910562,268.69],[6.96951312,48.69117819,267.45],[6.96952511,48.69122985,266.93],[6.96952312,48.69127218,266.49],[6.96950379,48.69130151,266.12],[6.96947313,48.69131251,265.81],[6.9694498,48.69130685,265.56],[6.9694731,48.69109922,265.06],[6.96946777,48.69106656,265.1],[6.96945644,48.6910349,265.14],[6.96944011,48.69100324,265.23],[6.96937146,48.69091959,265.47],[6.96935047,48.69089393,265.54],[6.96935114,48.69084761,265.78],[6.9693738,48.69083495,265.96],[6.96953945,48.69086694,266.61],[6.96959678,48.6908816,266.7],[6.97019807,48.69104955,267.13],[6.9702724,48.69106454,267.2],[6.97050139,48.69110386,267.43],[6.97057872,48.69111386,267.48],[6.97088803,48.69113617,267.59],[6.97096536,48.69113716,267.58],[6.97119501,48.69113251,267.59],[6.97127267,48.69112852,267.62],[6.97164364,48.69109189,267.92],[6.97171497,48.69108156,267.98],[6.97264455,48.69087431,266.92],[6.97271288,48.69084932,266.81],[6.97288854,48.69075332,266.58],[6.9729382,48.69071633,266.52],[6.97341045,48.69032806,266.29],[6.97344211,48.6903124,266.3],[6.97374539,48.69003378,266.74],[6.97378738,48.68999778,266.71],[6.97425965,48.68961382,266.07],[6.97430465,48.68957916,266.04],[6.97439931,48.68951217,265.96],[6.97445031,48.68948051,265.92],[6.97477996,48.68929954,265.61],[6.97482395,48.68926555,265.59],[6.97504859,48.68904357,266.21],[6.97509392,48.68900857,266.38],[6.97531724,48.68889793,266.7],[6.97537657,48.68887293,266.74],[6.97569487,48.68876496,266.7],[6.97576386,48.68874663,266.6],[6.97620116,48.68866733,265.93],[6.97627482,48.68865767,265.85],[6.97670713,48.68863603,265.55],[6.97677579,48.68863803,265.54],[6.978331,48.68879758,265.68],[6.978402,48.68880558,265.68],[6.97896697,48.68888988,265.49],[6.97903563,48.68890488,265.5],[6.9794986,48.68905383,265.26],[6.97956126,48.68907883,265.21],[6.98644901,48.69196295,264.67],[6.986514,48.69198995,264.63],[6.98717295,48.69225991,264.71],[6.98724061,48.6922859,264.7],[6.98759892,48.69239787,264.62],[6.98767225,48.69241687,264.58],[6.98819821,48.6925055,264.42],[6.98827487,48.6925135,264.43],[6.98881885,48.69252716,264.29],[6.98889651,48.69252316,264.27],[6.98935248,48.69247486,264.25],[6.98942714,48.69246453,264.25],[6.991405,48.69215898,264.03],[6.99147733,48.69214898,264.04],[6.99197797,48.69210201,264.39],[6.9920493,48.69209935,264.46],[6.99233262,48.69210501,264.65],[6.99240395,48.692109,264.62],[6.9926906,48.69213898,264.35],[6.99276126,48.69215031,264.29],[6.99303524,48.69220395,264.07],[6.99310157,48.69222061,264.03],[6.99342787,48.69232359,263.96],[6.99348887,48.69234692,263.95],[6.99366418,48.69242658,263.95],[6.99371884,48.69245524,263.96],[6.99397515,48.69261056,264.11],[6.99402215,48.69264522,264.14],[6.99424479,48.6928292,264.26],[6.99428512,48.69286853,264.28],[6.99445544,48.6930725,264.41],[6.9944841,48.69311549,264.43],[6.99456342,48.69324648,264.46],[6.99458642,48.69328981,264.47],[6.99464373,48.69342447,264.49],[6.99466106,48.69346947,264.49],[6.99499629,48.69449301,264.32],[6.99501195,48.69453967,264.3],[6.99524419,48.69514225,264.97],[6.99526719,48.69519258,264.92],[6.99539051,48.69539456,264.86],[6.99542917,48.69544355,264.86],[6.99570581,48.69572253,264.75],[6.99576014,48.69576553,264.75],[6.99600812,48.69591251,264.77],[6.99607312,48.69594551,264.8],[6.99661707,48.69616314,264.73],[6.99667107,48.69618714,264.78],[6.99727865,48.69650006,269.64],[6.99730531,48.69651272,269.82],[6.99823753,48.69692559,272.1],[6.99827919,48.69694325,272.1],[6.99836918,48.69696891,272.12],[6.99841618,48.69698457,272.13],[6.99937147,48.69739251,269.67],[6.99947413,48.69743451,269.36],[7.00003076,48.69761515,267.43],[7.00013609,48.69765214,267.04],[7.00167933,48.69829172,265.76],[7.00175933,48.69832405,265.73],[7.00225664,48.69850469,265.64],[7.00234263,48.69852935,265.65],[7.00260762,48.698594,265.63],[7.00269728,48.698613,265.63],[7.00297193,48.69865799,265.58],[7.00306426,48.69866998,265.55],[7.00334524,48.69869463,265.52],[7.00343957,48.69869996,265.5],[7.00391621,48.69870195,265.38],[7.00401221,48.69869829,265.38],[7.00448251,48.69865565,265.36],[7.00457384,48.69864399,265.38],[7.00824996,48.69811487,265.12],[7.00833195,48.69810554,265.13],[7.01041646,48.69799633,263.58],[7.01049579,48.69799367,263.56],[7.01089576,48.69800066,263.6],[7.01097575,48.69800499,263.61],[7.01145904,48.69805263,263.76],[7.0115377,48.69806363,263.75],[7.01191334,48.69813627,263.48],[7.01198633,48.69815293,263.42],[7.01247829,48.69829224,263.07],[7.01254528,48.69831523,263.04],[7.01267694,48.69836322,263.08],[7.0127406,48.69838988,263.15],[7.0132249,48.6986215,263.2],[7.01328123,48.69865349,263.19],[7.0136562,48.69890412,263.79],[7.01370786,48.69894278,263.88],[7.01397782,48.69918775,263.97],[7.01401782,48.69922774,263.93],[7.01430845,48.69959204,264.25],[7.01434178,48.6996397,264.38],[7.01550563,48.70141354,263.64],[7.01554362,48.7014672,263.61],[7.01570427,48.70167652,263.65],[7.0157496,48.70172552,263.66],[7.01595592,48.70191216,263.74],[7.01601091,48.70195582,263.76],[7.0161259,48.70204181,263.84],[7.01618656,48.70208414,263.88],[7.01645021,48.70223845,263.95],[7.0165182,48.70227478,264.03],[7.01695984,48.70246274,265.11],[7.01699717,48.70247674,265.35],[7.0172368,48.70254604,266.88],[7.01728146,48.70255604,267.09],[7.01820703,48.70270359,271.95],[7.01825136,48.70270859,272.2],[7.018633,48.70270261,273.67],[7.01868466,48.7027056,273.81],[7.0192226,48.70280287,274.94],[7.0192776,48.7028062,274.97],[7.01985289,48.70275858,275],[7.01991889,48.70275058,274.87],[7.02003888,48.70272325,274.47],[7.02009454,48.70269892,274.16],[7.0205495,48.70238295,271.9],[7.02060916,48.70233396,271.52],[7.02065682,48.7022793,271.2],[7.02069415,48.70221997,270.83],[7.02076481,48.70207898,269.68],[7.02081347,48.70200099,269.01],[7.02108579,48.70169034,267.2],[7.02114679,48.70161201,266.88],[7.02130243,48.70137136,266.24],[7.02134609,48.70129203,266.05],[7.02173302,48.70043976,265.02],[7.02176035,48.70037777,264.98],[7.02199097,48.69979214,264.7],[7.02201396,48.69973648,264.67],[7.02218325,48.69935619,264.4],[7.02220791,48.69930086,264.37],[7.02310003,48.69736839,263.2],[7.02312736,48.6973214,263.26],[7.02321934,48.69718774,263.39],[7.023254,48.69714508,263.4],[7.02345731,48.69694276,263.36],[7.02350331,48.6969041,263.36],[7.02365296,48.69679678,263.47],[7.02370629,48.69676412,263.55],[7.02409191,48.69656248,263.82],[7.02414957,48.69653715,263.86],[7.02471952,48.69636585,263.84],[7.02478818,48.69634552,263.78],[7.0250465,48.69623455,263.78],[7.02511483,48.69620655,263.8],[7.02533348,48.6961379,263.82],[7.02540781,48.6961159,263.7],[7.02579279,48.69605092,263.37],[7.02586945,48.69603659,263.44],[7.02608944,48.69598294,263.68],[7.02616143,48.69596361,263.74],[7.03298034,48.69405946,264.52],[7.03304833,48.69404113,264.59],[7.03311466,48.6940248,264.65],[7.03317765,48.69401547,264.7],[7.03339964,48.69403113,264.71],[7.03345797,48.69402214,264.68],[7.03477957,48.69366523,265.74],[7.03484556,48.69364724,265.77],[7.03606015,48.69333968,266.97],[7.03612148,48.69332468,267],[7.03702874,48.69311041,267.43],[7.03710273,48.69309375,267.43],[7.03868595,48.69275586,267.24],[7.03876861,48.6927352,267.18],[7.03900693,48.69266321,266.93],[7.03908292,48.69263622,266.85],[7.03982621,48.69235559,266.12],[7.03991287,48.69232893,266],[7.04093749,48.69205465,265.16],[7.04103048,48.69202965,264.95],[7.04157779,48.69190202,264.7],[7.04166879,48.69188202,264.67],[7.04267241,48.69171309,264.3],[7.04276141,48.69170176,264.46],[7.04293974,48.69168177,264.54],[7.0430284,48.69167544,264.62],[7.04346604,48.69167243,264.98],[7.04355337,48.69167376,265.02],[7.04399467,48.69170874,265.29],[7.04408133,48.69172173,265.35],[7.04543257,48.69199632,265.88],[7.0455009,48.69201131,265.88],[7.04563755,48.69204463,265.75],[7.04570121,48.69206496,265.73],[7.04587353,48.69213595,265.74],[7.04592819,48.69216128,265.85],[7.04723172,48.69283113,266.72],[7.04726405,48.69284746,266.78],[7.04785196,48.69303804,267.47],[7.04788696,48.69304904,267.56],[7.04829756,48.69312664,268.1],[7.04829889,48.6931273,268.13],[7.04867149,48.69314459,268.61],[7.04871249,48.69314559,268.63],[7.05012536,48.69326711,269.75],[7.05018269,48.69327477,269.75],[7.05051498,48.69334542,270.14],[7.05056864,48.69335942,270.14],[7.05088261,48.69346805,270.19],[7.05093394,48.69348871,270.21],[7.05176818,48.69389592,271.22],[7.05179184,48.69391625,271.3],[7.0517995,48.69394124,271.37],[7.0517925,48.6939679,271.42],[7.0516852,48.69409188,271.45],[7.05166121,48.69412854,271.45],[7.05165387,48.69420153,271.48],[7.05167653,48.69423219,271.46],[7.05214249,48.69444315,271.77],[7.05218715,48.69446781,271.8],[7.05454384,48.69591516,275.84],[7.05459184,48.69594316,275.92],[7.05469449,48.69599381,276.12],[7.05474949,48.69601747,276.21],[7.05499813,48.69610144,276.6],[7.05506579,48.69612077,276.67],[7.05580641,48.69630405,276.21],[7.05588607,48.69632138,276.13],[7.05645371,48.69641802,275.79],[7.05653504,48.69643001,275.72],[7.05693867,48.69648199,275.41],[7.05701733,48.69648999,275.41],[7.0579346,48.69654327,275.15],[7.0580106,48.69654527,275.16],[7.05816125,48.69654361,275.17],[7.05823624,48.69653862,275.15],[7.05907686,48.69645502,274.7],[7.05914252,48.69645136,274.79],[7.06077843,48.69646264,275.62],[7.06085176,48.69645798,275.66],[7.06113675,48.69642266,275.84],[7.06120441,48.69640933,275.89],[7.06166704,48.69627769,276.13],[7.06173637,48.69626169,276.13],[7.06195903,48.69624204,276.15],[7.06203803,48.6962477,276.15],[7.06211802,48.69626036,276.11],[7.06219801,48.69627935,276.07],[7.06277197,48.69644198,275.09],[7.0628543,48.69646464,274.95],[7.06368058,48.69672591,274.23],[7.06376358,48.69675324,274.09],[7.06409089,48.69687155,273.35],[7.06417088,48.69690254,273.24],[7.06461385,48.69709884,272.66],[7.06467885,48.69713583,272.48],[7.06473584,48.69717716,272.33],[7.06478284,48.69722349,272.36],[7.06481617,48.69727582,272.39],[7.06483817,48.69733181,272.42],[7.06485182,48.69745081,272.4],[7.06484583,48.69751214,272.37],[7.06479751,48.69769613,272.33],[7.06476918,48.69775612,272.34],[7.0646432,48.69792377,272.29],[7.06459054,48.69797443,272.24],[7.06424089,48.69825807,271.79],[7.06418289,48.69830506,271.71],[7.06402724,48.69845738,271.53],[7.06398091,48.69851071,271.49],[7.06383326,48.69873802,271.25],[7.06380327,48.69879501,271.14],[7.06363764,48.69918731,270.18],[7.06362998,48.69924397,269.9],[7.06364397,48.6993553,269.5],[7.06366363,48.69941229,269.31],[7.0640589,48.70019089,266.49],[7.06408323,48.70024422,266.38],[7.0641872,48.70057152,265.73],[7.06420353,48.70062718,265.66],[7.06430249,48.70107747,265.36],[7.06430815,48.7011368,265.18],[7.06429182,48.70156543,265.07],[7.06429982,48.70162742,265.08],[7.06432515,48.70174874,265.16],[7.06434214,48.70180807,265.2],[7.06439013,48.70192006,265.25],[7.06442113,48.70197272,265.26],[7.06450578,48.70206938,265.26],[7.06455944,48.70211104,265.23],[7.06474709,48.70220836,264.96],[7.06481809,48.70223236,264.9],[7.06601265,48.70249694,264.55],[7.06608465,48.7025136,264.56],[7.06655929,48.70265389,264.51],[7.06662262,48.70267922,264.45],[7.06780617,48.70320779,264.55],[7.06786116,48.70323412,264.55],[7.06877174,48.70368971,264.89],[7.06882474,48.70371637,264.99],[7.06902806,48.70383402,264.9],[7.06907372,48.70386768,264.83],[7.06915705,48.70393834,264.73],[7.06919404,48.70397567,264.65],[7.06928103,48.70409499,264.49],[7.06930302,48.70413699,264.48],[7.06956827,48.70486656,264.69],[7.06958927,48.70491455,264.67],[7.06988618,48.70551982,263.98],[7.06990584,48.70556048,264.01],[7.07024143,48.70629704,264.09],[7.07026376,48.70634504,264.26],[7.07033474,48.70646736,264.9],[7.07036107,48.70650636,265.15],[7.07044705,48.70661501,266.11],[7.07048038,48.70664701,266.44],[7.07081432,48.70687863,267.59],[7.07085098,48.70690296,267.69],[7.07126124,48.70712923,269.02],[7.07129023,48.70714456,269.16],[7.07166782,48.70732882,271.28],[7.07167415,48.70733115,271.28],[7.07165716,48.70738847,271.88],[7.07164383,48.70739847,272.01],[7.07174882,48.70740079,272.23],[7.07179281,48.70740845,272.18],[7.07229012,48.70753309,270.85],[7.07238812,48.70754775,270.48],[7.07260345,48.70756341,269.63],[7.07272011,48.70756474,269.26],[7.07296276,48.70755408,268.61],[7.07308776,48.70754209,268.33],[7.07347041,48.70747877,267.51],[7.07359841,48.70744978,267.21],[7.07507168,48.70707419,262.97],[7.07516301,48.70705219,262.57],[7.07629859,48.70680959,262.44],[7.07635125,48.70680026,262.6],[7.07682754,48.70674431,264.2],[7.07687854,48.70674232,264.37],[7.07768511,48.70675329,266.82],[7.0777291,48.70675129,266.99],[7.07781242,48.70673797,267.42],[7.07784941,48.70672531,267.58],[7.07803238,48.70663302,268.16],[7.07805071,48.70662902,268.27],[7.0781127,48.70663869,268.54],[7.07812836,48.70664935,268.6],[7.07814035,48.70666134,268.7],[7.07814735,48.70667534,268.79],[7.07813836,48.70670033,268.93],[7.07812703,48.70670899,268.97],[7.07793872,48.70662101,269.19],[7.07792639,48.70660435,269.21],[7.07786142,48.7064217,269.28],[7.07784343,48.7063857,269.28],[7.07756384,48.70589377,269.35],[7.07754085,48.70585344,269.27],[7.07744754,48.70566014,269.2],[7.07743155,48.70562481,269.19],[7.07705504,48.70456633,272.34],[7.07704505,48.70453267,272.47],[7.0770184,48.70439769,272.88],[7.07701374,48.70436603,272.98],[7.07703606,48.70421338,273.55],[7.07705505,48.70418938,273.66],[7.07711371,48.70415206,273.84],[7.0771517,48.70414007,273.9],[7.07745633,48.70410876,274.55],[7.07751166,48.7041051,274.62],[7.07822728,48.70409746,276.36],[7.07827361,48.70409646,276.46],[7.07973347,48.70404929,279.83],[7.0797868,48.70404829,279.91],[7.0801171,48.7040526,280.48],[7.08017143,48.70405426,280.55],[7.08111936,48.70411919,282.57],[7.08116836,48.70412952,282.66],[7.08134668,48.70419083,283.03],[7.08139067,48.70421116,283.11],[7.08161932,48.70434613,283.23],[7.08166965,48.70437779,283.08],[7.08258524,48.70503804,280.08],[7.0826609,48.7050907,280.05],[7.08316888,48.70540766,279.55],[7.08326454,48.70545899,279.38],[7.08367319,48.70564064,278.34],[7.08377852,48.7056793,278.33],[7.08546611,48.70624654,273.53],[7.08556811,48.7062912,273.23],[7.08601575,48.70652651,271.78],[7.08609508,48.7065745,271.49],[7.08684437,48.70707611,270.06],[7.0869117,48.70710877,270.05],[7.08719168,48.70720708,269.98],[7.08726034,48.70722841,269.97],[7.08777363,48.7073747,270.17],[7.08783463,48.7073947,270.15],[7.08847091,48.70762098,269.69],[7.08854157,48.70764197,269.65],[7.08921319,48.70780991,269.07],[7.08928818,48.70782891,269.02],[7.09020445,48.70808383,269.03],[7.09027844,48.70810783,269.12],[7.09067807,48.70827647,270.43],[7.09073773,48.7083038,270.61],[7.09152698,48.7086927,272.87],[7.09157298,48.70871536,272.99],[7.09207493,48.70894197,273.7],[7.09213159,48.70896363,273.7],[7.09236858,48.70903828,273.72],[7.09242924,48.70905394,273.72],[7.09298986,48.70917191,273.97],[7.09305219,48.70918557,274],[7.0933595,48.70926754,273.96],[7.09342149,48.70928487,273.92],[7.09397878,48.70947249,274.1],[7.09404277,48.70949449,274.14],[7.09449907,48.70967511,274.31],[7.0945674,48.70969944,274.34],[7.09491605,48.70980942,274.33],[7.09498504,48.70982941,274.37],[7.09572466,48.70998102,273.98],[7.09577965,48.70999268,273.89],[7.09636661,48.71007729,274.25],[7.09641727,48.71008729,274.34],[7.09707021,48.71025657,275.25],[7.0971262,48.7102649,275.36],[7.09723619,48.7102639,275.61],[7.09728919,48.71025524,275.72],[7.09768649,48.71016961,276.76],[7.09772015,48.71016195,276.9],[7.09785178,48.71009931,277.19],[7.09788911,48.71009131,277.17],[7.09804444,48.71008631,277.22],[7.09810643,48.71009664,277.22],[7.10091558,48.71095145,272.55],[7.10102891,48.71098544,272.17],[7.10150256,48.71109708,270.29],[7.10162955,48.71110841,269.91],[7.10175888,48.7111114,269.5],[7.10188821,48.71110574,269.15],[7.1022642,48.71104409,268.1],[7.10238319,48.71101276,267.75],[7.1038078,48.7105205,265.02],[7.10389813,48.71050117,264.98],[7.10398746,48.71048851,264.94],[7.10407579,48.71048252,264.93],[7.10424712,48.71049118,264.94],[7.10432812,48.71050351,264.99],[7.10469277,48.71062549,265.12],[7.10476277,48.71065548,265.05],[7.10637763,48.71140369,263.69],[7.10643863,48.71143502,263.73],[7.10699391,48.71181529,263.5],[7.1070489,48.71184262,263.56],[7.10716556,48.71189194,263.72],[7.10722522,48.71191327,263.78],[7.10745654,48.71198092,264.04],[7.10750854,48.71199858,264.15],[7.10762387,48.71207156,264.41],[7.10764387,48.71210422,264.6],[7.10765687,48.71214121,264.79],[7.1076602,48.71218421,264.95],[7.10762522,48.71241252,265.32],[7.10762688,48.71245485,265.41],[7.10771084,48.71269815,265.8],[7.10772184,48.71274115,265.8],[7.1077295,48.71278615,265.76],[7.1077335,48.71283248,265.73],[7.10772184,48.71292847,265.65],[7.10770584,48.7129778,265.55],[7.10762953,48.71313112,265.18],[7.1075982,48.71318278,265.08],[7.10681701,48.71441731,265],[7.10679468,48.71446031,265.22],[7.10663673,48.71483428,265.72],[7.1066164,48.71488194,265.77],[7.10660507,48.71492927,265.76],[7.10660573,48.7149726,265.76],[7.10662803,48.71512757,265.8],[7.10663069,48.7151329,265.81],[7.10659436,48.71514789,265.82],[7.10655203,48.71513623,265.32],[7.10657236,48.71511158,265.47],[7.10659335,48.71510092,265.49],[7.106681,48.71509092,265.56],[7.10671633,48.71509591,265.57],[7.10730891,48.7152175,265.89],[7.10735657,48.7152285,265.93],[7.10833947,48.71551206,267.71],[7.10838147,48.71552106,267.81],[7.10868143,48.71555567,269.06],[7.10871609,48.71555933,269.17],[7.10907105,48.71557697,270.04],[7.10911838,48.71557796,270.13],[7.10926136,48.71557097,270.4],[7.10930869,48.71556464,270.49],[7.10987064,48.71546238,271.6],[7.1099203,48.71545639,271.68],[7.11095454,48.71538749,272.7],[7.11101453,48.71537649,272.76],[7.11118619,48.71532384,272.95],[7.11123985,48.71529951,272.99],[7.11146982,48.71515154,273.18],[7.11152215,48.71512755,273.2],[7.1116968,48.71506656,273.21],[7.11175779,48.7150479,273.21],[7.11194844,48.71500325,273.26],[7.11201344,48.71499392,273.27],[7.11221376,48.71497693,273.35],[7.11228342,48.71497427,273.37],[7.11272806,48.71497394,273.42],[7.11280506,48.71497727,273.42],[7.11295771,48.71498826,273.4],[7.11303237,48.71499759,273.4],[7.11331603,48.71505657,273.44],[7.11338336,48.71507457,273.46],[7.11440727,48.7154518,273.2],[7.1144706,48.71547713,273.14],[7.11533653,48.71584339,271.28],[7.11541086,48.71587672,271.17],[7.11574283,48.71605736,270.77],[7.11579783,48.71609936,270.7],[7.11597214,48.71629135,270.38],[7.1160068,48.71634335,270.31],[7.11666834,48.71741794,269.17],[7.1167,48.71746727,269.11],[7.11701595,48.71783356,268.83],[7.11705294,48.71787989,268.79],[7.11720057,48.7181582,268.55],[7.11722256,48.71820353,268.5],[7.11725089,48.71824652,268.44],[7.11728955,48.71828418,268.39],[7.11733921,48.71831584,268.34],[7.11739954,48.7183385,268.24],[7.1174692,48.71835149,268.15],[7.1175442,48.71835615,268.02],[7.11842215,48.71833554,266.76],[7.11849548,48.71833388,266.73],[7.11890078,48.71834321,266.65],[7.11896078,48.71835254,266.67],[7.11917275,48.71843386,266.95],[7.11921775,48.71846285,267.01],[7.11949203,48.71870615,267.13],[7.11953269,48.71874148,267.18],[7.11972334,48.71885612,267.42],[7.11977267,48.71887745,267.42],[7.12008262,48.71897876,268.33],[7.12012762,48.71898976,268.47],[7.12066723,48.71908771,269.86],[7.12071489,48.71909637,269.9],[7.12153112,48.71918996,270.52],[7.12158212,48.71919462,270.57],[7.12276365,48.71921955,272.48],[7.12276132,48.71921889,272.52],[7.12280432,48.71923688,272.72],[7.12283465,48.71924254,272.76],[7.12327361,48.71929049,272.98],[7.12333194,48.71929882,273.05],[7.12423517,48.71944272,274.84],[7.1242915,48.71945072,274.95],[7.1250121,48.71950867,276.37],[7.12506843,48.71952066,276.39],[7.12511809,48.71953932,276.4],[7.12515875,48.71956465,276.4],[7.12519874,48.71963297,276.7],[7.12519108,48.71967397,276.87],[7.12516709,48.71971596,276.99],[7.1251301,48.71975929,277.11],[7.12494178,48.71994461,277.29],[7.12490679,48.71999627,277.29],[7.12488746,48.7200486,277.28],[7.12490013,48.72014892,277.24],[7.12493246,48.72018558,277.1],[7.12504512,48.72022257,276.89],[7.12511178,48.72023323,276.85],[7.12604605,48.72033517,278.75],[7.12611071,48.72034283,278.83],[7.12689898,48.72045977,280.02],[7.12695597,48.72046743,280.15],[7.12795423,48.72057435,281.59],[7.12802089,48.72058401,281.63],[7.12815188,48.72061033,281.63],[7.12821421,48.72062766,281.61],[7.12838619,48.72069265,281.75],[7.12843952,48.72071631,281.87],[7.12871549,48.72087795,282.4],[7.12875682,48.72090628,282.46],[7.12890246,48.72103659,282.7],[7.12892579,48.72107559,282.74],[7.1289611,48.72120357,282.82],[7.12896343,48.72124757,282.87],[7.12894479,48.72165018,283.22],[7.12895345,48.72169484,283.21],[7.12901642,48.72185649,283.21],[7.12903608,48.72188849,283.28],[7.12915407,48.7220108,284.05],[7.12918407,48.72203213,284.15],[7.12944303,48.72218142,285.09],[7.12948669,48.72220175,285.22],[7.13012228,48.72246934,287.41],[7.13016761,48.72248834,287.51],[7.1315081,48.72308818,290.54],[7.13155776,48.72311018,290.61],[7.132682,48.72365275,290.56],[7.13276266,48.72368041,290.45],[7.13303732,48.72372607,290.12],[7.13313398,48.72372407,289.99],[7.13322998,48.72371508,289.79],[7.13332598,48.72370175,289.62],[7.13393529,48.72358444,288.14],[7.13404395,48.72357178,287.88],[7.13415194,48.72356845,287.6],[7.1342586,48.72357511,287.35],[7.13467958,48.72362376,286.39],[7.13478724,48.72362542,286.22],[7.13510189,48.72360844,285.69],[7.13520322,48.72359945,285.55],[7.13569553,48.72354248,284.94],[7.13579086,48.72353682,284.79],[7.13614818,48.72354916,284.2],[7.13622984,48.72356016,284.06],[7.13696714,48.72369511,283.51],[7.13705147,48.72371177,283.53],[7.13745245,48.72381173,283.43],[7.13752945,48.72383239,283.4],[7.13887838,48.72422229,283.73],[7.13894838,48.72424362,283.77],[7.14004397,48.72460821,283.89],[7.1401173,48.72463021,283.95],[7.14034395,48.72469086,284.12],[7.14042028,48.72470852,284.18],[7.14064892,48.7247485,284.51],[7.14072425,48.72475816,284.61],[7.14108555,48.72477815,284.63],[7.14115388,48.72477549,284.73],[7.14128787,48.7247645,284.91],[7.1413532,48.7247565,285.06],[7.14161452,48.72470419,285.62],[7.14168085,48.72468486,285.72],[7.14209981,48.72451556,286.72],[7.14215447,48.72448923,286.84],[7.14286442,48.72409831,287.65],[7.14291741,48.72407331,287.73],[7.14315172,48.72400965,288.21],[7.14321505,48.72400566,288.32],[7.14327838,48.72400832,288.43],[7.14334038,48.72401765,288.5],[7.14351403,48.72407298,288.64],[7.14356836,48.72409764,288.68],[7.14507356,48.72489651,290.35],[7.14512722,48.72492017,290.38],[7.14529321,48.72498182,290.52],[7.14535121,48.72499748,290.66],[7.14557853,48.72503312,291.31],[7.14563219,48.72503512,291.43],[7.14904649,48.72482777,299.78],[7.14910015,48.72482478,299.9],[7.15332202,48.72461557,311.53],[7.15336801,48.72461357,311.67],[7.15454623,48.72452805,315.26],[7.15458589,48.72452572,315.44],[7.15610574,48.72445753,319.2],[7.15615874,48.7244562,319.41],[7.15772825,48.72436573,322.62],[7.15776891,48.7243624,322.7],[7.15815986,48.72435709,323.19],[7.15819652,48.72435676,323.23],[7.15895708,48.72430288,324.09],[7.15896341,48.72430222,324.04],[7.15903604,48.72430954,324.91],[7.1590677,48.7243102,324.91],[7.15965798,48.72428592,324.16],[7.15972598,48.72427659,324.08],[7.15984531,48.72423327,323.85],[7.15988764,48.72419961,323.74],[7.16012192,48.72386365,323.4],[7.16014958,48.72383065,323.55],[7.16018091,48.72379932,323.66],[7.16021724,48.72377132,323.75],[7.16035023,48.723702,323.99],[7.16040123,48.72368367,324.12],[7.16107783,48.72353506,324.62],[7.16114716,48.72352273,324.59],[7.1619431,48.72339411,324.04],[7.16201109,48.72338345,323.97],[7.16283069,48.7232715,323.56],[7.16291435,48.7232595,323.47],[7.16317833,48.72320085,323.13],[7.16326666,48.72317052,322.99],[7.16343532,48.72308887,322.55],[7.16351631,48.72304054,322.34],[7.16375795,48.72287555,321.65],[7.16384061,48.72281722,321.3],[7.16436226,48.72243159,319.1],[7.16445425,48.72236226,318.65],[7.1647149,48.72214028,317.27],[7.1647919,48.72205928,316.66],[7.16491722,48.72188429,315.67],[7.16496155,48.72178996,315.29],[7.16500654,48.7215933,314.4],[7.16500388,48.72149331,313.82],[7.16498388,48.72139465,313.3],[7.16495389,48.72129665,312.81],[7.16488323,48.72110366,311.95],[7.1648409,48.721008,311.52],[7.16469325,48.72072902,309.29],[7.16464125,48.72063736,308.68],[7.16426428,48.72000107,305.48],[7.16423162,48.71991341,304.86],[7.16421329,48.71983208,304.02],[7.16420763,48.71975908,303.21],[7.16421295,48.71963809,301.98],[7.16421961,48.7195901,301.47],[7.1642396,48.71951578,300.43],[7.16425326,48.71948612,299.98],[7.16430158,48.71944147,299.28],[7.16434058,48.71943414,298.97],[7.16438224,48.7194418,298.7],[7.1644209,48.71946246,298.43],[7.16452355,48.71957478,297.66],[7.16456921,48.71961744,297.51],[7.16475919,48.71974009,297.12],[7.16483185,48.71978142,296.94],[7.16524749,48.72000207,295.33],[7.16534082,48.7200474,295.32],[7.16614478,48.72041303,292.82],[7.16624511,48.72046236,292.17],[7.16671909,48.720761,289.59],[7.16682242,48.72082433,289.15],[7.1672724,48.72107564,287.74],[7.16738106,48.72114397,287.39],[7.16757239,48.7212953,286.61],[7.16764972,48.72137763,286.04],[7.16789737,48.72171794,284.65],[7.16796536,48.72179727,284.54],[7.16804569,48.72186826,284.45],[7.16823969,48.72197359,284.34],[7.16834602,48.72201025,284.4],[7.16970929,48.72228119,284.11],[7.16980195,48.72230118,284.07],[7.17212481,48.72283602,282.52],[7.1721998,48.72285268,282.51],[7.17274676,48.72294399,282.44],[7.17282676,48.72295432,282.46],[7.1759756,48.72320547,276.7],[7.17612759,48.72321513,276.17],[7.17643325,48.72321546,275.14],[7.17658258,48.72320613,274.66],[7.17726788,48.72313315,272.72],[7.17739554,48.72312882,272.43],[7.17799685,48.72314914,271.2],[7.17810884,48.7231538,271.03],[7.17861481,48.72320943,270.66],[7.17870514,48.72322509,270.64],[7.17895713,48.72328841,270.66],[7.17903646,48.72331174,270.67],[7.1793921,48.72345105,271.07],[7.1794581,48.72348304,271.14],[7.18033535,48.72397763,270.99],[7.18037068,48.72399796,270.83],[7.18040034,48.72401595,270.69],[7.18042233,48.72403028,270.55],[7.18042999,48.72406526,270.19],[7.18044832,48.72408126,269.55],[7.1809296,48.72419955,269.07],[7.18101526,48.72421454,268.84],[7.18207555,48.72433116,266.75],[7.18216188,48.72435082,266.38],[7.18222787,48.72437615,266.02],[7.18227053,48.72440848,265.53],[7.18228686,48.72444247,265.06],[7.18228553,48.72447646,264.61],[7.18224521,48.72457111,263.74],[7.18224554,48.72460244,263.53],[7.18226487,48.72462977,263.4],[7.18234719,48.72467076,263.19],[7.18240252,48.72468809,263.16],[7.18379608,48.72503034,263.23],[7.18387674,48.72504833,263.24],[7.1839594,48.72506133,263.24],[7.18404373,48.72506633,263.24],[7.18430838,48.72505001,263.24],[7.18440037,48.72505001,263.11],[7.18458203,48.725075,262.85],[7.18467336,48.72509499,262.74],[7.18485635,48.72514465,262.24],[7.18494368,48.72517464,262.04],[7.18526465,48.72530563,261.18],[7.18534131,48.72533096,261.04],[7.18548664,48.72536328,260.74],[7.18554997,48.72536894,260.64],[7.18589727,48.72534396,259.98],[7.1859816,48.72533397,259.81],[7.18642459,48.72524699,258.85],[7.18651058,48.72522166,258.7],[7.18659091,48.72519,258.57],[7.18666357,48.72515234,258.44],[7.18698355,48.7249277,258.05],[7.18705288,48.72487937,258.01],[7.18729187,48.72473539,257.57],[7.1873782,48.7246874,257.37],[7.18755886,48.72460074,256.96],[7.18765252,48.72456275,256.79],[7.18793117,48.72446743,256.37],[7.18802383,48.7244421,256.37],[7.19059368,48.72397823,254.66],[7.19069534,48.7239619,254.44],[7.19127931,48.72388092,253.27],[7.19136997,48.72387059,253.21],[7.19180728,48.72383528,252.94],[7.19189228,48.72383028,252.89],[7.19371718,48.72382332,252.25],[7.19381984,48.72382565,252.16],[7.19413083,48.72384363,251.67],[7.19423149,48.72385196,251.49],[7.19487746,48.72392593,249.86],[7.19496412,48.72393859,249.91],[7.19545309,48.72403456,250.04],[7.19553208,48.72405455,250.03],[7.19606037,48.72421385,249.9],[7.1961357,48.72423518,249.88],[7.19784229,48.72469407,247.35],[7.19792162,48.72471473,247.28],[7.19807694,48.72475105,247.2],[7.19815527,48.72476538,247.06],[7.19849626,48.72480636,246.45],[7.19859192,48.72481402,246.26],[7.19899156,48.72481236,244.69],[7.19908922,48.72480437,244.21],[7.20110344,48.72455349,243.4],[7.20120277,48.72454583,243.35],[7.20170943,48.72453218,241.98],[7.20180676,48.72453152,241.77],[7.20323266,48.72454548,241.37],[7.20331299,48.72454415,241.44],[7.20399896,48.72448952,241.03],[7.20410762,48.72447352,240.87],[7.20462292,48.72436655,240.23],[7.20472058,48.72434356,240.14],[7.20585652,48.72405029,239.54],[7.20593718,48.72402729,239.52],[7.20639781,48.72387799,239.35],[7.20647147,48.72385166,239.3],[7.20705677,48.72361937,238.98],[7.20714543,48.72358871,238.89],[7.20781173,48.72340541,237.58],[7.20790506,48.72338575,237.45],[7.20854103,48.72328479,236.86],[7.20862902,48.7232758,236.83],[7.2105096,48.72312691,233.25],[7.21060459,48.72311625,232.82],[7.21069692,48.72310425,232.47],[7.21078691,48.72308826,232.19],[7.21103857,48.72302027,231.69],[7.21111923,48.72299328,231.59],[7.21170952,48.72275699,231.61],[7.21177452,48.72272266,231.72],[7.21190284,48.72264967,231.89],[7.2119645,48.72261167,231.96],[7.21254446,48.72220872,232.79],[7.21262312,48.72215906,232.73],[7.21310509,48.72189208,232.06],[7.21318775,48.72185308,231.99],[7.21368806,48.72165711,231.54],[7.21377139,48.72162878,231.49],[7.21447133,48.72141816,231.24],[7.21453066,48.72138883,231.24],[7.21477562,48.72121788,230.74],[7.21479061,48.72120655,230.75],[7.21487225,48.7211199,230.68],[7.21490958,48.72108057,230.65],[7.21501889,48.72088325,230.59],[7.21505522,48.72083726,230.58],[7.21519454,48.72069961,230.45],[7.2152472,48.72065028,230.39],[7.21536386,48.72055929,230.11],[7.21543152,48.72051863,229.96],[7.21558351,48.72045631,229.62],[7.21566451,48.72043498,229.46],[7.21715209,48.72020675,227.86],[7.21723242,48.72019542,227.77],[7.21797302,48.72011379,227.25],[7.21805568,48.72010113,227.1],[7.21842267,48.71998848,226.94],[7.218492,48.71996982,227.02],[7.21878165,48.71991418,227.36],[7.21886398,48.71990452,227.44],[7.22151954,48.71975898,222.58],[7.22161687,48.71975399,222.48],[7.22221784,48.7197643,222.32],[7.22229784,48.7197713,222.31],[7.22290847,48.71987993,222.84],[7.22298613,48.71989193,222.99],[7.22396574,48.72001354,222.79],[7.2240404,48.72002553,222.7],[7.22485868,48.72017214,222.39],[7.22493001,48.72018714,222.35],[7.22542131,48.72032043,222.04],[7.22549364,48.72033476,222.04],[7.22578261,48.72036141,221.88],[7.22583594,48.7203714,221.84],[7.22588693,48.72040472,221.85],[7.22589292,48.72042205,221.89],[7.22584961,48.72051669,222.44],[7.22584195,48.72054002,222.5],[7.22584628,48.72056535,222.54],[7.22586794,48.72058768,222.53],[7.2262819,48.72070997,221.81],[7.2263709,48.7207393,221.59],[7.22696586,48.72095058,220.46],[7.22704519,48.72098058,220.42],[7.22778515,48.72128586,220.02],[7.22785581,48.72131586,220.01],[7.2283291,48.72153081,220.04],[7.22839576,48.72156214,219.99],[7.22883606,48.72179511,219.66],[7.22889372,48.72183111,219.61],[7.22938867,48.72218006,219.45],[7.22944333,48.72221839,219.47],[7.22990263,48.72251635,219],[7.22996896,48.72256635,218.83],[7.23006929,48.72267334,218.26],[7.23009362,48.72272967,217.98],[7.23008261,48.722838,217.56],[7.23005028,48.72288933,217.39],[7.23000162,48.72293999,217.25],[7.2298733,48.72302165,217.11],[7.22980431,48.72305598,217.06],[7.229506,48.72314696,216.67],[7.22944834,48.72317262,216.58],[7.22940868,48.72320661,216.6],[7.22939202,48.72324627,216.6],[7.22938869,48.72328827,216.61],[7.22940267,48.7233786,216.29],[7.22941367,48.72342559,216.16],[7.22959163,48.72399286,215.3],[7.22960596,48.72404219,215.28],[7.2299845,48.72540841,216.2],[7.22999816,48.72545807,216.26],[7.23017211,48.72603833,217.31],[7.23018677,48.72608866,217.33],[7.23024542,48.72623665,217.38],[7.23026941,48.72628565,217.43],[7.23035407,48.7264313,217.38],[7.23038573,48.72648029,217.38],[7.23049772,48.72662693,217.34],[7.23053938,48.72667459,217.32],[7.2307227,48.72685391,216.93],[7.23077236,48.72689724,216.87],[7.23093534,48.72701923,216.72],[7.23099534,48.72705856,216.72],[7.23125365,48.72720487,216.73],[7.23131898,48.7272382,216.75],[7.23165162,48.72738084,216.97],[7.23171895,48.7274055,217],[7.23185761,48.72744416,217.05],[7.23192861,48.72746015,217.07],[7.23235926,48.72753646,216.73],[7.23242159,48.72755679,216.75],[7.23247092,48.72758545,216.77],[7.23250292,48.72762278,216.76],[7.23257258,48.72775944,216.78],[7.23262024,48.72779743,216.77],[7.2326889,48.72782076,216.68],[7.2327699,48.72783242,216.5],[7.23304587,48.72783309,216.22],[7.23314086,48.72782509,216.22],[7.23323186,48.72781543,216.22],[7.23331552,48.7278001,216.18],[7.23352617,48.72770413,216.05],[7.23357083,48.72769147,216.13],[7.23384181,48.7276868,216.61],[7.23392947,48.72768879,216.61],[7.236325,48.72788797,215.12],[7.23639066,48.72789363,215.02],[7.23712462,48.72797491,214.96],[7.23721062,48.72797991,215.01],[7.23818022,48.72798858,215.35],[7.23826688,48.72798725,215.41],[7.23942147,48.72792801,215.39],[7.2395008,48.72792568,215.38],[7.24019477,48.72793201,215.29],[7.2402681,48.727936,215.29],[7.24085139,48.72797629,215.05],[7.24092438,48.72798395,215.08],[7.24245061,48.72817783,214.82],[7.24252261,48.72818716,214.81],[7.24323924,48.72835711,214.63],[7.24331123,48.7283751,214.61],[7.24422285,48.72864272,214.56],[7.24429684,48.72866505,214.53],[7.24463682,48.72880969,214.28],[7.24470915,48.72883635,214.21],[7.24585777,48.7292403,212.67],[7.2459361,48.72926763,212.64],[7.2490589,48.73031674,212.69],[7.24912156,48.73033807,212.72],[7.24953286,48.73050871,212.88],[7.24958586,48.73053804,212.88],[7.24982717,48.73070502,212.93],[7.2498705,48.73074102,212.94],[7.25004115,48.73094466,212.98],[7.25006981,48.73098932,212.95],[7.2501238,48.73108064,212.92],[7.25014913,48.73112764,212.91],[7.25020945,48.73127463,212.91],[7.25022411,48.73132463,212.91],[7.25023511,48.73137596,212.89],[7.25024177,48.73142762,212.88],[7.25024011,48.73158427,212.81],[7.25023245,48.7316366,212.78],[7.25018947,48.73179024,212.72],[7.25016981,48.73184057,212.7],[7.25005083,48.73203621,212.72],[7.25001284,48.73208354,212.74],[7.24988185,48.73221786,212.76],[7.24983319,48.73226052,212.76],[7.24946289,48.73254215,212.71],[7.24941423,48.73258448,212.69],[7.24932224,48.73267414,212.64],[7.24927958,48.7327218,212.61],[7.24920659,48.73282179,212.55],[7.24917493,48.73287212,212.51],[7.24911627,48.73297611,212.43],[7.24909161,48.73302944,212.19],[7.24904029,48.73318943,211.61],[7.24902863,48.73324276,211.42],[7.2490123,48.73334908,211.13],[7.24900964,48.73340307,211.04],[7.24902363,48.73356505,210.81],[7.24903163,48.73361904,210.73],[7.24905295,48.73372537,210.52],[7.24906828,48.73377837,210.44],[7.24913326,48.73393602,210.33],[7.24916092,48.73398668,210.31],[7.2492549,48.734131,210.34],[7.24929023,48.73417633,210.42],[7.24945688,48.73434297,210.65],[7.24950188,48.7343823,210.72],[7.24954921,48.73442063,210.78],[7.24960054,48.73445596,210.82],[7.24982452,48.73458261,211.28],[7.24988185,48.73461261,211.28],[7.25079012,48.73504253,212.37],[7.25082312,48.73506119,212.39],[7.25085345,48.73509118,212.59],[7.25085212,48.73510451,212.69],[7.25079948,48.73515315,213.03],[7.25080914,48.73516748,213.39],[7.25093478,48.73524047,213.64],[7.25095977,48.73525447,213.68],[7.25100309,48.73529579,213.71],[7.25100442,48.73529712,213.69],[7.2510404,48.73528146,213.24],[7.25103374,48.7352688,213.26],[7.25099542,48.73524814,213.3],[7.25096476,48.73524281,213.33],[7.25089244,48.73524947,213.38],[7.25085911,48.73526313,213.39],[7.25075613,48.73534812,213.44],[7.25073214,48.73536978,213.46],[7.25059818,48.73551143,213.3],[7.25059518,48.73551609,213.28],[7.25043986,48.73559874,213.14],[7.25043353,48.73560673,213.07],[7.25067451,48.73543709,213.4],[7.25069884,48.73541809,213.39],[7.25080716,48.7353051,213.38],[7.25083382,48.73528277,213.41],[7.25090314,48.73525278,213.47],[7.25094013,48.73525078,213.48],[7.25097446,48.73525744,213.5],[7.25100346,48.73527144,213.54],[7.25107777,48.73532076,213.55],[7.25110643,48.73533209,213.53],[7.25143307,48.73541107,212.94],[7.25150873,48.73542173,212.75],[7.25533914,48.73575344,210.01],[7.25539547,48.73575977,210.03],[7.25549312,48.73579076,210.06],[7.25553212,48.73581509,210.07],[7.25556311,48.73584475,210.06],[7.25558944,48.73587708,210.06],[7.25567642,48.73601738,210.02],[7.25570608,48.73604871,210.01],[7.25583839,48.73611104,209.95],[7.25589172,48.7361177,209.93],[7.25702931,48.73602544,208.81],[7.25709764,48.73602078,208.71],[7.25742528,48.73601579,208.62],[7.25748894,48.73601779,208.49],[7.25791456,48.7360484,208.49],[7.25797422,48.73605873,208.49],[7.25850451,48.73620434,208.61],[7.25855784,48.73620867,208.63],[7.25870116,48.73616868,208.75],[7.25873349,48.73614269,208.83],[7.25875515,48.73611536,208.97],[7.25876848,48.73608803,209.11],[7.25880244,48.73596373,210.23],[7.25880544,48.73594374,210.39],[7.25883276,48.73589808,210.61],[7.25886842,48.73587475,210.61],[7.25892241,48.73585975,210.66],[7.25898941,48.73585542,210.57],[7.25914306,48.73586907,210.15],[7.25922505,48.7358824,209.95],[7.25939437,48.73591906,209.59],[7.25947703,48.73594172,209.43],[7.25970535,48.73602171,208.93],[7.25977434,48.73605037,208.79],[7.26306438,48.73757541,206.79],[7.26311504,48.73759874,206.76],[7.26358335,48.73779735,207.01],[7.26363834,48.73781868,207],[7.26402863,48.7379423,207.09],[7.26408629,48.73795729,207.05],[7.26467757,48.73808523,207.33],[7.26473557,48.73809589,207.38],[7.26502821,48.73813186,207.58],[7.26508787,48.73813652,207.62],[7.2655735,48.73815615,208.24],[7.26564916,48.73815515,208.36],[7.27024118,48.73796055,206.79],[7.27030917,48.73795689,206.76],[7.2707148,48.73792193,206.82],[7.2707808,48.7379126,206.84],[7.27139878,48.73777698,207.01],[7.27146811,48.73775765,206.99],[7.27186509,48.73762868,207.36],[7.27193075,48.73760402,207.43],[7.27262603,48.73728741,207.22],[7.27268336,48.73725675,207.22],[7.27279268,48.73719242,207.18],[7.27284468,48.73715909,207.19],[7.27316798,48.73691711,207.32],[7.27323898,48.73687245,207.16],[7.27476953,48.73594825,205.26],[7.27482786,48.73591259,205.25],[7.27576245,48.73537732,204.93],[7.27583111,48.73534066,204.9],[7.27634242,48.7351067,204.58],[7.27641875,48.73507504,204.57],[7.2816527,48.73326378,204.9],[7.28172303,48.73324012,204.77],[7.28297163,48.73278721,203.28],[7.28305563,48.73275755,203.32],[7.28575415,48.73184135,202.14],[7.28583581,48.73181402,202.13],[7.28640644,48.73164905,202.95],[7.28649044,48.73162672,202.97],[7.28945857,48.7309389,202.04],[7.28953023,48.7309219,201.93],[7.2900352,48.7308206,201.29],[7.29010686,48.73080827,201.28],[7.29095314,48.73068435,201.78],[7.29102213,48.73067202,201.8],[7.29191041,48.73048408,201.81],[7.2919774,48.73046842,201.79],[7.2936186,48.72998252,202.78],[7.29368793,48.72996452,202.8],[7.29699837,48.72922109,199.79],[7.29708137,48.72920209,199.67],[7.29790031,48.72900481,199.48],[7.29797031,48.72898715,199.48],[7.29830895,48.72887917,199.62],[7.29837561,48.72885584,199.65],[7.2985046,48.72880418,199.76],[7.29856559,48.72877485,199.8],[7.29873391,48.72867187,199.93],[7.29878324,48.72863287,199.94],[7.29890689,48.72850188,199.98],[7.29893955,48.72845455,199.99],[7.29902887,48.7282559,200.13],[7.29904287,48.72820457,200.19],[7.29905886,48.72809992,200.15],[7.29906286,48.72804692,200.11],[7.29904887,48.72788659,200.01],[7.29903421,48.72783493,199.98],[7.2987696,48.727298,200.02],[7.2987486,48.72724967,200.02],[7.29868097,48.72695737,200.04],[7.29867864,48.72690804,200.07],[7.29869129,48.72676473,200.07],[7.29869995,48.72671773,200.01],[7.2987396,48.72658174,199.7],[7.29875693,48.72653674,199.65],[7.29882458,48.72640308,199.51],[7.29885224,48.72635942,199.39],[7.29898355,48.72619277,199.03],[7.29902288,48.72615344,198.97],[7.29930018,48.72593181,198.85],[7.29935418,48.72589948,198.84],[7.29957817,48.72578117,198.8],[7.29963483,48.72575317,198.79],[7.29992981,48.72563587,198.89],[7.29999314,48.72561454,198.91],[7.3005471,48.72547958,198.91],[7.30061743,48.72546492,198.91],[7.30201703,48.72519499,198.37],[7.30208703,48.72517933,198.33],[7.30229435,48.72512235,198.12],[7.30236135,48.72510002,198.04],[7.30299097,48.72487707,196.87],[7.30306396,48.72484941,196.72],[7.30360792,48.72460512,196.38],[7.30367158,48.72457312,196.41],[7.30445217,48.72407385,196.05],[7.3045075,48.72403819,196.05],[7.30495512,48.72369591,196.14],[7.30499912,48.72365525,196.12],[7.30541705,48.72318497,196.13],[7.30545138,48.72313964,196.14],[7.30565634,48.72281768,196.05],[7.305679,48.72277035,196.03],[7.30593393,48.72205644,195.79],[7.30595159,48.72200978,195.79],[7.30610023,48.72167715,195.77],[7.30612656,48.72163015,195.77],[7.30632153,48.72136284,195.82],[7.30636086,48.72132051,195.86],[7.30644418,48.72124019,195.93],[7.30649051,48.72120286,195.96],[7.30664549,48.72109454,196.02],[7.30670182,48.72106055,196.03],[7.30687814,48.72096556,196.07],[7.30694147,48.72093657,196.11],[7.30720146,48.72083359,196.17],[7.30726945,48.72081226,196.14],[7.30748011,48.72075661,196.07],[7.30755311,48.72074061,196.06],[7.30793073,48.72068497,195.92],[7.30800572,48.72067764,195.89],[7.30837869,48.72067165,195.8],[7.30845235,48.72067498,195.79],[7.30989955,48.72076954,195.65],[7.30997155,48.72076921,195.66],[7.31068883,48.7207216,195.7],[7.31075916,48.72071427,195.7],[7.31172476,48.72057268,195.58],[7.31179509,48.72056635,195.6],[7.31200941,48.72055836,195.64],[7.31208107,48.72055969,195.65],[7.3125717,48.72060233,195.72],[7.31264069,48.72061366,195.73],[7.31311331,48.72072096,195.58],[7.31317797,48.72073862,195.57],[7.31500785,48.7213105,196.15],[7.31507551,48.72133083,196.15],[7.31570614,48.72148679,196.1],[7.3157778,48.72150279,196.08],[7.31685739,48.72170072,194.36],[7.31694805,48.72171238,194.19],[7.31889825,48.72190363,194.77],[7.31897358,48.72191429,194.81],[7.31919556,48.72195494,194.82],[7.31926822,48.72197193,194.74],[7.31969853,48.72209657,194.33],[7.31976786,48.72212057,194.27],[7.32003718,48.72222222,194.14],[7.32010184,48.72224921,194.06],[7.32040914,48.72238953,193.84],[7.32046714,48.72241886,193.82],[7.32085376,48.72263282,193.76],[7.32090842,48.72266348,193.75],[7.32131338,48.72291542,193.92],[7.32136337,48.72294641,193.97],[7.32175632,48.72320403,194.6],[7.32180531,48.72323702,194.69],[7.32268289,48.72385157,194.77],[7.32272688,48.7238829,194.65],[7.32285753,48.72398221,194.38],[7.32289986,48.72401687,194.32],[7.32313216,48.72425016,193.93],[7.32317915,48.72428649,193.86],[7.32358445,48.72450646,193.41],[7.32364945,48.72454812,193.22],[7.32502801,48.72550433,191.09],[7.32508201,48.72554166,191.07],[7.32551362,48.72582095,191.1],[7.32556628,48.72585361,191.13],[7.32578459,48.72597459,191.23],[7.32584259,48.72600159,191.24],[7.3261549,48.72611391,191.25],[7.32622023,48.72613257,191.25],[7.32682384,48.72627387,191.18],[7.32689283,48.72628653,191.19],[7.32857337,48.72649506,191.41],[7.32864403,48.72650372,191.45],[7.329202,48.72660167,191.71],[7.32927033,48.72661667,191.76],[7.32981296,48.72677029,191.9],[7.32988029,48.72679229,191.9],[7.33053958,48.7270429,191.95],[7.33060224,48.72707256,191.94],[7.33084256,48.72719488,191.82],[7.33089789,48.72722721,191.79],[7.33119652,48.72743618,191.66],[7.33124352,48.72747251,191.65],[7.3314575,48.72766149,191.72],[7.3314975,48.72770115,191.71],[7.3317578,48.72798478,191.78],[7.33179246,48.72802611,191.8],[7.33198542,48.72828474,191.78],[7.33201575,48.72832907,191.76],[7.33212207,48.72850805,191.75],[7.3321444,48.72855404,191.76],[7.33247831,48.72949295,191.33],[7.3324953,48.72953928,191.34],[7.33264827,48.72985359,191.49],[7.33267527,48.72989692,191.5],[7.33276458,48.73002657,191.59],[7.33279924,48.73006857,191.61],[7.33295488,48.73023321,191.67],[7.33299887,48.73027187,191.68],[7.33314786,48.73038052,191.7],[7.33320152,48.73041485,191.69],[7.33343584,48.73053716,191.65],[7.33349783,48.73056415,191.67],[7.33369415,48.7306288,191.66],[7.33376248,48.7306468,191.64],[7.33430311,48.73076076,191.77],[7.33436944,48.73077775,191.74],[7.33461508,48.73086539,191.65],[7.33467807,48.73088305,191.66],[7.33549501,48.73101999,191.49],[7.33557767,48.73103499,191.4],[7.33591698,48.73105963,191.07],[7.33599964,48.73106829,191.04],[7.33693824,48.73121022,190.95],[7.3370079,48.73121722,190.9],[7.3380955,48.73128116,190.94],[7.33817349,48.73128582,190.98],[7.33870912,48.73129514,191.06],[7.33878078,48.7313068,191.06],[7.33980637,48.73156007,189.53],[7.33987303,48.7315784,189.48],[7.34025266,48.73171471,189.39],[7.34031099,48.73174337,189.4],[7.34057896,48.73190634,189.27],[7.34062595,48.73194034,189.25],[7.3409166,48.73220463,189.32],[7.34095326,48.73224563,189.33],[7.34128122,48.73271824,189.42],[7.34130822,48.73276123,189.41],[7.34173412,48.73356149,189.37],[7.34176245,48.73360315,189.38],[7.34192377,48.73380813,189.34],[7.34196043,48.73384713,189.35],[7.34218341,48.73401677,189.36],[7.34222474,48.73405443,189.37],[7.34231306,48.73418175,189.4],[7.34233906,48.73422275,189.43],[7.34243771,48.73433507,189.5],[7.3424757,48.73437206,189.51],[7.34283799,48.73464668,189.45],[7.34288798,48.73468034,189.44],[7.34393956,48.73535388,189.96],[7.34399089,48.73538654,190.03],[7.34485648,48.73586813,190.91],[7.34491614,48.73590246,190.93],[7.34573272,48.73641905,190.72],[7.34578938,48.73645571,190.68],[7.34650896,48.73701997,190.59],[7.34655462,48.73705696,190.67],[7.34697424,48.73747089,190.01],[7.34701157,48.73751455,189.98],[7.34744184,48.73810315,190],[7.34747617,48.73814881,189.98],[7.3478441,48.7385921,190.05],[7.34788276,48.7386361,190.02],[7.34877798,48.739559,190.17],[7.34882097,48.73960233,190.18],[7.34945489,48.74020426,190.34],[7.34950722,48.74024392,190.36],[7.3496792,48.74035257,190.38],[7.34974153,48.7403849,190.39],[7.35006884,48.74053088,190.42],[7.35013617,48.74055788,190.44],[7.35041148,48.74065687,190.41],[7.35048248,48.74067953,190.4],[7.35100677,48.74081782,190.39],[7.35108577,48.74083481,190.41],[7.35141175,48.74088646,190.42],[7.35149374,48.74089579,190.38],[7.35213636,48.74094508,190.32],[7.35221402,48.74094841,190.36],[7.35599511,48.74086265,190.64],[7.35606577,48.74086032,190.65],[7.35663706,48.74088233,190.59],[7.35671039,48.74088233,190.57],[7.35899256,48.74083613,190.62],[7.35906222,48.74084312,190.58],[7.35912855,48.74085678,190.55],[7.35919121,48.74087677,190.55],[7.35936753,48.74095442,190.45],[7.35942452,48.74098208,190.42],[7.36071675,48.74167062,190.27],[7.36076808,48.74169862,190.31],[7.3611337,48.74188591,190.76],[7.36117469,48.7419069,190.83],[7.36134833,48.74197387,191.04],[7.36137166,48.7419782,191.06],[7.36139465,48.74197754,191.08],[7.36141265,48.74197121,191.07],[7.36144297,48.7419139,191.13],[7.3614583,48.74189691,191.23],[7.36165424,48.7417653,192.18],[7.36165923,48.74176164,192.25],[7.36184887,48.74177663,192.54],[7.36224287,48.74150197,192.54],[7.36195492,48.74164393,195.8],[7.36191393,48.74166959,195.65],[7.36184994,48.74172491,195.44],[7.36182861,48.74175157,195.32],[7.36178863,48.74183819,193.9],[7.3617883,48.74183885,193.79],[7.36176929,48.74179419,193.43],[7.36177162,48.74177386,193.45],[7.36180427,48.74170354,193.55],[7.3618116,48.74167821,193.63],[7.3618136,48.74162589,193.81],[7.36180727,48.74160223,193.89],[7.36178661,48.74156557,194.14],[7.36177195,48.74154924,194.26],[7.36165132,48.74145394,195.01],[7.36163333,48.74143695,195.11],[7.36157603,48.74135931,195.95],[7.36157237,48.74135565,196.06],[7.36155204,48.74148531,196.16],[7.36178966,48.7416386,196.14],[7.36181566,48.74165659,195.97],[7.36184331,48.74169591,195.71],[7.36184198,48.74171757,195.59],[7.36177666,48.74179721,194.99],[7.361748,48.74181487,194.87],[7.36151936,48.74190151,194.28],[7.36146903,48.74192884,194.04],[7.3614327,48.74196117,193.76],[7.36141937,48.74199683,193.44],[7.3614317,48.74203483,193.1],[7.36147236,48.74207616,192.8],[7.36168235,48.74220247,191.85],[7.36176535,48.74224547,191.51],[7.36289629,48.74281041,188.15],[7.36298762,48.74285674,187.92],[7.36413923,48.74345598,186.49],[7.36420522,48.74349097,186.48],[7.36434721,48.74354563,186.47],[7.36442287,48.74355862,186.48],[7.3644982,48.74355829,186.49],[7.36456953,48.74354429,186.51],[7.36463486,48.74351896,186.5],[7.36469286,48.7434873,186.48],[7.36479552,48.74341465,186.49],[7.36484252,48.74337732,186.5],[7.36565207,48.74268574,186.59],[7.36569207,48.74264974,186.57],[7.36609434,48.74223947,187.04],[7.366135,48.74220214,187.12],[7.36652462,48.7418612,187.72],[7.36656195,48.74182954,187.86],[7.36722653,48.74128496,187.98],[7.36727952,48.74124497,187.85],[7.36764981,48.74098434,186.97],[7.36770281,48.74095501,186.91],[7.3677608,48.74093368,186.86],[7.36782346,48.74092235,186.83],[7.36794945,48.74093002,186.78],[7.36800944,48.74094735,186.78],[7.36845774,48.74117698,186.6],[7.36850974,48.74121031,186.55],[7.3688367,48.74149095,185.96],[7.36889503,48.74152661,185.87],[7.36917134,48.74163093,185.81],[7.36924167,48.74165993,185.81],[7.36945166,48.7417609,185.9],[7.36952066,48.7417959,185.92],[7.37281042,48.74352196,185.67],[7.37287241,48.74355429,185.7],[7.37552222,48.74502074,186.69],[7.37558955,48.74505873,186.68],[7.37565321,48.74509839,186.64],[7.37571087,48.74514072,186.59],[7.37581253,48.74523404,186.52],[7.37586619,48.74528003,186.48],[7.37599251,48.74536103,186.46],[7.3760595,48.74539836,186.43],[7.37626716,48.74550702,186.34],[7.37633915,48.74554068,186.3],[7.37672413,48.74567632,186.22],[7.37680146,48.74571365,186.21],[7.3781477,48.74641391,184.24],[7.37822069,48.74645124,184.21],[7.378603,48.74663055,183.99],[7.37867566,48.74666888,183.92],[7.3800339,48.74741511,183.78],[7.38009823,48.74745144,183.77],[7.3814108,48.74823232,183.83],[7.38147979,48.74827632,183.76],[7.38275236,48.74915823,182.9],[7.38280135,48.74919323,182.86],[7.38323264,48.74950751,182.79],[7.38327864,48.74954184,182.79],[7.38363994,48.74983045,182.9],[7.38368527,48.74986978,182.89],[7.38437721,48.75054371,182.96],[7.38441754,48.75058504,182.98],[7.38464885,48.75082935,182.96],[7.38468584,48.75087035,183.05],[7.38478516,48.75099834,183.21],[7.38482449,48.75103967,183.26],[7.38491614,48.75111599,183.41],[7.38496214,48.75114899,183.48],[7.38513078,48.75124465,183.97],[7.38515511,48.75126431,184.07],[7.38579137,48.75196923,182.23],[7.38584603,48.75202589,182.17],[7.38658797,48.75275348,181.61],[7.3866373,48.75280147,181.59],[7.38693926,48.75306378,181.57],[7.38698992,48.75310544,181.55],[7.38772419,48.75364336,181.02],[7.38778019,48.75367869,180.93],[7.38813348,48.75388565,181.06],[7.38819514,48.75391865,181.13],[7.38868811,48.75416427,181.36],[7.38874977,48.7541926,181.36],[7.38912274,48.75435157,181.43],[7.38918474,48.7543769,181.45],[7.38978402,48.75460418,181.3],[7.38984268,48.75462584,181.23],[7.39154788,48.75516135,181.32],[7.39161421,48.75518201,181.3],[7.39589023,48.75647631,180.79],[7.39595222,48.75649564,180.77],[7.39647219,48.7566306,180.64],[7.39653752,48.75664926,180.63],[7.3978921,48.75706915,180.33],[7.39795143,48.75709048,180.28],[7.39822474,48.75714714,180.31],[7.39826873,48.75715813,180.33],[7.39957996,48.75758239,178.33],[7.39966795,48.75760972,178.27],[7.40232779,48.75839621,177.37],[7.40241645,48.75842321,177.19],[7.40299243,48.75861752,176.38],[7.40308943,48.75864885,176.32],[7.40503431,48.75925274,175.89],[7.40511097,48.7592764,175.84],[7.4073235,48.75993724,175.1],[7.40739383,48.7599579,175.07],[7.41017663,48.76081403,175.14],[7.41024029,48.76083436,175.07],[7.41391105,48.76192874,174.32],[7.41397571,48.76194807,174.32],[7.41582091,48.7625336,174.49],[7.41589024,48.76255393,174.48],[7.41633721,48.76264257,174.57],[7.41638054,48.76265223,174.69],[7.41658819,48.76267888,175.12],[7.41665385,48.76269254,175.17],[7.41672118,48.76271154,175.2],[7.41678717,48.76273753,175.14],[7.41692082,48.76280619,174.97],[7.41699548,48.76284018,174.82],[7.41715514,48.7628885,174.3],[7.41723147,48.76289583,174.01],[7.41736546,48.76285017,173.56],[7.41742146,48.76280718,173.39],[7.41760211,48.76256987,172.83],[7.41764811,48.76254721,172.67],[7.41770044,48.76254088,172.53],[7.41775643,48.76254654,172.42],[7.41794342,48.76259352,172.23],[7.41800608,48.76261185,172.13],[7.41865235,48.76282047,171.79],[7.41871168,48.76284813,171.79],[7.41875901,48.76288212,171.76],[7.41878767,48.76292245,171.74],[7.41878767,48.76314909,171.66],[7.418813,48.76318942,171.67],[7.41885533,48.76322075,171.71],[7.41891066,48.76324141,171.8],[7.41904832,48.76326307,172.05],[7.41912465,48.76326906,172.16],[7.42006827,48.76328234,172.82],[7.4201476,48.763283,172.82],[7.42247046,48.7632701,171.93],[7.42255312,48.76326977,171.93],[7.42747512,48.76328134,172.23],[7.42755245,48.76328134,172.25],[7.42868303,48.76327406,172.54],[7.42875836,48.76327373,172.53],[7.4299413,48.76321147,172.37],[7.43001463,48.76320614,172.38],[7.43144987,48.7630589,172.83],[7.43152753,48.76304924,172.82],[7.43301145,48.76281403,173.02],[7.43309144,48.76279837,173],[7.43402471,48.76259845,172.88],[7.43410237,48.76258045,172.88],[7.43514797,48.76232151,172.86],[7.4352203,48.76230285,172.86],[7.43550762,48.7622232,172.82],[7.43557962,48.76220187,172.8],[7.43643689,48.76192228,172.58],[7.43650789,48.76189795,172.56],[7.44425768,48.75900782,172.44],[7.44432367,48.75898249,172.44],[7.44492963,48.7587122,172.43],[7.44498796,48.7586822,172.45],[7.44551357,48.75835494,172.61],[7.44556157,48.75832061,172.61],[7.44570056,48.75821629,172.61],[7.44574589,48.75818096,172.64],[7.44595653,48.75799131,172.23],[7.44599719,48.75795265,172.19],[7.4461925,48.75774034,172.22],[7.44623083,48.75769668,172.28],[7.44644213,48.75742071,172.25],[7.44647346,48.75737405,172.2],[7.44662043,48.75713741,172.09],[7.44664843,48.75709075,172.08],[7.44679007,48.75682211,171.68],[7.44681406,48.75677745,171.71],[7.44758756,48.75522159,172.5],[7.44761255,48.7551746,172.41],[7.44772419,48.75498961,172.13],[7.44775452,48.75494295,172.12],[7.44806281,48.75451334,172.14],[7.44810147,48.75446368,172.17],[7.44845243,48.75407473,172.33],[7.44850009,48.75402873,172.27],[7.45019858,48.75246092,171.87],[7.45023357,48.75241993,171.73],[7.45029056,48.75233227,171.59],[7.45031156,48.75228561,171.56],[7.45047817,48.75179833,171.85],[7.4504955,48.75175233,171.95],[7.45052881,48.75152302,172.3],[7.45054514,48.75147569,172.31],[7.45069712,48.75125672,172.4],[7.45073278,48.75121606,172.42],[7.45147633,48.75051716,172.53],[7.45151132,48.75048083,172.5],[7.4516723,48.75035352,172.14],[7.45171596,48.75032619,172.11],[7.45176062,48.75030186,172.1],[7.45180762,48.7502812,172.1],[7.45208826,48.75021289,172.47],[7.45215059,48.7502059,172.52],[7.45221458,48.75020756,172.6],[7.45227758,48.75021789,172.6],[7.45246756,48.75026788,172.59],[7.45253289,48.75027487,172.53],[7.45271421,48.75024789,172.37],[7.45276554,48.75022656,172.32],[7.45280987,48.75019523,172.28],[7.4528462,48.75015724,172.24],[7.45307216,48.74987627,172.09],[7.45311049,48.74983694,172.1],[7.45344278,48.74954064,172.03],[7.45348811,48.74950431,172.03],[7.45397506,48.74916337,172.11],[7.45402606,48.74913071,172.12],[7.45446937,48.74889143,172.11],[7.4545297,48.7488631,172.08],[7.45491133,48.74870179,172.01],[7.45497633,48.74867713,171.99],[7.45559862,48.74847652,171.95],[7.45566995,48.74845653,171.91],[7.45611526,48.74835322,171.81],[7.45619125,48.74833889,171.8],[7.45695319,48.74822559,171.8],[7.45702952,48.74821759,171.78],[7.45757782,48.74820695,171.71],[7.45765615,48.74820961,171.73],[7.45803646,48.74825892,171.71],[7.45811312,48.74826092,171.7],[7.45888542,48.74819899,171.54],[7.45896875,48.74819766,171.46],[7.46139931,48.74823055,169.48],[7.46148231,48.74822922,169.46],[7.4621366,48.74819892,169.2],[7.46221626,48.74819292,169.17],[7.4627669,48.74811161,168.42],[7.46284356,48.74809295,168.38],[7.46305321,48.74801863,168.35],[7.4631122,48.74798464,168.36],[7.46316086,48.74794631,168.37],[7.46319852,48.74790531,168.48],[7.46328584,48.74778465,169.16],[7.46332117,48.74774899,169.32],[7.46366847,48.74752137,171.09],[7.46371113,48.74750037,171.26],[7.4641071,48.74742506,171.07],[7.46418643,48.74740606,171.05],[7.46481805,48.74720009,170.68],[7.46489271,48.74716876,170.57],[7.46523669,48.74699579,170.12],[7.46530135,48.74696046,170.05],[7.46618726,48.7464592,168.02],[7.46624326,48.74642921,167.96],[7.46697587,48.74606061,167.85],[7.46702687,48.74603595,167.9],[7.46788578,48.7456627,168.58],[7.46793744,48.74564137,168.59],[7.46868605,48.74534811,168.48],[7.46874204,48.74532678,168.48],[7.46941063,48.74508951,168.52],[7.46946496,48.74507018,168.54],[7.4700289,48.74488822,168.79],[7.47008723,48.74486989,168.74],[7.47285003,48.74405176,168.08],[7.47292369,48.74402943,168.09],[7.47452689,48.74352022,168.33],[7.47457055,48.74350656,168.33],[7.47550683,48.7432483,166.36],[7.47558249,48.7432263,166.24],[7.47727938,48.74271008,165.38],[7.47734804,48.74268942,165.62],[7.47792165,48.7425048,166.21],[7.47799798,48.7424768,166.21],[7.47857895,48.74223751,167],[7.47862961,48.74221918,167.24],[7.47938456,48.74205023,167.89],[7.47947456,48.74203024,167.79],[7.4802995,48.74182196,167.07],[7.48037616,48.7418053,167.07],[7.48076014,48.74173399,166.85],[7.4808378,48.74172133,166.74],[7.48130244,48.74166501,165.86],[7.48137843,48.74165902,165.78],[7.48226303,48.74163473,165.73],[7.48233736,48.74163407,165.73],[7.48445654,48.74165494,165.32],[7.48453387,48.74165627,165.32],[7.48532016,48.74168721,165.47],[7.48540149,48.74168887,165.4],[7.48615411,48.74166856,165.25],[7.48625377,48.74166856,165.23],[7.48883264,48.74169779,164.01],[7.4889183,48.74169812,164.02],[7.48935661,48.74169647,164.01],[7.4894446,48.74169447,164.01],[7.49001523,48.74166684,164.25],[7.49008456,48.74166618,164.4],[7.49122748,48.74171945,165.12],[7.49132714,48.74172244,165.09],[7.49313469,48.74173505,164.44],[7.49322135,48.74173505,164.4],[7.49530284,48.74168419,164.23],[7.49537217,48.74168253,164.22],[7.49799167,48.74159371,163.03],[7.49806066,48.74159171,163.06],[7.49870894,48.74159005,163.27],[7.49878327,48.74159204,163.27],[7.49923158,48.74161302,163.33],[7.49930657,48.74161901,163.32],[7.4998852,48.7416863,163.26],[7.4999562,48.74169496,163.26],[7.50031484,48.74169695,163.17],[7.50038517,48.74170228,163.17],[7.50085647,48.74185692,163.16],[7.5009258,48.74187691,163.16],[7.5015771,48.74203251,162.86],[7.50164843,48.7420495,162.85],[7.50221272,48.74216648,163.16],[7.50228338,48.74217981,163.15],[7.50270569,48.74223911,162.93],[7.50277502,48.74224811,162.9],[7.50429557,48.74240197,162.63],[7.50436223,48.74240663,162.63],[7.50569147,48.74245088,162.54],[7.50576513,48.74244988,162.49],[7.50729434,48.74232267,163],[7.50735533,48.74231767,163.07],[7.50788496,48.74223306,163.34],[7.50794829,48.74222506,163.35],[7.51195336,48.74180929,160.7],[7.51202069,48.74180229,160.68],[7.51311528,48.7416537,161.06],[7.51315728,48.74164904,161.2],[7.51388556,48.74160643,162.34],[7.51398989,48.74159877,162.2],[7.51468519,48.74153214,161.86],[7.51477552,48.74152281,161.83],[7.52904945,48.73998456,159.67],[7.52911044,48.7399779,159.65],[7.5295454,48.73994861,159.52],[7.52960806,48.73994695,159.52],[7.53015534,48.73995027,159.55],[7.53021533,48.73994728,159.56],[7.53072396,48.73989597,160.46],[7.53078262,48.73989797,160.58],[7.53095161,48.73992229,161.01],[7.53100294,48.73993462,161.2],[7.53118326,48.74000127,161.92],[7.53123692,48.74001527,162.08],[7.53159223,48.74007658,162.2],[7.53167923,48.74009124,162.07],[7.5333788,48.74026415,159.95],[7.53345413,48.74027381,159.91],[7.53515269,48.74052337,159.76],[7.53522102,48.74053237,159.75],[7.53575297,48.74064065,159.71],[7.53581496,48.74065531,159.77],[7.53593361,48.7406893,159.88],[7.53599094,48.74070863,159.92],[7.53634224,48.74084893,159.91],[7.53640523,48.74086993,159.91],[7.53697352,48.74103489,160.11],[7.53703885,48.74105722,160.08],[7.539384,48.74189744,158.43],[7.539451,48.74192143,158.45],[7.54304638,48.74318249,158.73],[7.54311137,48.74320249,158.7],[7.54394831,48.74342207,157.73],[7.5440213,48.74343806,157.68],[7.54666277,48.74396787,158.86],[7.54672943,48.74397886,158.88],[7.54726239,48.74404382,158.95],[7.54732905,48.74404915,158.95],[7.54808133,48.74406746,158.86],[7.54815233,48.74406447,158.79],[7.54889428,48.74398252,158.49],[7.54896861,48.74397353,158.49],[7.55154842,48.74363171,159.1],[7.55162175,48.74362238,159.14],[7.5525217,48.74352811,157.9],[7.5525927,48.74352378,157.9],[7.553218,48.74352112,158.83],[7.55328833,48.74352545,158.89],[7.55395495,48.74361373,158.36],[7.55402794,48.74362906,158.31],[7.55430158,48.74369904,158.27],[7.55436624,48.74371903,158.29],[7.55557115,48.74412328,158.59],[7.55563815,48.74414727,158.57],[7.55596346,48.74427458,159.03],[7.55602612,48.74430157,159.08],[7.55639243,48.7444772,159.03],[7.55645176,48.74450786,158.96],[7.55678406,48.74469849,158.54],[7.55683572,48.74473115,158.53],[7.55720001,48.74498178,158.77],[7.55724134,48.74501178,158.76],[7.55784158,48.74552803,158.87],[7.55787558,48.74555669,158.9],[7.55807023,48.745699,159.03],[7.55811689,48.74573099,159.05],[7.55849485,48.74596097,159.13],[7.55855218,48.74599263,159.13],[7.55898081,48.74619294,159.42],[7.55904647,48.7462206,159.43],[7.5593891,48.74634325,159.39],[7.55945876,48.74636591,159.34],[7.56056801,48.74671549,159.3],[7.56063734,48.74673648,159.34],[7.56217457,48.7471597,159.18],[7.56224457,48.74717969,159.18],[7.56500668,48.74798647,158.62],[7.56506834,48.7480038,158.62],[7.56537897,48.74808543,158.54],[7.56544096,48.74809976,158.52],[7.56601092,48.74821072,158.62],[7.56607292,48.74822072,158.63],[7.56680685,48.74832133,158.98],[7.56686718,48.74832933,158.97],[7.56772609,48.74840792,158.9],[7.56778875,48.74841658,158.9],[7.56826838,48.74857188,158.64],[7.56833404,48.74858221,158.61],[7.5683987,48.74858055,158.6],[7.56845436,48.74856322,158.63],[7.56858301,48.74846956,158.62],[7.56863867,48.7484469,158.58],[7.56883099,48.74841525,158.56],[7.56889632,48.74841092,158.58],[7.56909064,48.74842257,158.59],[7.56915464,48.74843123,158.59],[7.56961827,48.74852086,158.67],[7.56968926,48.74853019,158.64],[7.57024857,48.74854817,158.68],[7.5703149,48.74855517,158.7],[7.57136582,48.74873942,158.86],[7.57143715,48.74875408,158.88],[7.57150648,48.74877074,158.86],[7.57157348,48.7487894,158.84],[7.57202211,48.74895403,158.74],[7.57209011,48.74897669,158.73],[7.57230742,48.74903035,158.71],[7.57238408,48.74904534,158.7],[7.57279106,48.74910265,158.86],[7.57287672,48.74911264,158.89],[7.57469259,48.74930587,157.87],[7.57476558,48.7493152,157.92],[7.57810468,48.74949725,158.85],[7.57817167,48.74950124,158.8],[7.57955256,48.7495661,159.08],[7.57960955,48.74956843,159.11],[7.58020584,48.74957376,159.27],[7.58027017,48.7495731,159.29],[7.58112344,48.74953584,159.68],[7.58119077,48.74953184,159.73],[7.5818594,48.74946825,158.89],[7.58192406,48.74946259,158.81],[7.58686163,48.74891397,159.89],[7.58694062,48.74890531,159.9],[7.58756825,48.74885069,160],[7.58764258,48.74884536,159.97],[7.58813154,48.74883737,159.95],[7.5881992,48.7488387,159.96],[7.59074868,48.74892385,159.64],[7.59080834,48.74892585,159.63],[7.59219257,48.74894213,159.46],[7.5922579,48.74893747,159.45],[7.59331215,48.74881589,159.48],[7.59337348,48.74880789,159.5],[7.59382844,48.74871827,159.16],[7.5938781,48.74870661,159.16],[7.59392043,48.74869261,159.16],[7.59395243,48.74867395,159.2],[7.59398309,48.7485823,159.43],[7.59400008,48.7485443,159.44],[7.5940854,48.74847565,159.3],[7.59415339,48.74844899,159.11],[7.59645461,48.74794781,156.67],[7.59652561,48.74793315,156.54],[7.5966686,48.74791583,156.38],[7.5967386,48.74791916,156.34],[7.59686659,48.74795449,156.32],[7.59693259,48.74797515,156.37],[7.59707858,48.7479908,156.62],[7.59715257,48.74798414,156.76],[7.59744855,48.74793282,157.13],[7.59752188,48.74791749,157.05],[7.5998317,48.7473873,155.84],[7.5998997,48.74737464,155.84],[7.60038166,48.74731133,155.85],[7.60044965,48.747306,155.87],[7.60145791,48.74726606,155.97],[7.60152424,48.74726672,155.96],[7.6020182,48.74729167,156.17],[7.60207753,48.74729733,156.2],[7.60312577,48.74745755,157.06],[7.60316477,48.74746154,157.15],[7.60336241,48.74745055,158.17],[7.60340141,48.74745655,158.26],[7.60353007,48.74752687,158.25],[7.60359373,48.74755386,158.18],[7.60388704,48.74765351,157.64],[7.6039567,48.74768517,157.53],[7.60456532,48.7480038,157.06],[7.60462898,48.74803613,157.01],[7.60488295,48.74815244,156.73],[7.60494828,48.74817843,156.78],[7.60547658,48.74836272,156.87],[7.60554324,48.74838171,156.82],[7.6057399,48.74843536,156.73],[7.6058059,48.74845102,156.69],[7.60606888,48.74849166,156.45],[7.60613521,48.74849932,156.43],[7.60701613,48.74855725,156.07],[7.60708346,48.74856058,156.04],[7.6074481,48.74855126,155.92],[7.60753076,48.74855225,155.89],[7.61005293,48.74863776,152.67],[7.61012559,48.74863942,152.73],[7.61492996,48.74881011,154.08],[7.61499429,48.74881144,154.08],[7.61581057,48.74885704,154.09],[7.61588723,48.7488637,154.04],[7.61632786,48.74891499,154.25],[7.61639552,48.74892632,154.3],[7.61678517,48.7490213,154.24],[7.61685017,48.74903796,154.24],[7.61908297,48.74971777,153.98],[7.61913863,48.74973143,153.92],[7.62006256,48.7498457,154.09],[7.62015122,48.74985136,154.11],[7.62042654,48.74986134,154.12],[7.62052053,48.74986134,154.15],[7.62090885,48.74984569,154.25],[7.62100685,48.74983736,154.28],[7.62253776,48.74960744,153.15],[7.62261742,48.74959778,153.11],[7.6233577,48.74956383,153.02],[7.62342536,48.7495635,153.01],[7.62379866,48.7495738,153.3],[7.62385766,48.74957813,153.36],[7.62727742,48.74990456,153.99],[7.62734575,48.74990989,154],[7.6280517,48.74993817,153.98],[7.62812236,48.7499395,153.98],[7.62867899,48.74992618,154.02],[7.62874599,48.74992218,154.05],[7.62905096,48.74988488,155.42],[7.62908229,48.74987688,155.7],[7.62910528,48.74986322,155.95],[7.62911794,48.74984722,156.14],[7.62909694,48.74976494,156.8],[7.6290986,48.74975895,156.92],[7.62912193,48.74983128,156.95],[7.62931791,48.74984262,156.85],[7.62937857,48.74983363,156.8],[7.63023918,48.74963803,153.97],[7.63031084,48.74962137,153.78],[7.63099876,48.74940311,154],[7.63103342,48.74939378,154.02],[7.63124805,48.7493808,153.96],[7.63135105,48.74937781,154.55],[7.6314867,48.74934116,154.57],[7.6315257,48.74933116,154.57],[7.63185496,48.74923189,154.63],[7.63188595,48.74922123,154.67],[7.63252384,48.74892299,155.27],[7.6325515,48.74891066,155.33],[7.63290446,48.7487897,155.75],[7.63297046,48.74876504,155.74],[7.6332721,48.74863672,155.04],[7.63334943,48.74859806,154.86],[7.63356742,48.74847341,154.12],[7.63363608,48.74843141,153.93],[7.6338794,48.7482661,153.47],[7.63393339,48.74822577,153.4],[7.63594016,48.74656506,151.59],[7.63597382,48.7465384,151.61],[7.6384662,48.74465638,152.8],[7.63851186,48.74462072,152.79],[7.63912647,48.74418413,152.59],[7.6391758,48.7441528,152.57],[7.63963876,48.74388885,152.47],[7.63969309,48.74385885,152.47],[7.64299215,48.74210582,151.25],[7.64304581,48.74207816,151.3],[7.64336012,48.74189353,151.51],[7.64341812,48.7418622,151.52],[7.65151343,48.73756683,149.48],[7.65156043,48.73754217,149.48],[7.65227236,48.73708359,150.57],[7.65230569,48.7370656,150.69],[7.6528773,48.73681566,150.33],[7.65294263,48.73678633,150.21],[7.65338293,48.73657404,149.63],[7.65344059,48.73654471,149.5],[7.66047991,48.73278837,148.27],[7.66052857,48.73276271,148.24],[7.6621681,48.73195452,148.46],[7.6622161,48.73193119,148.43],[7.66241608,48.73185187,148.43],[7.66246274,48.73183088,148.5],[7.66296769,48.73158727,148.68],[7.66301402,48.73156494,148.7],[7.66355529,48.731286,148.45],[7.66359962,48.73126234,148.43],[7.66392291,48.73106605,148.8],[7.66395491,48.73104805,148.91],[7.66403223,48.73103638,149.35],[7.66405189,48.73104504,149.51],[7.6642115,48.73119565,150.62],[7.66422816,48.73121465,150.59],[7.66425115,48.73123131,150.55],[7.66428248,48.73124064,150.47],[7.66431814,48.73123898,150.36],[7.66435413,48.73122665,150.23],[7.66460811,48.73108767,148.84],[7.66467477,48.73105334,148.48],[7.66586135,48.73046811,146.49],[7.66591168,48.73044278,146.42],[7.68269418,48.72233725,145.36],[7.68274617,48.72231192,145.36],[7.68314245,48.7220993,145.15],[7.68318978,48.7220723,145.12],[7.68377537,48.72170636,145.26],[7.68381937,48.72167737,145.29],[7.68420863,48.72139609,145.25],[7.68425063,48.72136376,145.23],[7.68463524,48.72104216,145.14],[7.6846709,48.7210095,145.1],[7.6851195,48.72054124,145.51],[7.68515216,48.72050558,145.58],[7.68633164,48.71908414,145],[7.68636197,48.71904881,145],[7.68652261,48.71883051,145.08],[7.68655027,48.71879518,145.1],[7.68761107,48.71748737,145.06],[7.6876394,48.71745271,145.04],[7.68794001,48.71710511,144.98],[7.68797134,48.71706878,144.95],[7.68968871,48.71495509,144.78],[7.6897177,48.7149201,144.81],[7.68985201,48.71478546,144.83],[7.689881,48.71475246,144.8],[7.68999996,48.71453316,144.84],[7.69002529,48.71449917,144.91],[7.69034192,48.71420089,145.23],[7.69037691,48.71416656,145.26],[7.69075319,48.71377028,145.83],[7.69078585,48.71373262,145.73],[7.69145905,48.71278707,146.15],[7.69148838,48.71274841,146.16],[7.69426622,48.70933524,146.41],[7.69429188,48.70930324,146.41],[7.69463048,48.70890664,145.72],[7.69465648,48.70887364,145.69],[7.69470513,48.70880399,145.61],[7.69472412,48.708766,145.6],[7.69476976,48.70855303,145.75],[7.69479342,48.70852137,145.81],[7.69510038,48.70835774,145.59],[7.69514771,48.70831941,145.46],[7.69561099,48.70781348,144.42],[7.69564799,48.70777082,144.3],[7.69623722,48.70701591,143.3],[7.69626655,48.70697658,143.3],[7.69685512,48.70613006,143.97],[7.69687645,48.70609607,144.02],[7.69729036,48.70541188,144.21],[7.69731102,48.70537688,144.23],[7.6976509,48.70475299,144.78],[7.69767023,48.70471833,144.84],[7.69837306,48.70339783,145.6],[7.69838972,48.70336517,145.6],[7.69847868,48.70305288,145.52],[7.69849234,48.70301755,145.49],[7.69883156,48.70235899,145.59],[7.69885022,48.70232266,145.67],[7.69987355,48.70042628,145.66],[7.69989121,48.70039195,145.69],[7.70017515,48.69990302,145.57],[7.70019681,48.69986802,145.71],[7.70121317,48.69793164,145.64],[7.7012315,48.69789698,145.63],[7.70135514,48.69770168,145.54],[7.7013748,48.69766902,145.54],[7.70284848,48.69491904,146.41],[7.70287381,48.69487171,146.39],[7.70379064,48.69312027,145.37],[7.70381097,48.69308194,145.11],[7.70475175,48.69137453,144.94],[7.70477208,48.69133787,144.95],[7.70496035,48.69096993,144.85],[7.70497934,48.69093393,144.81],[7.70511131,48.69077096,144.82],[7.70513464,48.6907393,144.84],[7.70521127,48.69051533,144.81],[7.7052266,48.69048167,144.84],[7.7055312,48.68989773,144.73],[7.70555053,48.68986207,144.75],[7.70566184,48.68968043,145.19],[7.7056855,48.68964543,145.33],[7.70579748,48.68950913,145.69],[7.70582214,48.6894728,145.74],[7.70592008,48.68918986,146.05],[7.70593607,48.6891572,146.03],[7.70784118,48.6856025,144.77],[7.70785584,48.6855745,144.84],[7.70796114,48.68536089,145.3],[7.70796947,48.68533356,145.32],[7.70797812,48.68516591,144.77],[7.70798711,48.68513858,144.86],[7.70810875,48.68502127,145.42],[7.70814208,48.68498394,145.45],[7.70829638,48.6847373,145.36],[7.70831937,48.6846953,145.28],[7.70902893,48.68337809,145.09],[7.70905426,48.68333143,145.2],[7.70912424,48.68318911,145.49],[7.7091459,48.68314178,145.54],[7.70923186,48.68290314,145.74],[7.70925452,48.68285481,145.74],[7.70944716,48.68258183,145.31],[7.70947882,48.68253217,145.25],[7.70970145,48.68213321,145.06],[7.70973278,48.68207655,144.67],[7.71128416,48.67913985,143.04],[7.71130849,48.67909319,143.04],[7.71272058,48.67649016,143.06],[7.71274491,48.67644483,143.05],[7.71300084,48.67593923,142.83],[7.71301717,48.6759059,142.74],[7.71403328,48.67401644,143.27],[7.71405861,48.67397178,143.34],[7.71424522,48.67360715,143.38],[7.71426755,48.67356049,143.35],[7.71436885,48.67328153,143.21],[7.71439184,48.6732372,143.17],[7.71455949,48.67302288,143.21],[7.71459482,48.67297522,143.22],[7.7147648,48.67268958,142.36],[7.71479646,48.67262992,142.13],[7.71560097,48.67107138,140.75],[7.71561296,48.67104572,140.69],[7.71560729,48.6710074,140.51],[7.71559063,48.67099541,140.45],[7.71538268,48.67094911,140.42],[7.71535002,48.67094512,140.49],[7.71530903,48.67092013,140.65],[7.71531169,48.67090347,140.73],[7.71539501,48.67081616,140.87],[7.71542134,48.67078183,140.86],[7.71571564,48.67037022,140.8],[7.71574697,48.67032989,140.79],[7.71603693,48.6700246,140.9],[7.71607759,48.6699886,140.82],[7.71648355,48.66967798,140.95],[7.71653455,48.66964565,140.98],[7.71685052,48.66946934,141.13],[7.71690318,48.66944068,141.15],[7.71752246,48.66913006,141.2],[7.71757912,48.66909907,141.17],[7.71791575,48.66888543,141.03],[7.71796708,48.66885843,141.01],[7.71880498,48.66842516,140.88],[7.71886198,48.66839617,140.92],[7.71922296,48.66823153,140.54],[7.71927795,48.6682022,140.51],[7.71932828,48.66816687,140.5],[7.71937127,48.66812787,140.54],[7.71967355,48.66777957,140.81],[7.71971421,48.66774691,140.82],[7.72034046,48.66735231,141.07],[7.72039246,48.66732032,141.04],[7.7206321,48.66722834,141.14],[7.72069209,48.66720401,141.15],[7.72084308,48.66710369,141.16],[7.72088941,48.6670667,141.16],[7.72267822,48.66549122,141.42],[7.72272155,48.66545256,141.45],[7.7240894,48.66419803,141.67],[7.72414073,48.66415204,141.75],[7.72539531,48.6630605,141.85],[7.72543997,48.66302017,141.76],[7.72548296,48.66298017,141.67],[7.72552029,48.66294084,141.6],[7.72557561,48.66281719,141.56],[7.7255946,48.6627782,141.56],[7.72569291,48.66266388,141.51],[7.72573357,48.66262522,141.47],[7.72779302,48.66078779,141.82],[7.72783701,48.66074879,141.83],[7.72943218,48.65929526,141.86],[7.72948217,48.6592506,141.88],[7.72963049,48.65912061,141.99],[7.72968182,48.65907861,141.99],[7.72995345,48.65888197,142.09],[7.73000044,48.65884064,142.13],[7.73008343,48.65875231,142.14],[7.73011909,48.65870698,142],[7.73024507,48.658521,141.63],[7.73027873,48.658476,141.43],[7.7304217,48.65830469,140.97],[7.73045736,48.65826403,140.97],[7.73053969,48.65818204,140.94],[7.73058468,48.65814271,140.91],[7.73086432,48.65792341,141.22],[7.73090498,48.65788342,141.11],[7.73118126,48.6575328,141.01],[7.73122292,48.65748447,141.12],[7.73237577,48.65619128,141.77],[7.73241843,48.65614295,141.73],[7.73263038,48.65575798,141.54],[7.73266837,48.65569898,141.38],[7.73299267,48.65526635,140.4],[7.73303567,48.65521802,140.34],[7.73471043,48.65343425,141.51],[7.73474642,48.65339692,141.48],[7.73478508,48.65336126,141.4],[7.73482974,48.65332927,141.33],[7.73502238,48.65321795,141.31],[7.73506138,48.65318462,141.37],[7.73550399,48.65271067,141.14],[7.73553632,48.65268234,141.14],[7.73564597,48.65252736,141.18],[7.73568363,48.65248503,141.2],[7.73783099,48.65012942,141.44],[7.73786532,48.65009309,141.44],[7.73935178,48.64842732,141.75],[7.73938577,48.64839033,141.77],[7.73971603,48.64798372,141.91],[7.73973803,48.64795572,141.86],[7.73991565,48.6477031,142.98],[7.73993231,48.64768177,143.42],[7.7404289,48.64720184,143.02],[7.74047256,48.64715451,142.39],[7.74333047,48.64393994,140],[7.74336113,48.64390561,139.94],[7.74364175,48.64366431,140.39],[7.74367175,48.64363232,140.39],[7.74371974,48.643565,140.4],[7.74373673,48.64353,140.4],[7.7437817,48.64339635,140.94],[7.74379936,48.64337669,141.09],[7.74384635,48.64336935,141.31],[7.74386801,48.64337534,141.37],[7.74408463,48.64346563,142.35],[7.74413296,48.64346763,142.43],[7.74417862,48.64345363,142.45],[7.74425428,48.64339164,142.27],[7.74429127,48.64335065,142.09],[7.74472721,48.64280069,136.32],[7.74476454,48.64275736,136.18],[7.74922313,48.63775645,138.27],[7.74925446,48.63772046,138.26],[7.74953575,48.63735551,138.14],[7.74956141,48.63731918,138.08],[7.75023561,48.63634367,137.87],[7.75026294,48.63630501,137.97],[7.75048958,48.63594971,138.57],[7.75052091,48.63590505,138.43],[7.75088355,48.63548812,138.05],[7.75091521,48.63545513,138.08],[7.7510432,48.63532615,138.19],[7.7510762,48.63529516,138.16],[7.75122618,48.63517584,138.14],[7.75126551,48.63514485,138.14],[7.75167512,48.63488556,138.35],[7.75172278,48.6348589,138.44],[7.75202108,48.6347116,138.52],[7.75207174,48.63468894,138.5],[7.75298965,48.63430102,137.24],[7.75303465,48.63427969,137.19],[7.75356456,48.63395375,137.62],[7.75359489,48.63393442,137.66],[7.75407915,48.6336875,139.63],[7.75411381,48.63366551,139.67],[7.7544601,48.63343421,137.37],[7.75451843,48.63339388,137.07],[7.75495306,48.63305826,134.84],[7.75500205,48.63301793,134.63],[7.7552467,48.63279363,134.2],[7.75528169,48.63275664,134.34],[7.75553031,48.63244668,135.03],[7.7555603,48.63240902,135.06],[7.75577425,48.63205409,134.99],[7.75579524,48.63201343,134.92],[7.75587056,48.63184578,134.39],[7.75588656,48.63180445,134.16],[7.75594487,48.63159881,133.71],[7.75595686,48.63155548,133.71],[7.75599284,48.63134084,133.68],[7.75599783,48.63129885,133.66],[7.75602178,48.63095956,133.66],[7.75602511,48.6309249,133.86],[7.75600446,48.63071593,135.46],[7.75599746,48.63068127,135.64],[7.75590819,48.63035831,136.51],[7.75589586,48.63032265,136.58],[7.75580355,48.63012036,136.69],[7.75578756,48.6300867,136.68],[7.75567359,48.62988506,136.59],[7.75565026,48.62985173,136.56],[7.75536099,48.62949078,136.98],[7.75533133,48.62945845,137.02],[7.75468244,48.62883224,135.35],[7.75465478,48.62880125,135.31],[7.75451514,48.62861428,134.91],[7.75449548,48.62858395,134.74],[7.75439152,48.62838866,135.27],[7.75437719,48.62835567,135.41],[7.75427489,48.62807103,135.97],[7.75426523,48.6280297,136.04],[7.75423359,48.62787039,135.68],[7.75422793,48.62783173,135.64],[7.75421396,48.62760343,135.35],[7.75421263,48.62756677,135.29],[7.75423461,48.62734713,135.38],[7.75424027,48.62731014,135.39],[7.75433455,48.62693153,135.45],[7.75434021,48.62689754,135.46],[7.75433122,48.62675791,135.67],[7.75433755,48.62672525,135.59],[7.75434754,48.62669459,135.53],[7.75436553,48.62666526,135.47],[7.75457617,48.62649995,135.76],[7.75461083,48.62646929,135.83],[7.75488111,48.62618701,135.93],[7.75491011,48.62615735,135.92],[7.75528739,48.62584672,135.74],[7.75532239,48.62581339,135.74],[7.75544602,48.62561976,135.57],[7.75547068,48.62558977,135.54],[7.75583564,48.62541448,135.83],[7.75588664,48.62538215,135.87],[7.7567932,48.62472594,136.64],[7.7568352,48.62469561,136.67],[7.75834265,48.62353215,136.31],[7.75838131,48.62350282,136.23],[7.75889591,48.62308189,134.65],[7.75893224,48.62305223,134.79],[7.76004809,48.62218039,136.46],[7.76004743,48.62218138,136.41],[7.76005709,48.62214172,136.32],[7.76046236,48.62164347,135.99],[7.76048735,48.62161047,136.04],[7.76059033,48.62144484,136.4],[7.76060799,48.62141118,136.37],[7.76068263,48.62123155,135.51],[7.76069796,48.62120489,135.47],[7.7609126,48.62092094,135.49],[7.76093226,48.62087161,135.25],[7.76105255,48.62038667,134.63],[7.76106121,48.62033767,134.62],[7.76112849,48.61991739,134.78],[7.76113549,48.61988139,134.77],[7.76114981,48.61968209,134.21],[7.76115447,48.61964876,134.11],[7.7612071,48.61941379,134.15],[7.7612131,48.6193768,134.16],[7.76126105,48.61893386,134.55],[7.76126571,48.6188982,134.63],[7.76131865,48.61858724,135.02],[7.76132364,48.61855825,135],[7.76145093,48.61828629,135.38],[7.76145893,48.61824296,135.31],[7.76151917,48.61770435,135.28],[7.76152317,48.61767202,135.12],[7.76160343,48.61725576,133.71],[7.76160842,48.61722143,133.85],[7.76159313,48.61658483,135.95],[7.76159346,48.6165495,136.05],[7.7616271,48.61623155,136.02],[7.76163076,48.61619689,135.81],[7.76168272,48.6159566,135.35],[7.76169205,48.61593061,135.21],[7.76183934,48.61563632,135.44],[7.76184933,48.61559899,135.47],[7.761853,48.61512304,134.54],[7.76185633,48.61507638,133.97],[7.76199722,48.61418548,134.54],[7.76200321,48.61414948,134.64],[7.7620072,48.61396716,134.87],[7.76201253,48.61394183,134.94],[7.76201886,48.61392517,135],[7.76203152,48.61391451,135.07],[7.76227948,48.61382788,135.72],[7.76232247,48.61380955,135.63],[7.76254709,48.61369025,135.59],[7.76255042,48.61369691,135.65],[7.7623248,48.61382054,135.9],[7.76228181,48.6138412,135.91],[7.76208918,48.61391585,136],[7.76204218,48.61392151,136.04],[7.76194986,48.61389652,136.27],[7.76193486,48.61388186,136.44],[7.7618929,48.61374254,137.48],[7.76189124,48.61371488,137.59],[7.76192457,48.61361757,137.81],[7.76193623,48.61358191,137.88],[7.76200586,48.61326028,137.4],[7.76201119,48.61322762,137.28],[7.76200719,48.61314363,137.17],[7.76201185,48.61311897,137.2],[7.76204017,48.61306598,137.5],[7.76205216,48.61303298,137.67],[7.76211345,48.61268869,137.81],[7.76212011,48.61265136,137.8],[7.76213275,48.61247239,137.9],[7.76213708,48.61243639,137.91],[7.76218871,48.6121661,137.74],[7.76219537,48.61212311,137.7],[7.76225632,48.61163183,137.46],[7.76226198,48.61159017,137.31],[7.76230359,48.61115123,136.93],[7.76230825,48.61111257,136.94],[7.76243612,48.61022035,136.99],[7.76244178,48.61018702,137.18],[7.76244512,48.61007804,137.55],[7.76244778,48.61005271,137.53],[7.76249808,48.60980274,137.97],[7.76250307,48.60977008,138],[7.76250507,48.60966776,137.84],[7.76250707,48.60963343,137.76],[7.76260261,48.60889788,137.95],[7.76260694,48.60886389,137.96],[7.7627015,48.60825133,137.89],[7.76270483,48.60821934,137.96],[7.76276745,48.60803137,138.65],[7.76277578,48.60800071,138.77],[7.76280042,48.60777374,138.27],[7.76280675,48.60775474,138.3],[7.76279842,48.60771875,138.49],[7.76280308,48.60768109,138.49],[7.76284174,48.6076061,138.8],[7.76287273,48.60757211,138.98],[7.76306538,48.6074438,139.08],[7.76310104,48.60741447,138.96],[7.76315102,48.60731449,138.41],[7.76316802,48.60729049,138.29],[7.763359,48.6071452,138.05],[7.76338799,48.60711654,138.06],[7.76346963,48.60699122,138.11],[7.76347829,48.60695923,138.15],[7.76347362,48.60686158,138.18],[7.76346229,48.60683025,138.19],[7.76337533,48.60668795,138.24],[7.76336567,48.60666462,138.2],[7.76336933,48.60664663,138.16],[7.76338233,48.6066353,138.11],[7.76343265,48.60663063,138.04],[7.76344198,48.60663596,137.97],[7.76346195,48.60665926,137.75],[7.76346728,48.60666626,137.73],[7.76345232,48.6066919,137.69],[7.76345132,48.60669223,137.71],[7.76341132,48.60662857,137.71],[7.76311337,48.60654328,136.18],[7.76307138,48.60653062,136.01],[7.76303805,48.60651329,136.05],[7.76301539,48.60648996,136.09],[7.76299539,48.60642564,136.15],[7.76299239,48.60638664,136.16],[7.76305767,48.60593069,136.64],[7.76306333,48.60588836,137.07],[7.76309662,48.60545174,138.26],[7.76310095,48.60540841,138.37],[7.76318421,48.60484147,139.01],[7.76318887,48.60480014,139.01],[7.76322086,48.60467715,138.99],[7.76322619,48.60463782,139.04],[7.7632172,48.60438518,138.88],[7.76322086,48.60434918,138.91],[7.76332449,48.60401359,138.78],[7.76333648,48.60397859,138.78],[7.76368207,48.60324605,138.98],[7.76370506,48.60320639,138.98],[7.7638397,48.60300542,138.9],[7.76386969,48.60296676,138.9],[7.76403067,48.60280012,139.28],[7.76405633,48.60276613,139.26],[7.76441921,48.60223259,138.7],[7.76441855,48.60223259,138.72],[7.7644912,48.60219794,140],[7.7645152,48.60218161,140.02],[7.76469615,48.60198032,139.78],[7.76472748,48.60194833,139.78],[7.76520709,48.6015164,139.75],[7.76523608,48.60149274,139.64],[7.76557504,48.60125678,138.81],[7.7656127,48.60123212,138.81],[7.76761579,48.59997539,140.55],[7.76765212,48.59995339,140.66],[7.76776943,48.59989974,140.95],[7.76780843,48.59988841,141.03],[7.76793241,48.59987642,141.42],[7.76793574,48.59988108,141.52],[7.76779011,48.59988276,141.48],[7.76780277,48.5998671,141.49],[7.76795109,48.59989408,141.48],[7.76797942,48.59989275,141.7],[7.76838437,48.59985681,141.59],[7.76841903,48.59985448,141.74],[7.76849435,48.59982483,142.25],[7.76849535,48.59980917,142.38],[7.76844503,48.59978585,142.53],[7.76841404,48.59978452,142.5],[7.76784776,48.59980514,144.05],[7.76780276,48.59980081,144.14],[7.76766911,48.59977383,144.37],[7.76762345,48.59976117,144.42],[7.76714617,48.59961423,144.96],[7.76713818,48.5995919,144.96],[7.76716015,48.59947828,144.32],[7.76716581,48.59946795,144.3],[7.76730642,48.59934965,144.37],[7.76732608,48.59932432,144.45],[7.76752735,48.59898136,144.84],[7.76754668,48.5989467,144.83],[7.76758199,48.59884505,144.96],[7.76758199,48.59881139,145],[7.76756033,48.59874573,145.03],[7.76754167,48.59871307,144.96],[7.76728774,48.59838614,142.14],[7.76726674,48.59835948,142.14],[7.76721709,48.59826016,142.11],[7.76719376,48.59822483,142.1],[7.76713477,48.59815284,142.2],[7.76710311,48.59811684,142.28],[7.76689983,48.59793454,141.44],[7.76688284,48.59790321,141.17],[7.76686053,48.59777356,140.25],[7.76685854,48.59773723,140.02],[7.76686353,48.59747827,139.11],[7.76686819,48.59744294,139.14],[7.76694715,48.59711966,138.24],[7.76695781,48.59709033,138.32],[7.76710677,48.59679005,139.02],[7.76712643,48.59675805,139.02],[7.76733038,48.59649308,138.89],[7.76736038,48.59646109,138.91],[7.76767134,48.59619247,139.08],[7.76769367,48.59616281,139.08],[7.767705,48.59613148,139.16],[7.76770234,48.59609948,139.24],[7.76762736,48.59598717,139.31],[7.76762237,48.59596018,139.28],[7.76770234,48.59582286,139.13],[7.76769901,48.5957922,139.08],[7.76761037,48.5956079,139.16],[7.76758437,48.5955759,139.2],[7.7670891,48.59509831,139.56],[7.76706177,48.59506765,139.62],[7.7664792,48.59430709,139.41],[7.76646521,48.59427909,139.34],[7.76640459,48.59411612,139.64],[7.76639793,48.59409313,139.71],[7.76632603,48.59364954,140.74],[7.7663227,48.59362788,140.82],[7.76623876,48.59327793,139.92],[7.76623043,48.59324427,139.95],[7.76612685,48.59263436,140.94],[7.76611785,48.5925967,140.94],[7.76599357,48.59220373,141.81],[7.76597724,48.59215373,141.89],[7.76587495,48.59190509,141.89],[7.76584962,48.59186009,141.86],[7.76579396,48.5917771,141.58],[7.76576463,48.59173977,141.47],[7.76561433,48.5915738,140.78],[7.76558567,48.59154247,140.53],[7.76533472,48.59130885,139.95],[7.76530139,48.59128085,139.94],[7.76512341,48.59114354,139.98],[7.76508408,48.59111788,139.99],[7.76474946,48.59092859,139.57],[7.76470547,48.59091126,139.46],[7.76441585,48.59066531,139.17],[7.76437719,48.59063365,139.21],[7.76384559,48.59021971,139.5],[7.76381126,48.59019171,139.48],[7.76348299,48.58987708,139.37],[7.76345566,48.58984475,139.37],[7.76336502,48.58971277,139.5],[7.76334669,48.58968077,139.41],[7.76328006,48.58951813,139.14],[7.7632714,48.58948514,139.17],[7.76325709,48.58934883,139.35],[7.76325609,48.58931283,139.38],[7.76325675,48.58878225,139.5],[7.76325475,48.58874792,139.52],[7.76319345,48.58845663,139.47],[7.76318212,48.58842063,139.42],[7.76306515,48.58817467,139.82],[7.76304315,48.58814001,139.88],[7.76281886,48.58786472,140.41],[7.76279153,48.58783739,140.41],[7.76242359,48.58754579,140.87],[7.76238826,48.5875218,140.99],[7.76203099,48.58734585,141.81],[7.76199966,48.58732452,141.86],[7.76135312,48.5868433,142.05],[7.76133179,48.5868303,142.11],[7.76113116,48.58665334,141.84],[7.76109483,48.58662935,141.64],[7.76049126,48.58633842,140.67],[7.7604456,48.58631642,140.73],[7.75967101,48.58598083,140.44],[7.75963201,48.58596317,140.96],[7.75949837,48.58588353,141.98],[7.75947271,48.58585953,142.17],[7.75944105,48.58580587,142.47],[7.75943872,48.58577954,142.6],[7.7595007,48.58570622,143],[7.75953536,48.58568522,143.1],[7.75965467,48.58563757,143.21],[7.75970033,48.58562391,143.21],[7.76002763,48.5855443,143.42],[7.76002763,48.58551564,143.37],[7.75942103,48.58499972,143],[7.75938404,48.58496539,143.03],[7.75875382,48.58432617,142.75],[7.75873449,48.58430684,142.75],[7.75852752,48.58403823,142.52],[7.75849186,48.5839979,142.6],[7.75732237,48.58272638,140.53],[7.75730037,48.58269605,140.59],[7.75724439,48.58260406,140.86],[7.75722706,48.5825714,140.86],[7.7571321,48.58233877,141.59],[7.75712344,48.58231011,141.61],[7.75709245,48.58219112,141.5],[7.75708579,48.58216079,141.42],[7.75705216,48.58185717,140.78],[7.75704983,48.58181917,140.7],[7.75706147,48.58158522,140.37],[7.75706446,48.58156589,140.39],[7.75707246,48.58154856,140.41],[7.75708512,48.58153456,140.42],[7.75714609,48.58150058,141.03],[7.75714675,48.58150058,141.06],[7.75717141,48.58128225,140.88],[7.75717374,48.58127159,140.86],[7.75721705,48.58124827,140.82]]}}]}