{"type":"FeatureCollection","features":[{"type":"Feature","properties":{"name":"20260430 Cicloturismo","time":"2026-04-30T07:57:57Z"},"geometry":{"type":"LineString","coordinates":[[6.89185966,51.42964066,49],[6.89186698,51.42961134,49],[6.89186864,51.42960535,49],[6.8918557,51.42960335,47.66],[6.88957604,51.42903736,47.53],[6.88911907,51.42897605,47.4],[6.88904074,51.42896039,47.33],[6.88636725,51.42838391,47.66],[6.88629959,51.42836858,47.93],[6.88616793,51.42834726,48.13],[6.88610294,51.42834093,48.2],[6.88565697,51.42833128,47.66],[6.88560231,51.42832862,47.53],[6.88522335,51.428297,45.33],[6.88521136,51.428295,45.26],[6.8852037,51.42826101,45.13],[6.88520903,51.42824735,45.06],[6.88526802,51.42815338,45],[6.88529435,51.42813538,45.2],[6.88532635,51.42812272,45.4],[6.88536068,51.42811572,45.6],[6.88550866,51.42811639,46.73],[6.88554132,51.42810973,47],[6.88560031,51.42806274,48.06],[6.8856043,51.42805641,48.33],[6.88551766,51.42810007,49.53],[6.88295366,51.42765174,49.73],[6.88111448,51.42707259,41.73],[6.88104682,51.42705159,41.26],[6.88078717,51.42699395,39.93],[6.88072451,51.42697729,40.13],[6.88055419,51.42691798,41],[6.88049653,51.42690498,41.53],[6.87962492,51.42681439,46.53],[6.87955026,51.42681206,46.26],[6.87861231,51.42684534,42.26],[6.87853165,51.426846,42.46],[6.87774538,51.42681105,46.2],[6.87769672,51.42681039,46.46],[6.87698448,51.42682765,45],[6.87697815,51.42682765,45.13],[6.87707514,51.42679899,45.2],[6.8771098,51.426797,45.26],[6.87759109,51.42679535,41.73],[6.87765142,51.42679801,41.26],[6.87777141,51.42681367,40.59],[6.87782774,51.42682767,40.4],[6.87800572,51.4269043,40.33],[6.87803571,51.42691729,40.46],[6.87810136,51.42691963,41],[6.87810635,51.42691764,41.13],[6.87814168,51.42687231,41.26],[6.87817332,51.42674767,42.13],[6.87818898,51.42671534,42.2],[6.8786349,51.42606809,40.2],[6.8786669,51.42602109,40.2],[6.87870989,51.4259271,40.2],[6.87871255,51.42588377,40.4],[6.87870222,51.42584244,40.59],[6.87867956,51.42580378,40.8],[6.87859358,51.42574346,41.33],[6.87853492,51.42572413,41.6],[6.87724166,51.42556855,44.66],[6.87717233,51.42555889,44.6],[6.87692502,51.42549923,44.6],[6.87688669,51.42547057,44.66],[6.87684438,51.42535325,43.86],[6.87684405,51.42530892,43.46],[6.87688769,51.42503529,41.33],[6.87689435,51.42499096,41.06],[6.87690165,51.42455034,40.46],[6.87690365,51.42451535,40.53],[6.8769446,51.42419639,41.6],[6.87694693,51.4241674,41.66],[6.87690928,51.42399376,41.6],[6.87690695,51.42396343,41.4],[6.87691527,51.42373848,39.73],[6.87690794,51.42370548,39.46],[6.87682928,51.42363316,38.86],[6.87678695,51.4236215,38.66],[6.87616235,51.4235789,40.33],[6.87610702,51.42357324,40.46],[6.87596704,51.42351825,40.86],[6.87594038,51.42348792,40.93],[6.87591506,51.42341926,41],[6.8759104,51.42338193,41],[6.87591871,51.42304963,41.2],[6.87591805,51.42300763,41.26],[6.87590073,51.42282165,41.53],[6.87590007,51.42281266,41.53],[6.87590473,51.42233839,40.53],[6.87590573,51.42229706,40.53],[6.87593435,51.42181679,41.6],[6.87592535,51.42177913,41.66],[6.87590469,51.42174647,41.66],[6.8758737,51.42172181,41.46],[6.87575872,51.42168082,40.86],[6.87571272,51.42167083,40.66],[6.87509909,51.42161487,38.73],[6.87508776,51.42160087,38.8],[6.8751054,51.4214119,39.13],[6.87510739,51.42137124,39.13],[6.87509807,51.42120592,39.13],[6.8751014,51.42116592,39.13],[6.87515438,51.42097829,39.06],[6.87516437,51.42094096,39],[6.87526495,51.42040103,41.86],[6.87527361,51.42036537,42.13],[6.87535787,51.41973647,45.93],[6.8753622,51.41970314,45.66],[6.87541581,51.41885024,44.13],[6.87541947,51.41880358,44.13],[6.87548407,51.41817132,42.93],[6.8754884,51.41812033,43],[6.87548674,51.41777505,43.4],[6.87549207,51.41772572,43.33],[6.87565833,51.41689882,41.2],[6.87566833,51.41685316,41.33],[6.87586661,51.41621255,44.73],[6.87588127,51.41616689,45],[6.87639308,51.41470206,48.53],[6.87640708,51.4146674,47.73],[6.8764424,51.41459674,46.13],[6.87646639,51.41456141,45.13],[6.87685165,51.41405381,36.73],[6.87685698,51.41402182,36.59],[6.87683199,51.41395883,36.73],[6.87680766,51.4139275,36.8],[6.87654271,51.41363021,39.13],[6.87651238,51.41360755,39.46],[6.87633773,51.41357091,40.13],[6.8762984,51.41355158,40.2],[6.87595011,51.4133356,38.73],[6.87590512,51.4133076,38.66],[6.87565484,51.41312497,41.53],[6.87564751,51.41309731,42.33],[6.87565784,51.41306931,43.2],[6.8757295,51.41301032,44.93],[6.87578483,51.41297933,45.66],[6.87616714,51.41282603,48.8],[6.87623947,51.41279337,48.93],[6.87717307,51.41232211,48.06],[6.87723773,51.41229078,48.33],[6.87839264,51.41180652,44.46],[6.87845497,51.41177753,44],[6.87855996,51.4117182,43],[6.87859862,51.41168854,42.46],[6.87863694,51.41162722,41.53],[6.87863927,51.41159389,41.13],[6.87857863,51.41141924,40.53],[6.87854997,51.41136791,40.53],[6.87765609,51.40997172,41],[6.8776251,51.40992273,40.59],[6.87746346,51.40962509,39.26],[6.87743413,51.40957976,39.13],[6.87715119,51.40922512,39.86],[6.87711286,51.40918079,39.93],[6.87665725,51.40868451,40.66],[6.87663426,51.40863785,40.73],[6.87662027,51.40854152,41],[6.87662893,51.40849219,41.13],[6.87674723,51.40819521,42.66],[6.87675956,51.40814355,43],[6.87676789,51.40789025,44.4],[6.87677122,51.40784192,44.53],[6.87679054,51.4077486,44.8],[6.87680687,51.40770427,44.93],[6.87689419,51.40758362,44.8],[6.87693319,51.40754729,44.73],[6.8772025,51.40734999,44.46],[6.87724083,51.407316,44.53],[6.87727383,51.40728201,44.66],[6.87730083,51.40724835,44.8],[6.87732848,51.40717336,45.6],[6.87732582,51.40713803,46],[6.87728051,51.40701305,47.46],[6.87726551,51.40697772,47.8],[6.87721885,51.40690406,48.46],[6.87718919,51.40686506,48.8],[6.87623734,51.40576421,51.6],[6.87620801,51.40573788,51.73],[6.87526215,51.40505831,53],[6.87522449,51.40503631,53],[6.87508019,51.40501431,52.33],[6.8750342,51.40499965,52.33],[6.87501787,51.40495933,51.93],[6.87500688,51.404937,51.86],[6.87494889,51.40490201,51.73],[6.8749049,51.40488935,51.66],[6.87437293,51.40479372,52.8],[6.87431094,51.40478439,53],[6.87394164,51.40475609,54],[6.87387831,51.40475576,54.13],[6.87284171,51.404782,54.33],[6.87277738,51.40478733,54.33],[6.87265406,51.40480798,54.33],[6.8725974,51.40482198,54.33],[6.87227576,51.40493428,54.2],[6.8722211,51.40494861,54.06],[6.87216677,51.40495927,53.93],[6.87211444,51.4049656,53.8],[6.87192113,51.40495796,53.4],[6.87189213,51.40495895,53.33],[6.87171315,51.40499624,52.73],[6.87167349,51.4050099,52.73],[6.8715875,51.40505822,52.73],[6.87154417,51.40508888,52.73],[6.87125054,51.40531551,53.66],[6.87118455,51.40533417,53.86],[6.86994162,51.40533019,55.53],[6.86985729,51.40532819,55.73],[6.86961564,51.40530721,56.33],[6.86953831,51.40529655,56.53],[6.86855172,51.40513261,59.13],[6.86848873,51.40511961,59.2],[6.86666851,51.40467707,56.86],[6.86657785,51.40465507,56.8],[6.86594788,51.4044811,56.2],[6.86585788,51.40445411,56.33],[6.86516291,51.40420348,56.73],[6.86507892,51.40417015,56.73],[6.86395233,51.40369024,57.33],[6.86388334,51.40366691,57.4],[6.86351603,51.40357661,57.33],[6.86343803,51.40356028,57.2],[6.86304272,51.40349362,56.8],[6.86296739,51.40348096,56.73],[6.86210544,51.40326535,55.66],[6.86201111,51.40324002,55.6],[6.86155847,51.40309238,55.33],[6.86147214,51.40305838,55.26],[6.86101152,51.40283574,54.93],[6.86094219,51.40279374,54.93],[6.8607442,51.40266243,55],[6.86068154,51.40261777,55.06],[6.8602799,51.40230213,55.66],[6.86022991,51.4022608,55.8],[6.86000194,51.40205582,56.46],[6.85995428,51.40201649,56.53],[6.85969396,51.40184953,56.86],[6.85964763,51.40181554,56.93],[6.85920534,51.40146326,56.86],[6.85916235,51.40142893,57],[6.8574032,51.39995114,58.86],[6.85735454,51.39990981,58.93],[6.85684425,51.39940186,58.73],[6.85680659,51.39935553,58.73],[6.85666195,51.39916755,58.8],[6.85662862,51.39912089,58.86],[6.856272,51.39855596,59.93],[6.85623534,51.3985113,60],[6.85607303,51.39834131,59.86],[6.85603004,51.39830065,59.73],[6.85575207,51.39806568,58.66],[6.85570008,51.39803969,58.46],[6.85559542,51.39803569,58.06],[6.85554342,51.39805235,57.86],[6.8541332,51.3987626,59.66],[6.85407154,51.39879126,59.86],[6.85388888,51.39886391,60.33],[6.85383488,51.39888357,60.46],[6.85377989,51.39889457,60.6],[6.85372923,51.39889457,60.73],[6.8536819,51.39888124,60.6],[6.85363791,51.39885658,60.46],[6.85336061,51.39853728,59.2],[6.85330861,51.39848895,59.06],[6.85194575,51.39737205,58.93],[6.85189242,51.39732839,59],[6.85160178,51.39706575,60.06],[6.85155378,51.39702309,60.53],[6.85034989,51.39606319,77.8],[6.85029823,51.39602186,77.86],[6.84965764,51.39547792,76.33],[6.84960698,51.39543592,75.53],[6.84865907,51.39467199,66.26],[6.84860841,51.394631,65.93],[6.84773383,51.39387574,69.13],[6.84768317,51.39383408,69.8],[6.84721587,51.39347878,70.53],[6.84716588,51.39343945,70.06],[6.84570704,51.39226127,68.06],[6.84564738,51.39221294,68.6],[6.83974557,51.38738476,65.19],[6.83968324,51.38731977,65.06],[6.83954058,51.38711011,63.6],[6.83950259,51.38703778,63.6],[6.83847675,51.38498726,56.86],[6.83845209,51.3849346,57.46],[6.83810312,51.38428934,59.33],[6.83807479,51.38423534,59.46],[6.83779152,51.3836314,59.46],[6.83776653,51.3835764,59.66],[6.83651509,51.38105463,61.13],[6.83649343,51.3810073,61.46],[6.83493977,51.37797497,62],[6.83491544,51.37792764,61.86],[6.83468215,51.37743936,62.6],[6.83465882,51.37738937,63],[6.83459617,51.37729238,64.06],[6.83454751,51.37725139,64.6],[6.83448552,51.37722006,65.13],[6.83433319,51.37719541,66.19],[6.83425219,51.37719907,66.73],[6.83368556,51.37730703,65.93],[6.83360056,51.37732203,65.66],[6.83333624,51.37733403,65.4],[6.83324558,51.37732303,65.46],[6.83288759,51.37722338,66.13],[6.83280026,51.37719205,66.46],[6.83134502,51.37663015,72.19],[6.83126636,51.37659715,71.8],[6.83119237,51.37656249,71.19],[6.83112371,51.37652483,70.46],[6.83088606,51.37636185,67.46],[6.83083073,51.37631986,66.66],[6.82956152,51.37528703,60.86],[6.82952619,51.3752617,60.93],[6.82925922,51.37510106,59.86],[6.82920356,51.3750714,59.66],[6.82874893,51.3748691,60.26],[6.8286906,51.37483544,60.4],[6.82856728,51.37474479,62],[6.82855229,51.37472546,62.2],[6.82854596,51.3747128,62.4],[6.82854496,51.37470447,62.6],[6.82856829,51.37467481,62.8],[6.82857828,51.37466781,63],[6.82847095,51.37472147,63.2],[6.82824199,51.37463851,60.6],[6.82819433,51.37461785,60.2],[6.82752371,51.37428723,55.86],[6.82745005,51.3742539,56],[6.82676476,51.37396796,55.8],[6.82666876,51.3739263,55.93],[6.82449491,51.37294879,57.13],[6.82444891,51.37292813,56.46],[6.82242877,51.37205197,54.86],[6.82234544,51.37201697,54.8],[6.82070922,51.37127239,58.26],[6.82062156,51.37123173,58.4],[6.81968961,51.37077844,52.33],[6.81961128,51.37074278,51.8],[6.8163915,51.36932035,47.73],[6.81630784,51.36928269,47.86],[6.81592119,51.36910137,48.4],[6.81585553,51.36906671,48.2],[6.81569089,51.36895139,47.73],[6.81564889,51.36890806,47.46],[6.81558424,51.36881474,46.93],[6.81556558,51.36876641,47],[6.81553526,51.3685381,48.13],[6.81553692,51.36849544,48.4],[6.8158261,51.36742292,55.53],[6.8158311,51.36739159,55.26],[6.81581577,51.36727427,53.93],[6.81580777,51.36725161,53.66],[6.81574314,51.36715397,52.13],[6.81574747,51.36713698,51.8],[6.81587177,51.367027,51.13],[6.81589676,51.36700067,51.2],[6.81599274,51.36685102,52],[6.81601073,51.36680536,52],[6.81701974,51.36325831,43],[6.81703373,51.36320965,42.8],[6.81748227,51.36177981,44.33],[6.8174966,51.36173248,44.6],[6.81797147,51.36007666,41.33],[6.81798613,51.360027,41],[6.8186366,51.35789959,43.33],[6.8186516,51.35785459,43.6],[6.81907781,51.35638506,44.8],[6.8190898,51.3563394,44.86],[6.81919909,51.35602278,46.53],[6.81921509,51.35597878,46.6],[6.81936671,51.35563847,48.53],[6.81938637,51.35559681,48.26],[6.81991358,51.35462692,41.73],[6.81993057,51.35458459,41.46],[6.81995655,51.35445595,41.26],[6.81995555,51.35441395,41.2],[6.81990693,51.35409431,41],[6.81991192,51.35405565,41],[6.82001821,51.35378036,42.8],[6.82003187,51.3537407,43.13],[6.8203664,51.35259583,40.13],[6.82038073,51.35255217,40.13],[6.82078625,51.35147197,40],[6.82080324,51.35142697,40],[6.82090255,51.351212,40.33],[6.82092988,51.35117167,40.4],[6.82096421,51.35113434,40.46],[6.8210042,51.35110101,40.53],[6.82119851,51.35099104,40.93],[6.8212065,51.35097405,41],[6.82119251,51.35093573,41],[6.82116518,51.35092073,41],[6.82104586,51.35088875,41.26],[6.82100253,51.35087542,41.53],[6.8209292,51.35082943,42.06],[6.82090254,51.35079744,42.33],[6.82087622,51.35072312,42.86],[6.82087722,51.35068313,43.33],[6.82091619,51.35051249,45.2],[6.82092985,51.35046983,45.66],[6.82097917,51.35038851,46.33],[6.8210165,51.35035052,46.26],[6.82123914,51.35016888,46.33],[6.82128247,51.35013322,46.4],[6.82134445,51.34998091,46.13],[6.82135811,51.34993858,46],[6.82151175,51.3497326,46.46],[6.82155708,51.34970194,46.66],[6.82171973,51.34966162,47],[6.82178072,51.34965696,47.13],[6.822752,51.3496307,47.26],[6.82282933,51.34962771,47.13],[6.82297699,51.34960838,47.13],[6.82303698,51.34958572,47.06],[6.82316363,51.34948374,47.06],[6.82319829,51.34944441,47.06],[6.82366723,51.34885849,43.2],[6.82370123,51.3488165,42.8],[6.82384019,51.34843455,41],[6.82385285,51.34838822,41],[6.82398377,51.34778095,42.2],[6.8239951,51.34773462,42.33],[6.82415134,51.3469227,41.93],[6.82416233,51.3468797,41.8],[6.82414668,51.34671372,41.4],[6.82415334,51.34667239,41.33],[6.82498712,51.34495323,41.8],[6.82499078,51.34492123,41.86],[6.82498012,51.34486224,42.13],[6.82496946,51.34483625,42.2],[6.82490781,51.34476727,42.66],[6.82490215,51.34476394,42.8],[6.82491914,51.34471262,43.06],[6.8249248,51.34468596,43.2],[6.8249168,51.34465796,43.33],[6.82489414,51.34463363,43.46],[6.82441685,51.34444968,44],[6.82437352,51.34443068,44],[6.82391993,51.3442024,45.13],[6.8238846,51.34418107,45.26],[6.82375362,51.34409042,45.93],[6.82372862,51.34406476,46.13],[6.82360734,51.34385113,45.26],[6.82357568,51.34383047,45],[6.82353502,51.34381647,44.8],[6.82348769,51.34380947,44.6],[6.82328905,51.34381912,43.86],[6.82324172,51.34381179,43.86],[6.82297441,51.34368382,45.06],[6.82292941,51.34365749,45.33],[6.82212448,51.34315058,42.4],[6.82205748,51.34309825,42.06],[6.82199315,51.34304126,41.8],[6.82193249,51.34298127,41.53],[6.82170852,51.34272029,41.26],[6.82164986,51.34265396,41.13],[6.8214562,51.3424753,41.2],[6.82138921,51.34242364,41.26],[6.82123921,51.34233365,41.33],[6.82115755,51.34229532,41.4],[6.82063358,51.3421077,41.4],[6.82055158,51.34207104,41.2],[6.82034159,51.34194039,41.2],[6.82028126,51.34189206,41.2],[6.82008095,51.34167941,41.2],[6.82004195,51.34162275,41.13],[6.81985831,51.34121712,40.8],[6.81983231,51.34116079,40.73],[6.81969733,51.34094448,40.46],[6.81965667,51.34089315,40.4],[6.8193987,51.34060252,40.13],[6.81935337,51.34055586,40.06],[6.81853614,51.33975696,41.4],[6.81850348,51.33972297,41.4],[6.81847482,51.33968964,41.4],[6.81845383,51.33965698,41.2],[6.81842886,51.33957833,40.66],[6.81841886,51.339565,40.8],[6.81817022,51.33948303,41],[6.81811589,51.33948569,41.4],[6.81806256,51.33950135,41.8],[6.8180099,51.33952468,42.2],[6.81754227,51.33977098,43.2],[6.81747894,51.33980197,43.2],[6.81721162,51.33991361,44.13],[6.81714129,51.33993861,44.4],[6.81676465,51.34005092,44.86],[6.81668565,51.34007058,45.13],[6.81618968,51.34015922,47.13],[6.81610435,51.34016888,46.8],[6.81575504,51.34019487,45.06],[6.81566738,51.3401982,44.73],[6.81514808,51.3401912,42.73],[6.81506275,51.34018521,42.4],[6.81464344,51.34013557,42.26],[6.81456111,51.34012257,42.46],[6.81408348,51.34001761,45.13],[6.81400548,51.33999661,45.66],[6.81350719,51.33982433,48.4],[6.81344053,51.33979633,48.8],[6.81264693,51.33940505,48.46],[6.81258927,51.33937439,48.26],[6.812028,51.33904743,48.6],[6.81197267,51.33901443,48.53],[6.80986153,51.33768665,54.86],[6.8098062,51.33765466,54.66],[6.80941358,51.33743737,51.66],[6.80935658,51.33740871,51.46],[6.80872862,51.33715376,51.73],[6.80866229,51.33712976,51.53],[6.8083113,51.33702579,50.33],[6.80823397,51.33701213,50.13],[6.80763966,51.33695316,49.4],[6.80755233,51.33694816,49.4],[6.80711203,51.33693718,48.46],[6.8070217,51.33693784,48.2],[6.80608741,51.33696612,46.06],[6.80599375,51.33696712,46.53],[6.80553411,51.33695581,50],[6.80544378,51.33694848,51.26],[6.8050878,51.33689416,56.06],[6.80499981,51.33687783,57.06],[6.80443185,51.33675388,59.4],[6.80435652,51.33673389,59.33],[6.79966949,51.33524915,55.8],[6.79958916,51.33522449,56],[6.79722929,51.33443896,53.93],[6.79715363,51.33441096,53.8],[6.79686032,51.33428998,53.46],[6.79679032,51.33425765,53.4],[6.79632902,51.33401202,52.33],[6.79626569,51.33397903,52.06],[6.79533645,51.33342512,45.26],[6.79527412,51.33339279,44.66],[6.79477417,51.33317783,41.8],[6.79472551,51.33315317,41.8],[6.79467685,51.33308918,41.8],[6.79467785,51.33305119,41.6],[6.79475416,51.33287121,40.66],[6.79476949,51.33282022,40.33],[6.79485778,51.33226727,38.4],[6.79485878,51.33221261,38.4],[6.7948418,51.33210629,38.4],[6.79482747,51.33205563,38.4],[6.79474249,51.33186332,38.2],[6.79472549,51.33181566,38.13],[6.7947135,51.33171867,37.86],[6.79471849,51.33166968,37.73],[6.79481246,51.33133205,37.06],[6.79482845,51.33128639,37.06],[6.79498108,51.33098876,37.53],[6.79500141,51.33094643,37.66],[6.7950414,51.33081378,38.06],[6.79503574,51.33077012,38.2],[6.79501975,51.33072846,38.33],[6.79499476,51.33068913,38.46],[6.79491543,51.33062347,38.53],[6.79486144,51.33059914,38.53],[6.79473212,51.33056515,38.53],[6.79466212,51.33055216,38.53],[6.79416415,51.33048518,38.2],[6.79410482,51.33047418,38.13],[6.7939925,51.33042786,38],[6.7939805,51.3304052,38],[6.7941581,51.32998458,39],[6.79417776,51.32994258,39.2],[6.79443404,51.3295503,41.26],[6.79445803,51.32951264,41.2],[6.79449569,51.32940532,40.93],[6.79448303,51.32937232,40.8],[6.79441205,51.32931666,40.53],[6.79435872,51.32929766,40.13],[6.79383676,51.32921136,38.53],[6.79377176,51.32920403,38.4],[6.79326748,51.32922799,37.59],[6.79321148,51.32923065,37.53],[6.79311115,51.329218,37.26],[6.79307349,51.32919867,37.13],[6.7930455,51.32917167,37],[6.79302284,51.32914034,36.86],[6.79295353,51.3289527,36.46],[6.79293953,51.32891437,36.46],[6.79288423,51.32872139,36.66],[6.7928749,51.32868473,36.8],[6.79286158,51.32853042,37.2],[6.79284658,51.32848876,37.2],[6.79272227,51.32831845,37],[6.79268161,51.32827712,36.93],[6.7879758,51.32394691,39.13],[6.78793114,51.32390558,39],[6.78769983,51.3237056,38.86],[6.78765584,51.32366727,38.93],[6.78741986,51.3234963,39.2],[6.78737087,51.32346531,39.33],[6.78718922,51.32339099,39.86],[6.78711922,51.32337466,39.86],[6.78600095,51.32316139,39.73],[6.78593262,51.3231484,39.93],[6.78471771,51.32297016,43],[6.78465005,51.32296383,42.86],[6.78315214,51.32288663,42],[6.78310581,51.32288463,42],[6.7829515,51.3228966,41.73],[6.78294484,51.32289759,41.66],[6.78287818,51.3228646,41.6],[6.7820449,51.32283666,41.8],[6.78196357,51.322833,41.86],[6.77886007,51.32267052,37.73],[6.77878074,51.32266252,37.59],[6.77866941,51.32262253,37.4],[6.77863908,51.32258854,37.33],[6.77861509,51.32250122,37.33],[6.77861109,51.32245389,37.33],[6.77860576,51.3223649,37.33],[6.7786031,51.32232991,37.4],[6.77861676,51.32228892,37.53],[6.77862809,51.32228426,37.59],[6.77864341,51.32252122,37.59],[6.77863875,51.32255455,37.53],[6.77856176,51.32263186,37.33],[6.77851576,51.32264685,37.26],[6.77839744,51.32265651,37.13],[6.77832878,51.32265551,37.06],[6.7780508,51.32263953,37],[6.77798647,51.32263287,37],[6.77792614,51.32262187,37],[6.77787015,51.32260621,37.06],[6.77778083,51.32255789,37.2],[6.77775217,51.32252589,37.26],[6.77773051,51.32245256,37.4],[6.77773351,51.3224139,37.46],[6.77792311,51.32194962,38],[6.77793944,51.32190596,38],[6.77806338,51.32129338,37.73],[6.77806471,51.32128772,37.66],[6.77805674,51.32060612,36.66],[6.77805608,51.32055479,36.8],[6.77807734,51.31837404,38.73],[6.77807734,51.31832704,38.66],[6.7780534,51.31743478,38.73],[6.7780514,51.31738412,38.86],[6.77805605,51.31691918,38.2],[6.77806104,51.31686885,38],[6.77814798,51.31635892,39.26],[6.77815731,51.31631392,39.59],[6.77833225,51.31572697,41.13],[6.77834591,51.31568298,41],[6.77850217,51.31523969,40],[6.77851516,51.3151967,40.06],[6.77853581,51.31505804,40.26],[6.77853747,51.31501138,40.33],[6.77849649,51.31477142,39.73],[6.77847983,51.31472442,39.53],[6.77811359,51.31384417,37.66],[6.77809293,51.31379651,37.59],[6.77794597,51.31346955,36.59],[6.77792231,51.31342322,36.46],[6.77784065,51.3132849,35.86],[6.77781132,51.31323857,35.66],[6.77770101,51.31309992,35.33],[6.77765201,51.31305759,35.26],[6.77759635,51.31301793,35.2],[6.77753636,51.31298094,35.2],[6.77733438,51.31288829,35.33],[6.77726172,51.31286163,35.46],[6.77657144,51.31263465,37.06],[6.77648978,51.31260999,37.4],[6.77590848,51.31245837,38.26],[6.77582582,51.31243771,38.2],[6.7749772,51.31225076,35.26],[6.77488787,51.31223543,35],[6.77429524,51.31219912,35.2],[6.77422524,51.31219513,35.4],[6.77396125,51.31216249,36],[6.77389959,51.31215183,36.06],[6.77250737,51.31185724,37.2],[6.77243838,51.31184258,37.13],[6.77215974,51.31176426,36.26],[6.77208874,51.31173626,36],[6.77179942,51.31157427,35.2],[6.77172509,51.31152228,35.13],[6.77062683,51.31069169,36.46],[6.77056584,51.31064536,36.53],[6.76976358,51.31008243,36.33],[6.76970325,51.31003844,36.2],[6.76900632,51.3094675,35.4],[6.76895133,51.30942684,35.46],[6.76870135,51.30929786,35.73],[6.76863402,51.30927587,35.8],[6.76849202,51.30924222,35.93],[6.76841769,51.30923022,36],[6.76556357,51.30881873,37.06],[6.76549124,51.30880573,37],[6.76415467,51.30852649,33.46],[6.76408201,51.30851116,32.8],[6.76231381,51.30810727,36.2],[6.76223682,51.30808894,36.26],[6.76164287,51.30792965,36.26],[6.76157488,51.30791099,36.33],[6.76126057,51.30785901,36.66],[6.76123624,51.30784801,36.8],[6.76121091,51.30782802,36.86],[6.76118891,51.30780069,36.93],[6.76116092,51.30773137,37.2],[6.76115426,51.30769137,37.33],[6.76115691,51.30723508,39.2],[6.76115691,51.30718375,39.33],[6.76110899,51.30630518,38],[6.76110666,51.30626152,38.06],[6.76106567,51.3061422,38.59],[6.76102801,51.30611254,38.8],[6.76097535,51.30609155,38.93],[6.76091302,51.30607755,39],[6.76061738,51.30605391,39],[6.76053639,51.30605091,38.86],[6.75954779,51.30605394,36.59],[6.75945179,51.30605228,36.46],[6.75908014,51.3060193,36.2],[6.75900215,51.30601697,36.26],[6.75875985,51.30604995,37.46],[6.75869786,51.30605395,37.66],[6.75839255,51.30598898,40.59],[6.75836889,51.30597799,41],[6.75834423,51.30593566,41.4],[6.75834257,51.30592067,41.86],[6.7583662,51.30568138,45.06],[6.7583622,51.30564005,44.86],[6.75827758,51.30534575,43.06],[6.75826725,51.30530342,42.66],[6.75824394,51.30510012,40.93],[6.75824494,51.30506079,40.8],[6.75826592,51.30494946,40.4],[6.75827758,51.3049138,40.26],[6.75838986,51.30468217,39.8],[6.75840119,51.30464951,39.73],[6.75841451,51.30455353,39.53],[6.75841318,51.30452287,39.46],[6.75827365,51.30385466,40.26],[6.75826766,51.30382433,40.46],[6.75820367,51.30370934,42.06],[6.75818168,51.30368035,42.46],[6.75773243,51.30319442,43.6],[6.75771277,51.30316309,43.4],[6.75766912,51.30299478,42.4],[6.75766046,51.30295979,42.2],[6.75765214,51.3028208,41.86],[6.75764815,51.3027888,41.73],[6.75759949,51.30270615,41.33],[6.75756716,51.30268649,41.2],[6.75742251,51.30266617,40.8],[6.75736818,51.30267116,40.66],[6.75665924,51.30280644,42.66],[6.75660158,51.3028161,42.8],[6.75611262,51.30287338,40.8],[6.75604663,51.30287571,40.4],[6.75591364,51.30286938,39.8],[6.75584764,51.30286039,39.59],[6.755532,51.30277975,39],[6.75546934,51.30276542,39],[6.75491372,51.3026618,38.66],[6.75485239,51.30265747,38.59],[6.75432743,51.30267613,37.59],[6.7542581,51.30267979,37.46],[6.75244555,51.30280236,39.66],[6.75237555,51.30279903,39.93],[6.7517966,51.30272973,40.26],[6.75172294,51.30271607,40.13],[6.75077003,51.30247649,40.06],[6.75069704,51.3024595,40.2],[6.75009409,51.30234655,40.2],[6.75002009,51.30233355,40],[6.74942814,51.30225193,38.66],[6.74935315,51.3022436,38.59],[6.74888884,51.3022103,39.26],[6.74881218,51.30220864,39.53],[6.74806624,51.30224226,41.8],[6.74800091,51.30224892,41.86],[6.74634868,51.30248883,42.73],[6.74627102,51.30249882,42.93],[6.74580872,51.30255346,43.46],[6.74573506,51.30256079,43.4],[6.74551907,51.30256479,43],[6.74545008,51.30256912,42.8],[6.74511177,51.30260442,41.66],[6.74504477,51.30260376,41.46],[6.74491312,51.30259311,41.13],[6.74484912,51.30258411,41],[6.74399684,51.30243416,40.33],[6.74393318,51.30242283,40.13],[6.7429436,51.30221658,38.59],[6.74288327,51.30220625,38.66],[6.74264129,51.30217062,39.13],[6.74259663,51.30216463,39.2],[6.74243666,51.30217562,39.46],[6.74240067,51.30217296,39.53],[6.74222302,51.30213832,39.59],[6.74216836,51.30213466,39.59],[6.74097913,51.3022099,38.26],[6.7409108,51.3022149,38.53],[6.74060416,51.30226154,39.66],[6.74055417,51.30227087,39.73],[6.74027754,51.30236482,40],[6.74025388,51.30237982,40],[6.74019523,51.3024418,40],[6.7401899,51.30245846,40],[6.74021255,51.30251411,39.86],[6.74021654,51.3025181,39.8],[6.74020455,51.30249478,39.73],[6.74020222,51.30247112,39.73],[6.74021688,51.30241813,39.73],[6.74024087,51.3023938,39.73],[6.74038719,51.30232915,40],[6.74041352,51.30231649,40.06],[6.74044518,51.30228684,40.26],[6.74044618,51.30226551,40.4],[6.74025389,51.30205254,41],[6.7402469,51.30204521,41],[6.74015126,51.30203223,40.59],[6.74012993,51.3020249,40.46],[6.73993196,51.30185495,38.8],[6.73990263,51.30181862,38.59],[6.73983065,51.30170064,38.06],[6.73981366,51.30166065,37.93],[6.73973103,51.30135434,37.2],[6.73972504,51.30132301,37.13],[6.73972737,51.30126502,37],[6.73973637,51.30123936,37],[6.73978869,51.30117871,37],[6.73981068,51.30116505,37],[6.73985967,51.30115039,37],[6.73988367,51.30114773,37],[6.73999764,51.30115837,37],[6.74019897,51.3011637,37],[6.73984671,51.301183,37],[6.73982338,51.30118733,37],[6.73974776,51.30120333,37.73],[6.73974143,51.30120466,37.86],[6.73971545,51.30125998,38.66],[6.73971545,51.30128331,38.93],[6.73979141,51.30155894,40.26],[6.7398094,51.30160693,40.33],[6.73993171,51.30184523,40.2],[6.73997104,51.30188989,40.06],[6.74011269,51.30200754,39.66],[6.74016635,51.3020412,39.53],[6.74052031,51.3021745,39.46],[6.74054564,51.30219283,39.53],[6.74055397,51.30221449,39.59],[6.74054664,51.30223748,39.53],[6.74047365,51.30230114,39.46],[6.74044699,51.30231947,39.53],[6.74021603,51.30241712,39.59],[6.74019304,51.30242445,39.53],[6.74014872,51.30242212,39.53],[6.74012606,51.30241013,39.66],[6.74005108,51.30233847,39.93],[6.74002809,51.30231281,39.93],[6.73956552,51.30167727,38.53],[6.73953752,51.30164861,38.46],[6.73939887,51.30160363,37.8],[6.73935954,51.30158897,37.59],[6.73917756,51.30144267,37.06],[6.73914757,51.30142067,37],[6.7390036,51.30133236,36.2],[6.73896427,51.3013117,36],[6.73862397,51.30117674,34.73],[6.73856597,51.30116041,34.59],[6.73843698,51.30113442,34.59],[6.73836698,51.30112843,34.86],[6.73816699,51.30114574,35.66],[6.738105,51.30115773,36.06],[6.73760037,51.30127401,39],[6.73755304,51.30128734,39],[6.73748505,51.30130932,39],[6.73746139,51.30131998,39],[6.73739107,51.30138362,39],[6.73735974,51.30139595,39],[6.73713677,51.3014506,38.93],[6.73709578,51.30145659,38.86],[6.73641484,51.30149355,37.73],[6.73634518,51.30149521,37.59],[6.7361432,51.3014749,37.2],[6.73608887,51.30145324,37.06],[6.73600454,51.30138791,36.8],[6.73596755,51.30134992,36.66],[6.73571492,51.30103396,36.2],[6.73568326,51.30099663,36.2],[6.73557094,51.30089632,36.33],[6.73553194,51.30086466,36.4],[6.73535896,51.30074702,36.66],[6.73531296,51.30071936,36.73],[6.73455371,51.30028943,37.73],[6.73450738,51.30026044,37.66],[6.73427007,51.30006048,37.59],[6.73423508,51.30002282,37.59],[6.73415043,51.29989984,37.53],[6.7341301,51.29985718,37.46],[6.73403613,51.29959387,37.73],[6.73401947,51.29954921,37.8],[6.73389684,51.2992929,38.2],[6.73387518,51.2992509,38.33],[6.73348094,51.29858932,39.4],[6.73345895,51.29855332,39.13],[6.73308567,51.29804904,39.46],[6.73305367,51.29800804,39.73],[6.73265073,51.29753579,41.66],[6.73261474,51.29750046,41.8],[6.73234178,51.29727484,42.06],[6.73228378,51.29723684,41.93],[6.73170616,51.29692088,37.73],[6.73165283,51.29687822,37.2],[6.73157451,51.2967849,36.13],[6.73154918,51.29673557,35.8],[6.73148654,51.29653359,34.46],[6.73146655,51.2964826,34.4],[6.73132156,51.29629795,34.4],[6.73127623,51.29625729,34.4],[6.73023398,51.29565573,34.2],[6.73018032,51.2956214,34.13],[6.72991268,51.29541177,33.8],[6.72987202,51.29537677,33.86],[6.72968504,51.29518413,34.06],[6.72965038,51.2951418,34.13],[6.7287152,51.2939716,33.13],[6.72868387,51.29393161,33.13],[6.72816492,51.29322934,33],[6.72813493,51.29318901,33],[6.72771199,51.29267872,32.26],[6.727682,51.29263939,31.93],[6.72730408,51.29206112,29.73],[6.72728208,51.29202279,30.2],[6.72707212,51.29162049,33.93],[6.72705279,51.29158183,34],[6.72690884,51.29121523,32.26],[6.72689551,51.29117857,31.93],[6.72669062,51.29046233,32.73],[6.72667929,51.29042267,33.33],[6.72649801,51.28991372,36.06],[6.72648135,51.28987239,35.86],[6.72628076,51.28924081,35.33],[6.7262641,51.28919748,35.33],[6.7260275,51.28871188,33.8],[6.72600684,51.28867122,33.53],[6.72583888,51.28840892,33.53],[6.72581689,51.28837493,33.73],[6.72564159,51.28812596,35.53],[6.7256126,51.2880873,35.86],[6.72532464,51.287737,38.33],[6.72529164,51.28769767,38.46],[6.72490201,51.28726773,38.59],[6.72486535,51.28722707,38.46],[6.7216568,51.28351112,34.59],[6.72161881,51.28346779,34.59],[6.72127553,51.2830925,34.59],[6.72123587,51.2830515,34.59],[6.72026302,51.28210693,31.26],[6.72022503,51.28207127,30.66],[6.71811731,51.28028254,39.93],[6.71807298,51.28024555,39.93],[6.71698677,51.27937068,37.06],[6.71694011,51.27933168,36.93],[6.71633017,51.27880741,36.4],[6.71628351,51.27876641,36.26],[6.71608122,51.2785591,36.33],[6.71603823,51.2785201,36.2],[6.715195,51.27784787,35.8],[6.71515,51.27781088,35.86],[6.71447441,51.2772323,38.53],[6.71442875,51.27719364,38.4],[6.71414414,51.27691401,37.4],[6.71410915,51.27687535,37.2],[6.71369323,51.27634076,35.2],[6.7136729,51.2763041,35.2],[6.71365657,51.27626477,35.2],[6.71364558,51.27622378,35.33],[6.71362361,51.27601014,35.73],[6.71361362,51.27596714,35.73],[6.71345565,51.27553419,37.13],[6.71345299,51.27549286,36.93],[6.71347832,51.2754632,36.73],[6.71352198,51.27544821,36.53],[6.71368496,51.27544653,36.33],[6.71373996,51.27544154,36.26],[6.7138826,51.27540589,35.4],[6.71392593,51.27539156,35.06],[6.71467418,51.27510366,36.8],[6.71471551,51.27508766,37],[6.71474951,51.275069,37.2],[6.71476984,51.275047,37.4],[6.71477017,51.27502467,37.59],[6.71475051,51.27500767,37.53],[6.71471785,51.27500034,37.46],[6.71467752,51.275005,37.59],[6.71376327,51.27526857,39.2],[6.71371727,51.27528257,39.2],[6.7009825,51.27965773,40.33],[6.70089217,51.27968906,40],[6.70059052,51.27981571,39.26],[6.70054086,51.27985071,39.26],[6.70050987,51.27989037,39.26],[6.70050054,51.27993336,39.53],[6.70051554,51.27997669,39.8],[6.70055454,51.28001269,39.8],[6.7006132,51.28003635,39.8],[6.70068119,51.28004368,39.8],[6.70075018,51.28003335,39.8],[6.7008495,51.2799717,39.8],[6.70086516,51.2799297,39.8],[6.70084983,51.27988637,39.66],[6.70080917,51.27984971,39.53],[6.70067585,51.27982138,38.93],[6.70060619,51.27983204,38.73],[6.70050154,51.27987769,38.33],[6.70048221,51.27991069,38.13],[6.70050587,51.27994768,38.2],[6.70055886,51.27997901,38.26],[6.70063519,51.27999667,38.46],[6.70090884,51.27996235,39.33],[6.7010005,51.27994069,39.66],[6.70108416,51.27991769,40.13],[6.70115049,51.27989203,40.53],[6.70118748,51.2798617,40.66],[6.70119048,51.27982837,40.46],[6.70064856,51.27931344,35.93],[6.7006039,51.27926611,35.86],[6.70030562,51.27885414,35.73],[6.70026429,51.27880381,35.8],[6.69864715,51.27697933,37.2],[6.69860782,51.276935,37.33],[6.69812257,51.27633407,38.06],[6.69808624,51.27628674,38],[6.69755934,51.27552152,36.33],[6.69752901,51.27547353,36.33],[6.69669582,51.27404272,35],[6.69666982,51.27399672,35],[6.69642989,51.2735261,35],[6.69640823,51.27347844,35],[6.69636325,51.27333146,34.93],[6.69635359,51.2732818,34.86],[6.69635293,51.27313214,34.66],[6.69636726,51.27308281,34.59],[6.69661622,51.27251188,34.4],[6.69663555,51.27246622,34.53],[6.6968938,51.27175629,35.73],[6.69691179,51.27170863,35.66],[6.69713074,51.27120669,37.66],[6.69715273,51.27116236,37.73],[6.69717239,51.27107304,37.59],[6.69715839,51.27103005,37.53],[6.6971284,51.27098972,37.4],[6.69708807,51.27095206,36.93],[6.69694174,51.27084108,35.53],[6.69688608,51.27080175,35],[6.69548684,51.26984085,33.2],[6.69542418,51.26979752,33.2],[6.69462093,51.2692209,34],[6.69456693,51.26918291,34],[6.69422896,51.26897294,34.73],[6.6941663,51.26894561,34.93],[6.69409897,51.26892428,35.13],[6.69402831,51.26890828,35.26],[6.69371966,51.26886997,35.66],[6.693638,51.26886298,35.66],[6.69212906,51.26877275,32.66],[6.69201773,51.26877408,32.59],[6.69180007,51.26880307,32.59],[6.69169641,51.2688324,32.59],[6.6912331,51.26902371,32.59],[6.69114477,51.26905904,32.53],[6.69096478,51.2690897,32.66],[6.69087745,51.2690757,32.73],[6.69079212,51.2690457,32.8],[6.69071113,51.26900604,32.66],[6.69038815,51.26881506,31.86],[6.69030649,51.2687694,31.53],[6.68893223,51.2680345,32.13],[6.6888599,51.26799717,32.33],[6.68396427,51.26564089,35.59],[6.68389161,51.26560589,36.2],[6.68322434,51.26523128,38.8],[6.68317634,51.26520962,38.73],[6.68302669,51.2651553,37.13],[6.68297403,51.26513997,37.13],[6.68179946,51.26484406,35.26],[6.6817308,51.26482973,35.2],[6.68143148,51.26478908,35.06],[6.68135215,51.26478275,35],[6.68086019,51.26477377,34.86],[6.68077886,51.26477044,34.93],[6.68053821,51.26474645,35.13],[6.68045955,51.26473112,35.2],[6.6802479,51.26465713,35.33],[6.68018424,51.26462514,35.33],[6.67972928,51.26436218,35.26],[6.67967362,51.26435685,35.2],[6.67956629,51.26439451,35.2],[6.67952063,51.26443484,35.26],[6.67908068,51.2650298,36.66],[6.67904568,51.26508213,36.86],[6.67890104,51.26533411,36.86],[6.67887538,51.26538577,36.73],[6.67865377,51.26587173,38.93],[6.67862644,51.26592639,39.26],[6.67849046,51.2661377,40.8],[6.6784478,51.26618736,41.2],[6.67840014,51.26623302,41.4],[6.67834681,51.26627402,41.6],[6.67822548,51.26634201,41.73],[6.67816148,51.26637201,41.8],[6.67796182,51.26644732,41.4],[6.67789382,51.26646965,41.26],[6.67768284,51.26651697,41.06],[6.67761118,51.26652397,41],[6.67746852,51.2665273,41],[6.67739852,51.26652264,41],[6.67713287,51.26648832,41],[6.67707054,51.26647699,41],[6.67347547,51.26572058,46.26],[6.67341547,51.26570925,45.6],[6.67274555,51.26554698,40.8],[6.67268889,51.26553365,40.53],[6.67248625,51.26539468,40],[6.67242725,51.26537835,40],[6.67217327,51.26539934,40.13],[6.67211294,51.26540667,40.2],[6.67197963,51.26537869,40.4],[6.67194397,51.26537069,40.46],[6.67149701,51.26547399,40.26],[6.67142502,51.26549065,40.2],[6.67110837,51.26554463,40.2],[6.67102438,51.26555696,40.2],[6.67059107,51.26561527,40.8],[6.67050308,51.26562526,41],[6.66987512,51.26567124,41.4],[6.66978146,51.26567623,41.33],[6.66409277,51.26593189,43.33],[6.66401344,51.26593389,43.26],[6.66393678,51.26593422,43.2],[6.66386645,51.26592922,43.13],[6.66376412,51.2658899,43],[6.66373046,51.26586124,43],[6.6636858,51.26580458,43],[6.6636808,51.26578258,43],[6.6636828,51.26576759,43],[6.6636908,51.2657586,43],[6.66373746,51.26573595,43.13],[6.66374012,51.26573628,43.2],[6.66368048,51.26573395,43.33],[6.66367549,51.26573362,43.33],[6.66381711,51.26572229,42.33],[6.66382344,51.26572129,42.06],[6.66375012,51.26588694,41.46],[6.66373846,51.2659056,41.2],[6.66371813,51.26592126,40.93],[6.66369013,51.26593292,40.8],[6.66356614,51.26595291,40.4],[6.66351548,51.26595624,40.46],[6.65046969,51.26651328,40.2],[6.65040603,51.26650562,40.26],[6.65029303,51.26646496,40.33],[6.65024137,51.2664373,40.33],[6.64927412,51.26589139,39.33],[6.64922479,51.26586306,39.4],[6.64896149,51.26568709,39.66],[6.64891716,51.26566043,39.8],[6.64869885,51.26555478,40.46],[6.64867352,51.26554178,40.53],[6.64850687,51.26540115,41],[6.64846787,51.26537182,41.13],[6.64782795,51.2649599,42.06],[6.64779562,51.2649379,42.06],[6.64761898,51.26484461,41.46],[6.64761565,51.26484295,41.33],[6.647529,51.26477031,40.8],[6.64749767,51.26474732,40.66],[6.64717404,51.26453837,40],[6.64714271,51.26450604,40],[6.64711105,51.26443238,40],[6.64710639,51.26439272,40],[6.64709407,51.26400811,39.13],[6.64709274,51.26397478,39],[6.64715531,51.26300688,39.73],[6.64715731,51.26297222,39.93],[6.64713999,51.26282725,41.53],[6.64711899,51.26280959,41.73],[6.64625505,51.26255734,42.06],[6.64619139,51.26253768,42.2],[6.64389119,51.26180721,41.46],[6.64383453,51.26178755,41.46],[6.64356723,51.26164291,41],[6.6435039,51.26161325,40.86],[6.64277062,51.26131399,40],[6.64272496,51.26129366,40.06],[6.64037653,51.26021625,40.46],[6.6403232,51.26019259,40.26],[6.63896832,51.25954373,41],[6.63891899,51.25951974,41],[6.6371145,51.25868694,41.13],[6.63706317,51.25866294,41.06],[6.63637492,51.25832433,39.33],[6.63632359,51.25830033,39.26],[6.63502069,51.25770316,40],[6.63497503,51.25768217,40],[6.63471939,51.25759253,39.66],[6.63467973,51.25757254,39.59],[6.63465607,51.25755188,39.53],[6.63465706,51.25753222,39.46],[6.63475105,51.25747658,39.06],[6.63478804,51.25744992,38.93],[6.63493036,51.25731828,38.53],[6.63496436,51.25728262,38.53],[6.6355756,51.25652872,39.93],[6.63559993,51.25649706,40.06],[6.63568092,51.25636208,40.59],[6.63569658,51.25632775,40.73],[6.63595816,51.25564483,40.93],[6.63597949,51.25560283,41.06],[6.63611813,51.25539885,41.33],[6.63614746,51.25535985,41.46],[6.63643974,51.25499256,42.46],[6.6364604,51.25496423,42.46],[6.63649005,51.25489491,42.46],[6.63649005,51.25489058,42.46],[6.63654371,51.25486359,42.4],[6.63661136,51.25486891,42.13],[6.63665535,51.25486858,42],[6.63680967,51.25484126,41.6],[6.636861,51.25481993,41.46],[6.63690666,51.25479193,41.4],[6.63694599,51.2547596,41.33],[6.63704465,51.25464995,41.33],[6.63707598,51.25461129,41.33],[6.63828806,51.25304688,41],[6.63831739,51.25300955,41],[6.6389529,51.25215335,41.06],[6.63897556,51.25212335,41],[6.63931414,51.25170742,41.46],[6.63933747,51.25167876,41.6],[6.63977505,51.25106452,41.8],[6.63979538,51.25103419,41.73],[6.63987103,51.25095087,41.53],[6.63989636,51.25092188,41.46],[6.64010031,51.25061027,41],[6.64012164,51.25058161,40.86],[6.64046757,51.250223,39.33],[6.6405029,51.250182,39.2],[6.64270824,51.24736138,41],[6.64273923,51.24732105,41],[6.64279489,51.24723939,41],[6.64281922,51.24719739,41.06],[6.64291653,51.24694209,41.46],[6.64294119,51.24690309,41.53],[6.64322582,51.24665046,42.13],[6.64326681,51.24661347,42.13],[6.64344278,51.24642116,42.13],[6.64347511,51.24638316,42.13],[6.6437104,51.24606919,41.93],[6.6437404,51.24602919,41.93],[6.64433629,51.24529597,40.66],[6.64436628,51.24525931,40.53],[6.64478455,51.24470741,43.66],[6.64480888,51.24467441,44.2],[6.64495719,51.24443079,47],[6.64497418,51.24440579,46.93],[6.64505316,51.2443158,46.66],[6.64507582,51.24429381,46.4],[6.64532845,51.24407517,44.13],[6.64535044,51.24405084,43.8],[6.64546972,51.24380292,39.66],[6.64549105,51.24376893,39.46],[6.64580467,51.24336864,39.4],[6.64583733,51.24332931,39.4],[6.64686219,51.24224979,40.53],[6.64687919,51.2422298,40.46],[6.64708182,51.24207683,39.66],[6.64711115,51.2420515,39.59],[6.64792101,51.2413223,40.73],[6.64795234,51.24129464,40.73],[6.64904588,51.24040179,42],[6.64906321,51.2403678,42],[6.6490672,51.24033414,42],[6.64905721,51.24030248,42],[6.64895523,51.24023516,42],[6.6489069,51.2402185,42],[6.64777066,51.2399026,41.93],[6.64769767,51.23988127,41.86],[6.64531184,51.23915044,40.2],[6.64524084,51.23912978,40],[6.64517151,51.23910745,39.8],[6.64510751,51.23908179,39.59],[6.64501219,51.23901314,39.4],[6.64498786,51.23897148,39.33],[6.64497986,51.23888016,39.2],[6.64498719,51.23883283,39.13],[6.64506248,51.23850754,39.59],[6.64507347,51.23846188,39.73],[6.64536538,51.23745199,39.8],[6.64537838,51.23740766,39.86],[6.64583221,51.23570085,39.46],[6.64584354,51.23565286,39.46],[6.64622671,51.23429633,41.66],[6.64624104,51.23424667,41.73],[6.64626403,51.23404635,42.2],[6.64625537,51.23399635,42.26],[6.64606243,51.23335741,43.46],[6.6460531,51.23332242,43.53],[6.64598449,51.23297981,43.86],[6.64597916,51.23295382,43.93],[6.64573161,51.23218729,43.73],[6.64572195,51.2321563,43.66],[6.64532779,51.23071686,43.13],[6.64531513,51.23066153,42.8],[6.64523082,51.23041956,41.46],[6.64520116,51.23035523,41.26],[6.64432263,51.22878302,41.73],[6.64429797,51.22874936,41.6],[6.64424364,51.22870204,41.46],[6.64421365,51.22868804,41.4],[6.64381004,51.22860742,41.06],[6.64378404,51.22858909,41.06],[6.64367839,51.22843245,41.13],[6.64365773,51.22839479,41.2],[6.64346875,51.22817315,41.53],[6.64344442,51.22813182,41.6],[6.64339209,51.22801517,41.6],[6.6433831,51.22797984,41.6],[6.64339275,51.22789052,41.53],[6.64338609,51.22786719,41.46],[6.6433681,51.22785253,41.4],[6.64334477,51.22784887,41.33],[6.6432108,51.22787918,41],[6.64318047,51.22787918,41],[6.64312581,51.22784586,40.86],[6.64310148,51.2278182,40.73],[6.64288655,51.2274046,38.73],[6.64286856,51.2273696,38.53],[6.64281291,51.22722862,38.4],[6.64279691,51.22719396,38.4],[6.64255034,51.22673838,38.66],[6.64253235,51.22670505,38.66],[6.64220247,51.22610649,40.06],[6.64218381,51.22607183,40.13],[6.64210215,51.22597651,40.33],[6.64205949,51.22595185,40.33],[6.64188717,51.22592887,40.33],[6.64182317,51.22593087,40.33],[6.6404796,51.2260321,39.73],[6.64040327,51.22603743,39.66],[6.63958065,51.22608071,39.86],[6.63949199,51.22608637,39.93],[6.63899868,51.22613767,40.4],[6.63894802,51.226143,40.46],[6.63885836,51.22612967,40.53],[6.63844004,51.22615565,40.13],[6.63833471,51.22616231,39.93],[6.63779242,51.22622328,39.26],[6.63772642,51.22622927,39.26],[6.6364545,51.22632585,40.8],[6.63638817,51.22632951,40.86],[6.63286971,51.22642164,43],[6.63279471,51.22642364,43],[6.6320441,51.22648123,43],[6.63196811,51.22648422,43],[6.63126814,51.22645359,42.93],[6.63118948,51.22644959,42.86],[6.62947026,51.22633304,42.73],[6.62938593,51.22633104,42.93],[6.62756904,51.22638096,44.6],[6.62749604,51.22638462,44.73],[6.62639244,51.22645553,44.33],[6.62633045,51.22645953,44.33],[6.62604215,51.22649551,44.53],[6.62598682,51.22650384,44.6],[6.62572918,51.22654582,44.8],[6.62568385,51.22655481,44.8],[6.62529622,51.22665676,43.8],[6.62524889,51.22666809,43.66],[6.62450166,51.22682135,43.66],[6.62444833,51.22683201,43.66],[6.62370805,51.22697127,43.13],[6.62365272,51.22698126,43.2],[6.62339742,51.22701024,43.46],[6.62332843,51.22701257,43.53],[6.62272082,51.22697796,44.33],[6.62266316,51.2269753,44.4],[6.62249184,51.22694765,44.6],[6.62243984,51.22693132,44.73],[6.6222562,51.226837,45.26],[6.62221654,51.226809,45.4],[6.62211688,51.22671568,45.6],[6.62208755,51.22668469,45.66],[6.62193358,51.22649706,45.53],[6.62190558,51.22646807,45.46],[6.62183659,51.22642641,45.33],[6.62179193,51.22641708,45.26],[6.62168794,51.2264294,45.13],[6.62163195,51.2264454,45.06],[6.62088601,51.22667867,45.2],[6.62083301,51.22669566,45.4],[6.62068636,51.22675999,45.2],[6.6206357,51.22677798,45.46],[6.62029473,51.22679429,46.53],[6.62023907,51.22679895,46.6],[6.62008109,51.22683626,45.8],[6.62005276,51.22683826,45.73],[6.61979213,51.22676796,44.46],[6.6197458,51.2267533,44.4],[6.61958115,51.22672964,44.2],[6.61952749,51.22671698,44.4],[6.61944583,51.22667365,44.8],[6.6194195,51.22664899,45],[6.61934919,51.22654835,45.13],[6.61934286,51.22653769,44.8],[6.61935617,51.22651472,42.46],[6.61935783,51.22651472,42.13],[6.61901484,51.22644172,41.8],[6.61901451,51.22644172,41.73],[6.61907717,51.22655705,41.66],[6.61941045,51.2267413,42.33],[6.61943045,51.22675996,42.26],[6.61953073,51.22695658,42.8],[6.61953806,51.22697391,42.8],[6.61953208,51.22707487,42.8],[6.61945408,51.22718386,42.8],[6.61946107,51.22696258,42],[6.61945874,51.22693758,42],[6.61944309,51.22689826,42],[6.61942943,51.22688426,42],[6.61937584,51.22686192,45.46],[6.61940184,51.22683093,45.86],[6.6199051,51.22676032,47.06],[6.61993976,51.22675066,46.93],[6.62017005,51.22666236,44.13],[6.62021071,51.22664737,43.86],[6.620511,51.22649041,42.53],[6.62053399,51.22646775,42.6],[6.62056898,51.2264121,42.73],[6.62058064,51.2263791,42.8],[6.62061628,51.22620245,43],[6.62062161,51.22616679,43],[6.62064158,51.22570417,43.33],[6.62064958,51.22566618,43.53],[6.62074523,51.22548287,44.53],[6.62075489,51.22544521,44.73],[6.6207489,51.22540788,45.13],[6.62073057,51.22537055,45.46],[6.62048696,51.22501726,47.4],[6.62046497,51.22498427,47.4],[6.62013506,51.22440403,48.2],[6.6201204,51.2243757,48.13],[6.61993414,51.22393878,48.13],[6.61991381,51.22389145,48.06],[6.61984883,51.22369381,47.66],[6.6198375,51.22364448,47.53],[6.61981085,51.22344951,47.26],[6.61980852,51.22339951,47.2],[6.61983783,51.22315053,47.33],[6.61984483,51.2231022,47.46],[6.61985349,51.22305554,47.6],[6.61986548,51.22301088,47.6],[6.61994379,51.22284924,47.66],[6.61995845,51.22280691,47.4],[6.61997478,51.22271892,46.86],[6.61997844,51.22267226,46.6],[6.61996812,51.22236495,44],[6.61996679,51.22231162,44],[6.6199881,51.22203464,42.73],[6.6199861,51.22197698,42.8],[6.6199368,51.22169133,43.26],[6.6199168,51.221635,43.4],[6.61967452,51.22115337,43.73],[6.61964286,51.22110138,43.73],[6.61925359,51.22055078,42.8],[6.61921626,51.22050279,42.73],[6.61864033,51.21987652,40.93],[6.61860633,51.21983952,40.86],[6.61846335,51.21971088,41.06],[6.61844102,51.21969322,41.2],[6.61826672,51.21957658,41.86],[6.61822473,51.21957292,41.93],[6.61806207,51.21960824,42.26],[6.61799807,51.21962657,42.4],[6.61702812,51.21992083,42],[6.61694046,51.21994749,42],[6.61450625,51.22071803,42.66],[6.61441325,51.22074702,42.53],[6.61005117,51.22209048,41.93],[6.60997184,51.22211448,41.93],[6.60897523,51.22244109,40.93],[6.6088929,51.22246675,40.8],[6.60865591,51.22253906,40.26],[6.60858658,51.22255839,40.06],[6.60842226,51.22257404,39.86],[6.60838193,51.2225757,39.93],[6.6082373,51.222624,40.8],[6.60818364,51.22262766,40.93],[6.60804132,51.22269998,41.73],[6.60800399,51.22271731,41.8],[6.60729139,51.22294791,42],[6.60723006,51.22296824,42],[6.60444827,51.22381601,42.46],[6.60438061,51.223837,42.26],[6.59936065,51.22541028,43.26],[6.59929832,51.22542994,43.06],[6.59838873,51.22573784,40.66],[6.5983534,51.22574983,40.73],[6.59827007,51.22577315,40.93],[6.59822407,51.22578315,41.06],[6.59807009,51.2257938,41.8],[6.59801476,51.22580479,42.06],[6.59744147,51.22602242,43],[6.59736947,51.22604575,42.86],[6.59427469,51.22701255,43.73],[6.59420636,51.22703321,43.73],[6.59322544,51.22728647,46.66],[6.59316078,51.22730146,46.86],[6.59240919,51.22745908,47.4],[6.59233986,51.22747308,47.46],[6.59162724,51.22759604,46.6],[6.59155458,51.22760637,46.4],[6.59096829,51.227676,44],[6.59089396,51.22768366,43.93],[6.5896144,51.2277869,43.73],[6.58953907,51.22778956,43.86],[6.56458286,51.22844829,48],[6.5644852,51.22845128,48.26],[6.562267,51.22849783,40.73],[6.56218634,51.22849816,40.73],[6.56210768,51.22849783,40.73],[6.56203035,51.22849517,40.8],[6.56181503,51.22846084,41.4],[6.56174203,51.22845851,41.6],[6.56106141,51.22853814,42.8],[6.56098042,51.2285428,42.93],[6.55809826,51.22862761,44.46],[6.55801093,51.2286306,44.73],[6.55708432,51.22868553,44.93],[6.55698832,51.22869053,44.53],[6.55497342,51.22885343,45.46],[6.55488776,51.22886076,45.66],[6.55268155,51.22910164,42.26],[6.55260355,51.2291103,42.4],[6.54091456,51.23046122,47.4],[6.54083357,51.23047022,47.93],[6.53675251,51.23096167,43.6],[6.53668118,51.23097,43.46],[6.53566195,51.23105492,41.53],[6.53556495,51.23106192,41.4],[6.53519633,51.2311362,41.73],[6.53517167,51.23114186,41.86],[6.53522467,51.23111853,42.06],[6.535245,51.2311072,42.26],[6.53527299,51.23106854,42.66],[6.53527332,51.23104255,42.8],[6.53516434,51.23087791,43.26],[6.53513568,51.23084092,43.26],[6.53448478,51.23010699,41.73],[6.53444812,51.23006633,41.66],[6.53384218,51.22946942,42.2],[6.53380252,51.22943209,42.2],[6.5334539,51.22910847,42.4],[6.53341391,51.22907314,42.33],[6.53300228,51.22872553,41.46],[6.53296029,51.22869153,41.4],[6.5319071,51.22788466,41.86],[6.5318601,51.227849,41.86],[6.53091719,51.22717243,42.53],[6.53086819,51.22714443,42.46],[6.53081453,51.22712377,42.4],[6.53075653,51.22711178,42.33],[6.53063554,51.22711112,42.2],[6.53057388,51.22711645,42.13],[6.52562561,51.22762475,41.6],[6.52554328,51.22763375,41.53],[6.52449901,51.22772368,40.73],[6.52442335,51.22772967,40.46],[6.52427902,51.227725,39.93],[6.52421636,51.22770867,39.59],[6.52401339,51.22757869,37.93],[6.52396806,51.22753803,37.53],[6.52318415,51.22676178,37.8],[6.52314249,51.22672012,38],[6.521772,51.2254253,40.46],[6.52173467,51.22538964,40.13],[6.52020252,51.22389382,39.66],[6.52016319,51.22385582,39.73],[6.51879173,51.22256868,37.93],[6.5187594,51.22253568,38],[6.51784452,51.22170181,40.06],[6.51780853,51.22166681,40.13],[6.5174749,51.22140718,40.06],[6.51742324,51.22137418,40],[6.5171866,51.22126419,39.73],[6.5171186,51.22124686,39.59],[6.51584169,51.22105361,38.33],[6.51577903,51.22104462,38.4],[6.51532473,51.22099333,38.53],[6.51525673,51.22098667,38.53],[6.51384947,51.22088775,38.53],[6.51378214,51.22088209,38.66],[6.51353317,51.22082745,39.4],[6.51347584,51.22080912,39.59],[6.51315954,51.22067815,40.66],[6.51310821,51.22065482,40.73],[6.51195494,51.22009695,40.59],[6.51190228,51.22007162,40.53],[6.5110717,51.21970136,39.66],[6.51100871,51.21968003,39.59],[6.51087772,51.21964438,39.46],[6.51080906,51.21963205,39.4],[6.51067007,51.21961973,39.26],[6.51060208,51.21961973,39.2],[6.5100378,51.21969734,39.8],[6.5099828,51.21968634,39.93],[6.50994081,51.21965602,40.2],[6.50992015,51.21963236,40.33],[6.50983118,51.21943606,40.73],[6.50981085,51.2193984,40.73],[6.50966323,51.21918843,40.4],[6.50964857,51.21917044,40.33],[6.50944791,51.21906845,39.93],[6.50943525,51.21905245,39.8],[6.50943358,51.21892414,39.4],[6.50941825,51.21889581,39.33],[6.50937559,51.21883948,39.13],[6.50935026,51.21881115,39],[6.5092766,51.21876316,38.73],[6.50922327,51.21875283,38.66],[6.50840499,51.21889444,38.8],[6.50832633,51.21890943,39.06],[6.50725877,51.21914668,42],[6.50722278,51.21915467,42],[6.50351107,51.21991372,40.8],[6.50343941,51.21992838,40.73],[6.50257813,51.22012097,41],[6.50250314,51.2201373,40.86],[6.50055826,51.22052251,40.93],[6.50047726,51.22053917,40.86],[6.49816538,51.22106937,42.66],[6.49806905,51.22109137,42.66],[6.49669411,51.22135696,42.06],[6.49659878,51.22137462,42.06],[6.49642046,51.22139562,42.06],[6.49634047,51.22139595,42.06],[6.49626781,51.22138729,42.13],[6.49620781,51.2213723,42.2],[6.4961285,51.22133832,42.33],[6.4961615,51.22132232,42.33],[6.49618882,51.22135231,42.33],[6.49618716,51.2213743,42.46],[6.49613417,51.22141863,42.86],[6.49609018,51.22143362,43.06],[6.49545992,51.22155292,45.53],[6.49540626,51.22156225,45.66],[6.49479198,51.22165352,47.06],[6.49474632,51.22165851,47.2],[6.49433203,51.22168281,47.46],[6.4942857,51.22167781,47.33],[6.49419571,51.22165615,47.33],[6.49415538,51.22163682,47.2],[6.49404507,51.22155951,46.8],[6.49399974,51.22153785,46.6],[6.49378076,51.22151254,46.13],[6.4937231,51.22151587,46],[6.49361077,51.22154186,45.86],[6.49356344,51.22156752,45.8],[6.4933048,51.22174682,45.53],[6.49325147,51.22176381,45.66],[6.49310248,51.22175316,46.2],[6.49305249,51.22175017,46.6],[6.49267718,51.22182315,47.4],[6.49261752,51.22183148,47.53],[6.49139594,51.2219117,49.13],[6.49132561,51.22191137,49],[6.49125861,51.22190371,49.06],[6.49119962,51.22188671,49.2],[6.49097465,51.2217954,49.26],[6.49090865,51.22178907,49.2],[6.49084266,51.2217944,48.8],[6.49078,51.22181006,48.8],[6.49045169,51.22192537,48.13],[6.49037503,51.22194236,48.13],[6.4898144,51.22201265,44.53],[6.48973074,51.22202131,44.06],[6.48782384,51.22212521,43.53],[6.48773085,51.2221312,43.6],[6.48738654,51.22213652,43.8],[6.48737588,51.22213685,43.73],[6.48712657,51.22220882,42.93],[6.48706191,51.22221481,42.8],[6.4867966,51.22219249,42.8],[6.4867286,51.22219449,42.93],[6.48621997,51.22231845,43.53],[6.48613998,51.22233611,43.53],[6.4849264,51.22257072,42.66],[6.4848484,51.22258871,42.86],[6.48414244,51.22276066,44.26],[6.48406545,51.22278065,44.4],[6.4833045,51.22299293,44.86],[6.48322884,51.22300859,45],[6.48291886,51.2230479,45.13],[6.48284153,51.22305056,45.13],[6.48246556,51.22301491,45.13],[6.48239423,51.22299725,45.13],[6.48201092,51.22284194,45],[6.48195593,51.22280995,45],[6.48185728,51.22274229,45],[6.48181162,51.22270696,45],[6.48151201,51.22244501,44.46],[6.48146868,51.22242668,44.4],[6.48142535,51.22241802,44.33],[6.48138736,51.22241902,44.26],[6.48112973,51.22250764,43.93],[6.48110107,51.22249431,44],[6.48067383,51.22208805,44.4],[6.48063584,51.22204839,44.26],[6.48044021,51.22178675,43.6],[6.48040488,51.22174309,43.6],[6.48024656,51.22157178,43.6],[6.48020556,51.22152878,43.66],[6.47994925,51.22127714,44.4],[6.47990659,51.22123514,44.53],[6.4793207,51.2207246,45.93],[6.47928771,51.22069994,46],[6.47907942,51.22042598,46.46],[6.47904243,51.22038699,46.46],[6.47834117,51.21973541,46.33],[6.47830051,51.21969641,46.33],[6.47807687,51.21944577,45.93],[6.47803388,51.21940311,45.8],[6.47748726,51.21895016,44.8],[6.47743793,51.21890717,44.73],[6.47690632,51.2183509,44.8],[6.47685966,51.2183069,44.86],[6.47632239,51.21785596,45.86],[6.47627106,51.21781863,45.86],[6.47570378,51.2174277,45.93],[6.47565212,51.21739437,46],[6.47494818,51.21696579,46.66],[6.47489718,51.21693279,46.73],[6.47319934,51.21573764,51.33],[6.47314301,51.21569931,50.53],[6.47218143,51.21511573,45.66],[6.47211344,51.2150714,45.73],[6.47154649,51.21465945,46.86],[6.47148716,51.21461812,46.93],[6.47022493,51.21375858,47.93],[6.4701636,51.21371525,47.93],[6.46977896,51.21347061,48.26],[6.4697173,51.21343028,48.26],[6.46918033,51.21305499,48.53],[6.46912034,51.21301299,48.6],[6.46838374,51.21256538,48.13],[6.46832908,51.21252905,48.13],[6.46808345,51.2123314,48.33],[6.46803012,51.21229207,48.46],[6.46702887,51.21163084,49.4],[6.46697621,51.21159751,49.06],[6.46682989,51.21148087,48.13],[6.46677656,51.21144287,47.8],[6.46647925,51.21126789,46.4],[6.46642192,51.21123156,46.4],[6.46603295,51.21097092,46.66],[6.46597596,51.21093493,46.8],[6.46559766,51.21074362,47.53],[6.465538,51.21070496,47.66],[6.46496138,51.21023769,48.4],[6.46490205,51.21019603,48.53],[6.46300253,51.20896415,50.73],[6.46293987,51.20892349,50.53],[6.46229092,51.2084262,50.4],[6.46223159,51.2083852,50.46],[6.45977614,51.20673871,53.8],[6.45972415,51.20670205,53.8],[6.4582083,51.20572921,50.6],[6.45815864,51.20569721,50.6],[6.45619083,51.20438044,52.86],[6.4561415,51.20434811,52.66],[6.45601619,51.2042418,52.06],[6.4559822,51.20420447,51.86],[6.45534231,51.20341592,52.86],[6.45529598,51.20337459,53.13],[6.45518865,51.2033146,53.66],[6.45513132,51.20329927,53.93],[6.45487767,51.20330959,54.73],[6.45481234,51.20331158,54.93],[6.45469569,51.20329292,55.06],[6.45464603,51.20327293,55.13],[6.45378681,51.20270634,56.8],[6.45375748,51.20269234,57.06],[6.45351552,51.20258938,57.66],[6.45347052,51.20257005,57.73],[6.45321621,51.20250308,57.2],[6.45316755,51.20248309,57.06],[6.45211129,51.20201053,55.93],[6.45206096,51.2019892,55.8],[6.44969484,51.20101275,53.73],[6.44963451,51.20098509,53.8],[6.44945552,51.20089243,54.6],[6.44940019,51.20085943,54.93],[6.44905256,51.20062913,56.46],[6.44900656,51.20059547,56.4],[6.44848696,51.20011588,53.93],[6.4484503,51.20008288,53.8],[6.44832965,51.19999723,53.26],[6.44828932,51.1999739,53],[6.44817,51.19992624,52.33],[6.44813567,51.19991791,52.2],[6.44800635,51.19991457,52.86],[6.44799669,51.19991424,53],[6.44776106,51.19985561,54.33],[6.44771473,51.19984228,54.46],[6.44745976,51.19971765,53.93],[6.44740277,51.19970099,53.8],[6.44657349,51.19953405,52.66],[6.44650716,51.19951706,52.6],[6.4461512,51.1993841,51.2],[6.44611954,51.19937044,51.13],[6.44608855,51.19935412,51],[6.44604222,51.19933312,50.93],[6.44597225,51.19922548,51.66],[6.44593759,51.19919415,51.93],[6.44562295,51.19900251,54],[6.44555829,51.19896651,54.2],[6.4454053,51.19890186,54.6],[6.44532097,51.19887487,54.73],[6.44477167,51.19872391,54.8],[6.44468468,51.19868925,54.93],[6.44443704,51.19857026,54.86],[6.44435838,51.19852927,54.86],[6.44372812,51.19817467,53.6],[6.44371379,51.19816734,53.4],[6.44352915,51.19815935,52.6],[6.44348782,51.19814969,52.46],[6.44319253,51.19801241,53],[6.44314987,51.19799175,53],[6.44197469,51.19735292,58.33],[6.44192869,51.19732892,58.93],[6.44016724,51.1964688,65.8],[6.44011891,51.19644314,65.6],[6.43985494,51.19628885,65.46],[6.43981628,51.19626519,65.73],[6.43966763,51.19611421,67.06],[6.43962764,51.19608621,67.4],[6.43937167,51.19594292,69.33],[6.43933234,51.19592159,69.73],[6.43798519,51.19527843,69.93],[6.4379482,51.1952711,69.6],[6.43665806,51.19521655,72.66],[6.43662673,51.19521589,72.86],[6.43566424,51.19525477,82.2],[6.43562791,51.1952561,82.6],[6.43520129,51.19524116,86.06],[6.43515763,51.19524149,86.26],[6.43490099,51.1952548,84.93],[6.434844,51.19526079,84.53],[6.43423406,51.19535042,81.86],[6.43417873,51.19536208,82],[6.43402275,51.19541973,82.4],[6.43397309,51.19544239,82.66],[6.4338331,51.19552837,83.2],[6.43378877,51.1955617,83.26],[6.43293158,51.19633325,82.6],[6.43282692,51.19634058,82.8],[6.43256662,51.19628361,84.33],[6.43254029,51.19627661,84.6],[6.43159543,51.19598972,92.46],[6.4315541,51.19597639,92.6],[6.43143778,51.1959364,92.2],[6.43140312,51.19592174,91.93],[6.43124781,51.19581877,90.13],[6.43121048,51.19580744,89.8],[6.43112849,51.19579445,89],[6.4310865,51.19579279,88.4],[6.43090553,51.19581176,84.93],[6.4308552,51.19581376,84.33],[6.43072521,51.19580511,83.13],[6.43065088,51.19579378,82.6],[6.42983259,51.1955995,77.73],[6.4297266,51.19557584,75.6],[6.42926895,51.19549353,73.19],[6.42914462,51.19547953,72.66],[6.42901496,51.1954702,72.13],[6.42887996,51.19547086,71.66],[6.42860397,51.19549919,70.93],[6.42846397,51.19551918,70.66],[6.42732035,51.19573746,70.33],[6.42726735,51.19574779,70.19],[6.42705006,51.19581408,69],[6.42701973,51.19582107,68.93],[6.4266901,51.19587971,68.66],[6.42661977,51.19588704,68.53],[6.42630379,51.19587938,68.53],[6.42624446,51.19587138,68.6],[6.42598448,51.19579675,67.6],[6.42594315,51.19577475,67.26],[6.42574583,51.19564243,66.19],[6.4256955,51.19560077,66.13],[6.42558019,51.19545378,65.53],[6.42555453,51.19539878,65.13],[6.42551287,51.1952298,64.53],[6.42550554,51.19517514,64.33],[6.42534576,51.19371462,66.33],[6.4253401,51.19366796,66.33],[6.42527447,51.19334265,66.33],[6.42526348,51.19329899,66.4],[6.42517817,51.19309235,66.73],[6.42514818,51.19305602,66.8],[6.42486089,51.19281739,67],[6.42483456,51.19278573,67],[6.42482757,51.19268175,67.19],[6.42481858,51.19264175,67.19],[6.42473526,51.19252843,67.33],[6.4246946,51.19249177,67.4],[6.4241853,51.19214582,68.4],[6.42412831,51.19210616,68.53],[6.42363403,51.19172854,68.33],[6.42358637,51.19169455,68.33],[6.42315641,51.19141094,68.4],[6.42313842,51.19139895,68.46],[6.42292179,51.19127733,69.66],[6.42288179,51.19125,69.8],[6.42046207,51.18955528,74.8],[6.42042541,51.18953029,75.19],[6.4198988,51.18920365,76.66],[6.4198588,51.18917865,76.73],[6.41700387,51.18723935,79.33],[6.41696354,51.18721135,79.26],[6.41634161,51.18681843,81],[6.41630395,51.18679277,81],[6.41562572,51.18629587,83.53],[6.41558473,51.18626721,83.73],[6.41392696,51.18514978,81.66],[6.41388997,51.18512445,81.6],[6.41242745,51.18409828,84.93],[6.41239046,51.18407295,84.66],[6.41220581,51.18395365,83.53],[6.41217881,51.18393899,83.33],[6.41185754,51.1838037,83.53],[6.41181721,51.18377837,83.73],[6.41162657,51.18357807,85.66],[6.41158391,51.18354274,85.93],[6.41076334,51.18296749,86.13],[6.41071335,51.1829325,86.2],[6.41037603,51.18273454,86.53],[6.41031837,51.18270221,86.6],[6.41006173,51.18251223,86.93],[6.41000574,51.18247357,87],[6.40965144,51.18224926,86.93],[6.40959445,51.18221193,86.86],[6.40894286,51.18174631,85.4],[6.40889387,51.18170998,85.4],[6.40868325,51.18158002,85.53],[6.40864792,51.18155802,85.6],[6.40801634,51.18108811,84.6],[6.40796534,51.18105312,84.4],[6.40569253,51.17951271,86.2],[6.4056442,51.17948138,86.2],[6.40539156,51.17929208,86.46],[6.40534857,51.17926242,86.53],[6.40206287,51.17705475,86.33],[6.40200421,51.17701642,86.33],[6.40147392,51.17669146,85.46],[6.40141392,51.17665747,85.46],[6.40109362,51.17652149,85.33],[6.40104662,51.17649683,85.4],[6.39953045,51.17565497,90.66],[6.39946846,51.17562231,91],[6.39866054,51.17519872,89.53],[6.39862288,51.17517773,89.33],[6.39833259,51.17508711,88.66],[6.3983206,51.17508345,88.53],[6.39788433,51.17480117,86.33],[6.39783733,51.17477351,86.26],[6.39723172,51.17444555,86.26],[6.39717972,51.17441789,86.2],[6.39504355,51.17332475,84.6],[6.39500422,51.17330409,84.53],[6.39483625,51.17324113,84.6],[6.39483192,51.1732398,84.73],[6.39404465,51.17279855,86.66],[6.39399432,51.17276856,86.73],[6.39292343,51.1720853,86.33],[6.39286543,51.17204997,86.2],[6.39189619,51.17150208,87.4],[6.39183253,51.17146742,87.33],[6.39078326,51.17092853,85.33],[6.39071993,51.17089587,85.33],[6.38972703,51.17035766,85.93],[6.38969037,51.17033733,85.86],[6.38948441,51.1702597,85.06],[6.38946075,51.17024771,85.06],[6.38876816,51.16985978,85.73],[6.38871183,51.16982978,85.73],[6.38734025,51.16913389,84.86],[6.38726926,51.16909823,84.8],[6.38664497,51.16874761,84.86],[6.38657331,51.16870895,84.93],[6.38539473,51.16810372,85],[6.38532973,51.16807072,85],[6.38493342,51.16789742,85.53],[6.38486842,51.16787043,85.6],[6.38415314,51.16759716,86.33],[6.38408615,51.1675735,86.33],[6.38203428,51.16692564,86.4],[6.38196029,51.16690131,86.4],[6.38069437,51.16645272,85.86],[6.38061104,51.16642639,86.06],[6.38045605,51.16636373,86.4],[6.38038339,51.1663304,86.53],[6.38007042,51.16616409,87.06],[6.38001076,51.16613243,87.13],[6.37879389,51.16532751,87.06],[6.3787399,51.16528952,87],[6.37555154,51.16296954,84.73],[6.37549354,51.16292788,84.8],[6.37483491,51.1624946,84.26],[6.37477758,51.16245561,84.2],[6.37391799,51.16183035,83.4],[6.37387166,51.16179836,83.4],[6.37335537,51.16146608,83.46],[6.37330038,51.16142742,83.53],[6.37241646,51.1607295,84.06],[6.37236847,51.16069417,84.2],[6.37046802,51.1593724,82.93],[6.37041636,51.15933841,82.93],[6.36998339,51.15907179,82.86],[6.36992539,51.15903879,82.86],[6.36942378,51.15878482,82.66],[6.36935378,51.15875616,82.6],[6.36877448,51.15854554,82.13],[6.36869849,51.15852255,82],[6.36831685,51.1584149,81.93],[6.36824119,51.15839657,81.8],[6.36798521,51.15835258,81.13],[6.36796955,51.15834459,81],[6.36795789,51.15833394,80.86],[6.36796689,51.15829461,80.66],[6.36801686,51.15821597,79.73],[6.36802119,51.15819598,79.73],[6.36801819,51.15811933,79.46],[6.36802852,51.15809,79.33],[6.3681455,51.15798069,78.8],[6.36817483,51.15795303,78.66],[6.36821582,51.15789104,78.46],[6.36822781,51.15785705,78.46],[6.36823914,51.15778173,78.46],[6.36823581,51.15774073,78.4],[6.36820382,51.1576594,78.53],[6.36817849,51.15762007,78.66],[6.36770721,51.15698216,81.46],[6.36767655,51.15693983,81.66],[6.36724761,51.15643087,83.73],[6.36721495,51.15638821,83.8],[6.36675704,51.15573963,83.53],[6.36672871,51.1557003,83.46],[6.36595919,51.15456677,81.4],[6.36593053,51.15452411,81.33],[6.36557328,51.15395384,80.73],[6.36554995,51.15391551,80.8],[6.3648134,51.15280798,79.93],[6.3647864,51.15276465,79.93],[6.3645801,51.15248369,79.33],[6.3645511,51.15244636,79.33],[6.36423947,51.15209275,78.4],[6.36420681,51.15205876,78.33],[6.36372324,51.15159953,76.46],[6.36370458,51.15158253,76.33],[6.36354796,51.15145824,75.26],[6.3635233,51.15144225,75.13],[6.3632427,51.15133163,74.33],[6.36323371,51.1513243,74.26],[6.36326071,51.15125198,74.13],[6.36325971,51.15124198,74.06],[6.36312474,51.15111534,73.86],[6.36310541,51.15109935,73.8],[6.36299943,51.15102171,73.53],[6.36296544,51.15099971,73.53],[6.36271814,51.15087642,73.33],[6.36267614,51.15085676,73.26],[6.36221352,51.15068381,73.13],[6.36216786,51.15067381,73.06],[6.3621222,51.15067115,73],[6.3620772,51.15067681,73],[6.36191455,51.15074579,73],[6.36187322,51.15076245,73.06],[6.36178523,51.15078178,73.19],[6.36173923,51.15078877,73.26],[6.36153692,51.15080142,73.6],[6.36148092,51.15080109,73.6],[6.36132361,51.15078011,73.8],[6.36128295,51.15076212,73.86],[6.36125495,51.15073746,73.93],[6.36124695,51.15068014,74],[6.36126628,51.15065381,74],[6.36148758,51.15049618,74.26],[6.36150591,51.15047285,74.33],[6.3615149,51.15044719,74.4],[6.36151224,51.15042253,74.4],[6.36145759,51.15035889,74.46],[6.3614286,51.15034023,74.46],[6.36120797,51.1502356,74.8],[6.36117431,51.1502176,74.8],[6.36101301,51.15010996,75.33],[6.36099002,51.15009763,75.33],[6.36088569,51.15007364,75.06],[6.36086303,51.15006898,75],[6.36075971,51.15002267,75],[6.36072771,51.15000601,75],[6.36060408,51.14989503,75.06],[6.36057309,51.1498767,75.06],[6.35990284,51.14957479,76.33],[6.35985718,51.14955279,76.33],[6.35936123,51.14928651,75.26],[6.35931557,51.14926418,75.26],[6.35902326,51.14912822,75.66],[6.3589686,51.14910723,75.73],[6.3587033,51.14904025,75.86],[6.35865664,51.14902092,75.86],[6.35767339,51.14856235,74.86],[6.35762673,51.14853902,74.86],[6.35692213,51.14814209,76.93],[6.3568768,51.14811776,77.06],[6.35639319,51.14781948,78.26],[6.35635053,51.14779148,78.4],[6.3556476,51.14729623,78.46],[6.35561027,51.14727024,78.4],[6.35537263,51.14707028,78],[6.3553433,51.14704195,78],[6.35469572,51.14634774,77.53],[6.35467106,51.14631875,77.66],[6.35407616,51.14552623,80],[6.35405016,51.1454949,80],[6.35393051,51.14537326,80.8],[6.35389618,51.14534193,80.93],[6.35370921,51.14519329,81.33],[6.35366988,51.14516463,81.4],[6.35331659,51.14494034,80.33],[6.35327226,51.14491101,79.8],[6.35142849,51.14360358,76.26],[6.35139149,51.14357558,76.33],[6.35106954,51.14337028,76.4],[6.35103155,51.14334562,76.4],[6.3509109,51.14327997,76.26],[6.35086524,51.14326298,76.19],[6.35059726,51.14322666,76],[6.35054893,51.14321366,76],[6.35040195,51.14313669,76],[6.35037062,51.14311569,76],[6.35034429,51.14309236,76],[6.35033096,51.14306503,76],[6.35031564,51.14293106,75.73],[6.35029998,51.1428964,75.66],[6.35016934,51.14275542,75.13],[6.35012234,51.14272076,75],[6.34893911,51.14191889,73.13],[6.34889478,51.14188756,73.13],[6.34804085,51.14134463,73.73],[6.34798985,51.14131197,73.86],[6.34711561,51.1407274,74.73],[6.34705862,51.1406934,74.73],[6.3468723,51.14060508,74.53],[6.34680331,51.14058008,74.46],[6.346512,51.14050644,74.19],[6.34643867,51.14049678,74.13],[6.34629202,51.14049245,74.06],[6.34622336,51.14049644,74],[6.34600539,51.14054375,74],[6.34600206,51.14054441,74],[6.34592441,51.14053143,74],[6.34590642,51.1405251,74],[6.3457201,51.14052377,74],[6.34567477,51.14051111,73.93],[6.34561644,51.14045579,73.8],[6.34559445,51.14041646,73.8],[6.34549848,51.14018115,73.13],[6.34547582,51.14013116,73.13],[6.34530985,51.13981987,72.33],[6.34528019,51.13976754,72.26],[6.34510855,51.13951623,72.73],[6.34507122,51.13946824,72.86],[6.34479626,51.1391976,73.93],[6.3447526,51.13915161,74.13],[6.34463794,51.13900696,74.6],[6.34459628,51.13895996,74.66],[6.34438529,51.13878932,74.86],[6.34433329,51.13874799,74.86],[6.34382935,51.13828338,74.33],[6.34378002,51.13824238,74.33],[6.34325273,51.13784577,75],[6.34319807,51.13780677,75],[6.3423505,51.13724319,74],[6.34228984,51.1372042,73.86],[6.3415279,51.13675393,74.4],[6.34146457,51.13671627,74.46],[6.34086195,51.13633065,74.66],[6.34079862,51.13629299,74.6],[6.33997803,51.13585105,73.6],[6.33991637,51.13581539,73.33],[6.33944274,51.13551611,72],[6.33938141,51.13547711,72],[6.3390411,51.13523013,72.13],[6.33898844,51.13518947,72.33],[6.33878846,51.13501649,72.8],[6.33874213,51.1349705,73.19],[6.33837216,51.13454454,74.4],[6.3383365,51.13449421,74.66],[6.33811653,51.13412557,75.06],[6.3380882,51.13407258,75.06],[6.33792323,51.13366061,75.26],[6.33790824,51.13361095,75.26],[6.33683321,51.12852457,77.93],[6.33682655,51.12848891,77.93],[6.3367096,51.1281453,79.53],[6.33669894,51.12811164,79.6],[6.33643841,51.12710013,74.13],[6.33643308,51.12707647,74.13],[6.33645873,51.1269585,75.06],[6.33646039,51.12695351,75.06],[6.33629549,51.12618695,77],[6.33628816,51.12614929,77],[6.33615929,51.12532907,78.06],[6.33615196,51.12529474,78.06],[6.33602369,51.1248688,79],[6.3360137,51.12483714,79.06],[6.33580778,51.12430923,80.53],[6.33579445,51.12427657,80.66],[6.33558086,51.1238563,80.46],[6.3355642,51.12382364,80.4],[6.33459676,51.12207056,81.06],[6.33457777,51.12203323,80.66],[6.33433949,51.1216303,79.13],[6.33431783,51.12159364,79.06],[6.33408423,51.1211467,79.19],[6.33406624,51.12111337,79.19],[6.33206006,51.11752324,75.53],[6.3320394,51.11748558,75.46],[6.33196108,51.11737659,75.46],[6.33193075,51.11734226,75.46],[6.33177677,51.11718995,75.8],[6.33174344,51.11716495,76.06],[6.33166712,51.11712396,76.19],[6.33162413,51.11710797,76.4],[6.33139049,51.11705066,77],[6.33134949,51.11703267,77],[6.33131116,51.11701201,77.13],[6.3312775,51.11698901,77.19],[6.33123384,51.11693536,77.33],[6.33121885,51.11690703,77.4],[6.33121551,51.11684671,77.53],[6.33123384,51.11681971,77.6],[6.33129483,51.11677205,77.66],[6.33132549,51.11674839,77.73],[6.33139747,51.11666174,77.86],[6.33141446,51.11662941,77.86],[6.33142545,51.11659475,77.86],[6.33142911,51.11655776,77.86],[6.33140247,51.11640278,77.8],[6.33138814,51.11636378,77.8],[6.33121485,51.11607849,77.93],[6.33119686,51.11604549,78],[6.33111188,51.11582753,78.8],[6.33109588,51.11578953,78.93],[6.33075564,51.11517493,79.73],[6.33073464,51.11513593,79.6],[6.32969622,51.11327677,77.46],[6.32967323,51.11323311,77.26],[6.32931162,51.11263084,77.6],[6.32928729,51.11258918,77.6],[6.32886137,51.11175729,78.06],[6.32884304,51.11172363,78],[6.32868742,51.11145301,77.4],[6.32866876,51.11141768,77.13],[6.32848781,51.11115974,76.46],[6.32847015,51.11112908,76.46],[6.32832053,51.11079946,78.53],[6.32830787,51.1107658,78.8],[6.32781066,51.10980891,79.73],[6.327792,51.10977158,79.53],[6.32765405,51.10943062,78.19],[6.32763672,51.10939296,78.13],[6.32728649,51.10867837,78.6],[6.32726916,51.10864171,78.6],[6.32715052,51.10836975,78.33],[6.32713786,51.10833676,78.26],[6.32711655,51.10810947,78],[6.32711322,51.10807781,78],[6.32704358,51.10790984,78.26],[6.32704092,51.10788985,78.4],[6.32716923,51.10780254,79.4],[6.32716657,51.10777821,79.6],[6.32702127,51.10757791,80.8],[6.32700294,51.10754692,80.86],[6.32682333,51.10717599,80.93],[6.326809,51.10714566,80.93],[6.32628954,51.10598553,80],[6.32627688,51.10595753,80],[6.32596899,51.10533064,81.66],[6.325954,51.10529931,81.73],[6.32573843,51.10476042,83.73],[6.32572377,51.10472643,83.8],[6.32532255,51.10386992,83.33],[6.32531089,51.10384326,83.33],[6.32503501,51.10318767,85.53],[6.32502435,51.10315368,85.6],[6.32499804,51.10305303,85.8],[6.32499238,51.1030197,85.86],[6.32497309,51.10278175,86],[6.3249681,51.10274809,86],[6.32490679,51.10253913,85.86],[6.32489146,51.1025028,85.8],[6.32475717,51.10223717,85.33],[6.32473184,51.10219751,85.26],[6.32449622,51.10188655,84.53],[6.32447256,51.10184656,84.46],[6.32423329,51.10134564,83.6],[6.3242183,51.10130865,83.53],[6.32421531,51.101182,83.4],[6.32423064,51.10113901,83.26],[6.32432696,51.10102336,83.2],[6.32435896,51.1009857,83.2],[6.32439694,51.10087605,83.4],[6.32439028,51.10084139,83.4],[6.32434662,51.1007774,83.8],[6.32430696,51.10075107,83.8],[6.32402398,51.10063276,84.4],[6.32397265,51.10059976,84.4],[6.32388899,51.1005221,84.4],[6.32385366,51.10048111,84.4],[6.32374501,51.10031546,84],[6.32372402,51.10027346,83.86],[6.3236197,51.10002715,83.4],[6.32360537,51.09998849,83.4],[6.32360504,51.09978351,83.8],[6.32360138,51.09974018,83.8],[6.32356473,51.09961252,84.4],[6.3235484,51.09956986,84.6],[6.32273099,51.09775742,85.66],[6.32271366,51.09772043,85.6],[6.32202117,51.0960803,89],[6.32200184,51.09603431,89],[6.32186787,51.09576634,88.6],[6.32184787,51.09572268,88.4],[6.32112311,51.09406758,88.6],[6.32110845,51.09403125,88.53],[6.32109812,51.09396293,88.4],[6.32111411,51.0939346,88.33],[6.32118543,51.09389961,88.2],[6.32123043,51.09388895,88.13],[6.3242088,51.09340491,88.46],[6.32424113,51.09338925,88.66],[6.32425746,51.09336992,88.8],[6.3242548,51.09334792,88.93],[6.32418382,51.09322427,89.46],[6.32417849,51.09318761,89.53],[6.32428047,51.09296864,89.93],[6.32427847,51.09293564,89.93],[6.32417919,51.09256103,90.6],[6.32417186,51.09253237,90.66],[6.32391128,51.09191848,92.46],[6.32389929,51.09188815,92.46],[6.32366009,51.09122391,91.53],[6.32365109,51.09119625,91.46],[6.32357349,51.09079765,91.8],[6.3235645,51.09076965,91.86],[6.32338358,51.09036506,92],[6.32338258,51.09034306,92],[6.32344357,51.09029208,92],[6.32348123,51.09028375,92],[6.32387416,51.09024414,92],[6.32391649,51.09024248,92],[6.32404115,51.0902578,92],[6.32408048,51.0902688,92],[6.32431976,51.09037343,92],[6.32432909,51.09036543,92],[6.3243211,51.0903531,92],[6.32429977,51.09034044,92],[6.32413978,51.09029446,92],[6.32409245,51.09028146,92],[6.32388646,51.09025582,92],[6.32383313,51.09025948,92],[6.32209326,51.09053436,92.4],[6.3220336,51.09054369,92.2],[6.32192394,51.09057101,92.13],[6.32187428,51.09058834,92.13],[6.32174296,51.09064966,91.66],[6.3217003,51.09067099,91.66],[6.32127802,51.09088993,91.13],[6.32123602,51.09091193,91.13],[6.32104739,51.09103891,91.06],[6.32100506,51.09105391,91],[6.3200505,51.09115648,90.06],[6.31999784,51.09116247,90.13],[6.31985219,51.09116179,90.4],[6.31981453,51.09114546,90.53],[6.31973055,51.0910628,90.8],[6.31970956,51.0910308,91.06],[6.31933996,51.0904089,92],[6.31932263,51.09037591,92],[6.31912636,51.08993197,91.6],[6.31911503,51.08990298,91.6],[6.31905906,51.08964369,92.2],[6.31906739,51.08961469,92.33],[6.31908338,51.08958669,92.46],[6.31910604,51.08956136,92.46],[6.31921435,51.08950704,92.73],[6.31925801,51.08949638,92.8],[6.31996361,51.08937579,92.2],[6.32000627,51.08936746,92.4],[6.32017791,51.08936646,93.2],[6.32021924,51.08937512,93.2],[6.32036855,51.08943176,93.2],[6.32040321,51.08945042,93.2],[6.3205985,51.08959239,91.86],[6.32060983,51.08961339,91.53],[6.3206085,51.08963405,91.53],[6.32059317,51.08965338,91.06],[6.32046554,51.08975703,90.53],[6.32045321,51.08978236,90.6],[6.32044987,51.08989235,90.6],[6.3204512,51.08992001,90.6],[6.32047586,51.08996133,90.73],[6.32049952,51.08996733,90.86],[6.32051751,51.08996167,90.86],[6.32052251,51.08993135,91],[6.32051285,51.08990935,91.06],[6.32039653,51.08976571,91.2],[6.3203592,51.08974505,91.26],[6.32031754,51.08973372,91.33],[6.32027654,51.08973273,91.4],[6.32011423,51.08975205,91.66],[6.32006857,51.08975106,91.66],[6.31981094,51.08973508,91.73],[6.31978394,51.08973442,91.6],[6.31973997,51.08971777,91.4],[6.31973731,51.08971478,91.33],[6.31987131,51.08971078,91.26],[6.31988297,51.08973243,91.13],[6.31990063,51.08974409,91.06],[6.31999795,51.0897644,91.2],[6.32003761,51.08976341,91.26],[6.32044322,51.08970613,93.53],[6.32047855,51.0896968,93.6],[6.32054121,51.08967348,93.6],[6.32056687,51.08966082,93.6],[6.32063085,51.08960517,93.8],[6.32062919,51.08958584,93.66],[6.32046022,51.0894442,92.86],[6.32042089,51.08941654,92.93],[6.3202729,51.08934656,93.13],[6.32021457,51.08933123,93.06],[6.32008892,51.08931557,93],[6.32002526,51.0893159,92.93],[6.31966028,51.08935654,92.53],[6.31961229,51.08935987,92.46],[6.31947865,51.08930956,92.2],[6.31943932,51.08930523,92.13],[6.31919102,51.08933454,92.13],[6.31913403,51.08933587,92.2],[6.31907737,51.08933221,92.26],[6.31902171,51.08932255,92.33],[6.31888039,51.08926424,92.53],[6.31884639,51.08923724,92.66],[6.31868109,51.08901794,93.26],[6.3186641,51.08898461,93.33],[6.3182912,51.08806705,95.13],[6.3182762,51.08803172,95.2],[6.31815191,51.08779277,95.8],[6.31813591,51.08775911,95.86],[6.31796563,51.08734018,96],[6.31795063,51.08730285,96],[6.31772536,51.08683691,96.46],[6.31770803,51.08680158,96.46],[6.31755407,51.08653328,96.73],[6.31753141,51.08649995,96.6],[6.31731112,51.08624432,95.46],[6.31727979,51.08621299,95.26],[6.31702116,51.08601437,94.26],[6.3169835,51.08599137,94.26],[6.31690118,51.08594905,94.26],[6.31685352,51.08592706,94.26],[6.31662687,51.08585241,94.6],[6.31657221,51.08583108,94.73],[6.31637924,51.0857251,95.26],[6.31633391,51.08569677,95.4],[6.31322491,51.0836591,100.6],[6.31318792,51.0836351,100.53],[6.3130826,51.08357712,100.33],[6.3130506,51.08356479,100.26],[6.31294231,51.08354781,100],[6.31289065,51.08352748,100.06],[6.31272767,51.08333585,100.4],[6.31268967,51.08330252,100.4],[6.31210538,51.08291062,99.66],[6.31205239,51.08287663,99.6],[6.31134312,51.08245135,99.8],[6.31129013,51.08241869,99.86],[6.31062851,51.08198242,99.6],[6.31058251,51.08195442,99.53],[6.31033821,51.08185646,99.33],[6.31030421,51.0818378,99.33],[6.31009491,51.08164784,99.73],[6.31005225,51.08161184,99.8],[6.30962863,51.08129055,100],[6.30958363,51.08125356,100.06],[6.309303,51.0809856,100.8],[6.30926634,51.08094661,101],[6.30913569,51.08078729,101.8],[6.30910736,51.08074696,102],[6.30893373,51.08045498,102.86],[6.3089114,51.08041232,102.8],[6.30885742,51.08028433,102.6],[6.30884376,51.08024134,102.53],[6.30879279,51.08001802,102.2],[6.30878446,51.07997269,102.13],[6.30874816,51.07970205,101.93],[6.30874483,51.07965705,101.86],[6.30870425,51.07882879,102.53],[6.30870192,51.07878113,102.73],[6.30863701,51.0780592,104],[6.30863235,51.0780182,104],[6.30860541,51.07749559,103.4],[6.30860408,51.07746426,103.33],[6.30858475,51.07740627,103.2],[6.30856442,51.07738294,103.13],[6.30846745,51.07731231,103.46],[6.30845945,51.07728165,103.53],[6.30846711,51.077207,103.53],[6.30847744,51.07717567,103.53],[6.30855475,51.07699337,103.4],[6.30855708,51.07695204,103.33],[6.30854343,51.07682338,103.13],[6.30853477,51.07678005,103.06],[6.30845281,51.07647141,103.26],[6.30843848,51.07642608,103.33],[6.3083315,51.07621176,103.86],[6.30830517,51.07616976,104],[6.30802788,51.07580682,104.86],[6.30799755,51.07576749,104.93],[6.30692169,51.07446734,105],[6.30690336,51.07444201,104.93],[6.30689137,51.07442001,104.93],[6.30689237,51.07440102,104.93],[6.30699635,51.07432171,104.93],[6.30702134,51.07429272,105],[6.30704067,51.07422706,105.13],[6.30702667,51.07419373,105.2],[6.30680969,51.07404008,105.66],[6.30676803,51.07400142,105.66],[6.30649773,51.0736931,105.73],[6.30645807,51.07364777,105.66],[6.3039648,51.07058677,104.66],[6.30393147,51.07054578,104.6],[6.30390248,51.07050512,104.6],[6.30388382,51.07046412,104.6],[6.30389647,51.0702548,104.73],[6.30389581,51.07021447,104.86],[6.30384683,51.07007815,105.8],[6.30382384,51.07005416,106],[6.30379084,51.07003216,106.2],[6.30374618,51.07001683,106.33],[6.30357285,51.06998517,106.73],[6.30351519,51.06996218,106.8],[6.30305691,51.06971388,105.93],[6.30299658,51.06968455,105.73],[6.30266227,51.06956391,104.73],[6.30258894,51.06954458,104.6],[6.3022013,51.06947593,104.2],[6.30211664,51.06946793,104.2],[6.30151834,51.06945362,104.66],[6.30143668,51.06944596,104.73],[6.30136002,51.0694313,104.8],[6.30129036,51.06940731,104.86],[6.3012307,51.06937332,104.93],[6.30118371,51.06933199,104.93],[6.30114738,51.06928366,104.86],[6.30111939,51.06923066,104.8],[6.3010824,51.06911634,104.66],[6.30106941,51.06905701,104.6],[6.30100314,51.06839707,103.86],[6.30099448,51.06833941,103.8],[6.30080058,51.06741782,102.06],[6.30079559,51.06736716,102],[6.30080925,51.06727151,102],[6.30082958,51.06722685,102],[6.30102322,51.06701288,102],[6.30102988,51.06699022,102],[6.30097422,51.06689857,102],[6.30096222,51.06686958,102],[6.30094257,51.06676926,102],[6.30092457,51.06673393,102],[6.30088991,51.06670227,102],[6.30083992,51.06667661,101.86],[6.30058593,51.0665813,101.13],[6.30052693,51.06654664,100.93],[6.30035095,51.066367,100.13],[6.30031629,51.06631701,99.93],[6.29984266,51.06558842,98.2],[6.299816,51.06553642,98.13],[6.29980167,51.06548509,98.06],[6.29980367,51.06543543,98],[6.29983933,51.06534144,98],[6.29985366,51.06529611,98],[6.299843,51.06521578,98],[6.299821,51.06517879,97.93],[6.29978401,51.0651438,97.86],[6.29972768,51.06511514,97.8],[6.29950703,51.06503882,97.6],[6.2994397,51.06499983,97.53],[6.29927171,51.06485351,97.33],[6.29922172,51.06480018,97.26],[6.29621499,51.06113445,94.6],[6.29617033,51.06107879,94.66],[6.29448485,51.05889396,93.73],[6.29445019,51.0588433,93.8],[6.2943562,51.05869265,94],[6.29433787,51.05864166,94],[6.29433619,51.05845402,93.86],[6.29433386,51.05841402,93.8],[6.29431554,51.05833303,93.66],[6.29429321,51.05829137,93.6],[6.29426021,51.05824971,93.46],[6.29421421,51.05820938,93.33],[6.29402823,51.05809106,93],[6.29396357,51.0580494,92.93],[6.29372858,51.05786375,92.8],[6.29367392,51.05781442,92.86],[6.29321197,51.05728681,93.8],[6.29316864,51.05723248,93.86],[6.29293001,51.05691486,94.4],[6.29290335,51.05686653,94.46],[6.2928917,51.05671621,94.66],[6.29287504,51.05666788,94.73],[6.29283938,51.05662822,94.8],[6.29272905,51.0565749,94.93],[6.29267472,51.05654857,95],[6.29254874,51.05643326,94.8],[6.29251141,51.05638893,94.73],[6.29085498,51.0542135,95.86],[6.29081532,51.0541625,95.86],[6.29060036,51.0538442,95.53],[6.2905617,51.05379021,95.46],[6.29011209,51.05319228,95.13],[6.29007276,51.05313828,95.13],[6.28998411,51.05297629,95.13],[6.28996012,51.05292296,95.13],[6.28984613,51.05277931,95],[6.2898088,51.05273465,95],[6.28974715,51.05260666,95],[6.28972015,51.05256866,95],[6.28941752,51.05229802,95],[6.28937286,51.05225669,95],[6.28892259,51.05173574,96.13],[6.28888393,51.05168675,96.33],[6.28692018,51.04914533,97.33],[6.28687685,51.04908967,97.4],[6.28424548,51.04573037,98],[6.28420448,51.04567771,98],[6.28336991,51.04458114,96.86],[6.28332925,51.04452814,96.86],[6.28315161,51.04432149,97],[6.28310828,51.04427016,97],[6.28281332,51.04384122,97.2],[6.28277866,51.04378889,97.26],[6.28266534,51.04357857,97.53],[6.28264135,51.04352591,97.6],[6.28251838,51.04314727,97.6],[6.28250505,51.04309194,97.53],[6.28234714,51.04219968,96.46],[6.28233681,51.04214668,96.4],[6.28209727,51.04105542,93.46],[6.28208361,51.04099809,93.2],[6.28204363,51.04063878,91.4],[6.28203297,51.04057745,91.06],[6.28192133,51.04019048,88.66],[6.28190434,51.04012382,88.2],[6.28181237,51.03964452,86.53],[6.28179837,51.03958419,86.4],[6.28171007,51.03935721,85.53],[6.28170374,51.03932855,85.33],[6.28172306,51.03925357,84.53],[6.28172206,51.03922824,84.26],[6.2816761,51.03892894,82.13],[6.28166744,51.03887228,81.73],[6.28152218,51.03802066,76.4],[6.28150885,51.037948,76.06],[6.28137556,51.03737371,75.66],[6.2813609,51.03730305,75.8],[6.28127059,51.03702273,76.06],[6.28123926,51.03695273,76],[6.28086598,51.03624844,73.33],[6.28084332,51.03618611,72.86],[6.28082699,51.03612678,72.4],[6.28081566,51.03606778,71.93],[6.28081233,51.03588745,70.66],[6.28080967,51.03582546,70.33],[6.28078801,51.03570014,69.6],[6.28077068,51.03563714,69.4],[6.28074602,51.03557448,69.19],[6.28071436,51.03551249,68.86],[6.28046407,51.03511486,67.46],[6.28043274,51.0350632,67.13],[6.28033309,51.03484089,65.86],[6.2802971,51.03478556,65.73],[6.27999181,51.03442925,65],[6.27994948,51.03437992,64.93],[6.27952085,51.03381831,64.46],[6.27947485,51.03376732,64.46],[6.27919488,51.03353067,64.19],[6.27912922,51.03348701,64.19],[6.2784306,51.03307407,64.8],[6.27838094,51.03303774,64.93],[6.27829128,51.03296608,65.26],[6.27825528,51.03292875,65.4],[6.27817462,51.03280943,65.8],[6.27815263,51.03276744,65.93],[6.27805065,51.03255912,66.33],[6.27803399,51.03251879,66.4],[6.27781011,51.03180623,67],[6.27779978,51.0317729,67],[6.2776665,51.03122998,66.8],[6.27765584,51.03118532,66.73],[6.27756219,51.03096634,66.33],[6.27754919,51.03092368,66.19],[6.27753519,51.03075103,65.66],[6.2775242,51.0307057,65.53],[6.27733591,51.03010844,65.66],[6.27732092,51.03006378,65.73],[6.27727327,51.02993279,65.8],[6.27725461,51.02989079,65.8],[6.27706698,51.02969616,65.26],[6.27703932,51.02964916,65.13],[6.27682206,51.02899656,64.06],[6.27680507,51.02893923,64.13],[6.27676676,51.02876425,64.33],[6.27676276,51.02870525,64.4],[6.27679174,51.02842761,64.73],[6.27678774,51.02837328,64.8],[6.27664577,51.02787799,65],[6.27663277,51.02782466,65],[6.2764855,51.02712674,65.13],[6.27647717,51.02708141,65.19],[6.2763993,51.02584555,68.8],[6.2763963,51.02580155,68.86],[6.2762965,51.02310191,76.26],[6.2762955,51.02307525,76.13],[6.27624027,51.02228767,75.4],[6.27623827,51.02224368,75.6],[6.27605269,51.01743347,71.73],[6.27605269,51.01739748,71.66],[6.27603404,51.0172635,71.6],[6.27603271,51.01723284,71.6],[6.27597881,51.01463146,71.53],[6.27597914,51.01458813,71.6],[6.27592561,51.01297632,86.8],[6.27592495,51.01294066,87.13],[6.27595157,51.01238139,90.4],[6.2759559,51.01234339,90.6],[6.27599354,51.01215142,91.6],[6.27600387,51.01210942,91.8],[6.27608617,51.01185545,92.8],[6.27610416,51.01181079,92.8],[6.27621248,51.01158015,92.53],[6.27623714,51.01153349,92.26],[6.27637345,51.01131151,90.06],[6.27640244,51.01127018,89.26],[6.2766494,51.01094488,84.4],[6.27668206,51.01090455,83.93],[6.27701868,51.0105146,80.33],[6.27705634,51.0104716,80.13],[6.27741796,51.01001766,80.13],[6.27744396,51.009986,80.19],[6.27794088,51.00944378,79.53],[6.27796654,51.00941578,79.4],[6.27828548,51.0090335,78.6],[6.27831081,51.00900451,78.6],[6.27854742,51.0086979,80.33],[6.27857175,51.00866557,81.19],[6.27874703,51.00837162,85.93],[6.27876836,51.00834063,86.53],[6.27894365,51.00798035,91.6],[6.27895965,51.00794202,92.06],[6.27904995,51.00766371,92.6],[6.27906061,51.00762272,92.46],[6.27910192,51.0073994,91.53],[6.27910791,51.00734907,91.33],[6.27911923,51.00696444,88.86],[6.27911557,51.00690311,87.66],[6.27905094,51.00650614,83.26],[6.27903128,51.00643548,82.26],[6.27882199,51.00586851,74.26],[6.278786,51.00579818,73.4],[6.27832005,51.00502024,69.33],[6.27827639,51.00494858,69.06],[6.27769946,51.00407664,66.86],[6.27766046,51.00401731,66.73],[6.2776278,51.00396265,66.66],[6.27760581,51.00391466,66.6],[6.27758816,51.00382934,66.46],[6.27757183,51.00379001,66.4],[6.27752051,51.00371136,66.26],[6.27749585,51.00366936,66.26],[6.27737986,51.00355305,66.26],[6.2773402,51.00351172,66.33],[6.27704156,51.00307942,66.86],[6.27700256,51.00302076,66.86],[6.2767776,51.00257647,66.4],[6.27675094,51.00251014,66.26],[6.27665763,51.00224983,65.53],[6.27663697,51.00218717,65.33],[6.27656432,51.00188286,64.86],[6.27655432,51.0018242,64.73],[6.27625453,50.99940906,62.46],[6.2762482,50.99935673,62.4],[6.2762432,50.99900643,62],[6.27623354,50.99895844,62],[6.27621054,50.99891511,62],[6.27617555,50.99887645,62],[6.27469773,50.99741663,68.06],[6.27465573,50.99737064,67.73],[6.27454974,50.99722799,66.19],[6.27452374,50.99717933,65.66],[6.27435445,50.99675604,62.6],[6.27433512,50.99670105,62.53],[6.27425783,50.99637008,62.53],[6.2742485,50.99631408,62.6],[6.27417623,50.99550882,62.66],[6.2741729,50.99545616,62.66],[6.27405918,50.99138989,66.13],[6.27405685,50.9913389,66.26],[6.27404619,50.99128824,66.4],[6.27402253,50.99123991,66.33],[6.27376859,50.99084863,65.46],[6.27374559,50.9908053,65.33],[6.27365496,50.99054533,64.19],[6.2736363,50.99050767,64.06],[6.27341631,50.9903157,63.73],[6.27336732,50.9902837,63.8],[6.27306969,50.99015538,64.13],[6.27301303,50.99012705,64.19],[6.27273473,50.98996441,63.93],[6.2726754,50.98993042,63.86],[6.26596656,50.98593522,62.2],[6.26589623,50.98589322,62.13],[6.26535925,50.98559959,61.33],[6.26530059,50.98556493,61.2],[6.26467865,50.98515865,59.53],[6.26461165,50.98511665,59.53],[6.26266912,50.98396782,66.33],[6.26261246,50.98393416,66.4],[6.26208916,50.98359589,67.33],[6.26203983,50.98356156,67.33],[6.26149353,50.98312928,66],[6.2614552,50.98309229,66],[6.26142287,50.98305463,65.8],[6.26140087,50.98301563,65.6],[6.26138889,50.98289398,65.06],[6.2613799,50.98285232,64.93],[6.26135557,50.98281299,64.8],[6.26131724,50.98277766,64.66],[6.26108359,50.98270135,64.13],[6.2610306,50.98267535,64],[6.26086229,50.98253304,64.53],[6.26082296,50.98249404,64.66],[6.25842595,50.97990699,67],[6.25838829,50.97986633,67],[6.25769572,50.9790711,68.13],[6.25766806,50.97903477,68.13],[6.25758973,50.97897078,68.06],[6.2575424,50.97894278,68],[6.25522525,50.97776964,70],[6.25517059,50.97774231,70],[6.25488727,50.977624,70],[6.25483127,50.97759934,70],[6.25395037,50.97715374,70],[6.25389438,50.97712508,70],[6.25313214,50.97672915,70.13],[6.25307881,50.97670115,70.13],[6.25272551,50.97647918,71.19],[6.25267351,50.97644852,71.33],[6.25174328,50.97594727,74.73],[6.25169629,50.97592161,74.73],[6.24632328,50.97317316,85.2],[6.24628028,50.97315117,85.2],[6.24519506,50.97257064,86.73],[6.2451514,50.97254631,86.86],[6.24092408,50.97038067,90.26],[6.24086842,50.97035267,90.2],[6.23861426,50.96931754,93.26],[6.23855927,50.96929188,93.4],[6.23571486,50.96803376,94.53],[6.23564887,50.96800477,94.53],[6.23512256,50.96775183,94.66],[6.2350579,50.96771883,94.66],[6.23391299,50.96707958,94.2],[6.23384533,50.96704092,94],[6.23027495,50.96497256,94.86],[6.23021462,50.96493423,94.93],[6.22992563,50.96473359,94.86],[6.2298703,50.96469126,94.86],[6.22967532,50.96451361,95.2],[6.22963099,50.96446795,95.26],[6.22827615,50.96284247,96],[6.22824215,50.96280414,96],[6.22802252,50.96257283,96],[6.22798319,50.96253383,96],[6.22715229,50.96176126,96.66],[6.22710563,50.96171426,96.8],[6.22683899,50.96141361,97.2],[6.22679566,50.96136495,97.2],[6.22660569,50.96112098,96.86],[6.2265627,50.96107532,96.8],[6.22599309,50.96051773,97.06],[6.22594776,50.96047673,97.06],[6.2249192,50.95965886,97],[6.22487154,50.95962086,97],[6.22455792,50.95927123,97],[6.22452659,50.95923757,97],[6.22426829,50.95903227,97.13],[6.22422629,50.95899294,97.2],[6.22398367,50.95865998,97.53],[6.22395601,50.95862032,97.6],[6.22353641,50.95797705,97.6],[6.22350908,50.95793172,97.6],[6.22340777,50.95774273,97.8],[6.22338644,50.95769573,97.8],[6.22335979,50.95751076,97.6],[6.22335313,50.95746543,97.46],[6.22330181,50.95732378,97.26],[6.22327515,50.95727645,97.2],[6.22245997,50.95600727,96.4],[6.22243331,50.95596461,96.33],[6.22227834,50.95564831,95.53],[6.22225301,50.95560331,95.46],[6.22164612,50.95468042,96.86],[6.22161846,50.95463709,97],[6.22136751,50.95420346,96.66],[6.22134318,50.9541578,96.6],[6.22066671,50.95281664,94.53],[6.22064705,50.95277698,94.46],[6.2191064,50.94983165,96.2],[6.21908541,50.94979232,96.26],[6.21798132,50.94761797,100.53],[6.21796133,50.94757731,100.73],[6.21754975,50.9468064,102.33],[6.21752776,50.94676407,102.46],[6.2164214,50.94450137,101.06],[6.21639407,50.94444204,100.93],[6.21610279,50.94387942,101.06],[6.21606946,50.94381542,101.13],[6.2158935,50.94342045,101.8],[6.21586284,50.94335512,101.93],[6.21505167,50.94170262,102],[6.21502901,50.94165929,102],[6.21482774,50.94118535,102],[6.21481141,50.94115035,102],[6.21453151,50.94061311,102],[6.21452552,50.94060612,102],[6.21466181,50.94048983,103.13],[6.21466847,50.94048417,103.13],[6.21465281,50.94050016,103.53],[6.21427048,50.94004383,103.53],[6.21371263,50.93890401,104.53],[6.2136963,50.93886968,104.66],[6.21335542,50.93810745,106.86],[6.21334276,50.93807646,106.8],[6.21326012,50.93784817,106.53],[6.21324612,50.93781017,106.4],[6.21304725,50.93708797,107.06],[6.21303925,50.93705864,107.2],[6.21295064,50.93681734,108.2],[6.21294198,50.93679168,108.26],[6.21293466,50.93672103,108.46],[6.21293799,50.93670104,108.53],[6.21297164,50.93663441,109.13],[6.2129733,50.93662875,109.26],[6.21292064,50.93657642,109.4],[6.21257044,50.93552353,109.53],[6.21255678,50.93548153,109.46],[6.21243683,50.93518623,109],[6.21242084,50.93514423,109],[6.21223457,50.93460162,109],[6.21221791,50.93455229,109],[6.21190269,50.93346807,111.86],[6.2118907,50.93342841,112],[6.21162412,50.93262387,113.13],[6.21161213,50.93258787,113],[6.21098977,50.93056014,111.4],[6.21097911,50.93052348,111.53],[6.21088948,50.93034951,112.46],[6.21087815,50.93032318,112.66],[6.21078951,50.93008054,113.66],[6.21077718,50.93004255,113.73],[6.21066723,50.92967027,114],[6.21065757,50.92963594,114],[6.21059996,50.92930598,114],[6.21058997,50.92926599,114],[6.21029516,50.92821548,113],[6.21028917,50.92819115,113],[6.21029651,50.92811549,113],[6.21030951,50.92809349,113],[6.21041482,50.92803718,113],[6.21044315,50.92801752,113],[6.21051047,50.92791388,113],[6.21052813,50.92790355,113],[6.21066912,50.92792921,112.73],[6.21071278,50.92794587,112.66],[6.21094908,50.92808117,112.26],[6.21098141,50.92809217,112.13],[6.21111472,50.92810249,111.66],[6.21116438,50.92809916,111.6],[6.21170332,50.9280239,111.8],[6.21173532,50.92801157,111.86],[6.21181296,50.92793659,112],[6.21181529,50.92791693,112],[6.21179198,50.92785262,112],[6.21178398,50.92783996,112],[6.21173933,50.92781633,111.66],[6.21181633,50.92783599,111.66],[6.21184832,50.92789664,111.66],[6.21184632,50.9279243,111.66],[6.21176867,50.92800595,111.73],[6.21172201,50.92802594,112],[6.21111674,50.92811023,112.86],[6.21106141,50.92811256,112.93],[6.21100908,50.9281099,112.93],[6.21095875,50.92810257,113],[6.21076444,50.92803893,113.13],[6.21071544,50.92802227,113.2],[6.21050213,50.92791128,113.8],[6.2104588,50.92789129,113.93],[6.21015683,50.92777234,114.86],[6.2101295,50.92774801,114.86],[6.2100472,50.92758904,115.13],[6.21003554,50.92755438,115.2],[6.20954543,50.9259036,118],[6.20953677,50.92587194,118.13],[6.20944314,50.92564265,118.8],[6.20943081,50.92561232,118.8],[6.20929988,50.9251664,117.06],[6.20928822,50.92513107,116.93],[6.20910096,50.9247538,115.66],[6.20908763,50.92472681,115.66],[6.20904063,50.92467916,115.66],[6.20900863,50.92465816,115.66],[6.20878901,50.92456053,116.13],[6.20877501,50.92455587,116.13],[6.20852806,50.92438992,115.6],[6.2084934,50.92437459,115.46],[6.20816078,50.92430496,115.2],[6.20811945,50.92429363,115.26],[6.20788814,50.92418199,115.66],[6.20785048,50.92416533,115.73],[6.20761851,50.92407903,116.13],[6.20758752,50.9240627,116.2],[6.20756952,50.92404437,116.26],[6.20756019,50.92402338,116.33],[6.20754953,50.9239524,116.53],[6.20755319,50.92392907,116.6],[6.20761283,50.92383809,116.86],[6.20762949,50.9238151,116.93],[6.20764382,50.92373345,117],[6.20762916,50.92370545,117],[6.20678364,50.92289795,116.13],[6.20675198,50.92286295,116.2],[6.20664768,50.92271097,116.46],[6.20662635,50.92267064,116.53],[6.20642977,50.92218804,116.8],[6.20641244,50.92215838,116.8],[6.20612749,50.92184275,116.8],[6.20610116,50.92181442,116.86],[6.20600584,50.92173776,117],[6.20597384,50.92171377,117],[6.20574956,50.92159715,117],[6.20570757,50.92158182,117],[6.20500998,50.9213709,117.46],[6.20496065,50.92135291,117.53],[6.20465569,50.92120128,118.13],[6.20461336,50.92117962,118.26],[6.2041644,50.92099534,118.86],[6.20410274,50.92097234,118.93],[6.20303251,50.92065209,119],[6.20297085,50.92062743,119],[6.20117901,50.9197776,118],[6.20112868,50.91975427,118],[6.20079605,50.9196383,118],[6.20074305,50.91961597,118.06],[6.20051274,50.91947966,118.4],[6.20047108,50.919451,118.4],[6.20010847,50.91914704,118.06],[6.20007714,50.91912204,117.93],[6.19966518,50.91883476,117.06],[6.19962318,50.91880676,117],[6.19896524,50.91846717,116.53],[6.19891458,50.91844017,116.46],[6.1983723,50.91809989,115.33],[6.19832931,50.91807256,115.26],[6.19790937,50.91784794,115.66],[6.19786837,50.91782594,115.8],[6.19770341,50.91770797,116.46],[6.19766942,50.91768998,116.53],[6.19755877,50.91767133,116.66],[6.19752344,50.91767599,116.66],[6.19724316,50.9177906,115.66],[6.19721416,50.91779226,115.53],[6.19718317,50.91778726,115.4],[6.19715151,50.9177776,115.2],[6.19706419,50.91771761,114.8],[6.19703086,50.91769595,114.66],[6.19686121,50.91761897,114.4],[6.19682288,50.91759331,114.33],[6.19602066,50.91665645,113.46],[6.19599267,50.91662045,113.46],[6.19541814,50.91582058,113],[6.19539248,50.91578558,112.93],[6.1945073,50.91462879,115],[6.19448264,50.91459613,115.13],[6.19436832,50.91443449,116.33],[6.19434733,50.9144035,116.53],[6.19423936,50.91421018,117.46],[6.19421736,50.91417819,117.66],[6.19399575,50.91392623,118.33],[6.19397442,50.9138999,118.33],[6.1938901,50.91381192,118.33],[6.19386377,50.91380126,118.26],[6.19368212,50.91382258,118.4],[6.19362513,50.91382558,118.6],[6.19351448,50.91380559,119],[6.19345782,50.91379159,119.2],[6.19336283,50.91374794,119.53],[6.19333083,50.91371428,119.8],[6.19331317,50.91367929,120.06],[6.19331151,50.91364563,120.33],[6.19335316,50.91354697,121.13],[6.19335715,50.91351164,121.4],[6.19331284,50.91337366,122],[6.19329418,50.91334033,122.13],[6.19274831,50.91263646,122.46],[6.19272565,50.91260547,122.33],[6.1925297,50.91231785,123],[6.19250837,50.91228485,122.93],[6.19208111,50.91171496,121.86],[6.19205778,50.91168197,121.86],[6.19189084,50.91141135,121.73],[6.19186918,50.91137869,121.66],[6.19165989,50.91109376,121.33],[6.19163589,50.91106343,121.33],[6.19148493,50.91089545,121.6],[6.19145227,50.91087279,121.66],[6.19141528,50.91085546,121.73],[6.19137729,50.91084613,121.8],[6.19131197,50.91084512,122],[6.19126798,50.91085012,122],[6.19121932,50.91081313,122],[6.19119566,50.91078647,121.93],[6.19117633,50.91075614,121.86],[6.191167,50.91072414,121.8],[6.19118332,50.91065449,121.66],[6.19118865,50.91061583,121.6],[6.19115866,50.91044252,121.13],[6.19114266,50.91039519,121],[6.19086169,50.90996956,119.8],[6.19081903,50.9099109,119.66],[6.18935818,50.90795941,116.66],[6.18930618,50.90789608,116.73],[6.18902287,50.90757677,116.8],[6.18896054,50.90751377,116.8],[6.18850223,50.90709048,117.13],[6.1884329,50.90703282,117.13],[6.18776227,50.9065652,118.13],[6.18769561,50.90651587,118.26],[6.18674967,50.90580994,119.4],[6.18669734,50.90577061,119.46],[6.18651502,50.90560996,119.73],[6.18646369,50.90557663,119.8],[6.1854801,50.90507405,122.33],[6.18543644,50.90504972,122.33],[6.18499115,50.90496608,122.13],[6.18493816,50.90494742,122.06],[6.18425657,50.9046335,122],[6.18421258,50.90461051,122],[6.18253751,50.90341804,129.33],[6.18249885,50.90339038,129.46],[6.18197857,50.90304644,129.53],[6.18193357,50.90302078,129.53],[6.18179725,50.90295179,129.6],[6.18175625,50.90293313,129.66],[6.18161627,50.90290216,130],[6.18158361,50.9028895,130.13],[6.18140029,50.90278887,130.46],[6.18135463,50.90276888,130.53],[6.1800121,50.90220568,132],[6.1799611,50.90218435,132],[6.17898953,50.90179946,132],[6.17897953,50.9017908,132],[6.17898153,50.90176781,132],[6.17899286,50.90175015,132],[6.1793438,50.90133689,132],[6.17937146,50.9013039,132],[6.17948109,50.90105793,132.39],[6.17950842,50.90102027,132.46],[6.17977006,50.90072697,133],[6.17980139,50.90069131,133.06],[6.18010069,50.90031368,133.73],[6.18013235,50.90027268,133.8],[6.18034131,50.89993838,134.46],[6.18036464,50.89989805,134.53],[6.18044028,50.89973874,134.8],[6.18045327,50.89970041,134.86],[6.18051524,50.89943611,135],[6.18052423,50.89940245,135],[6.18063284,50.89908852,135.26],[6.1806395,50.89905686,135.33],[6.18063983,50.89895754,135.53],[6.1806295,50.89892554,135.6],[6.18055552,50.89881591,136],[6.18055785,50.89880658,136],[6.18061983,50.89876627,136],[6.18064749,50.89874361,136],[6.18066215,50.89871428,136],[6.18065882,50.89868362,136.06],[6.18057284,50.89855898,136.39],[6.18054551,50.89852532,136.53],[6.18018624,50.89810638,138.26],[6.18016191,50.89807705,138.26],[6.17856354,50.89623969,142.06],[6.17854188,50.89621103,142.06],[6.17815398,50.89562579,143.39],[6.17813165,50.89559079,143.53],[6.17774041,50.8949089,145],[6.17771808,50.8948729,145],[6.17711658,50.89399374,148],[6.17709392,50.89395975,148],[6.17623479,50.8926266,149.2],[6.17621146,50.8925906,149.13],[6.17584186,50.89194601,151],[6.17581987,50.89190835,151.13],[6.17560626,50.8915724,149.93],[6.1755836,50.89153474,149.8],[6.17526833,50.89098347,149],[6.175252,50.89094514,149],[6.17524001,50.89086815,149],[6.17524567,50.89083049,149],[6.17532398,50.89069718,149],[6.17532864,50.89066918,149],[6.17525766,50.89055655,149],[6.17524567,50.89052955,149],[6.17522201,50.89047456,149],[6.17521201,50.89044857,149],[6.17521035,50.89039458,149.06],[6.17520169,50.89036558,149.13],[6.17517636,50.89033959,149.33],[6.17513537,50.89031793,149.53],[6.17497072,50.89026295,150.13],[6.17491539,50.89024095,150.33],[6.17481506,50.8901853,150.8],[6.1747704,50.89015331,151.06],[6.17469507,50.89008232,151.6],[6.17466207,50.89004366,151.86],[6.17440842,50.88971939,153.13],[6.17437709,50.88967873,153.33],[6.17350391,50.88835987,153.26],[6.17348192,50.88832388,153.33],[6.1734516,50.88824989,153.46],[6.17344927,50.88821356,153.53],[6.17345793,50.8881799,153.6],[6.17347559,50.88814957,153.66],[6.17352524,50.88809858,153.8],[6.17354257,50.88807225,153.86],[6.1735399,50.88801426,154],[6.17352224,50.88798693,154.2],[6.17349425,50.88796394,154.39],[6.17345759,50.88794594,154.6],[6.17330993,50.88790496,155.2],[6.17325893,50.88788663,155.39],[6.17314461,50.88780831,156],[6.17311828,50.88777665,156.2],[6.1716173,50.88558203,158.6],[6.17159331,50.8855477,158.6],[6.17137569,50.88515575,156.6],[6.17135336,50.88511542,156.53],[6.17121372,50.88482145,156.13],[6.17119473,50.88477879,156.2],[6.17110409,50.88452015,156.93],[6.17109143,50.88447749,157.06],[6.17102514,50.88418053,158.66],[6.17101881,50.8841392,158.86],[6.17098354,50.88373225,161.6],[6.17098254,50.88369059,161.8],[6.17098719,50.88338929,163.26],[6.17099218,50.88334696,163.39],[6.17107613,50.88294567,164],[6.17108546,50.88290667,164],[6.17155324,50.88135855,165.86],[6.17155757,50.88132122,165.93],[6.17156655,50.88117392,166],[6.17156555,50.88113659,166],[6.17152261,50.88074231,166.53],[6.17151528,50.88070532,166.6],[6.17130803,50.88006607,166.26],[6.17129537,50.88002707,166.33],[6.1711511,50.87967544,166.8],[6.17113444,50.87963611,166.93],[6.17079753,50.87897318,167.73],[6.17077887,50.87893485,167.6],[6.1704883,50.8782626,167.4],[6.17047231,50.87822794,167.46],[6.17036134,50.87806196,168.06],[6.17034134,50.87802963,168.2],[6.17033001,50.87799664,168.33],[6.17032968,50.87796498,168.46],[6.17035233,50.87786699,168.66],[6.17034334,50.87783466,168.73],[6.17015071,50.87759636,169.26],[6.17012705,50.8775597,169.4],[6.16991147,50.87711746,171],[6.16989681,50.87708746,171],[6.16986716,50.87699448,170.8],[6.1698595,50.87695982,170.73],[6.1698392,50.87674718,170.33],[6.16983554,50.87671352,170.33],[6.16980022,50.87658121,170.33],[6.16978556,50.87654788,170.4],[6.16962528,50.87625126,170.2],[6.16960662,50.87621993,170.2],[6.16927806,50.87569604,169.6],[6.16927473,50.87569005,169.6],[6.1692734,50.87565239,169.46],[6.16907647,50.87520612,168.2],[6.16905548,50.87516079,168.06],[6.16879519,50.8748185,167.26],[6.16875986,50.87476684,167.2],[6.16857423,50.87441753,167],[6.16855024,50.8743722,167],[6.16842731,50.87417859,166.93],[6.16840932,50.87414326,166.86],[6.16840333,50.87407927,166.66],[6.16839633,50.87405394,166.6],[6.16832836,50.87395763,166.26],[6.16832036,50.8739343,166.13],[6.16836331,50.87361267,165.73],[6.16835565,50.87357901,165.73],[6.16818571,50.87322905,166.13],[6.16816305,50.87318539,166.13],[6.16786211,50.87266978,165.93],[6.16783545,50.87262245,165.86],[6.16770481,50.87234481,165.53],[6.16768248,50.87230215,165.46],[6.1676045,50.87218783,165.2],[6.16756784,50.8721585,165.06],[6.16733754,50.87208786,164.53],[6.16730521,50.8720642,164.53],[6.16722556,50.87193556,164.4],[6.16720556,50.87190056,164.33],[6.16710691,50.87180591,164.33],[6.16707525,50.87177158,164.4],[6.16671498,50.87125231,165],[6.16668665,50.87121398,165],[6.1664457,50.87092003,165.4],[6.1664137,50.87088337,165.53],[6.16606709,50.87052008,166.73],[6.16602876,50.87048342,166.8],[6.16569446,50.87018513,166.13],[6.1656518,50.87014847,166],[6.16510055,50.86974887,164.46],[6.16505589,50.86971688,164.46],[6.16493457,50.86960522,164.46],[6.16488724,50.86957123,164.46],[6.1645586,50.86937659,164.53],[6.16449761,50.86934293,164.46],[6.16416064,50.86917329,164.13],[6.16408164,50.86914096,164.06],[6.16319501,50.868798,164.2],[6.16307668,50.868755,164.2],[6.16230371,50.8685037,164],[6.16217072,50.86846304,163.8],[6.16111577,50.86816775,163.46],[6.16102078,50.86814075,163.39],[6.16023216,50.86795479,161.66],[6.16016517,50.86793846,161.39],[6.15995186,50.86783881,160.73],[6.15990287,50.86781815,160.6],[6.15973455,50.86779751,160.6],[6.15969255,50.86779018,160.6],[6.1594929,50.8677392,160.8],[6.15944291,50.86772721,160.86],[6.15924893,50.86770723,161],[6.15924193,50.86770523,161],[6.15930325,50.86770856,161.26],[6.15933258,50.86771089,161.33],[6.15938057,50.8676889,161.46],[6.15938223,50.86766757,161.53],[6.15936524,50.86764424,161.66],[6.15933425,50.86762224,161.8],[6.15924226,50.86758092,162.06],[6.15918593,50.86756293,162.2],[6.15770969,50.86722836,161.53],[6.1576417,50.86721137,161.39],[6.15668375,50.86692178,160.2],[6.15667009,50.86691812,160.26],[6.15612149,50.8666995,160.33],[6.15605683,50.8666675,160.33],[6.15536456,50.86624753,158],[6.15527857,50.8662062,157.33],[6.15518791,50.86616821,156.66],[6.15509225,50.86613455,156.06],[6.15460028,50.86601358,153.6],[6.15454228,50.86599325,153.26],[6.15437397,50.86587594,151.93],[6.15431864,50.86584661,151.93],[6.15391601,50.86570099,152.53],[6.15412034,50.86576632,152.73],[6.15441027,50.86589025,151.26],[6.1544196,50.86589658,151.26],[6.15442493,50.86600591,150.86],[6.15436727,50.86604357,150.2],[6.15432694,50.86606456,150.2],[6.15423328,50.86609188,149.93],[6.15418129,50.86608889,149.8],[6.15334667,50.86577295,151.13],[6.15325067,50.86574129,150.93],[6.15231438,50.86549,150.66],[6.15220805,50.86546867,150.13],[6.15061546,50.86522076,146.86],[6.15051547,50.86520676,146.53],[6.14737195,50.86479924,139.6],[6.14724729,50.86478225,139],[6.14660098,50.86465194,136.06],[6.14646732,50.86461861,136.06],[6.14582802,50.86441664,136.39],[6.14570903,50.86437031,136.66],[6.14548171,50.86427599,136.26],[6.14537372,50.86422766,136.93],[6.14498274,50.86403034,137.33],[6.14489408,50.86398068,137.2],[6.14435678,50.86363039,138.2],[6.14429278,50.8635814,138.6],[6.14417813,50.86348575,139],[6.14412713,50.86343875,139],[6.14384516,50.86312945,140.46],[6.14381183,50.86309079,140.46],[6.14367452,50.86290781,141.46],[6.14365153,50.86287282,141.66],[6.1435179,50.8626402,142.6],[6.1435029,50.86260821,142.8],[6.14341292,50.86239924,144.93],[6.14340193,50.86236858,145.06],[6.14329566,50.86197732,142.53],[6.14328967,50.86194132,142.53],[6.1431512,50.8605035,139.06],[6.1431472,50.86047017,139],[6.14306596,50.85990327,140],[6.1430633,50.85987161,140.06],[6.142975,50.85967397,140.6],[6.14297167,50.85964597,140.73],[6.14297034,50.85958832,140.73],[6.14297334,50.85955899,140.73],[6.14302964,50.85929436,141.46],[6.1430303,50.85926736,141.53],[6.14299937,50.8588941,143.6],[6.14299737,50.85887077,143.73],[6.14300401,50.85833687,146.66],[6.14300368,50.85831354,146.93],[6.14293182,50.85743805,151.73],[6.14292949,50.85741106,152],[6.14291653,50.85701814,155.8],[6.1429152,50.85699248,156],[6.1428303,50.8565359,160.8],[6.14282531,50.85651124,160.93],[6.14270873,50.85608964,163.73],[6.14269907,50.85606431,163.86],[6.14203398,50.85467956,163.26],[6.14202098,50.85465156,163.39],[6.14155748,50.85373109,165],[6.14154448,50.85370609,165],[6.14118627,50.85290755,167.73],[6.14117327,50.85287989,167.6],[6.13922424,50.84888524,167],[6.13920891,50.84885425,167],[6.13863373,50.84763547,166.53],[6.13862407,50.84761114,166.6],[6.13829487,50.84701124,168.66],[6.13828488,50.84699125,168.66],[6.13761555,50.84558991,170.26],[6.13760255,50.84556391,170.2],[6.13741931,50.84512334,170.33],[6.13741165,50.84510368,170.4],[6.13608585,50.8424025,173.66],[6.13607319,50.8423755,173.6],[6.13579759,50.84193827,173],[6.13577726,50.84191727,173],[6.13572893,50.84188195,173],[6.13570293,50.84186729,173],[6.13541631,50.84175067,173.6],[6.13539965,50.84173001,173.66],[6.13534801,50.84156003,174],[6.13534801,50.8415267,174],[6.1354,50.84140272,174],[6.13540966,50.84137173,174.06],[6.13541432,50.84128641,174.26],[6.13541032,50.84126108,174.33],[6.1352937,50.84094982,175.4],[6.1352847,50.84092616,175.53],[6.13524807,50.8407352,176],[6.13524374,50.84071187,176],[6.13520776,50.84061589,176],[6.1351971,50.84059123,176],[6.13469363,50.83960744,179.26],[6.1346833,50.83958678,179.4],[6.1342831,50.83871432,180],[6.13427111,50.83868899,180],[6.13375467,50.83768118,180.8],[6.13373401,50.83764252,180.8],[6.13198827,50.83404482,185.53],[6.13197628,50.83402383,185.53],[6.13194763,50.83398418,185.53],[6.13192897,50.83396785,185.53],[6.13184432,50.83393619,185.46],[6.13181032,50.83392619,185.46],[6.13140437,50.83386324,185],[6.13136071,50.83386058,185],[6.13112708,50.83385727,184.86],[6.13107908,50.8338586,184.86],[6.13035314,50.83391052,183.13],[6.13029614,50.83391251,183.13],[6.13012082,50.83391251,182.66],[6.13006216,50.83390885,182.66],[6.12978852,50.83387755,182.6],[6.12974286,50.83387456,182.6],[6.12970186,50.83387689,182.6],[6.1296692,50.83388489,182.6],[6.12962888,50.83391188,182.66],[6.12962155,50.83392854,182.8],[6.12962188,50.83394654,182.8],[6.12963087,50.83396553,182.86],[6.12981517,50.8341975,182.46],[6.12984183,50.83423516,182.33],[6.13009778,50.83466445,180.66],[6.13012044,50.83470878,180.4],[6.13041802,50.83543003,180.2],[6.13043568,50.83546869,180.2],[6.13135773,50.8372631,173.53],[6.13137273,50.83729176,173.6],[6.13147868,50.83753105,174],[6.13148668,50.83755171,174],[6.13149268,50.83762865,173.86],[6.13148635,50.83763231,173.8],[6.13147236,50.83754901,173.53],[6.1314687,50.83753501,173.53],[6.13127377,50.83710141,175.4],[6.13125644,50.83706541,175.86],[6.13081091,50.83618153,179.46],[6.13079525,50.83615087,179.6],[6.13069228,50.83599223,180.06],[6.13067228,50.83596057,180.2],[6.13048702,50.8355933,180.2],[6.13047103,50.83555931,180.13],[6.13013747,50.83474545,182.46],[6.13012281,50.83471612,182.6],[6.12968426,50.83399824,182.6],[6.12967126,50.83397658,182.6],[6.12963727,50.83387894,182.8],[6.12962394,50.83385428,182.93],[6.12949965,50.83368933,183.53],[6.12947865,50.83366634,183.6],[6.12933801,50.83356903,184],[6.12930702,50.83355104,184.13],[6.12861779,50.83323912,186],[6.12856846,50.83321746,186],[6.12638536,50.83236437,192.4],[6.12633903,50.83234704,192.46],[6.12594975,50.83224941,192.13],[6.12591109,50.83223375,192.2],[6.12568679,50.83207844,192.53],[6.12565846,50.83204878,192.6],[6.12539287,50.83171218,193],[6.12536954,50.83167952,193],[6.1252819,50.83151488,193.26],[6.12525724,50.83148555,193.4],[6.12516759,50.83144656,193.66],[6.12511259,50.83143423,193.8],[6.12473827,50.83139392,194.6],[6.12468094,50.83138626,194.73],[6.12456796,50.83132961,195],[6.12455197,50.83130128,195],[6.12435074,50.83060304,193],[6.12435307,50.83057038,193],[6.1246433,50.82991648,193],[6.12464996,50.82989782,193],[6.12463862,50.82980318,193.46],[6.12464528,50.82977318,193.46],[6.125589,50.82688752,198.06],[6.12560666,50.82684919,198],[6.12564632,50.82677953,197.86],[6.12567032,50.8267482,197.8],[6.12578997,50.8266299,197.53],[6.1258243,50.82659857,197.4],[6.12610293,50.82638327,197.46],[6.12614493,50.82634861,197.6],[6.12681318,50.82576837,199.4],[6.12684951,50.82573571,199.4],[6.12725345,50.8254211,200.46],[6.12729245,50.82539144,200.53],[6.12757675,50.82521414,201.4],[6.12761041,50.82519181,201.26],[6.12764773,50.82513749,201],[6.12765306,50.82510449,200.86],[6.12763974,50.82502916,200.53],[6.12762341,50.82498883,200.33],[6.12740079,50.8245842,198],[6.1273708,50.82453187,197.93],[6.12709284,50.82393857,198],[6.12706751,50.82388191,198.13],[6.12611304,50.82194943,198.26],[6.12609271,50.82190843,198.2],[6.12602673,50.82173612,198.2],[6.12600907,50.82169379,198.26],[6.12583646,50.82134684,198.86],[6.12581913,50.82131884,199],[6.12570583,50.82116721,198.8],[6.12568217,50.82113988,198.73],[6.12544852,50.82090792,198.33],[6.12540552,50.82087359,198.2],[6.12373632,50.81978941,200.33],[6.12368033,50.81975008,200.2],[6.123575,50.81966409,200.06],[6.12352667,50.81961876,199.93],[6.1232937,50.81937411,199.26],[6.12325337,50.81932012,199],[6.12190526,50.81705933,194.46],[6.12187293,50.817006,194.26],[6.12170128,50.81679936,192.73],[6.12165829,50.81674736,192.73],[6.12159197,50.81664204,191.93],[6.12156997,50.81658904,191.33],[6.12152032,50.81637739,189.13],[6.12152965,50.81632439,188.53],[6.1216463,50.8160944,186.73],[6.12167663,50.81603107,186.26],[6.12174895,50.81582542,185.6],[6.12175794,50.81575442,184.4],[6.12175628,50.81568376,184],[6.12174295,50.81561376,184],[6.12167862,50.81547544,182.53],[6.12162462,50.81540845,182.53],[6.12155663,50.81534312,181.6],[6.12147863,50.81527979,181.6],[6.12130098,50.81515581,180.13],[6.12120498,50.81509348,179.73],[6.11875242,50.81359258,171.26],[6.11863742,50.81351892,171.06],[6.11841509,50.81336859,171.13],[6.11830843,50.81329326,170.86],[6.11801877,50.81305961,170.13],[6.11793111,50.81297961,169.86],[6.11721282,50.81222566,167.73],[6.11715182,50.81215866,167.73],[6.11688418,50.81183469,167.93],[6.11683185,50.81177203,168],[6.11592026,50.81079078,169.2],[6.1158736,50.81074045,169.33],[6.1139183,50.80852846,174],[6.11389197,50.80849846,174.2],[6.11361101,50.80820916,172.53],[6.11357968,50.80817883,172.13],[6.11270943,50.80738493,160.13],[6.1126461,50.80731594,159.93],[6.11228912,50.80687731,158.93],[6.11223246,50.80680332,158.86],[6.11173217,50.80609869,159.2],[6.11169084,50.80605336,158.93],[6.11164418,50.8060217,158.86],[6.11159485,50.8060057,158.8],[6.11155119,50.80600836,158.8],[6.1115132,50.80605268,158.8],[6.11153419,50.80608301,158.8],[6.11178784,50.80617966,158.26],[6.11185517,50.80619866,158.13],[6.11209249,50.80611734,158],[6.11214182,50.80608201,158],[6.11216681,50.80605202,158],[6.1121718,50.80602536,157.93],[6.11214348,50.80595105,157.73],[6.11213182,50.80593005,157.66],[6.1120845,50.8058654,157.46],[6.11206317,50.80584007,157.39],[6.11177821,50.80555979,156.39],[6.11174988,50.80552479,156.53],[6.11100266,50.80447427,154.73],[6.110964,50.80441961,154.13],[6.11041176,50.80367835,149.8],[6.11037176,50.80362669,149.86],[6.11012245,50.80331906,149.93],[6.11007679,50.8032664,149.8],[6.10960284,50.80275945,147.26],[6.10956418,50.80271279,146.93],[6.10945554,50.80253781,146.73],[6.10943055,50.80250048,146.73],[6.10942255,50.80232985,147.13],[6.10939622,50.80229719,147.26],[6.10910592,50.80211456,148],[6.10905992,50.80207256,148],[6.10835503,50.80135997,146.6],[6.10830703,50.80131431,146.46],[6.10761011,50.8007107,145.26],[6.10756511,50.80066771,145.2],[6.10661488,50.79974782,146.46],[6.10658022,50.79971316,146.53],[6.10628061,50.79938189,147],[6.10625162,50.79935223,147],[6.106016,50.79914096,147.46],[6.10600234,50.79912663,147.6],[6.10595502,50.79910964,147.86],[6.10592169,50.79911097,148],[6.10566739,50.79917795,148.13],[6.10562373,50.79918328,148.06],[6.10542344,50.79916065,147],[6.10537578,50.79912732,146.8],[6.1046512,50.79832111,151.2],[6.10461354,50.79828278,151.2],[6.10401193,50.7976922,149.93],[6.10396994,50.79765254,149.86],[6.10369731,50.79742957,149.8],[6.10365765,50.79739124,149.8],[6.103543,50.79727692,149.8],[6.10350601,50.79723893,149.93],[6.1033077,50.79699162,149.86],[6.10326904,50.79695229,149.86],[6.1027331,50.79646236,149.26],[6.1026921,50.79642503,149.33],[6.10118833,50.79495591,150.2],[6.10115667,50.79492425,150.13],[6.10091604,50.79470063,150.13],[6.10088138,50.79466797,150.13],[6.10069073,50.79451966,150],[6.10066007,50.794492,150],[6.10040611,50.79436937,150],[6.10036878,50.79433937,150],[6.10033612,50.79430637,150.06],[6.10031279,50.79427138,150.13],[6.10024514,50.79412674,150.39],[6.10022348,50.79409074,150.39],[6.1001415,50.79398642,150.6],[6.1001095,50.79395409,150.8],[6.09958922,50.79347219,152],[6.09955789,50.79344286,152],[6.09888865,50.79277131,154.46],[6.09886032,50.79274232,154.73],[6.09862503,50.79254036,155.13],[6.09860304,50.79251603,155.2],[6.09853371,50.79249304,155.2],[6.09853537,50.79250503,155.06],[6.09861369,50.79253434,155.2],[6.09858669,50.79248668,155.26],[6.09833473,50.79224372,155.26],[6.0983054,50.79221306,155.26],[6.09810077,50.79196976,155.2],[6.09807111,50.7919381,155.26],[6.0972996,50.79121457,158.26],[6.09728161,50.79119657,158.46],[6.0972273,50.79108926,160],[6.0972143,50.79106993,160],[6.09704767,50.79089928,161],[6.09701534,50.79086595,161.13],[6.09560681,50.7895132,164.86],[6.09557348,50.78948121,165],[6.09460997,50.78852873,166.13],[6.09460531,50.78852507,166.26],[6.09477261,50.7884401,167.06],[6.09480227,50.78841677,167.2],[6.0948236,50.78827147,168.4],[6.09484159,50.78824881,168.53],[6.09523886,50.78789055,170],[6.09524652,50.78788422,170],[6.09515953,50.78787489,170],[6.09504721,50.78789221,170],[6.09500621,50.78789721,170],[6.09470991,50.78798018,170],[6.09466458,50.78797885,170],[6.09443962,50.78790554,170],[6.09440496,50.78789388,170],[6.0943763,50.78787955,170],[6.09435431,50.78786389,170],[6.09432865,50.78782392,170]]}}]}