{"type":"FeatureCollection","features":[{"type":"Feature","properties":{"name":"20260522 Cicloturismo","time":"2026-05-22T07:18:22Z"},"geometry":{"type":"LineString","coordinates":[[8.63246766,46.87629233,450.95],[8.63244767,46.87626835,450.98],[8.63243634,46.87624635,450.99],[8.63243301,46.87622302,450.99],[8.63243567,46.87620036,450.99],[8.632445,46.87616137,450.87],[8.632443,46.87614404,450.79],[8.63242967,46.87612838,450.73],[8.63236235,46.87607873,450.57],[8.63233502,46.87606007,450.53],[8.63230236,46.87604308,450.5],[8.63225937,46.87603242,450.48],[8.63221371,46.87602809,450.47],[8.63217338,46.87602743,450.46],[8.63214272,46.87602776,450.46],[8.63211839,46.87602976,450.45],[8.6320974,46.87603109,450.45],[8.63207841,46.87602843,450.42],[8.63206041,46.87601777,450.39],[8.63204741,46.87599711,450.36],[8.63204242,46.87596778,450.33],[8.63204342,46.87593312,450.32],[8.63204941,46.87589512,450.31],[8.63205807,46.87585579,450.33],[8.63206873,46.87581479,450.35],[8.63209405,46.8757328,450.4],[8.63210838,46.87569281,450.42],[8.63214404,46.87561415,450.55],[8.63216437,46.87557515,450.61],[8.63218936,46.87553782,450.66],[8.63221869,46.87550283,450.71],[8.63225302,46.8754715,450.75],[8.63229368,46.87544884,450.78],[8.63233934,46.87543518,450.81],[8.63238767,46.87542918,450.86],[8.63243633,46.87543018,450.96],[8.6326333,46.87545316,451.78],[8.63268463,46.87545849,452.04],[8.63273663,46.87546315,452.26],[8.63278763,46.87546648,452.44],[8.63283862,46.87546781,452.59],[8.63288762,46.87546648,452.73],[8.63313359,46.87544784,453.33],[8.63318259,46.87544284,453.45],[8.63323125,46.87543484,453.56],[8.63327991,46.87542418,453.67],[8.63337524,46.87539952,453.86],[8.63342257,46.87538519,453.93],[8.63355922,46.87533587,454.11],[8.63360322,46.87531821,454.15],[8.63372954,46.87526157,454.32],[8.63376953,46.87524158,454.37],[8.63384618,46.87519825,454.51],[8.63388218,46.87517492,454.57],[8.63418879,46.87496264,455.16],[8.63422312,46.87493964,455.25],[8.63429245,46.87489399,455.4],[8.63432644,46.87487233,455.48],[8.63439409,46.874832,455.6],[8.63442742,46.87481101,455.66],[8.63456206,46.87473403,455.87],[8.63459506,46.87471837,455.91],[8.63475104,46.87466174,456.29],[8.63476903,46.87465708,456.35],[8.63488066,46.87464344,456.61],[8.63490499,46.87464011,456.64],[8.63499597,46.8746188,456.74],[8.63501796,46.87461447,456.77],[8.6351616,46.87459483,456.92],[8.63519593,46.87459083,456.95],[8.63530724,46.87458184,457.04],[8.6353479,46.87457785,457.07],[8.63552155,46.8745572,457.44],[8.63556721,46.87455287,457.55],[8.63595418,46.87451923,458.35],[8.63600284,46.8745149,458.43],[8.63663476,46.87444297,459.3],[8.63668242,46.87443664,459.43],[8.63672975,46.87442898,459.53],[8.63677608,46.87442098,459.62],[8.63700307,46.87437502,459.84],[8.6370474,46.87436436,459.85],[8.63709206,46.87435303,459.85],[8.63713506,46.87434003,459.88],[8.63717339,46.87432404,459.96],[8.63720438,46.87430471,460.07],[8.63722271,46.87428172,460.21],[8.63722804,46.87425606,460.33],[8.63722238,46.87422773,460.43],[8.63721172,46.8741994,460.49],[8.63713908,46.87406642,460.67],[8.63712309,46.87403809,460.7],[8.63700046,46.87382614,460.79],[8.6369838,46.87379614,460.8],[8.63692748,46.87367717,460.81],[8.63691615,46.87364917,460.81],[8.63691116,46.87362184,460.82],[8.63691582,46.87359618,460.8],[8.63692448,46.87357385,460.8],[8.63694347,46.87353954,460.8],[8.6370548,46.87351955,461.01],[8.63703914,46.87353055,460.97],[8.63687448,46.87346889,460.71],[8.63685915,46.87343756,460.72],[8.63684649,46.87340356,460.74],[8.63683883,46.87336723,460.75],[8.6368365,46.87332923,460.76],[8.63683883,46.87328924,460.77],[8.63685216,46.87320125,460.78],[8.63685682,46.87315459,460.78],[8.63686115,46.87305793,460.75],[8.63686515,46.8730096,460.75],[8.6368828,46.87291028,460.77],[8.63689613,46.87286062,460.8],[8.63693212,46.87276063,460.85],[8.63695278,46.87271063,460.88],[8.63699877,46.87261064,460.98],[8.6370231,46.87256064,461.05],[8.63709909,46.87241198,461.18],[8.63712242,46.87236198,461.17],[8.63714241,46.87231299,461.16],[8.63715907,46.87226266,461.16],[8.63718739,46.87216266,461.13],[8.63719805,46.87211233,461.13],[8.63720571,46.872063,461.11],[8.63721171,46.87201401,461.08],[8.6372177,46.87191702,461.1],[8.63721637,46.87186903,461.13],[8.63721004,46.8718217,461.13],[8.63720104,46.87177404,461.36],[8.63717738,46.87168072,461.45],[8.63716205,46.87163473,461.59],[8.63714306,46.87158973,461.64],[8.63712073,46.8715454,461.67],[8.63704341,46.87141374,461.64],[8.63701508,46.87136941,461.51],[8.63695175,46.87127809,461.29],[8.63691642,46.87123109,461.13],[8.63683743,46.8711361,460.75],[8.63679277,46.87108744,460.57],[8.63674478,46.87103878,460.42],[8.63669378,46.87098945,460.26],[8.63663945,46.87094012,460.16],[8.63658179,46.87088979,460.1],[8.63652079,46.87083946,460.07],[8.63645746,46.8707888,460.05],[8.63612948,46.87052983,459.61],[8.63606849,46.87047517,459.37],[8.63601149,46.87041818,459.12],[8.63595916,46.87035918,458.9],[8.63591383,46.87029785,458.72],[8.6358745,46.87023452,458.56],[8.63584117,46.87016986,458.39],[8.63581517,46.87010353,458.23],[8.63579684,46.87003653,458.09],[8.63578585,46.86996854,458.09],[8.63578119,46.86989988,457.8],[8.63578319,46.86983155,457.69],[8.63579085,46.86976422,457.64],[8.63580284,46.86969756,457.63],[8.6358365,46.86956591,457.61],[8.63585283,46.86950058,457.53],[8.63586649,46.86943492,457.46],[8.63587582,46.86936859,457.46],[8.63587981,46.86930293,457.4],[8.63587748,46.86923727,457.4],[8.63586882,46.86917294,457.4],[8.63585416,46.86910828,457.38],[8.6358335,46.86904529,457.38],[8.63580784,46.86898363,457.37],[8.63577718,46.8689233,457.34],[8.63574185,46.86886497,457.32],[8.63570419,46.86880764,457.2],[8.63562353,46.86869731,457.02],[8.63558454,46.86864198,456.9],[8.63551588,46.86852932,456.75],[8.63548588,46.86847266,456.65],[8.63545922,46.86841533,456.59],[8.63543523,46.868357,456.54],[8.63532992,46.86806035,456.39],[8.63530859,46.86800069,456.34],[8.63525927,46.86788104,456.15],[8.63523394,46.86782238,456.06],[8.63517962,46.86770673,455.94],[8.63515096,46.86764974,455.92],[8.63502932,46.86742809,455.82],[8.63500466,46.86737176,455.79],[8.63498533,46.86731576,455.79],[8.63496967,46.86725843,455.8],[8.63495768,46.86720077,455.8],[8.63495102,46.86714278,455.82],[8.63494969,46.86708545,455.82],[8.63495235,46.86702779,455.78],[8.63495534,46.86697046,455.61],[8.63495301,46.8669148,455.34],[8.63493968,46.8668628,455.1],[8.63491335,46.86681614,454.91],[8.63487536,46.86677814,454.76],[8.63483036,46.86674881,454.63],[8.6347347,46.86670582,454.52],[8.63469271,46.86668049,454.38],[8.63466405,46.8666495,454.35],[8.63465339,46.86661217,454.33],[8.63465805,46.86657184,454.29],[8.63467338,46.86652918,454.25],[8.63469638,46.86648452,454.23],[8.63472604,46.86643986,454.2],[8.63486968,46.86625588,454.27],[8.63490601,46.86620822,454.25],[8.63494067,46.86615823,454.2],[8.63497133,46.86610623,454.13],[8.63499733,46.86605157,454.06],[8.63501199,46.86599557,453.98],[8.63502097,46.86587991,453.83],[8.63503363,46.86582191,453.77],[8.63505663,46.86576558,453.72],[8.63508562,46.86571059,453.69],[8.63511462,46.86565493,453.68],[8.63513895,46.86559827,453.66],[8.63515761,46.86553994,453.65],[8.63517161,46.86548194,453.65],[8.63517861,46.86542361,453.64],[8.6351796,46.86536561,453.64],[8.63517627,46.86530862,453.72],[8.63517094,46.86525229,453.81],[8.63515829,46.86514463,454.1],[8.6351533,46.86509197,454.28],[8.63515097,46.86503997,454.46],[8.63515097,46.86498864,454.66],[8.63515363,46.86493698,454.88],[8.63515996,46.86488599,455.11],[8.63518095,46.86478633,455.51],[8.63519495,46.864737,455.68],[8.63527393,46.86449204,456.65],[8.63528993,46.86444371,456.86],[8.63536124,46.8642534,457.68],[8.63537924,46.86420674,457.88],[8.63556951,46.86365781,459.62],[8.63558617,46.86361148,459.7],[8.63577111,46.86304152,459.93],[8.6357891,46.86298486,459.89],[8.63596872,46.86245391,459.66],[8.63598905,46.86239325,459.63],[8.6360477,46.86220793,459.57],[8.63606836,46.8621446,459.54],[8.63611335,46.86201361,459.43],[8.63613635,46.86194562,459.33],[8.63627697,46.86151365,458.76],[8.6363013,46.86143966,458.65],[8.6366019,46.86053973,456.9],[8.6366269,46.86046673,456.83],[8.63667356,46.86032074,456.66],[8.63669789,46.86024941,456.6],[8.63672355,46.86017908,456.52],[8.63675188,46.86010875,456.44],[8.63687486,46.85983277,456.17],[8.63690319,46.85976377,456.12],[8.63702116,46.85942512,455.97],[8.63705015,46.85936112,455.9],[8.63712014,46.8592368,455.56],[8.63715447,46.85917414,455.27],[8.63721413,46.85905715,454.81],[8.63723479,46.85901782,454.66],[8.63728076,46.85895152,454.44],[8.63728875,46.85893819,454.44],[8.6373014,46.85889321,454.49],[8.6373144,46.85887921,454.52],[8.63733473,46.85887022,454.53],[8.63735972,46.85886689,454.55],[8.63748404,46.85886888,454.74],[8.63751937,46.85886689,454.78],[8.6375557,46.85885823,454.8],[8.63758736,46.85884124,454.81],[8.63761269,46.85881624,454.78],[8.63763102,46.85878558,454.76],[8.63764401,46.85875225,454.73],[8.63765601,46.85871559,454.69],[8.63773596,46.85837429,453.89],[8.63774696,46.85832796,453.9],[8.63777161,46.85823463,454.06],[8.6377866,46.85818963,454.12],[8.63788424,46.85792465,453.47],[8.6379039,46.85788166,453.39],[8.63792789,46.85784,453.33],[8.63795489,46.85779867,453.29],[8.63798522,46.85775801,453.25],[8.63801855,46.85771968,453.22],[8.63805321,46.85768335,453.2],[8.6380892,46.85764936,453.21],[8.63819452,46.85756238,453.31],[8.63822385,46.85754038,453.41],[8.63825318,46.85752705,453.57],[8.63828117,46.85752239,453.75],[8.63830683,46.85752505,453.91],[8.63835082,46.85753404,454.14],[8.63836715,46.85753604,454.23],[8.63838181,46.85753571,454.31],[8.63839514,46.85753305,454.37],[8.63841679,46.85752073,454.49],[8.63843145,46.85751074,454.54],[8.63844778,46.85749608,454.59],[8.63845944,46.85747642,454.63],[8.63845977,46.85745409,454.68],[8.63845344,46.85742943,454.72],[8.63845078,46.85740243,454.75],[8.63846111,46.85737443,454.75],[8.63848477,46.85734477,454.75],[8.63855543,46.85727878,454.62],[8.63859543,46.85724345,454.61],[8.63868208,46.8571728,454.63],[8.63872874,46.85713814,454.64],[8.63891739,46.85700549,454.62],[8.63896305,46.85697416,454.61],[8.6390437,46.85691151,454.57],[8.63907803,46.85688385,454.54],[8.63921801,46.85678254,454.41],[8.63925534,46.85675554,454.38],[8.63937066,46.85667689,454.31],[8.63940699,46.8566529,454.28],[8.63944432,46.8566309,454.26],[8.63947998,46.8566089,454.21],[8.6395483,46.85655024,454.14],[8.63955763,46.85654258,454.12],[8.6395033,46.85657691,453.85],[8.63947997,46.85659357,453.88],[8.63925134,46.85676754,453.95],[8.63921535,46.85679487,453.96],[8.63913903,46.8568422,453.95],[8.63909837,46.85685686,453.95],[8.63905704,46.85686119,453.96],[8.63901838,46.85685553,453.99],[8.63898239,46.8568442,454.04],[8.63895006,46.8568302,454.08],[8.6389234,46.85681354,454.11],[8.63890274,46.85679588,454.14],[8.63888775,46.85677922,454.18],[8.63887609,46.85675456,454.23],[8.63887443,46.8567469,454.27],[8.6388681,46.85669324,454.33],[8.63887776,46.85666758,454.34],[8.63890009,46.85663592,454.38],[8.63893475,46.85660193,454.45],[8.63897675,46.85656627,454.51],[8.63912373,46.85645095,454.43],[8.63917639,46.85641195,454.39],[8.63984566,46.85593135,454.99],[8.63990065,46.85589169,454.93],[8.64006063,46.85578004,454.69],[8.64011096,46.85574371,454.62],[8.64021195,46.85567572,454.52],[8.64026061,46.85564239,454.47],[8.6403016,46.85560706,454.43],[8.64032893,46.8555694,454.44],[8.64033593,46.8555314,454.4],[8.64032094,46.85549707,454.36],[8.64029195,46.85546608,454.33],[8.64025195,46.85543808,454.32],[8.64020629,46.85541109,454.3],[8.64015696,46.85538376,454.29],[8.63993364,46.85527411,454.33],[8.63987431,46.85524678,454.38],[8.63975299,46.85519579,454.42],[8.63969333,46.85517046,454.4],[8.63957734,46.85511848,454.3],[8.63952035,46.85509215,454.24],[8.63946435,46.85506516,454.17],[8.63941069,46.85503516,454.09],[8.63936103,46.8550035,454.01],[8.63931603,46.85496984,453.93],[8.63927604,46.85493351,453.86],[8.63923971,46.85489585,453.8],[8.63917272,46.85481453,453.67],[8.63914306,46.8547712,453.62],[8.63911773,46.85472521,453.58],[8.63907207,46.85462822,453.67],[8.63904441,46.85457856,453.77],[8.63897876,46.85447623,453.95],[8.63893743,46.85442357,453.99],[8.6388891,46.85437057,454],[8.63877745,46.85426325,453.65],[8.63871645,46.85420859,453.42],[8.63863946,46.85414126,453.03],[8.63856313,46.85409593,452.9],[8.63850314,46.8540466,452.77],[8.63844815,46.8539896,452.67],[8.63838782,46.85393961,452.57],[8.63833149,46.85389162,452.5],[8.63828483,46.85384462,452.44],[8.63824483,46.85379929,452.43],[8.63821117,46.85375529,452.44],[8.63818218,46.85371163,452.48],[8.63815652,46.8536693,452.52],[8.63813453,46.85362797,452.66],[8.63808454,46.85351932,453.18],[8.63806555,46.85349266,453.32],[8.63804289,46.853472,453.45],[8.63801689,46.85345767,453.56],[8.63799089,46.85344768,453.75],[8.63794124,46.85343404,454.18],[8.63793325,46.85345703,454.84],[8.63795324,46.85346069,454.84],[8.6379809,46.85345436,454.91],[8.63800923,46.85343637,454.96],[8.63803122,46.85340804,454.99],[8.63804488,46.85337304,455],[8.63806054,46.85329039,454.96],[8.6380712,46.85324673,454.94],[8.63810486,46.85315907,455.29],[8.63812586,46.85311508,455.42],[8.63815019,46.85307108,455.51],[8.63817685,46.85302642,455.61],[8.63823318,46.85293676,455.72],[8.63826118,46.8528911,455.79],[8.63849882,46.85252714,455.74],[8.63852815,46.85248148,455.74],[8.63866813,46.85225417,455.86],[8.63869246,46.85220784,455.9],[8.63871279,46.85216051,455.92],[8.63873112,46.85211352,455.92],[8.63876244,46.85201986,455.9],[8.63877677,46.85197287,455.88],[8.63886274,46.85164891,455.89],[8.6388744,46.85160325,455.92],[8.63888906,46.85151026,455.99],[8.63889406,46.85146427,456.03],[8.63889905,46.85141761,456.05],[8.63890271,46.85137195,456.08],[8.63890437,46.85132562,456.1],[8.63890338,46.85127862,456.16],[8.63889938,46.85123196,456.21],[8.63889372,46.85118497,456.25],[8.6388794,46.85109165,456.3],[8.63886907,46.85104465,456.29],[8.63883608,46.850909,456.37],[8.63882509,46.850866,456.4],[8.63881309,46.85082367,456.44],[8.63878444,46.85074135,456.46],[8.63876678,46.85070136,456.45],[8.63869879,46.85058504,456.01],[8.63867613,46.85054571,455.89],[8.63860047,46.8504264,455.58],[8.63857581,46.85038641,455.51],[8.63855215,46.85034575,455.46],[8.63852949,46.85030476,455.43],[8.63846418,46.85018111,455.32],[8.63844119,46.85014011,455.28],[8.63834121,46.84997646,455.19],[8.63831755,46.84993513,455.17],[8.63822757,46.84976748,455.11],[8.63820657,46.84972548,455.14],[8.63816692,46.84964349,455.27],[8.63814626,46.8496035,455.33],[8.63809361,46.84948552,455.61],[8.63807095,46.84945052,455.7],[8.63804662,46.84941753,455.78],[8.63802229,46.84938787,455.8],[8.6379973,46.84936287,455.76],[8.63796997,46.84934421,455.72],[8.63794031,46.84933121,455.69],[8.63791098,46.84932188,455.67],[8.63788532,46.84931455,455.65],[8.63786399,46.84930955,455.65],[8.63784234,46.84930656,455.75],[8.63784168,46.84930656,455.77],[8.63784102,46.84932289,455.48],[8.63784468,46.84933055,455.52],[8.63785567,46.84933688,455.58],[8.63787567,46.84934021,455.64],[8.63790233,46.84933821,455.73],[8.63793132,46.84932955,455.81],[8.63795965,46.84931289,455.88],[8.63798198,46.8492899,455.95],[8.63799598,46.84926124,456.01],[8.63800298,46.84923091,456.09],[8.63800464,46.84919858,456.17],[8.63800166,46.84900794,456.48],[8.638001,46.84896628,456.52],[8.63800399,46.84888029,456.59],[8.63800799,46.84883663,456.63],[8.63801499,46.84879397,456.66],[8.63809462,46.84844066,456.84],[8.63810495,46.84839633,456.94],[8.6382019,46.84805037,457.17],[8.63821389,46.84800704,457.18],[8.63824688,46.84787873,457.27],[8.63825821,46.84783673,457.29],[8.63829586,46.84771174,457.28],[8.63830785,46.84767041,457.25],[8.63833817,46.84754675,457.15],[8.63834817,46.84750609,457.12],[8.63842813,46.84720147,456.72],[8.63843679,46.84716414,456.57],[8.63846111,46.84709115,456.29],[8.63847411,46.84705482,456.16],[8.63851575,46.84691051,455.76],[8.63852708,46.84687385,455.65],[8.63860737,46.84655889,455.09],[8.63861703,46.84651956,455.04],[8.63864035,46.8464399,454.97],[8.63865301,46.84640024,454.94],[8.63870866,46.84623459,455],[8.63872332,46.84619093,455.08],[8.63879262,46.84592363,455.56],[8.63880428,46.84587963,455.46],[8.63891991,46.84548834,455.29],[8.63893257,46.84544634,455.4],[8.63906017,46.84495572,456.43],[8.6390705,46.84491573,456.45],[8.63910849,46.84479174,456.43],[8.63912115,46.84474874,456.41],[8.63915712,46.84461642,456.38],[8.63916945,46.84457142,456.38],[8.63923643,46.84435544,456.62],[8.63924909,46.84431411,456.68],[8.63926875,46.84423279,456.81],[8.63927941,46.84419146,456.88],[8.6393064,46.84406514,457.2],[8.63931639,46.84402381,457.31],[8.63934838,46.84390349,457.6],[8.63935871,46.84386416,457.7],[8.63937004,46.84382617,457.79],[8.6393827,46.84378917,457.89],[8.63944767,46.84361519,458.2],[8.63945966,46.84358153,458.22],[8.63948498,46.84348154,458.1],[8.63949497,46.84344721,458.05],[8.63950696,46.84341188,458],[8.63951862,46.84337555,457.95],[8.63954028,46.84329923,457.86],[8.63955127,46.84326124,457.81],[8.63961324,46.8430616,457.53],[8.63962557,46.84301994,457.5],[8.63966122,46.84289129,457.41],[8.63967321,46.84284696,457.4],[8.63969387,46.84275863,457.46],[8.6397042,46.8427153,457.5],[8.63971686,46.84267364,457.57],[8.63972952,46.84263231,457.62],[8.63975751,46.84250799,457.77],[8.6397675,46.84246666,457.82],[8.63977949,46.842426,457.87],[8.63979148,46.84238601,457.92],[8.63980081,46.84234602,457.98],[8.63981146,46.84226603,457.98],[8.63981279,46.84222537,457.98],[8.63981013,46.84218404,457.95],[8.63980347,46.84214271,457.93],[8.63979381,46.84210071,457.92],[8.63968684,46.84176008,458.05],[8.63967418,46.84171775,458.06],[8.63962353,46.84158844,458.03],[8.63960587,46.84154478,458.01],[8.63956222,46.84141246,457.97],[8.63954589,46.8413678,457.97],[8.63949024,46.84123448,457.94],[8.63947324,46.84118982,457.94],[8.63943259,46.84105317,458.15],[8.63941626,46.84100684,458.19],[8.63937727,46.84091585,458.24],[8.63935694,46.84087052,458.26],[8.63932095,46.84077953,458.18],[8.63930396,46.84073287,458.09],[8.63915,46.84027526,457.95],[8.63913467,46.84023226,457.97],[8.63909901,46.8401446,457.96],[8.63908068,46.84009927,457.94],[8.63902703,46.83995828,457.92],[8.63900804,46.83990995,457.96],[8.63897438,46.83981329,458.29],[8.63895705,46.83976429,458.4],[8.63891605,46.83966496,458.44],[8.63889539,46.8396133,458.45],[8.63885607,46.83950865,458.43],[8.63883608,46.83945632,458.41],[8.6387661,46.83924733,458.68],[8.63874811,46.839196,458.78],[8.63862314,46.83885669,459.46],[8.63860714,46.83880969,459.5],[8.63856749,46.83867437,459.64],[8.63855449,46.83863037,459.66],[8.63853284,46.83854405,459.68],[8.63852184,46.83850139,459.68],[8.63849618,46.83841873,459.76],[8.63848619,46.8383784,459.84],[8.63847453,46.8383014,460.15],[8.63846853,46.83826474,460.28],[8.63842989,46.83807178,460.67],[8.63842656,46.83804745,460.7],[8.6384259,46.83793814,460.92],[8.63842557,46.83791748,460.94],[8.63842324,46.83789715,460.96],[8.63841991,46.83787882,460.94],[8.63841892,46.8378215,460.6],[8.63841859,46.8378055,460.6],[8.63841427,46.83776384,460.49],[8.63841194,46.83773884,460.42],[8.63841459,46.83765286,460.28],[8.63841459,46.83762086,460.25],[8.6384096,46.83752154,460.17],[8.63840827,46.83748821,460.15],[8.63840827,46.83741889,460.15],[8.63840893,46.83738323,460.15],[8.63841093,46.83734624,460.1],[8.63841359,46.83730958,460.05],[8.63842824,46.83716194,460],[8.6384329,46.83712528,460],[8.63844589,46.83705163,460.04],[8.63845155,46.83701497,460.05],[8.63845555,46.83697831,460.09],[8.63845988,46.83694165,460.11],[8.6384732,46.836868,460.19],[8.63847919,46.83683134,460.24],[8.6385065,46.83664403,460.5],[8.6385125,46.8366057,460.55],[8.63853449,46.83649005,460.68],[8.63854115,46.83645139,460.7],[8.63856014,46.83637074,460.76],[8.6385668,46.83632908,460.84],[8.63858012,46.83620076,461.09],[8.63858545,46.83615643,461.15],[8.63859878,46.83606711,461.34],[8.63860511,46.83602145,461.43],[8.6386141,46.83592813,461.55],[8.63861576,46.8358808,461.58],[8.63861609,46.83583247,461.61],[8.63861476,46.83578347,461.62],[8.63861143,46.83573414,461.64],[8.63860677,46.83568381,461.64],[8.63859877,46.83563282,461.65],[8.63858711,46.83558249,461.65],[8.63857378,46.8355315,461.67],[8.63855745,46.83548084,461.68],[8.63853846,46.83543051,461.68],[8.63851546,46.83538085,461.69],[8.63848813,46.83533252,461.7],[8.6384568,46.83528552,461.69],[8.63842214,46.83523986,461.69],[8.63838381,46.8351952,461.68],[8.63834281,46.83515187,461.68],[8.6382055,46.83502189,461.69],[8.6381585,46.83497723,461.69],[8.63811384,46.83493157,461.71],[8.63807151,46.83488424,461.73],[8.63803352,46.83483524,461.75],[8.63800086,46.83478458,461.76],[8.63797253,46.83473192,461.77],[8.63794887,46.83467926,461.79],[8.63787156,46.83446761,462.01],[8.63785356,46.83441595,462.07],[8.63776158,46.83410898,462.48],[8.63774825,46.83405665,462.53],[8.63773959,46.83400399,462.58],[8.63773426,46.833952,462.65],[8.63773393,46.8339,462.72],[8.63773759,46.83384734,462.78],[8.63774459,46.83379568,462.83],[8.63777091,46.83369336,462.94],[8.63778857,46.83364336,462.98],[8.63783289,46.83354504,463.04],[8.63785688,46.83349705,463.09],[8.6380795,46.8330681,462.93],[8.63810349,46.83302044,462.74],[8.63819447,46.8328288,462.27],[8.63821646,46.83278147,462.21],[8.63827877,46.83263915,461.99],[8.63830177,46.83259282,461.98],[8.63851838,46.83218086,462.28],[8.63854237,46.83213386,462.32],[8.63856403,46.83208653,462.36],[8.63858636,46.83203953,462.39],[8.63881599,46.8315729,462.61],[8.63883765,46.83152724,462.66],[8.63891964,46.83134026,463.08],[8.6389403,46.83129427,463.3],[8.63900561,46.83115528,463.82],[8.63902727,46.83110928,463.95],[8.63923656,46.83068566,464.61],[8.63926055,46.830637,464.61],[8.63930655,46.83053801,464.62],[8.63933054,46.83048902,464.67],[8.63950283,46.83015006,465.02],[8.63952616,46.83010206,465.07],[8.63961681,46.82991175,465.21],[8.63963914,46.82986409,465.23],[8.63979009,46.8295198,465.14],[8.63981242,46.8294708,465.04],[8.63985807,46.82937514,464.96],[8.6398814,46.82932781,464.96],[8.63997637,46.8291415,465.29],[8.63999836,46.82909551,465.38],[8.64010965,46.82882087,465.38],[8.64012965,46.82877488,465.36],[8.64015164,46.82872988,465.35],[8.6401733,46.82868555,465.35],[8.64021963,46.82859789,465.41],[8.64024229,46.82855289,465.48],[8.64028462,46.82846357,465.58],[8.64030661,46.82841857,465.63],[8.64033027,46.82837324,465.68],[8.6403546,46.82832824,465.7],[8.64040526,46.82823992,465.71],[8.64043292,46.82819626,465.7],[8.64069921,46.82779362,465.62],[8.64072921,46.82774763,465.61],[8.64085785,46.82756565,465.7],[8.64089584,46.82752165,465.73],[8.64093784,46.82747932,465.76],[8.64098383,46.82743999,465.79],[8.64112982,46.82733168,465.82],[8.64118081,46.82729669,465.83],[8.64134079,46.82719538,465.89],[8.64139345,46.82716038,465.91],[8.64154677,46.82705007,465.97],[8.64159977,46.82701441,465.98],[8.64171075,46.82694475,465.99],[8.64176541,46.82690976,466],[8.64203172,46.82673412,466.08],[8.64208405,46.82670013,466.11],[8.64213605,46.82666713,466.14],[8.64229403,46.82657482,466.13],[8.64234603,46.82654616,466.13],[8.64239936,46.82651883,466.11],[8.64245369,46.82649284,466.05],[8.64256402,46.82644585,465.97],[8.64262002,46.82642519,465.93],[8.64290531,46.82633521,465.98],[8.64296364,46.82631621,466],[8.64313396,46.82625557,466.19],[8.64319062,46.82623691,466.25],[8.6434586,46.8261566,466.21],[8.64350759,46.82614161,466.21],[8.64369125,46.82608063,466.24],[8.64373958,46.82606497,466.26],[8.64389257,46.82601832,466.26],[8.64394423,46.82600199,466.26],[8.64399556,46.825985,466.26],[8.64404622,46.82596734,466.24],[8.64414621,46.82592901,466.18],[8.64419387,46.82590802,466.11],[8.64432986,46.8258347,466.02],[8.64437419,46.82580937,466],[8.64470615,46.82559141,466.09],[8.64474714,46.82556342,466.1],[8.6447878,46.82553442,466.11],[8.6448288,46.82550509,466.11],[8.64507677,46.82531913,466.17],[8.6451211,46.8252868,466.25],[8.64553639,46.82499051,467.1],[8.64558272,46.82495751,467.1],[8.64572136,46.82485353,466.88],[8.64574136,46.8248392,466.92],[8.64576169,46.82482987,466.94],[8.64578402,46.82482721,466.98],[8.64580468,46.82483287,467.05],[8.64582401,46.82484353,467.11],[8.64584134,46.82485919,467.13],[8.64585633,46.82487885,467.15],[8.64586599,46.82489618,467.17],[8.64587032,46.82490951,467.18],[8.64587232,46.82491751,467.18],[8.64584899,46.82487118,467.2],[8.6458973,46.82478952,467.1],[8.64591996,46.82475219,467.04],[8.64597362,46.82466953,466.96],[8.64600162,46.82462553,466.95],[8.64614259,46.82439589,467.22],[8.64616958,46.82434956,467.28],[8.64619591,46.82430223,467.34],[8.6462209,46.82425457,467.37],[8.64633054,46.82401659,467.31],[8.6463512,46.82397059,467.29],[8.64636953,46.82392493,467.29],[8.64638519,46.82387827,467.3],[8.64639585,46.82383161,467.3],[8.64640218,46.82378562,467.32],[8.64640584,46.82374062,467.33],[8.64640817,46.82369562,467.33],[8.6464085,46.82360396,467.34],[8.64640916,46.82355763,467.33],[8.64641882,46.82337531,467.32],[8.64642181,46.82333031,467.31],[8.6464328,46.82324099,467.34],[8.64644013,46.823197,467.34],[8.64646645,46.82306668,467.38],[8.64647244,46.82302302,467.39],[8.64647577,46.82298036,467.41],[8.64647743,46.82293803,467.46],[8.64647344,46.82281237,467.54],[8.64647211,46.82277137,467.55],[8.64647542,46.82256505,467.71],[8.64647608,46.82252239,467.73],[8.64647242,46.8224794,467.75],[8.64646542,46.8224384,467.76],[8.64645609,46.82239907,467.77],[8.64641877,46.82228942,467.93],[8.64640744,46.82225609,467.99],[8.64638912,46.8221921,468.11],[8.64638212,46.82216111,468.18],[8.64636581,46.8220388,468.35],[8.64636248,46.82200914,468.4],[8.64634782,46.82195515,468.45],[8.64634082,46.82193015,468.47],[8.64633118,46.82185717,468.38],[8.64632952,46.82185518,468.36],[8.64636751,46.82185452,471.1],[8.64637784,46.82184586,471.1],[8.64639017,46.8218322,471.1],[8.64640083,46.8218132,471.1],[8.64640949,46.82178987,471.1],[8.64642647,46.82170322,471.11],[8.64643313,46.82167056,471.12],[8.64644279,46.82163623,471.16],[8.64645379,46.8216009,471.19],[8.64647877,46.82152891,471.27],[8.64649343,46.82149291,471.29],[8.64652842,46.82142059,471.38],[8.64654441,46.82138493,471.42],[8.64655674,46.82134827,471.42],[8.64657672,46.82127094,471.5],[8.64658805,46.82123061,471.5],[8.64661637,46.82114962,471.5],[8.64663003,46.82110896,471.55],[8.64670399,46.82080932,471.72],[8.64671132,46.82076499,471.76],[8.64671465,46.82071966,471.78],[8.64671165,46.82062933,471.84],[8.64670632,46.82058367,471.85],[8.64664502,46.8202197,471.74],[8.64664036,46.8201737,471.73],[8.64663903,46.82012837,471.72],[8.64664002,46.82008371,471.75],[8.64664967,46.81996072,471.93],[8.64665333,46.81992373,471.99],[8.64665333,46.81985741,472.19],[8.64664934,46.81982708,472.34],[8.64663901,46.81979942,472.47],[8.64662068,46.81977709,472.62],[8.64659369,46.81975976,472.76],[8.64655969,46.81974876,472.93],[8.64651903,46.81974343,473.09],[8.64647404,46.81974277,473.22],[8.64642738,46.81974443,473.34],[8.64618675,46.81975939,473.87],[8.64613809,46.81976105,473.95],[8.64598544,46.8197737,474.19],[8.64593278,46.81977603,474.16],[8.64588078,46.8197717,474.11],[8.64583378,46.81975637,474.04],[8.64579845,46.81972971,473.98],[8.64577379,46.81969472,473.88],[8.64575213,46.81965406,473.78],[8.64573014,46.8196114,473.69],[8.64568815,46.81952141,473.55],[8.64566682,46.81947708,473.5],[8.64556751,46.8192541,473.58],[8.64554585,46.81920977,473.57],[8.64552219,46.81916611,473.42],[8.64549619,46.81912245,473.31],[8.6454382,46.81903446,473.12],[8.6454082,46.81899013,473.02],[8.64538187,46.81894547,472.99],[8.64535921,46.81890081,472.99],[8.64534022,46.81885448,473],[8.64532289,46.81880749,473.05],[8.6452909,46.81871217,473.19],[8.64527657,46.81866418,473.21],[8.64526524,46.81861518,473.22],[8.64523493,46.81841887,473.18],[8.64522627,46.81836987,473.16],[8.64518697,46.81818155,473.32],[8.64517631,46.81813489,473.36],[8.64513833,46.81799823,473.45],[8.64512533,46.81795357,473.49],[8.64508467,46.81782226,473.49],[8.64507234,46.81777893,473.47],[8.64505001,46.81769328,473.38],[8.64503935,46.81764995,473.35],[8.64502236,46.8175643,473.32],[8.6450157,46.81752131,473.33],[8.64501037,46.81747831,473.35],[8.64500637,46.81743532,473.37],[8.6450057,46.81734933,473.45],[8.64501036,46.817308,473.5],[8.64501835,46.817266,473.54],[8.64502901,46.81722567,473.58],[8.64504301,46.81718634,473.62],[8.64507533,46.81711168,473.68],[8.64509466,46.81707735,473.77],[8.64511765,46.81704535,473.85],[8.64517131,46.81698603,473.98],[8.6452003,46.8169577,474.07],[8.64523096,46.81693104,474.14],[8.64526229,46.81690604,474.27],[8.64535627,46.81683939,474.76],[8.64538893,46.81681973,474.96],[8.64542226,46.8168014,475.13],[8.64545659,46.81678441,475.28],[8.64552725,46.81675142,475.65],[8.64556391,46.81673576,475.86],[8.64560124,46.8167211,476.09],[8.64563757,46.81670744,476.3],[8.64574589,46.81667046,477.03],[8.64577889,46.8166558,477.26],[8.64591054,46.81659315,478.04],[8.64594254,46.81657682,478.2],[8.64603286,46.81651951,478.68],[8.64606052,46.81649785,478.8],[8.64608718,46.81647419,478.9],[8.64611218,46.81644953,479.02],[8.64613551,46.8164232,479.16],[8.64615684,46.81639554,479.3],[8.64621149,46.81630921,479.61],[8.64622915,46.81627988,479.7],[8.64628113,46.81618656,479.97],[8.64629946,46.81615357,480.05],[8.64636411,46.81605225,480.23],[8.64638911,46.81601692,480.28],[8.64641744,46.81598159,480.31],[8.64645044,46.8159466,480.35],[8.64652943,46.81587595,480.29],[8.64657643,46.81584029,480.18],[8.64663009,46.81580463,480.04],[8.64669142,46.81576963,479.81],[8.64676008,46.81573564,479.63],[8.64683674,46.81570231,479.43],[8.64700873,46.81563432,478.94],[8.64710206,46.81559699,478.64],[8.64719772,46.81555599,478.39],[8.64729472,46.81550866,478.01],[8.64739038,46.81545467,477.63],[8.64748171,46.81539401,477.17],[8.64756704,46.81532801,476.71],[8.64764704,46.81525902,476.12],[8.64772403,46.81518969,475.29],[8.64780269,46.81512403,474.59],[8.64788368,46.8150627,474.01],[8.64796601,46.81500504,473.57],[8.64804834,46.81495138,473.23],[8.64843065,46.8147144,472.82],[8.64849898,46.81467107,472.89],[8.64856364,46.81462641,472.95],[8.64862297,46.81458008,473.18],[8.64867763,46.81453309,473.25],[8.64872796,46.81448476,473.34],[8.64881595,46.81438711,473.47],[8.64885495,46.81433811,473.51],[8.64899593,46.81414614,473.37],[8.64903026,46.81410081,473.28],[8.6491579,46.81392082,473.33],[8.6491909,46.81387616,473.44],[8.64952487,46.81344621,473.79],[8.64955753,46.81340421,473.83],[8.64984015,46.81302725,473.52],[8.64987048,46.81298592,473.51],[8.65000213,46.81282528,473.71],[8.65003446,46.81278495,473.78],[8.65016044,46.81262197,473.69],[8.65019344,46.81258164,473.68],[8.65039841,46.81233767,473.73],[8.65043307,46.81229701,473.77],[8.65067705,46.81202538,474.45],[8.65071205,46.81198639,474.51],[8.6508227,46.8118724,474.4],[8.65085836,46.81183407,474.34],[8.65089136,46.81179541,474.28],[8.65095235,46.81171609,474.31],[8.65098401,46.81167809,474.33],[8.65112233,46.81153611,474.42],[8.65115666,46.81150278,474.47],[8.65121799,46.81143513,474.52],[8.65124865,46.8114008,474.54],[8.6513473,46.81130414,474.5],[8.65137829,46.81127215,474.49],[8.65149427,46.81114184,474.51],[8.6515216,46.81111084,474.52],[8.65160858,46.81102252,474.75],[8.65164457,46.81099186,474.83],[8.65168457,46.8109642,474.85],[8.65177189,46.81091254,474.82],[8.65181622,46.81088621,474.79],[8.65186221,46.81086155,474.78],[8.65190987,46.81083755,474.76],[8.65205586,46.8107679,474.81],[8.65210585,46.81074457,474.83],[8.65231217,46.81066159,474.87],[8.65236183,46.81064093,474.87],[8.65241082,46.81061894,474.87],[8.65245982,46.81059728,474.87],[8.65275578,46.8104753,474.97],[8.65280377,46.81045597,475.14],[8.65299041,46.81037633,475.51],[8.65303541,46.810355,475.48],[8.65312107,46.81030768,475.42],[8.6531624,46.81028335,475.41],[8.65328638,46.81020437,475.44],[8.65332771,46.81017804,475.47],[8.65336837,46.81015071,475.5],[8.65340803,46.81012172,475.53],[8.65348335,46.8100604,475.62],[8.65352234,46.81003074,475.65],[8.65356334,46.81000308,475.67],[8.65365099,46.80995275,475.7],[8.65369299,46.80992609,475.7],[8.65376898,46.8098691,475.78],[8.65380697,46.80983944,475.91],[8.65388763,46.80978145,476.16],[8.65392896,46.80975279,476.27],[8.65397129,46.80972513,476.38],[8.65401395,46.80969713,476.45],[8.65413894,46.80961015,476.58],[8.65418127,46.80958149,476.59],[8.65439891,46.80944151,476.58],[8.65444157,46.80941285,476.57],[8.65460955,46.8092872,476.63],[8.65465354,46.80925621,476.67],[8.65492785,46.80907556,476.68],[8.65497385,46.80904623,476.66],[8.6550645,46.80898357,476.67],[8.6551105,46.80895224,476.69],[8.65533214,46.80879394,476.73],[8.65537647,46.80876228,476.75],[8.65565545,46.80857331,476.85],[8.65570145,46.80854198,476.86],[8.65591243,46.80838901,477.1],[8.65595509,46.80835868,477.17],[8.65612508,46.80824137,477.16],[8.65616607,46.80821237,477.14],[8.65636205,46.80806873,477.32],[8.65640171,46.8080414,477.47],[8.6564767,46.80798441,477.74],[8.65651436,46.80795542,477.85],[8.65672868,46.80780611,478.41],[8.65677368,46.80777345,478.54],[8.65694434,46.80764181,479],[8.65698533,46.80760981,479.08],[8.65702699,46.80758015,479.14],[8.65706832,46.80755282,479.2],[8.65715097,46.8075005,479.36],[8.65718963,46.8074725,479.43],[8.65729461,46.80738352,479.6],[8.65733161,46.80735486,479.64],[8.65752626,46.80721854,479.93],[8.65756259,46.80719054,480.05],[8.65759859,46.80716155,480.17],[8.65763425,46.80713256,480.27],[8.65777023,46.80701224,480.71],[8.65780189,46.80698158,480.83],[8.65785855,46.80691892,481.09],[8.65788321,46.80688892,481.24],[8.65792253,46.80683126,481.57],[8.65794086,46.8068036,481.75],[8.65795752,46.80677694,481.93],[8.65796985,46.80675161,482.12],[8.65797751,46.80672695,482.28],[8.65799049,46.80663465,482.86],[8.65799382,46.80661099,482.98],[8.65801613,46.80651568,483.5],[8.65802046,46.80649302,483.7],[8.65802312,46.80647069,483.88],[8.65802478,46.80644803,484.07],[8.65802843,46.80635138,484.7],[8.65803076,46.80632438,484.86],[8.65808968,46.80594613,487.36],[8.65809401,46.80592047,487.56],[8.65809535,46.80585082,488.15],[8.65809469,46.80582882,488.34],[8.65808604,46.80575816,488.84],[8.65808138,46.80573383,488.99],[8.65806306,46.80566251,489.47],[8.65805673,46.80563952,489.64],[8.65802041,46.80555421,490.27],[8.65801175,46.80553288,490.43],[8.65797178,46.80542258,491.26],[8.65796379,46.80539959,491.42],[8.65795047,46.8053536,491.72],[8.65794381,46.80533094,491.87],[8.65793848,46.80530828,492.03],[8.65793448,46.80528529,492.17],[8.65793015,46.80523897,492.5],[8.65792849,46.80521564,492.66],[8.65791484,46.80514765,493.15],[8.65791051,46.80512499,493.31],[8.65789855,46.80501301,494.13],[8.65789722,46.80498935,494.31],[8.6579032,46.80491903,494.85],[8.65790753,46.8048957,495.03],[8.65791419,46.80487304,495.2],[8.65792152,46.80485038,495.36],[8.65793984,46.80480472,495.66],[8.6579485,46.80478239,495.87],[8.6579788,46.80464375,496.88],[8.65798546,46.80462042,497.05],[8.65801178,46.80455011,497.54],[8.65802044,46.80452645,497.71],[8.65806608,46.80438049,498.71],[8.65807408,46.80435583,498.89],[8.65811772,46.80418718,500.14],[8.65812371,46.80416285,500.14],[8.65812904,46.80413886,500.55],[8.6581337,46.80411353,500.75],[8.65813636,46.80408853,500.94],[8.65813669,46.80406353,501.11],[8.65812405,46.80396221,501.71],[8.65811872,46.80393788,501.85],[8.65811273,46.80391322,501.99],[8.65810573,46.80388889,502.12],[8.65808807,46.80384024,502.4],[8.65808041,46.80381591,502.55],[8.65806775,46.80376526,502.9],[8.65805809,46.8037396,503.04],[8.65804509,46.80371427,503.19],[8.65799711,46.80363795,503.61],[8.65798245,46.80361129,503.75],[8.65791214,46.80347032,504.42],[8.65789748,46.80344199,504.57],[8.65784449,46.80332502,505.01],[8.65783083,46.80329536,505.11],[8.65775385,46.80314606,505.66],[8.65773919,46.8031154,505.76],[8.65766854,46.80295409,506.05],[8.65765821,46.80291943,506.12],[8.65764356,46.80284777,506.26],[8.6576389,46.80281111,506.31],[8.65763424,46.80273612,506.36],[8.65763091,46.80269879,506.38],[8.65761593,46.80258681,506.52],[8.65761294,46.80254982,506.58],[8.65761162,46.80247483,506.68],[8.65761063,46.80243684,506.75],[8.65759965,46.8022922,506.88],[8.65759799,46.80225654,506.85],[8.657597,46.80215556,506.77],[8.65759933,46.80212323,506.75],[8.65760432,46.80209124,506.73],[8.65761298,46.80205791,506.71],[8.65762464,46.80202458,506.69],[8.65763863,46.80199059,506.75],[8.65765396,46.80195626,506.83],[8.65767129,46.80192227,506.91],[8.65769095,46.80188861,507],[8.65783892,46.8016973,507.32],[8.65786558,46.80166497,507.38],[8.65792357,46.80160099,507.48],[8.65795457,46.80156899,507.51],[8.6579809,46.801538,507.53],[8.65801023,46.80149768,507.56],[8.65801723,46.80148968,507.57],[8.65806656,46.80144869,507.32],[8.65807622,46.80142903,507.34],[8.65808388,46.8014047,507.34],[8.65808988,46.80137604,507.34],[8.65809887,46.80130971,507.34],[8.6581042,46.80127371,507.33],[8.65811953,46.80119873,507.3],[8.65812519,46.80116107,507.32],[8.65812585,46.80112341,507.36],[8.65811854,46.80099943,507.38],[8.6581202,46.8009541,507.33],[8.65812985,46.80081178,507.11],[8.65813418,46.80076379,507.05],[8.65813917,46.80071613,507.05],[8.65814517,46.8006688,507.09],[8.6581535,46.80062247,507.13],[8.65816216,46.80057614,507.12],[8.65818049,46.80048382,507.08],[8.65819048,46.80043882,507.06],[8.65821214,46.80035383,507.06],[8.65822347,46.80031417,507.12],[8.65825512,46.80024152,507.26],[8.65827145,46.80020686,507.34],[8.65829911,46.80013854,507.53],[8.65831311,46.80010421,507.65],[8.65834676,46.80003689,507.94],[8.65836676,46.80000389,508.08],[8.65840975,46.7999399,508.33],[8.65843341,46.79990791,508.44],[8.65845807,46.79987592,508.52],[8.6584884,46.79984493,508.59],[8.65852439,46.7998156,508.67],[8.65856738,46.79979027,508.73],[8.65861671,46.79976761,508.8],[8.65872504,46.79972596,508.9],[8.65878437,46.7997063,508.93],[8.65898203,46.79965031,508.89],[8.65905203,46.79963098,508.82],[8.65951066,46.79950734,507.82],[8.65959265,46.79948834,507.6],[8.65976197,46.79945468,507.09],[8.65984796,46.79943935,506.73],[8.66002229,46.79940936,506.14],[8.66011095,46.79939437,505.81],[8.66038027,46.79935238,505.02],[8.66047027,46.79933738,504.82],[8.66074092,46.7992854,504.22],[8.66083225,46.79926807,504.03],[8.66101191,46.79922975,503.7],[8.66110057,46.79920876,503.53],[8.66118857,46.79918643,503.39],[8.66127523,46.79916277,503.22],[8.66153621,46.79908478,502.27],[8.66162454,46.79905679,502.27],[8.6618012,46.7989978,501.34],[8.6618902,46.79896681,501.13],[8.66206519,46.79889815,500.9],[8.66215118,46.79886082,500.86],[8.66223618,46.79881949,500.89],[8.66232051,46.79877283,500.93],[8.66240384,46.79872117,500.88],[8.66248617,46.79866284,500.77],[8.66275516,46.79846085,500.06],[8.66285049,46.79838852,499.73],[8.66303281,46.7982402,499.05],[8.66311714,46.79816621,498.68],[8.66319647,46.79809255,498.35],[8.6632678,46.79801822,498.05],[8.66333013,46.79794256,497.75],[8.66338479,46.79786556,497.49],[8.66343312,46.7977889,497.26],[8.6635631,46.79756925,496.89],[8.66360243,46.79749892,496.76],[8.66363842,46.79743026,496.63],[8.66367175,46.79736226,496.45],[8.66373374,46.79722827,496.13],[8.66376107,46.79716028,496.01],[8.66378407,46.79709228,495.87],[8.66380173,46.79702429,495.76],[8.66384138,46.79681765,495.31],[8.66385137,46.79674799,495.09],[8.66387569,46.79654401,494.59],[8.66388402,46.79647868,494.35],[8.66389535,46.79635169,493.98],[8.66389735,46.79629036,493.92],[8.66389369,46.7961727,493.84],[8.66389036,46.79611637,493.81],[8.66386306,46.79584241,493.72],[8.66385807,46.79578742,493.69],[8.66385508,46.79573343,493.59],[8.66385574,46.79568077,493.49],[8.66386407,46.79563011,493.4],[8.66387973,46.79558178,493.31],[8.66390106,46.79553645,493.24],[8.66392606,46.79549479,493.22],[8.66395239,46.79545713,493.2],[8.66400638,46.79538981,493.34],[8.66403271,46.79535748,493.51],[8.66412703,46.79523417,494.04],[8.66414969,46.79520351,494.19],[8.66417102,46.79517252,494.36],[8.66419135,46.79514119,494.52],[8.66422501,46.7950772,494.85],[8.66423767,46.79504387,495.02],[8.66424666,46.79501121,495.19],[8.66425466,46.79497821,495.38],[8.66426698,46.79491355,495.76],[8.66427197,46.79488222,495.94],[8.66428994,46.79470458,497.02],[8.66429194,46.79467525,497.2],[8.6642926,46.79464526,497.35],[8.66429127,46.7946156,497.5],[8.66427829,46.79452329,497.85],[8.66427563,46.79449096,497.95],[8.66427563,46.79441931,498.11],[8.66427929,46.79437998,498.16],[8.66430194,46.79424033,498.12],[8.66431327,46.79418567,498],[8.66432593,46.79412768,497.86],[8.66435892,46.79400436,497.53],[8.66437858,46.79394036,497.3],[8.66440224,46.79387603,497.06],[8.66443423,46.7938127,496.86],[8.66447423,46.79375137,496.7],[8.66452189,46.79369104,496.52],[8.66472687,46.79345106,495.87],[8.66477153,46.79339073,495.71],[8.66480752,46.7933314,495.57],[8.66483718,46.7932734,495.42],[8.66491417,46.79310442,495.09],[8.66493717,46.79304842,494.95],[8.66495683,46.79299209,494.85],[8.66498848,46.79287811,494.68],[8.66500314,46.79282178,494.67],[8.66505778,46.79254346,494.8],[8.66506744,46.79248846,494.82],[8.66507577,46.79243413,494.83],[8.66508143,46.79237947,494.83],[8.66508476,46.79232547,494.83],[8.66508809,46.79227181,494.83],[8.66510374,46.79211216,494.85],[8.66510873,46.79205916,494.87],[8.66511605,46.79195484,494.87],[8.66511971,46.79190418,494.85],[8.66512704,46.79185418,494.77],[8.66514004,46.79180485,494.68],[8.66515737,46.79175752,494.6],[8.66522202,46.79161687,494.4],[8.66524302,46.79157187,494.33],[8.66529767,46.79143888,494.27],[8.66531333,46.79139455,494.32],[8.66532733,46.79135122,494.36],[8.66536098,46.79122123,494.2],[8.66537331,46.7911779,494.14],[8.66545628,46.79091792,494.19],[8.66546894,46.79087559,494.27],[8.66555725,46.79063095,494.57],[8.66557291,46.79058962,494.63],[8.66560822,46.79046697,494.84],[8.66562422,46.79042731,495.01],[8.66564555,46.79038898,495.16],[8.66567188,46.79035165,495.29],[8.66570021,46.79031699,495.46],[8.66572787,46.79028333,495.59],[8.66580384,46.79018134,496.23],[8.66581417,46.79016268,496.5],[8.6658175,46.79014335,496.75],[8.66581584,46.79012369,496.96],[8.66580985,46.7901027,497.13],[8.66580185,46.7900787,497.29],[8.66576853,46.78999437,497.68],[8.66575554,46.78996238,497.81],[8.66573188,46.78989472,498.03],[8.66571955,46.78986006,498.11],[8.66567423,46.78975641,498.3],[8.66565957,46.78972108,498.37],[8.66561958,46.78961343,498.55],[8.66560625,46.78957777,498.59],[8.66555928,46.78943612,498.56],[8.66554828,46.78940079,498.54],[8.66552796,46.78933214,498.48],[8.66551797,46.78929848,498.43],[8.66550198,46.78923083,498.32],[8.66549599,46.7891965,498.28],[8.66548633,46.78912517,498.22],[8.66548233,46.78908884,498.2],[8.66547635,46.78901519,498.16],[8.66547302,46.7889782,498.16],[8.66547036,46.78890388,498.16],[8.66547003,46.78886688,498.17],[8.66547235,46.78875723,498.33],[8.66547334,46.78872157,498.37],[8.665476,46.78868591,498.42],[8.66547899,46.78865025,498.49],[8.66547933,46.7885766,498.63],[8.66548133,46.78853994,498.75],[8.66548732,46.78850394,498.85],[8.66552831,46.7883233,499.05],[8.6655373,46.78828764,499.05],[8.66558161,46.78814532,499.16],[8.66559327,46.78810899,499.19],[8.6656206,46.788036,499.21],[8.66563426,46.78800034,499.22],[8.66566625,46.78792835,499.25],[8.66568358,46.78789235,499.29],[8.6657399,46.78778303,499.43],[8.66576123,46.78774637,499.47],[8.66590053,46.78751906,499.79],[8.66592386,46.78748073,499.86],[8.66602517,46.78732408,500.06],[8.66605083,46.78728442,500.1],[8.66613082,46.78716676,500.23],[8.66615682,46.78712776,500.24],[8.6664381,46.78672416,500.6],[8.66646009,46.78669116,500.73],[8.66651907,46.78659451,500.98],[8.66653806,46.78656352,501.04],[8.66663704,46.78639388,501.15],[8.66665337,46.78636722,501.11],[8.66668269,46.7863089,501.04],[8.66669935,46.78627991,501.01],[8.66676267,46.78619359,500.92],[8.666782,46.7861636,500.88],[8.66681632,46.78610194,500.86],[8.66683365,46.78607061,500.88],[8.66695362,46.78588564,500.91],[8.66697328,46.78585531,500.9],[8.6671399,46.78558703,501.72],[8.66715856,46.7855577,501.78],[8.66719189,46.78549838,501.83],[8.66720955,46.78546839,501.84],[8.66724121,46.78540573,501.92],[8.6672572,46.78537407,501.98],[8.66730185,46.78527776,502.1],[8.66731551,46.7852461,502.12],[8.66733616,46.78518211,502.17],[8.66734549,46.78515012,502.25],[8.66738946,46.78498249,502.82],[8.66739745,46.78494816,502.93],[8.66743876,46.78473286,503.36],[8.66744442,46.78469587,503.44],[8.66746206,46.7845089,503.99],[8.66746539,46.78447057,504.09],[8.66748937,46.78427993,504.39],[8.66749536,46.78424194,504.44],[8.66750935,46.78416762,504.53],[8.66751801,46.78413096,504.61],[8.66755199,46.78402097,504.86],[8.66756432,46.78398431,504.96],[8.66757332,46.78394665,505.04],[8.66757631,46.78390799,505.15],[8.66757132,46.78386966,505.24],[8.66755933,46.78383067,505.31],[8.66754067,46.78379201,505.37],[8.66751734,46.78375401,505.42],[8.66748868,46.78371735,505.47],[8.6674007,46.7836147,505.57],[8.66737404,46.78358037,505.57],[8.66735005,46.78354571,505.58],[8.66732839,46.78351038,505.63],[8.66731073,46.78347438,505.67],[8.66729874,46.78343805,505.7],[8.66729208,46.78340106,505.73],[8.66728643,46.78332307,505.77],[8.66728477,46.78328274,505.79],[8.6672861,46.78324108,505.81],[8.66728876,46.78319742,505.85],[8.66730108,46.78306243,506.01],[8.66730308,46.78301777,506.06],[8.66729943,46.78288478,506.16],[8.6672941,46.78284179,506.19],[8.66728544,46.78280046,506.22],[8.66726145,46.78272313,506.31],[8.66724812,46.7826868,506.42],[8.66723246,46.78265214,506.54],[8.66719647,46.78258849,506.93],[8.66717881,46.7825575,507.09],[8.66714881,46.78249218,507.4],[8.66713715,46.78245752,507.54],[8.66712849,46.78242152,507.68],[8.66712149,46.78238252,507.78],[8.6671025,46.78224853,507.92],[8.66709584,46.78219787,507.86],[8.66707785,46.78209354,507.72],[8.66706885,46.78204088,507.66],[8.66705919,46.78198955,507.63],[8.66702554,46.7818459,507.67],[8.66701654,46.78180257,507.71],[8.66699522,46.78167858,507.9],[8.66698689,46.78163892,507.95],[8.6669769,46.7815566,507.98],[8.6669749,46.78151261,507.97],[8.66697523,46.78141762,507.86],[8.66697622,46.78136696,507.78],[8.66698487,46.78115232,507.37],[8.66698321,46.78109833,507.29],[8.66697955,46.781046,507.22],[8.66697422,46.78099667,507.22],[8.66695456,46.78090534,507.27],[8.66694023,46.78086334,507.3],[8.66689024,46.78074003,507.33],[8.66687325,46.78069837,507.32],[8.6668336,46.78061338,507.32],[8.66681327,46.78056972,507.27],[8.66679028,46.78052672,507.22],[8.66676528,46.78048373,507.13],[8.66667997,46.78035575,507.03],[8.66665098,46.78031442,507.06],[8.666534,46.78015777,507.31],[8.66650601,46.78012044,507.36],[8.66631937,46.77985815,507.79],[8.66629204,46.77981982,507.84],[8.66624172,46.7797405,507.93],[8.66621739,46.77970051,507.97],[8.66614808,46.7795792,508.05],[8.66612208,46.77953854,508.06],[8.66595479,46.77930024,508.31],[8.66592879,46.77925924,508.33],[8.66582147,46.77905059,508.49],[8.66580281,46.77900959,508.58],[8.66576915,46.77892827,508.73],[8.66575382,46.77888828,508.79],[8.66571651,46.7787653,509.03],[8.66570452,46.77872497,509.1],[8.6656459,46.778473,509.41],[8.66563757,46.77843034,509.45],[8.66562525,46.77834436,509.55],[8.66562026,46.77830036,509.64],[8.66560661,46.77812271,509.89],[8.66560261,46.77807805,509.94],[8.66559228,46.77799006,510.03],[8.66558829,46.77794573,510.09],[8.6655833,46.77785841,510.17],[8.6655803,46.77781408,510.22],[8.66557098,46.77772676,510.3],[8.66556198,46.7776831,510.33],[8.66554699,46.77764044,510.36],[8.66552333,46.77760011,510.38],[8.66543135,46.7774828,510.43],[8.66540069,46.77744281,510.46],[8.66537303,46.77740148,510.53],[8.66534837,46.77735882,510.62],[8.66526239,46.77718616,511.03],[8.66524273,46.77714283,511.1],[8.66520475,46.77705383,511.19],[8.66518542,46.77700883,511.21],[8.6651521,46.77691218,511.25],[8.66513777,46.77686119,511.25],[8.66511311,46.77675753,511.28],[8.66510045,46.77670554,511.28],[8.66505881,46.7765029,511.31],[8.66504915,46.77645357,511.34],[8.66504215,46.77640491,511.38],[8.66503782,46.77635625,511.43],[8.66503517,46.7762126,511.58],[8.66503583,46.77616527,511.65],[8.66504249,46.77607161,511.77],[8.66504615,46.77602528,511.82],[8.66504981,46.77593395,511.96],[8.66505114,46.77588895,512.04],[8.66506912,46.77566263,512.34],[8.66507511,46.77561697,512.4],[8.66508444,46.77557064,512.44],[8.66509544,46.77552431,512.48],[8.66512143,46.77543232,512.55],[8.66513476,46.77538666,512.59],[8.66518107,46.77520269,512.91],[8.66519373,46.77515703,512.99],[8.66522172,46.77506604,513.1],[8.66523671,46.77502104,513.14],[8.66526937,46.77493071,513.19],[8.66528603,46.77488505,513.21],[8.66530302,46.77483972,513.22],[8.66532102,46.77479439,513.24],[8.66536135,46.77470406,513.26],[8.66538201,46.77465906,513.27],[8.66539967,46.77461307,513.27],[8.66541566,46.77456708,513.27],[8.66546065,46.77443276,513.29],[8.66547764,46.77438943,513.31],[8.66549864,46.77434777,513.32],[8.66557863,46.77422079,513.4],[8.66560629,46.77417846,513.43],[8.66566661,46.77409513,513.46],[8.66569861,46.77405447,513.53],[8.66579759,46.77393849,513.76],[8.66583125,46.77390183,513.84],[8.6660972,46.77362321,514.48],[8.66612953,46.77358922,514.53],[8.66626784,46.77345324,514.67],[8.66630383,46.77341858,514.71],[8.66646548,46.77325293,514.97],[8.66649114,46.77323727,515],[8.66650847,46.77323428,515.02],[8.6665118,46.77324327,515.1],[8.66650214,46.7732626,515.16],[8.66648848,46.7732896,515.2],[8.66648082,46.77332193,515.25],[8.66648715,46.77335626,515.27],[8.66650748,46.77338826,515.31],[8.66653681,46.77341692,515.33],[8.66657447,46.77344291,515.38],[8.66661713,46.77346691,515.42],[8.66671379,46.77350923,515.5],[8.66677012,46.77352956,515.54],[8.66682978,46.77354256,515.58],[8.66689277,46.7735359,515.66],[8.6669541,46.77353756,515.7],[8.66700976,46.77354856,515.75],[8.66705975,46.77356622,515.75],[8.66710675,46.77358621,515.73],[8.66715175,46.77360854,515.7],[8.66719308,46.7736322,515.69],[8.66726706,46.77368486,515.63],[8.66730206,46.77371152,515.63],[8.66757836,46.77394782,515.69],[8.66761735,46.77397515,515.63],[8.66769601,46.77401914,515.51],[8.66773734,46.7740388,515.48],[8.667783,46.77405446,515.44],[8.66783333,46.77406146,515.4],[8.66788433,46.77405747,515.32],[8.66793166,46.77404181,515.25],[8.66796899,46.77401781,515.19],[8.66799365,46.77398715,515.19],[8.66801064,46.77395382,515.24],[8.66803697,46.77388183,515.44],[8.66804896,46.77384717,515.57],[8.66807762,46.77377984,515.86],[8.66809428,46.77374651,516],[8.66813427,46.77368152,516.28],[8.66815693,46.77365019,516.41],[8.66820925,46.77358853,516.65],[8.66823724,46.77355853,516.84],[8.66836456,46.77343956,517.45],[8.66839856,46.7734089,517.59],[8.66850621,46.77331991,517.97],[8.66854354,46.77329058,518.05],[8.66861719,46.77323492,518.2],[8.66865385,46.77320826,518.25],[8.66895881,46.77299297,518.55],[8.66899147,46.77296398,518.57],[8.66901447,46.77293165,518.61],[8.66902613,46.77289899,518.61],[8.66903945,46.77284233,518.58],[8.66905478,46.77282033,518.58],[8.66908044,46.77280767,518.55],[8.66911677,46.77280401,518.48],[8.6691611,46.77280302,518.46],[8.66921043,46.77279836,518.44],[8.66926042,46.77278703,518.44],[8.66930808,46.77276837,518.44],[8.66935308,46.77274371,518.44],[8.66939741,46.77271638,518.44],[8.66944207,46.77268705,518.44],[8.66962272,46.77255508,518.51],[8.66967005,46.77251975,518.56],[8.66980904,46.77241143,518.62],[8.66985503,46.77237443,518.58],[8.66994369,46.77229877,518.48],[8.66998569,46.77226044,518.44],[8.67002569,46.77222178,518.39],[8.67006302,46.77218112,518.27],[8.67009835,46.77214079,518.18],[8.67026499,46.77193415,518.27],[8.67029799,46.77189249,518.29],[8.67036064,46.77180783,518.34],[8.67039063,46.77176484,518.32],[8.67044662,46.77167852,518.29],[8.67047161,46.77163452,518.32],[8.67049394,46.77159086,518.35],[8.6705126,46.7715472,518.4],[8.67060624,46.77129223,518.59],[8.67062057,46.77125157,518.64],[8.67066855,46.77112992,518.84],[8.67068521,46.77108893,518.9],[8.67076851,46.77088595,519.4],[8.6707835,46.77084896,519.5],[8.6708998,46.77058902,520.55],[8.67091046,46.77055836,520.64],[8.67092679,46.77049704,520.77],[8.67093178,46.77046638,520.83],[8.67093444,46.77043739,520.87],[8.67093477,46.77040939,520.95],[8.67092911,46.77038373,521.05],[8.67092045,46.77036107,521.16],[8.67090046,46.77031042,521.49],[8.67089713,46.77030109,521.58],[8.67087983,46.77027445,521.75],[8.67087883,46.77027279,521.77],[8.67087618,46.77027811,521.93],[8.67087285,46.77028511,522.01],[8.67086652,46.77028977,522.07],[8.67085686,46.77028944,522.12],[8.67079588,46.77026348,522.29],[8.67079255,46.77026614,522.32],[8.67079554,46.77027314,522.37],[8.67080154,46.7702828,522.4],[8.6708112,46.77029179,522.41],[8.67082453,46.77030012,522.4],[8.67083886,46.77030412,522.37],[8.67085152,46.77030346,522.34],[8.67085851,46.77029782,522.26],[8.67088617,46.77022416,522.44],[8.67088484,46.77020617,522.49],[8.67088251,46.77018517,522.54],[8.67085855,46.77005286,522.79],[8.67085655,46.77002453,522.87],[8.67085022,46.76999687,522.94],[8.67084089,46.76996854,523.09],[8.6708279,46.76990955,523.24],[8.67082291,46.76987922,523.29],[8.67081925,46.76984856,523.37],[8.67081925,46.76981757,523.46],[8.67082458,46.76978691,523.52],[8.67083758,46.76975625,523.59],[8.67085824,46.76972659,523.65],[8.6708859,46.76969893,523.69],[8.67091856,46.7696736,523.75],[8.67095522,46.76965194,523.81],[8.67099555,46.76963261,523.87],[8.67137652,46.76949563,524.57],[8.67141951,46.7694803,524.61],[8.67154249,46.76943164,524.83],[8.67158382,46.76941464,524.9],[8.67170248,46.76936066,525.21],[8.67173781,46.76933866,525.32],[8.67176747,46.76931367,525.32],[8.67179213,46.76928634,525.65],[8.67181212,46.76925834,525.79],[8.67182678,46.76922868,525.92],[8.67183611,46.76919802,526.03],[8.67184077,46.76916669,526.15],[8.67184343,46.76913503,526.23],[8.67184509,46.76906971,526.52],[8.67184608,46.76903638,526.66],[8.67184509,46.76900205,526.8],[8.67184043,46.76896772,526.92],[8.67183244,46.76893239,527.01],[8.67180945,46.76886006,527.11],[8.67179646,46.7688224,527.13],[8.67178013,46.76878441,527.17],[8.6717618,46.76874575,527.17],[8.67174047,46.76870576,527.24],[8.67171447,46.76866576,527.24],[8.67165081,46.7685841,527.17],[8.67161381,46.76854277,527.08],[8.67141417,46.76833112,526.5],[8.67137218,46.76828746,526.54],[8.6711072,46.76803849,526.58],[8.67106387,46.76799883,526.45],[8.67079824,46.7677622,526.29],[8.67076191,46.76773287,526.39],[8.67072525,46.76770487,526.54],[8.67068726,46.76767787,526.72],[8.6706486,46.76765321,526.9],[8.67060961,46.76763021,527.05],[8.67056995,46.76761055,527.05],[8.67049196,46.7675819,527.46],[8.67045397,46.76757124,527.63],[8.67041598,46.76756391,527.78],[8.67037865,46.76755891,527.92],[8.67030666,46.76755359,528.19],[8.67027166,46.76755359,528.35],[8.67019667,46.76756058,528.61],[8.67015701,46.76756691,528.72],[8.67007636,46.7675849,529.07],[8.67003736,46.76759523,529.25],[8.66986072,46.76765453,530.37],[8.66982739,46.76766719,530.61],[8.66949012,46.76780314,533.17],[8.66945913,46.7678158,533.38],[8.66924084,46.76789809,534.9],[8.66921084,46.76791008,534.9],[8.66918085,46.76792041,535.34],[8.66915085,46.7679284,535.54],[8.66911952,46.76793206,535.72],[8.66908686,46.76793173,535.9],[8.66905386,46.76792607,536.05],[8.66902153,46.76791674,536.19],[8.66898853,46.76790574,536.34],[8.66892888,46.76787942,536.63],[8.66890322,46.76786476,536.79],[8.66888022,46.76784777,536.94],[8.66885922,46.76782911,537.08],[8.66880024,46.7677688,537.57],[8.66878191,46.7677508,537.72],[8.66875025,46.76772247,537.96],[8.66873659,46.76771048,538.03],[8.66866095,46.76763651,538.72],[8.66864362,46.76762085,538.89],[8.66855997,46.76755986,539.53],[8.66853831,46.7675432,539.73],[8.66841399,46.76744357,540.83],[8.66839433,46.76742858,541.05],[8.66833134,46.76738592,541.42],[8.66830935,46.76737126,541.61],[8.66823704,46.76733261,542.26],[8.66821071,46.76732128,542.47],[8.66818338,46.76731128,542.64],[8.66815672,46.76730195,542.83],[8.66801842,46.76726097,543.78],[8.66799076,46.76725164,543.94],[8.66793511,46.76723198,544.34],[8.66790745,46.76722165,544.52],[8.66776981,46.76716699,545.46],[8.66774115,46.76715666,545.66],[8.66762517,46.76712234,546.44],[8.66759551,46.76711668,546.65],[8.66756518,46.76711168,546.83],[8.66753552,46.76710802,547.03],[8.66750519,46.76710602,547.22],[8.66747553,46.76710469,547.49],[8.66738688,46.76710668,548.18],[8.66735922,46.76710768,548.43],[8.66723525,46.76711432,549.57],[8.66720959,46.76711498,549.8],[8.66708461,46.76711133,550.9],[8.66705995,46.76711133,551.07],[8.66701063,46.76710601,551.47],[8.66698564,46.76710268,551.64],[8.66693798,46.76709169,551.99],[8.66691399,46.7670857,552.16],[8.666842,46.76707572,552.69],[8.66682067,46.76707106,552.85],[8.66673103,46.76704275,553.48],[8.66670837,46.76703475,553.66],[8.66664105,46.76700643,554.18],[8.66662005,46.76699577,554.35],[8.66659905,46.76698444,554.73],[8.66657939,46.76697178,554.88],[8.66654307,46.76694312,555.23],[8.66652507,46.76692846,555.39],[8.66646375,46.76689047,555.85],[8.66644342,46.76687714,556.03],[8.66640076,46.76685348,556.33],[8.6663791,46.76684248,556.45],[8.66625979,46.76679285,557.34],[8.66623446,46.76678352,557.51],[8.66615748,46.76676354,558.13],[8.66613082,46.76675788,558.33],[8.66607783,46.76674822,558.73],[8.6660515,46.76674456,558.95],[8.66597085,46.7667399,559.58],[8.66594386,46.7667379,559.79],[8.66572056,46.76671696,561.45],[8.66569223,46.76671463,561.68],[8.66555191,46.76670565,562.77],[8.66552458,46.76670332,563],[8.66541427,46.76669001,563.78],[8.66538594,46.76668735,563.97],[8.6652473,46.76668071,564.73],[8.66521897,46.76667971,565.1],[8.66497401,46.76669133,566.7],[8.66494868,46.76669133,567.24],[8.66482036,46.76667936,568.31],[8.6647947,46.76667703,568.53],[8.66471771,46.76666671,569.12],[8.66469138,46.76666405,569.3],[8.66463806,46.76666073,569.68],[8.6646114,46.7666584,569.86],[8.66450875,46.76663942,570.7],[8.66448242,46.76663309,570.9],[8.66440711,46.76660811,571.49],[8.66438045,46.76660011,571.65],[8.66415748,46.76654749,572.93],[8.66412882,46.76654183,573.09],[8.66386186,46.76650054,574.33],[8.66383187,46.76649621,574.45],[8.66371289,46.76648324,575.13],[8.66368256,46.76648191,575.31],[8.66359191,46.76648324,575.88],[8.66356125,46.76648523,576.07],[8.66353092,46.76648856,576.25],[8.66350059,46.76649222,576.45],[8.66341026,46.76650787,576.98],[8.66338027,46.76651187,577.17],[8.66299499,46.76659547,579.3],[8.66296533,46.7666008,579.5],[8.66284601,46.76661178,580.17],[8.66281735,46.76661378,580.33],[8.66272836,46.76661544,580.83],[8.66269803,46.76661411,580.96],[8.66260271,46.76660013,581.41],[8.66256905,46.7665948,581.53],[8.66234241,46.76655118,582.36],[8.66231008,46.76654485,582.49],[8.66205578,46.76648554,583.87],[8.66202312,46.76647788,584.03],[8.66186615,46.76644391,584.77],[8.66183449,46.76643658,584.92],[8.66180283,46.76642858,585.06],[8.66177117,46.76641992,585.21],[8.66170784,46.76639926,585.51],[8.66167618,46.76638893,585.67],[8.6615832,46.76635328,586.13],[8.66155287,46.76633995,586.29],[8.66152388,46.76632462,586.44],[8.66149522,46.76630896,586.6],[8.66136958,46.76623532,587.45],[8.66136125,46.76623133,587.6],[8.66118892,46.76607934,589.54],[8.66114492,46.76602168,589.73],[8.66109792,46.76596969,589.89],[8.66105959,46.76592603,590.08],[8.6609656,46.76583138,590.63],[8.66093894,46.76580638,590.82],[8.6608353,46.76571939,591.6],[8.6608083,46.76569906,591.76],[8.66078031,46.76567907,591.91],[8.66075198,46.76565874,592.07],[8.66069166,46.76562041,592.36],[8.66066,46.76560241,592.51],[8.660628,46.76558542,592.7],[8.66059601,46.76556876,592.85],[8.66052935,46.7655381,593.16],[8.66049435,46.76552344,593.35],[8.66031005,46.76545479,594.3],[8.66027372,46.76544146,594.55],[8.66020239,46.76541747,594.96],[8.66016706,46.76540647,595.16],[8.65992409,46.76533816,596.32],[8.65988743,46.76532883,596.51],[8.65981244,46.7653125,596.88],[8.65977511,46.76530417,597.04],[8.65966313,46.76528285,597.52],[8.6596268,46.76527519,597.65],[8.65952015,46.76524788,597.96],[8.65948715,46.76523689,598.3],[8.6593565,46.76518791,598.89],[8.6593265,46.76517292,599.02],[8.65929751,46.76515593,599.16],[8.65926951,46.7651376,599.3],[8.65921552,46.76509895,599.55],[8.65919153,46.76507829,599.68],[8.65913221,46.76501063,600.13],[8.65911421,46.7649873,600.29],[8.65909888,46.76496297,600.61],[8.65908522,46.76493864,600.78],[8.65907289,46.76491331,600.92],[8.65906189,46.76488831,601.04],[8.65904523,46.76483899,601.28],[8.65903957,46.764815,601.29],[8.65902759,46.7646977,602.05],[8.65902959,46.76467504,602.2],[8.65903258,46.76465171,602.34],[8.65903791,46.76462905,602.46],[8.65906657,46.76453708,603.08],[8.65907323,46.76451308,603.25],[8.65909554,46.7644171,603.99],[8.65910087,46.76439244,604.2],[8.65911452,46.76431913,604.8],[8.65911918,46.76429514,605],[8.65914683,46.76412316,606.42],[8.65915116,46.76409883,606.62],[8.65917147,46.76400052,607.49],[8.6591778,46.76397653,607.69],[8.65919346,46.76392888,608.06],[8.65920312,46.76390488,608.28],[8.6592391,46.76383389,608.88],[8.65925109,46.76381123,609.05],[8.6592884,46.76375191,609.67],[8.65930006,46.76373258,609.85],[8.6593437,46.76362861,610.81],[8.65935203,46.76360728,611.01],[8.65935736,46.76358595,611.23],[8.65935869,46.76356529,611.46],[8.6593577,46.7635443,611.67],[8.65935304,46.76352364,611.92],[8.65934338,46.76350365,612.14],[8.65932972,46.76348465,612.37],[8.65931206,46.76346565,612.62],[8.65929206,46.76344766,612.89],[8.6592694,46.76343067,613.09],[8.65924607,46.76341467,613.32],[8.65919675,46.76338368,613.74],[8.65917242,46.76336935,613.93],[8.65906943,46.76331137,614.58],[8.65904343,46.76329704,614.75],[8.65893212,46.76324639,615.28],[8.65890512,46.76323306,615.39],[8.65880614,46.76317641,615.81],[8.65878348,46.76316075,615.91],[8.65874082,46.76312842,616.11],[8.65872016,46.76311209,616.24],[8.6586272,46.76302645,616.76],[8.65860654,46.76300946,617.08],[8.65848923,46.76292215,617.84],[8.65846457,46.76290382,617.94],[8.65834461,46.76280851,618.86],[8.65831995,46.76278885,619.07],[8.65802966,46.76256426,621.25],[8.65800366,46.7625436,621.47],[8.65775738,46.76236866,623],[8.65773005,46.76235167,623.11],[8.65770205,46.76233601,623.25],[8.65767239,46.76232135,623.35],[8.65761174,46.76229335,623.52],[8.65758075,46.76228069,623.6],[8.65754775,46.7622687,623.64],[8.6574791,46.76225104,623.77],[8.65744577,46.76224105,623.83],[8.65741478,46.76222839,623.91],[8.65738545,46.76221406,623.97],[8.65733113,46.76218241,624.16],[8.65730647,46.76216608,624.29],[8.6572195,46.76209811,624.7],[8.65719751,46.76208145,624.79],[8.65717385,46.76206479,624.87],[8.65711886,46.76203246,624.98],[8.6570892,46.7620158,625.05],[8.65668626,46.7618092,625.84],[8.6566516,46.76179054,625.92],[8.65647363,46.76170491,626.48],[8.6564373,46.76168825,626.6],[8.6563693,46.7616496,626.81],[8.65633831,46.7616276,626.89],[8.65630965,46.76160327,626.96],[8.65628365,46.76157728,627.03],[8.65625999,46.76154962,627.07],[8.65623966,46.76152029,627.11],[8.656223,46.76148863,627.17],[8.65617003,46.76135266,627.48],[8.6561567,46.76131666,627.53],[8.65610505,46.76116302,627.69],[8.65609105,46.76112169,627.72],[8.6560444,46.76099804,627.8],[8.65602441,46.76095805,627.83],[8.65600008,46.76091939,627.88],[8.65597109,46.76088306,627.9],[8.65593809,46.76084773,627.94],[8.65589943,46.7608154,627.94],[8.65585943,46.76078374,627.94],[8.65577645,46.76072475,628],[8.65573179,46.76069876,628.03],[8.65563814,46.76065544,628.21],[8.65558948,46.76063878,628.31],[8.65548716,46.76061546,628.48],[8.6554365,46.76060713,628.58],[8.65533484,46.76059614,628.8],[8.65528618,46.76059448,628.91],[8.65523852,46.76059382,629.02],[8.65519186,46.76059382,629.11],[8.65505354,46.76059848,629.44],[8.65500821,46.76060114,629.55],[8.65492123,46.76061279,629.87],[8.65487857,46.76062112,630.01],[8.65457294,46.76069943,631.07],[8.65452694,46.76071109,631.19],[8.65433996,46.7607464,631.6],[8.65429196,46.76075373,631.69],[8.65373103,46.76083167,633.17],[8.65368403,46.76083833,633.28],[8.65322207,46.76090761,634.52],[8.65317541,46.7609146,634.63],[8.6527728,46.76097088,635.53],[8.65272914,46.76097621,635.61],[8.6526005,46.76098719,635.91],[8.65255784,46.76098919,636],[8.65251551,46.76099052,636.15],[8.65247252,46.76099152,636.29],[8.6523472,46.76099053,636.75],[8.65230621,46.76098954,636.89],[8.65211357,46.76097656,637.73],[8.65207824,46.76097323,637.89],[8.65200991,46.76096524,638.21],[8.65197658,46.76096125,638.4],[8.65187993,46.76094593,638.85],[8.65184727,46.76094027,639.03],[8.65171795,46.7609123,639.77],[8.65168562,46.76090597,639.97],[8.65129935,46.76081669,641.85],[8.65126669,46.76080936,642.01],[8.65117237,46.76079137,642.52],[8.65114171,46.76078537,642.69],[8.65098574,46.76074906,643.69],[8.65095174,46.7607414,643.85],[8.65062412,46.76067077,645.49],[8.65058579,46.76066211,645.69],[8.65047015,46.76063778,646.3],[8.65043182,46.76062978,646.51],[8.65027517,46.76060247,647.44],[8.65023518,46.76059614,647.65],[8.65019485,46.76059114,647.9],[8.65015452,46.76058581,648.13],[8.64998954,46.76057383,649.1],[8.64994855,46.76057217,649.32],[8.64949259,46.7605768,651.73],[8.64944926,46.76057746,651.92],[8.64936361,46.76057614,652.26],[8.64932161,46.76057515,652.44],[8.64912129,46.76056684,653.19],[8.64908163,46.76056484,653.32],[8.64896231,46.76055385,653.66],[8.64892231,46.76054686,653.75],[8.64884398,46.76052987,653.94],[8.64880599,46.76052054,654.04],[8.64873166,46.76049789,654.23],[8.648694,46.7604849,654.3],[8.64861901,46.76045491,654.48],[8.64858102,46.76043891,654.56],[8.64850636,46.76040526,654.75],[8.64847037,46.76038727,654.88],[8.64840071,46.76034828,655.04],[8.64836738,46.76032762,655.16],[8.64830505,46.76028363,655.36],[8.64827739,46.7602603,655.43],[8.6482014,46.76018698,655.78],[8.64817674,46.76016232,655.89],[8.64812941,46.76011133,656.11],[8.64810542,46.76008567,656.22],[8.64780548,46.75974542,657.28],[8.64778315,46.75972009,657.39],[8.64762786,46.7595378,658.3],[8.6476052,46.75951147,658.48],[8.64739392,46.75927951,659.84],[8.64736993,46.75925385,660.01],[8.64731527,46.75920553,660.28],[8.64728561,46.75918287,660.41],[8.64725328,46.75916121,660.54],[8.64718162,46.75912555,660.88],[8.64714329,46.75911155,661.03],[8.6470633,46.75909156,661.32],[8.6470223,46.75908423,661.45],[8.64685299,46.75906325,662.02],[8.64681166,46.75905426,662.2],[8.64677333,46.7590406,662.34],[8.64673833,46.75902261,662.5],[8.64671,46.75899895,662.64],[8.64668867,46.75897162,662.74],[8.64667467,46.75894096,662.76],[8.64666668,46.75890763,662.77],[8.64665968,46.75887264,662.79],[8.64665502,46.75883631,662.8],[8.64664803,46.75876098,662.83],[8.64664337,46.75872232,662.86],[8.64663571,46.75868233,662.89],[8.64662471,46.75864234,662.9],[8.64661038,46.75860034,662.91],[8.64659205,46.75855701,662.9],[8.64656972,46.75851302,662.84],[8.64654306,46.75846802,662.79],[8.64634842,46.75817238,662.04],[8.64632076,46.75811905,661.92],[8.6462761,46.75800706,661.71],[8.64625744,46.75794906,661.61],[8.64621079,46.75777074,661.38],[8.64619446,46.75771075,661.31],[8.64617313,46.75765042,661.24],[8.64614647,46.75759043,661.09],[8.64611314,46.7575311,660.95],[8.64607281,46.75747277,660.82],[8.64602548,46.75741677,660.64],[8.64597249,46.75736144,660.45],[8.64585683,46.75725144,660.11],[8.6457925,46.75719778,659.95],[8.64572051,46.75714612,659.79],[8.64563952,46.75709946,659.58],[8.64555086,46.7570558,659.38],[8.64545253,46.75701747,659.19],[8.6453452,46.75698548,658.97],[8.64523087,46.75695882,658.64],[8.64511254,46.75693549,658.22],[8.64474122,46.75687084,657.19],[8.64461789,46.75684818,656.88],[8.64449656,46.75682185,656.62],[8.64437923,46.75679052,656.4],[8.64426757,46.75675319,656.15],[8.64416091,46.75671086,655.93],[8.64405925,46.75666487,655.73],[8.64395992,46.75661654,655.52],[8.64376894,46.75651788,655.23],[8.64367661,46.75646922,655.12],[8.64359128,46.75641723,655.05],[8.64351729,46.75636123,655],[8.64346163,46.75630023,654.95],[8.6434303,46.7562359,654.85],[8.6434293,46.75617124,654.76],[8.64345696,46.75610758,654.66],[8.64350995,46.75605092,654.59],[8.64358461,46.75600726,654.52],[8.64366994,46.75597727,654.52],[8.64375994,46.75595794,654.53],[8.64403326,46.75592363,654.62],[8.64411859,46.75590563,654.67],[8.64419359,46.75587964,654.71],[8.64425692,46.75584565,654.74],[8.64430525,46.75580432,654.81],[8.64433691,46.75575899,654.88],[8.64435191,46.75571233,654.96],[8.64435025,46.755667,655.04],[8.64433392,46.755625,655.13],[8.64430759,46.75558734,655.33],[8.64427693,46.75555335,655.53],[8.64415662,46.75543137,656.4],[8.64413263,46.75540237,656.61],[8.64411364,46.75537238,656.8],[8.64409931,46.75534172,656.97],[8.64408932,46.75531006,657.09],[8.64408466,46.75527706,657.19],[8.64408665,46.75524406,657.29],[8.64409731,46.75521073,657.45],[8.64411697,46.75517874,657.64],[8.64414396,46.75514775,657.79],[8.64417629,46.75511809,657.95],[8.64421362,46.7550911,658.12],[8.64425362,46.75506544,658.27],[8.64437694,46.75499378,658.82],[8.64441927,46.75497012,658.96],[8.64445993,46.75494379,659.07],[8.64449792,46.75491213,659.17],[8.64452858,46.7548748,659.22],[8.64455157,46.7548328,659.22],[8.64456823,46.75478614,659.23],[8.64457956,46.75473681,659.2],[8.64458556,46.75468381,659.2],[8.6445819,46.75462982,659.18],[8.64456824,46.75457616,659.14],[8.64454425,46.7545235,659.05],[8.64451192,46.75447317,658.94],[8.64446959,46.75442551,658.82],[8.64441893,46.75438218,658.68],[8.6443606,46.75434152,658.57],[8.64423494,46.75426587,658.37],[8.64417061,46.75422854,658.31],[8.64410895,46.75418888,658.23],[8.64405196,46.75414522,658.16],[8.64400297,46.75409622,658.11],[8.64396164,46.75404223,658.06],[8.64392565,46.7539849,658.04],[8.64389399,46.7539249,657.98],[8.64383567,46.75379692,657.86],[8.64380867,46.75373059,657.82],[8.64378301,46.75366293,657.77],[8.64375902,46.7535936,657.7],[8.64371369,46.75345228,657.58],[8.64369203,46.75338095,657.45],[8.64365537,46.75323662,657.08],[8.64363904,46.75316296,656.91],[8.64350908,46.75254034,655.28],[8.64349409,46.75245801,655.08],[8.64348176,46.75237535,654.9],[8.64347176,46.75229235,654.76],[8.64345677,46.75212536,654.18],[8.64345178,46.7520417,653.95],[8.64344978,46.75195871,653.76],[8.64345444,46.75187571,653.52],[8.6434701,46.75179438,653.38],[8.64349943,46.75171572,653.2],[8.64354209,46.75164006,653.05],[8.64359875,46.7515684,652.86],[8.64366841,46.75150341,652.71],[8.64374774,46.75144408,652.45],[8.6438274,46.75138475,652.12],[8.64389939,46.75132342,651.83],[8.64395938,46.75125709,651.56],[8.64400271,46.7511861,651.34],[8.64402637,46.75111144,651.12],[8.6440277,46.75103678,650.96],[8.64400537,46.75096312,650.81],[8.64396637,46.75089246,650.68],[8.64391838,46.7508238,650.57],[8.64386772,46.7507568,650.53],[8.64381572,46.75068981,650.5],[8.64370573,46.75055982,650.57],[8.64364607,46.75049649,650.62],[8.64358308,46.75043516,650.62],[8.64344842,46.75031383,650.59],[8.64337776,46.7502535,650.57],[8.64294913,46.74991352,650.11],[8.64288814,46.74985752,649.98],[8.64283614,46.74979952,649.89],[8.64279848,46.74973886,649.78],[8.64277982,46.7496772,649.67],[8.64278115,46.74961754,649.61],[8.64280614,46.74956254,649.59],[8.64284947,46.74951388,649.58],[8.64290646,46.74947155,649.68],[8.64296912,46.74943122,649.77],[8.64303411,46.74939323,649.9],[8.64316443,46.74932124,650.13],[8.64322642,46.74928525,650.27],[8.64328308,46.74924759,650.38],[8.64333241,46.74920793,650.47],[8.64337274,46.74916593,650.58],[8.6434034,46.74912327,650.72],[8.6434254,46.74908194,650.9],[8.64344239,46.74904161,651.11],[8.64346838,46.74896496,651.46],[8.64347837,46.7489283,651.66],[8.64350268,46.74882399,652.25],[8.64351001,46.74879033,652.48],[8.643523,46.74872234,652.84],[8.64352766,46.74868801,653.01],[8.64353398,46.74861969,653.51],[8.64353464,46.7485857,653.72],[8.64353331,46.74855204,653.91],[8.64353131,46.74851838,654.15],[8.64352034,46.7483904,655.01],[8.64351868,46.74836074,655.25],[8.64351968,46.74827209,655.89],[8.64352101,46.74824376,656.12],[8.643526,46.74818743,656.63],[8.64352933,46.74815844,656.85],[8.64353432,46.74812978,657.04],[8.64353898,46.74810112,657.24],[8.64354531,46.74807246,657.45],[8.64355164,46.7480448,657.63],[8.64356829,46.74798981,657.96],[8.64357795,46.74796181,658.1],[8.64363892,46.74782551,658.78],[8.64365192,46.74779918,658.96],[8.64369524,46.74772687,659.59],[8.64371024,46.74770354,659.75],[8.64389652,46.74745094,661.73],[8.64391452,46.74742728,661.84],[8.64399416,46.74733431,662.31],[8.64401315,46.74731132,662.48],[8.64404281,46.74726333,662.98],[8.64405747,46.74723933,663.13],[8.64412343,46.7471137,663.84],[8.64413443,46.7470897,663.99],[8.64417673,46.74697839,664.78],[8.64418439,46.74695573,664.92],[8.64421138,46.74686008,665.43],[8.64421804,46.74683542,665.78],[8.64424502,46.74668411,666.56],[8.64424902,46.74665845,666.87],[8.64425168,46.74663179,666.87],[8.64425301,46.74660513,667.19],[8.64425036,46.74652614,667.48],[8.64425003,46.74649981,667.65],[8.64422874,46.7462162,669.43],[8.64422575,46.7461912,669.62],[8.6442131,46.74611654,670.09],[8.6442091,46.74609155,670.09],[8.64417448,46.74591724,671.11],[8.64416915,46.74589058,671.42],[8.64415616,46.74583692,671.75],[8.64414883,46.74581026,671.89],[8.64412518,46.74573195,672.44],[8.64411685,46.74570595,672.6],[8.64406854,46.74557765,673.38],[8.64405921,46.74555232,673.54],[8.64403789,46.74550166,673.82],[8.6440279,46.74547633,674.01],[8.64399425,46.74540167,674.47],[8.64398259,46.74537634,674.47],[8.64393161,46.74527436,675.05],[8.64391895,46.7452487,675.21],[8.64380766,46.74504207,676.51],[8.64379233,46.74501541,676.63],[8.64370803,46.74487876,677.27],[8.6436907,46.74485077,677.4],[8.64365338,46.74479444,677.68],[8.64363472,46.74476644,677.84],[8.64361473,46.74473778,677.97],[8.64359407,46.74471045,678.09],[8.64350776,46.74460013,678.7],[8.6434861,46.74457214,678.85],[8.64339011,46.74446015,679.5],[8.64336512,46.74443315,679.64],[8.64328846,46.7443525,680.02],[8.64326313,46.74432551,680.16],[8.64315748,46.7442202,680.59],[8.64312982,46.74419421,680.72],[8.64298851,46.74406822,681.35],[8.64295918,46.74404323,681.49],[8.64274389,46.74386724,682.48],[8.64271156,46.74384125,682.6],[8.64261224,46.74376526,682.99],[8.64257858,46.7437406,683.14],[8.64237694,46.74359831,683.96],[8.64234361,46.74357498,684.11],[8.64220863,46.74348566,684.8],[8.6421753,46.74346367,684.93],[8.64203731,46.74337901,685.33],[8.64200165,46.74335768,685.42],[8.64134874,46.74298145,687.54],[8.64131341,46.74296112,687.64],[8.64120376,46.74290115,687.96],[8.64116777,46.74288049,688.09],[8.64109678,46.7428375,688.35],[8.64106145,46.74281617,688.46],[8.64087981,46.74270286,688.81],[8.64083848,46.74267687,688.9],[8.6406715,46.7425619,689.31],[8.64062884,46.74253224,689.41],[8.64046586,46.74241026,689.88],[8.64042553,46.7423786,689.99],[8.64021024,46.74219997,690.43],[8.64018091,46.74217431,690.48],[8.63991966,46.74191869,691.2],[8.63990633,46.74190636,691.27],[8.63984537,46.74184206,691.82],[8.63984004,46.74183573,691.9],[8.63983405,46.74182343,692.18],[8.63984904,46.74178977,692.5],[8.63983505,46.74176711,692.5],[8.63979306,46.74171412,692.54],[8.63977607,46.74168346,692.61],[8.63976307,46.74165046,692.66],[8.63975341,46.74161547,692.72],[8.63974575,46.74157947,692.72],[8.63977441,46.74141214,693.86],[8.63981074,46.74129181,693.99],[8.63984473,46.74120781,694.09],[8.63987639,46.74114648,694.24],[8.63990872,46.74109982,694.35],[8.63994338,46.74106316,694.45],[8.64001703,46.74100217,694.88],[8.64005169,46.74097384,695.15],[8.64011001,46.74091718,695.42],[8.64013234,46.74088685,695.84],[8.64014867,46.74085586,696],[8.640162,46.74082386,696.12],[8.64017399,46.74079087,696.22],[8.64020631,46.74068255,696.27],[8.64021331,46.74064422,696.2],[8.64021497,46.74060556,696.14],[8.64021031,46.74056723,696.08],[8.64020032,46.7405289,696.04],[8.64018499,46.74049124,696.03],[8.64005269,46.74026527,696.08],[8.64002936,46.74022294,695.99],[8.64000103,46.74018028,695.87],[8.6399657,46.74013828,695.72],[8.63992137,46.74009762,695.54],[8.63987038,46.74005763,695.54],[8.63981438,46.74001797,695.26],[8.63975505,46.73997864,695.16],[8.63962906,46.73990298,694.89],[8.6395644,46.73986632,694.77],[8.63931642,46.73973401,694.11],[8.63925809,46.73970568,694.11],[8.63892979,46.73957404,694.47],[8.63887879,46.73955571,694.58],[8.63867615,46.7394894,694.82],[8.63862449,46.73947474,694.87],[8.63857183,46.73946141,694.91],[8.6385185,46.73944875,694.97],[8.63841218,46.73942609,695.11],[8.63835818,46.73941676,695.25],[8.63813821,46.73938811,695.98],[8.63808288,46.73938212,696.09],[8.63786524,46.73936115,696.49],[8.63781058,46.73935582,696.59],[8.6375366,46.73933651,697.13],[8.63748294,46.73933185,697.13],[8.63743061,46.73932452,697.42],[8.63738195,46.73931386,697.57],[8.63732929,46.7393072,697.71],[8.63727463,46.73930154,697.82],[8.63717331,46.73928655,698.1],[8.63712831,46.73927989,698.23],[8.63699633,46.73925457,698.74],[8.63695267,46.73924324,698.94],[8.63691068,46.73922924,699.12],[8.63687002,46.73921291,699.34],[8.6367607,46.73915659,700.03],[8.6367267,46.7391366,700.29],[8.63662904,46.73907562,701.08],[8.63659771,46.73905629,701.36],[8.63626241,46.73883468,703.84],[8.63622842,46.73881235,704.03],[8.63592478,46.73860439,705],[8.63587945,46.73857406,705.05],[8.63573247,46.73846641,705.18],[8.63568181,46.73842408,705.1],[8.63551948,46.73828043,704.76],[8.63546349,46.73822777,704.67],[8.6354065,46.73817277,704.57],[8.63534817,46.73811411,704.48],[8.63510652,46.73786513,703.99],[8.63504286,46.73780247,703.89],[8.63484854,46.73762281,703.7],[8.63478421,46.73756582,703.65],[8.63465355,46.7374555,703.6],[8.63458856,46.73740217,703.57],[8.63452357,46.73735084,703.55],[8.63445857,46.73729985,703.53],[8.63426525,46.73715387,703.61],[8.63420492,46.73710654,703.67],[8.63403461,46.73696756,703.88],[8.63398328,46.73692056,703.92],[8.63393495,46.73687323,703.99],[8.63388862,46.73682524,704.05],[8.63384496,46.73677658,704.09],[8.6338033,46.73672759,704.14],[8.63376364,46.73667793,704.2],[8.63372531,46.7366276,704.24],[8.63368932,46.73657594,704.27],[8.63365599,46.73652361,704.3],[8.63362533,46.73646962,704.34],[8.633595,46.73641596,704.35],[8.63344768,46.73613832,704.19],[8.63341702,46.73608099,704.1],[8.6333217,46.73591234,703.83],[8.6332867,46.73585768,703.76],[8.63313872,46.73564737,703.87],[8.63310039,46.73559771,703.93],[8.6330244,46.73550206,703.99],[8.63298707,46.73545607,704.06],[8.63287409,46.73532975,704.37],[8.63283843,46.73529142,704.51],[8.63273378,46.7351881,705.12],[8.63270079,46.73515777,705.29],[8.6323685,46.73486182,707.4],[8.63234151,46.73484082,707.61],[8.63222086,46.73475317,708.25],[8.63218887,46.73473018,708.42],[8.63208822,46.73466053,708.92],[8.63205289,46.73463787,709.09],[8.6318716,46.73453055,710.01],[8.63183627,46.73450989,710.2],[8.63165963,46.73441092,711.27],[8.6316243,46.73439093,711.54],[8.63155665,46.73434794,711.98],[8.63152399,46.73432661,712.23],[8.63143034,46.73425929,712.88],[8.63140134,46.7342373,713.07],[8.63126803,46.73412565,714.09],[8.63124203,46.73410299,714.32],[8.63121637,46.73407933,714.52],[8.63119171,46.734056,714.68],[8.63109873,46.73395736,715.32],[8.63107674,46.73393137,715.5],[8.63103375,46.73387804,715.86],[8.63101275,46.73385138,716.02],[8.63083613,46.73361277,717.57],[8.63081613,46.73358677,717.72],[8.63073215,46.73348413,718.4],[8.63070982,46.73345814,718.57],[8.63059018,46.73332916,719.46],[8.63056418,46.73330383,719.66],[8.63053785,46.73327883,719.85],[8.63051085,46.7332535,720.02],[8.63036621,46.73313085,720.89],[8.63033555,46.73310552,721.06],[8.63020657,46.73300721,721.67],[8.63017524,46.73298322,721.85],[8.63001626,46.73287157,722.61],[8.62998393,46.73284891,722.74],[8.62981296,46.73273693,723.26],[8.62977763,46.73271394,723.26],[8.62923234,46.73234769,724.23],[8.62918935,46.73231903,724.25],[8.62914435,46.73229203,724.26],[8.62909802,46.73226837,724.29],[8.62905269,46.73225071,724.34],[8.62901169,46.73223838,724.37],[8.62897836,46.73222939,724.39],[8.62892272,46.73220841,724.45],[8.62891839,46.73220741,724.45],[8.62892305,46.73216375,724.37],[8.6288974,46.73213176,724.48],[8.62887974,46.73211043,724.48],[8.62885674,46.7320861,724.48],[8.62882741,46.73206011,724.51],[8.62871675,46.7319738,724.58],[8.62867542,46.73194347,724.58],[8.62863276,46.73191248,724.58],[8.6285891,46.73188082,724.58],[8.62830279,46.73168719,724.6],[8.6282528,46.73165286,724.59],[8.62795882,46.73144556,724.6],[8.62791016,46.7314119,724.68],[8.62735189,46.73103498,725.6],[8.62730656,46.73100498,725.72],[8.6269306,46.73074735,726.53],[8.6268906,46.73071935,726.71],[8.62672661,46.73061137,726.94],[8.62668362,46.73058471,726.99],[8.62659263,46.73053572,727.14],[8.62654563,46.73051273,727.36],[8.6264983,46.7304904,727.45],[8.6264513,46.73046807,727.52],[8.6263573,46.73042775,727.76],[8.6263103,46.73040942,727.89],[8.626087,46.73032677,728.52],[8.62604367,46.73031111,728.88],[8.62565839,46.73017782,730.65],[8.62561673,46.73016316,730.65],[8.6253661,46.73007252,731.81],[8.62532544,46.73005753,732.23],[8.62516346,46.72999522,732.9],[8.62512413,46.72997922,733.1],[8.62508614,46.72996223,733.46],[8.62504848,46.7299439,733.66],[8.62490016,46.72986558,734.25],[8.6248645,46.72984425,734.59],[8.62479484,46.72979726,734.77],[8.62476184,46.7297726,735.12],[8.62466885,46.72969628,735.69],[8.62464019,46.72967062,735.87],[8.6246122,46.72964362,736.02],[8.62458554,46.72961596,736.16],[8.62450556,46.72952898,736.57],[8.62447956,46.72949932,736.72],[8.62424526,46.72921136,737.77],[8.62421893,46.72917803,737.77],[8.62413528,46.72908104,737.95],[8.62410795,46.72904871,738],[8.62397197,46.72888472,738.26],[8.62394664,46.72885139,738.34],[8.62387632,46.72874974,738.53],[8.62385466,46.72871541,738.57],[8.62372936,46.72849811,738.99],[8.62370736,46.72846045,739.03],[8.62368403,46.72842245,739.07],[8.62366004,46.72838479,739.12],[8.62360871,46.7283108,739.27],[8.62358138,46.72827447,739.38],[8.62355172,46.72823948,739.49],[8.62352139,46.72820515,739.59],[8.62342841,46.72810516,739.79],[8.62339808,46.72807183,739.84],[8.62327211,46.72794352,740.32],[8.62326611,46.72793819,740.32],[8.62326944,46.72791919,740.74],[8.62328377,46.72791753,740.7],[8.6233031,46.72792152,740.7],[8.62332376,46.72793152,740.59],[8.62336375,46.72796551,740.53],[8.62339008,46.72797884,740.49],[8.62351139,46.72801248,740.42],[8.62352772,46.72802014,740.43],[8.62358537,46.72806311,740.36],[8.62359203,46.7280691,740.35],[8.62359635,46.72807509,740.35],[8.62359302,46.72811542,740.53],[8.62355869,46.72811542,740.56],[8.62352003,46.72810809,740.58],[8.62348037,46.72809143,740.6],[8.62344137,46.72806844,740.6],[8.62336439,46.72800879,740.47],[8.6233284,46.72797613,740.41],[8.62312176,46.72776916,740.44],[8.62308676,46.72773583,740.49],[8.62305043,46.72770217,740.49],[8.6230141,46.72766951,740.56],[8.62293878,46.72760652,740.73],[8.62290178,46.72757753,740.73],[8.62282779,46.72752087,741.27],[8.62279046,46.72749321,741.49],[8.62264182,46.7273879,742.18],[8.62260482,46.72736224,742.18],[8.62253283,46.72730858,742.55],[8.6224975,46.72728325,742.55],[8.62242718,46.72723359,743.03],[8.62239185,46.72720959,743.18],[8.6222522,46.72711695,743.86],[8.62221754,46.72709429,744.02],[8.62212022,46.72702631,744.55],[8.62208789,46.72700398,744.69],[8.6220279,46.72695833,744.97],[8.62199857,46.72693567,744.97],[8.62190393,46.72687135,745.3],[8.62187327,46.72684902,745.43],[8.62175596,46.72676238,746.12],[8.6217273,46.72674105,746.12],[8.62164731,46.7266764,746.65],[8.62162065,46.7266554,747.04],[8.62148234,46.72654942,748.08],[8.62145535,46.72652876,748.08],[8.62125172,46.72637779,749.36],[8.62122139,46.72635513,749.56],[8.6211654,46.72630514,750.13],[8.62114107,46.72627881,750.13],[8.62111908,46.72625081,750.32],[8.62109909,46.72622248,750.74],[8.62108276,46.72619382,750.74],[8.6210701,46.72616382,750.96],[8.62106044,46.72613316,751.36],[8.62105344,46.72610217,751.52],[8.62103479,46.72596952,752.05],[8.62102813,46.72593486,752.17],[8.62099681,46.72582688,752.49],[8.62098315,46.72579088,752.57],[8.62096782,46.72575555,752.57],[8.62095049,46.72572022,752.72],[8.62087518,46.72558024,753.03],[8.62085619,46.72554491,753.03],[8.62083686,46.72551058,753.19],[8.62081686,46.72547659,753.19],[8.62077453,46.72541026,753.43],[8.62075254,46.7253766,753.49],[8.62072888,46.7253436,753.57],[8.62070389,46.72531127,753.67],[8.62065123,46.72524795,753.88],[8.62062457,46.72521696,753.96],[8.62054158,46.72512531,754.24],[8.62051292,46.72509465,754.33],[8.62028162,46.72485134,755.15],[8.62025229,46.72481935,755.15],[8.62002299,46.72455804,756.25],[8.61999566,46.72452571,756.39],[8.619912,46.72443339,756.76],[8.61988434,46.72440306,756.94],[8.61943308,46.72387549,758.71],[8.61940642,46.7238445,758.81],[8.61938042,46.72381251,758.98],[8.61935543,46.72377985,759.05],[8.61930744,46.72371319,759.25],[8.61928478,46.72367886,759.25],[8.61922613,46.72357487,759.64],[8.61920813,46.72353954,759.83],[8.61907884,46.72325991,760.95],[8.61906384,46.72322458,760.95],[8.61892491,46.72283163,762.95],[8.61891158,46.7227953,762.95],[8.61888492,46.72272364,763.52],[8.61887092,46.72268798,763.73],[8.6188256,46.72258233,764.09],[8.61880794,46.722547,764.28],[8.61872863,46.72240903,765.18],[8.6187073,46.72237504,765.33],[8.61844735,46.72197611,767.12],[8.61842602,46.72194412,767.44],[8.61831238,46.72178548,767.87],[8.61829072,46.72175382,767.99],[8.61827073,46.72172216,768.05],[8.6182504,46.72168983,768.05],[8.61815643,46.72153052,768.33],[8.61813744,46.72149919,768.4],[8.61809578,46.72143687,768.61],[8.61807278,46.72140588,768.73],[8.61802312,46.72134522,768.93],[8.61799679,46.72131489,768.93],[8.61791247,46.7212269,769.36],[8.61788348,46.72119957,769.53],[8.61776051,46.72109259,770.17],[8.61772952,46.72106626,770.33],[8.61763754,46.72099227,770.92],[8.61760721,46.72096728,771.09],[8.61742158,46.72081032,772.09],[8.61739125,46.72078399,772.27],[8.61727294,46.72067568,772.84],[8.61724395,46.72064835,773.21],[8.61718996,46.72059302,773.56],[8.6171643,46.72056502,773.74],[8.61713797,46.72053602,773.74],[8.61711231,46.72050769,774.1],[8.61704099,46.72041938,774.58],[8.617018,46.72038872,774.76],[8.61675141,46.72000046,777.02],[8.61673308,46.71997346,777.02],[8.61663678,46.71984316,777.81],[8.61661712,46.71981717,778.17],[8.61653081,46.71971452,778.84],[8.61650948,46.71969019,779.02],[8.6164475,46.7196202,779.41],[8.61642617,46.71959687,779.61],[8.61640251,46.71957421,779.79],[8.61637852,46.71955122,780.16],[8.61627554,46.71946391,780.95],[8.61624954,46.71944258,781.15],[8.61599894,46.71924563,782.9],[8.61597228,46.71922663,783.24],[8.61586364,46.71915532,783.89],[8.61583598,46.71913799,783.89],[8.61561236,46.71900337,785.55],[8.61558503,46.71898671,785.72],[8.61539673,46.71886843,787.05],[8.6153704,46.71885177,787.27],[8.6149705,46.71858454,790.3],[8.61494851,46.71856755,790.47],[8.61490885,46.71853122,790.84],[8.61489219,46.71851256,790.84],[8.61478889,46.71837361,792.09],[8.61477389,46.71835295,792.24],[8.61468159,46.71823466,793.48],[8.6146666,46.71821567,793.48],[8.61459795,46.71814002,794.06],[8.61457929,46.71812236,794.36],[8.614438,46.7180024,795.82],[8.61442134,46.7179884,795.82],[8.61409776,46.71775747,798.6],[8.6140771,46.71774281,798.96],[8.61405744,46.71772715,799.11],[8.61403845,46.71771049,799.11],[8.61398314,46.71765817,799.61],[8.61396648,46.71763984,799.92],[8.61380918,46.71745255,801.52],[8.61379318,46.71743389,801.68],[8.61375919,46.71739823,802],[8.61374253,46.7173799,802],[8.61364788,46.71727093,803.02],[8.61363255,46.7172536,803.32],[8.61359989,46.71721861,803.61],[8.6135819,46.71720128,803.76],[8.61354425,46.71716862,804.08],[8.61352692,46.71715163,804.23],[8.61349527,46.71711698,804.5],[8.61347927,46.71709932,804.62],[8.61346394,46.71708066,804.75],[8.61343929,46.717041,805.06],[8.61342796,46.71702001,805.22],[8.61341863,46.71699835,805.35],[8.61341063,46.71697669,805.51],[8.61339764,46.71693337,805.83],[8.61339131,46.71691104,806.03],[8.61337399,46.71682106,806.55],[8.613369,46.71679807,806.72],[8.61335268,46.71673308,807.44],[8.61335035,46.71671142,807.61],[8.61335068,46.71664643,807.91],[8.61335167,46.7166241,808.21],[8.61337065,46.7164848,809.01],[8.61337231,46.71645981,809.16],[8.61337032,46.71641182,809.47],[8.61336832,46.71638816,809.63],[8.61335334,46.71631851,810.06],[8.61334801,46.71629618,810.34],[8.61333402,46.71625153,810.49],[8.61332569,46.71622853,810.62],[8.61329104,46.71616121,811.1],[8.61327771,46.71613888,811.1],[8.61321506,46.7160529,811.75],[8.61319773,46.7160309,811.88],[8.61311642,46.71594158,812.31],[8.61309309,46.71591925,812.48],[8.61306776,46.71589726,812.77],[8.6130401,46.7158756,812.77],[8.61297978,46.71583194,813.02],[8.61294845,46.71581095,813.14],[8.61291612,46.71579029,813.22],[8.61288246,46.71576996,813.36],[8.61281181,46.7157313,813.43],[8.61277415,46.7157133,813.55],[8.61273516,46.71569564,813.55],[8.61269516,46.71567931,813.6],[8.61261251,46.71564765,813.76],[8.61256885,46.71563299,813.8],[8.61252386,46.71561999,813.83],[8.6124772,46.715608,813.88],[8.61237755,46.71558634,813.92],[8.61232522,46.71557735,813.9],[8.61227189,46.71557035,813.89],[8.61221723,46.71556436,813.88],[8.61216157,46.71556037,813.9],[8.61210491,46.71555738,814.05],[8.61186793,46.7155587,814.47],[8.61180527,46.71556036,814.53],[8.61160794,46.71555303,814.63],[8.61153895,46.7155477,814.67],[8.61139729,46.71553204,814.68],[8.61132496,46.71552038,814.65],[8.61109531,46.71547206,814.5],[8.61101298,46.71545507,814.42],[8.61083932,46.71542608,814.3],[8.61074833,46.71541675,814.2],[8.61065567,46.71541242,814.23],[8.61056367,46.71541209,814.23],[8.61028902,46.71541807,814.23],[8.61020002,46.71541608,814.21],[8.61011403,46.71541142,814.16],[8.61003304,46.71540309,814.15],[8.60995638,46.71539243,814.14],[8.60988605,46.7153791,814.14],[8.60982172,46.71536311,814.19],[8.60976372,46.71534578,814.33],[8.60971106,46.71532678,814.33],[8.60966273,46.71530645,814.41],[8.60949874,46.71522547,814.79],[8.60946274,46.71520647,814.97],[8.60885053,46.71487821,818.84],[8.60881587,46.71485922,819.12],[8.60874955,46.7148189,819.61],[8.60871855,46.71479724,819.89],[8.60866156,46.71474958,820.38],[8.60863556,46.71472425,820.61],[8.6086109,46.71469725,820.88],[8.60858791,46.71466892,821.13],[8.60850859,46.71454994,822.01],[8.60849059,46.71451994,822.23],[8.60841195,46.7143793,823.35],[8.60839795,46.71435397,823.58],[8.60833363,46.71423064,824.73],[8.6083203,46.71420564,824.92],[8.60824898,46.71407667,825.84],[8.60823498,46.71405134,825.99],[8.60821032,46.71399968,826.29],[8.60819766,46.71397369,826.43],[8.60809902,46.71378772,827.51],[8.60808436,46.71375939,827.65],[8.60797007,46.71352809,828.69],[8.60795574,46.71349876,829],[8.60783178,46.71325814,830.26],[8.60781612,46.71322614,830.26],[8.60772815,46.71306751,830.94],[8.60770949,46.71303518,830.94],[8.60757819,46.71278788,831.52],[8.60755853,46.71275088,831.58],[8.60743756,46.71250857,831.87],[8.60741623,46.71246524,831.88],[8.60720626,46.71206595,831.65],[8.60717327,46.71200829,831.65],[8.60706728,46.71182631,831.4],[8.60702929,46.71176331,831.35],[8.60694796,46.71163532,831.27],[8.60690497,46.71157199,831.25],[8.60681531,46.711445,831.2],[8.60676898,46.71138167,831.19],[8.60671965,46.71131834,831.13],[8.60666865,46.71125501,831.13],[8.60656199,46.71112902,831.04],[8.60650766,46.71106703,830.98],[8.60645267,46.71100704,830.93],[8.60639734,46.71094904,830.91],[8.60634201,46.71089405,830.94],[8.60628768,46.71084305,830.98],[8.60623368,46.71079506,831.01],[8.60617968,46.7107504,831.04],[8.60612602,46.71070907,831.08],[8.60607336,46.71067007,831.17],[8.6060217,46.71063407,831.25],[8.60597004,46.71060141,831.45],[8.60586906,46.71054375,831.71],[8.60582106,46.71051742,831.89],[8.60572841,46.71047176,832.06],[8.60568241,46.7104511,832.18],[8.60550443,46.71038011,832.82],[8.60546177,46.71036411,832.93],[8.60530045,46.71030714,833.48],[8.60526212,46.71029348,833.73],[8.6051858,46.71026882,833.89],[8.60514981,46.71025549,833.9],[8.60511515,46.71024083,834.2],[8.60494718,46.71015753,835.01],[8.60491519,46.71013987,835.01],[8.60482754,46.71008389,835.46],[8.60479954,46.71006456,835.61],[8.60458057,46.7098976,836.73],[8.60455224,46.70987594,836.94],[8.60437594,46.70974829,838.16],[8.60434528,46.70972763,838.29],[8.6042533,46.70966931,838.61],[8.60422231,46.70964965,838.73],[8.60376574,46.70937505,840.93],[8.60374708,46.70935972,841.13],[8.60373742,46.70934473,841.31],[8.60373509,46.70932974,841.5],[8.60373742,46.70931541,841.78],[8.60375607,46.70927476,841.98],[8.6037634,46.70926243,842.14],[8.6037924,46.7092321,842.51],[8.60379873,46.70922077,842.63],[8.60380805,46.70919711,842.85],[8.60381205,46.70918445,842.95],[8.60382503,46.7091308,843.18],[8.60383002,46.70911714,843.22],[8.60386499,46.70905015,843.57],[8.60387065,46.70903615,843.76],[8.60388197,46.7089785,843.95],[8.60388563,46.70896417,844.04],[8.60389163,46.70895284,844.22],[8.60389863,46.70894651,844.22],[8.60390929,46.70894285,844.5],[8.60390729,46.70896718,845.15],[8.60388863,46.70902449,844.98],[8.60388363,46.70904282,844.98],[8.60387098,46.70910047,844.72],[8.60386832,46.70911047,844.65],[8.60386366,46.70912646,844.48],[8.60386832,46.70907447,843.94],[8.60387465,46.70905948,843.94],[8.60387998,46.70904048,844.17],[8.60389164,46.70897616,844.37],[8.60389497,46.70895617,844.66],[8.60389896,46.70890319,844.89],[8.60390029,46.70888686,844.99],[8.60390528,46.70885787,845.52],[8.60390761,46.70884288,845.52],[8.60390926,46.70880722,845.93],[8.60391259,46.70878589,846.13],[8.60392392,46.70874123,846.55],[8.60393058,46.70871824,846.74],[8.60396456,46.70862826,847.28],[8.60397322,46.70860593,847.43],[8.60397955,46.70858393,847.56],[8.60398554,46.7085626,847.7],[8.60402484,46.70840331,848.71],[8.60402983,46.70838298,848.81],[8.60404149,46.708322,849.23],[8.60404515,46.70830067,849.41],[8.60412674,46.70800373,851.96],[8.6041324,46.70798107,852.18],[8.60414205,46.70791442,852.88],[8.60414471,46.70789176,853.11],[8.6041457,46.70786843,853.37],[8.6041457,46.7078461,853.63],[8.60414304,46.70780144,854.12],[8.60414071,46.70777911,854.36],[8.60412173,46.7076698,855.31],[8.6041174,46.70764814,855.53],[8.60410574,46.70760315,855.95],[8.60409975,46.70758016,856.14],[8.60409109,46.70753384,856.53],[8.60408643,46.70751051,856.72],[8.60406144,46.70742185,857.77],[8.60405511,46.70740086,857.77],[8.60403213,46.70733521,858.64],[8.60402513,46.70731222,858.64],[8.60396615,46.70718325,859.91],[8.60395616,46.70716092,860.12],[8.60391918,46.70709793,860.71],[8.60390518,46.70707794,860.91],[8.60382687,46.70698363,862],[8.60381254,46.7069633,862.18],[8.60377789,46.70689831,862.75],[8.60376323,46.70687598,862.96],[8.60372224,46.70683699,863.36],[8.60370358,46.70681733,863.58],[8.60368325,46.70679833,863.78],[8.60365892,46.70678067,864.01],[8.60360726,46.70674768,864.4],[8.60358193,46.70673168,864.67],[8.6035326,46.7067017,865.1],[8.6035086,46.70668737,865.31],[8.60343194,46.70664639,866.04],[8.60340628,46.70663306,866.24],[8.60335729,46.70660373,866.67],[8.60333396,46.70658873,866.87],[8.60324931,46.70652375,867.66],[8.60322865,46.70650709,867.88],[8.60312701,46.70642146,868.92],[8.60310735,46.7064038,869.13],[8.60308802,46.70638547,869.34],[8.60306936,46.70636714,869.56],[8.60297805,46.70627116,870.59],[8.60296006,46.7062525,870.8],[8.60279844,46.70607589,872.39],[8.60278011,46.7060559,872.56],[8.60268647,46.70595926,873.26],[8.60266748,46.7059396,873.56],[8.60263082,46.70589795,873.85],[8.60261149,46.70587662,873.85],[8.60236587,46.70561933,875.86],[8.60234487,46.70559567,875.86],[8.60210026,46.70534674,877.56],[8.6020786,46.70532408,877.71],[8.60191762,46.70516311,878.56],[8.60189296,46.70513845,878.56],[8.6018663,46.70511445,878.67],[8.6018383,46.70509112,878.88],[8.60177931,46.70504746,879.12],[8.60175065,46.70502513,879.24],[8.60169499,46.70497847,879.34],[8.60166699,46.70495414,879.56],[8.60161167,46.70490515,879.64],[8.60158268,46.70488049,879.8],[8.60150103,46.7047965,879.98],[8.6014677,46.70476784,880.01],[8.60143037,46.70474051,880.01],[8.60139104,46.70471452,880.07],[8.60134838,46.70468919,880.07],[8.60130372,46.7046662,880.16],[8.60125739,46.70464521,880.19],[8.60120906,46.70462621,880.19],[8.60110707,46.70459689,880.34],[8.60105441,46.70458623,880.51],[8.60100041,46.70457823,880.51],[8.60094608,46.70457357,880.63],[8.60089075,46.70457291,880.63],[8.60083576,46.70457424,880.68],[8.60078143,46.70457857,880.74],[8.60072677,46.70458456,880.78],[8.60067011,46.70459289,880.84],[8.60061745,46.70460488,880.91],[8.60057145,46.70462221,880.97],[8.60053079,46.70464721,881.03],[8.60049913,46.70467687,881.09],[8.6004728,46.7047122,881.28],[8.60044181,46.7047452,881.28],[8.60041381,46.70477919,881.48],[8.60038748,46.70481285,881.48],[8.60036648,46.70484651,881.58],[8.60033782,46.70491416,881.76],[8.60032916,46.70494849,881.79],[8.60032417,46.70498315,881.8],[8.60032251,46.70501714,881.8],[8.60032417,46.7050508,881.81],[8.6003285,46.70508379,881.98],[8.60033583,46.70511545,881.98],[8.60034483,46.70514711,882.55],[8.60035616,46.70517777,882.81],[8.60037082,46.7052071,882.81],[8.6004578,46.70535241,883.92],[8.60047513,46.70538207,883.92],[8.60049579,46.70541173,884.31],[8.60052012,46.70544039,884.31],[8.60057812,46.70549271,884.64],[8.60060811,46.70552004,884.93],[8.6006971,46.70560636,885.29],[8.60072676,46.70563502,885.29],[8.60079408,46.70569102,885.55],[8.60083107,46.70571868,885.65],[8.60094606,46.705797,886.03],[8.60098639,46.70582133,886.2],[8.60102705,46.70584532,886.54],[8.60106804,46.70586865,886.54],[8.60115036,46.70591197,887.11],[8.60119135,46.7059343,887.11],[8.60132066,46.70599795,887.67],[8.60136432,46.70601728,887.85],[8.60140865,46.70603494,888],[8.60145298,46.7060506,888.3],[8.60159197,46.70609192,888.77],[8.60163663,46.70610758,888.77],[8.60181295,46.70617655,889.27],[8.60185428,46.70619388,889.27],[8.60196692,46.70624887,889.64],[8.60200225,46.7062672,889.79],[8.60206824,46.70630786,890.15],[8.6021029,46.70632919,890.33],[8.60230188,46.7064285,890.8],[8.60234154,46.7064495,891.03],[8.60242053,46.70649249,891.23],[8.60245952,46.70651315,891.55],[8.60260816,46.7065988,891.87],[8.60264416,46.70662046,891.97],[8.60279313,46.70671911,892.3],[8.60283112,46.7067461,892.46],[8.60286845,46.70677343,892.46],[8.60290545,46.70680176,892.52],[8.60297677,46.70686109,892.62],[8.6030121,46.70689109,892.67],[8.60310908,46.70698607,892.96],[8.60314041,46.70701806,893.14],[8.60328105,46.70717836,893.08],[8.60330771,46.70721002,893.3],[8.60335737,46.70727435,893.38],[8.6033787,46.70730701,893.46],[8.60339836,46.70733934,893.5],[8.60341702,46.707372,893.62],[8.60343268,46.70740499,893.72],[8.60344534,46.70743799,893.72],[8.60346467,46.70750432,893.87],[8.60346933,46.70753765,893.98],[8.60347331,46.70771429,894.25],[8.60347165,46.70774962,894.25],[8.60346699,46.70778495,894.45],[8.60345833,46.70781928,894.52],[8.60344834,46.70785327,894.59],[8.60343601,46.70788693,894.62],[8.60342135,46.70791992,894.64],[8.60340336,46.70795158,894.64],[8.60338236,46.70798357,894.66],[8.60333137,46.70804256,894.81],[8.60330204,46.70806989,894.81],[8.60326971,46.70809655,894.99],[8.60323505,46.70812021,894.99],[8.60319805,46.70814254,895.22],[8.60311973,46.70818253,895.31],[8.60307773,46.70819986,895.57],[8.6030344,46.70821619,895.71],[8.60298907,46.70823085,895.85],[8.60294241,46.70824351,895.97],[8.60289475,46.70825584,896.09],[8.6027971,46.70827449,896.18],[8.60274644,46.70828115,896.23],[8.60264278,46.70828847,896.34],[8.60259012,46.7082888,896.55],[8.60248413,46.70828148,896.66],[8.60243114,46.70827448,896.92],[8.60237848,46.70826582,896.92],[8.60227649,46.70824183,897.17],[8.60222783,46.70822684,897.31],[8.60209218,46.70817819,897.77],[8.60205085,46.70816053,897.89],[8.60193352,46.70810755,898.38],[8.60189453,46.70808956,898.69],[8.60174022,46.70801458,899.29],[8.60170256,46.70799659,899.53],[8.60158692,46.70794761,900.27],[8.60154659,46.70793295,900.43],[8.60141927,46.70789696,900.99],[8.60137561,46.7078853,901.21],[8.60102632,46.70780668,903.23],[8.60099033,46.70779635,903.47],[8.600955,46.70778569,903.9],[8.60092001,46.70777403,903.9],[8.6007767,46.70772072,905.35],[8.60075337,46.70771306,905.57],[8.60068305,46.70768374,905.99],[8.60066239,46.70767341,906.19],[8.60057575,46.70760843,907.06],[8.60055809,46.70759543,907.28],[8.60049211,46.70754178,908.2],[8.60047578,46.70752812,908.2],[8.60042812,46.70748546,908.64],[8.60041079,46.7074698,908.78],[8.60036147,46.70742149,909.2],[8.60034547,46.7074055,909.55],[8.60024251,46.70730985,910.44],[8.60022551,46.70729352,910.68],[8.60016886,46.70725054,911.35],[8.6001502,46.70723621,911.58],[8.60009522,46.70718989,912.13],[8.60007723,46.70717456,912.46],[8.60000724,46.70710958,913.21],[8.59998958,46.70709292,913.21],[8.5999206,46.70702261,914.12],[8.59990361,46.70700562,914.12],[8.59985429,46.70695164,914.63],[8.59983796,46.70693365,915.03],[8.59979231,46.70687599,915.55],[8.59977765,46.706856,915.71],[8.59971035,46.70675103,916.75],[8.59969702,46.7067307,916.97],[8.59964504,46.70665872,917.83],[8.59963438,46.70664439,918],[8.59962405,46.7066234,918.31],[8.59962039,46.70661474,918.31],[8.59962139,46.70660241,918.52],[8.59962339,46.70659542,918.6],[8.59963138,46.70658009,918.67],[8.59963771,46.70657276,918.75],[8.5996467,46.70656743,918.75],[8.59965936,46.7065631,918.83],[8.59972368,46.70654679,918.87],[8.59972901,46.70654679,918.87],[8.59965435,46.70650613,919.07],[8.59965002,46.70649414,919.13],[8.59961269,46.70656547,919.95],[8.5996027,46.70655148,919.99],[8.5995957,46.70654348,919.99],[8.59957538,46.70653083,920.05],[8.59956305,46.70652183,920.08],[8.59954039,46.70648984,920.1],[8.59952906,46.70646985,920.09],[8.5995194,46.70644785,920.1],[8.59949675,46.70638054,920.21],[8.59948742,46.70635955,920.27],[8.59940112,46.70621091,920.52],[8.59938879,46.70618925,920.56],[8.59932382,46.70606295,920.77],[8.59931516,46.70604162,920.83],[8.5993125,46.70602029,920.88],[8.59931816,46.70600163,920.93],[8.59933015,46.70598563,920.97],[8.59934748,46.70596997,921],[8.59936514,46.70595464,921.03],[8.59939912,46.70591099,921.16],[8.59940545,46.705904,921.19],[8.59932546,46.70585467,921.23],[8.59925114,46.70583336,921.06],[8.59922415,46.70582136,921.09],[8.59919849,46.70580637,921.1],[8.59917316,46.70578771,921.13],[8.5991235,46.70574105,921.15],[8.59909684,46.70571405,921.12],[8.59907018,46.70568372,921.07],[8.59904352,46.70564906,921.05],[8.59895587,46.70552374,920.9],[8.59892354,46.70547508,920.79],[8.59889088,46.70542242,920.68],[8.59885989,46.70536609,920.59],[8.59880324,46.70524177,920.09],[8.59877691,46.70517377,919.84],[8.59872959,46.70502978,919.23],[8.59870959,46.70495612,918.91],[8.59869393,46.70488179,918.61],[8.59868127,46.70480779,918.37],[8.59865295,46.70460014,917.81],[8.59864729,46.70453681,917.67],[8.59864529,46.70442215,917.59],[8.59864662,46.70437082,917.61],[8.59866294,46.70417184,918.07],[8.59866527,46.70414051,918.21],[8.59867092,46.7040002,919.1],[8.59867258,46.70397487,919.25],[8.59866659,46.70390089,919.8],[8.59866493,46.70387656,919.98],[8.59865128,46.70380792,920.52],[8.59864562,46.70378493,920.68],[8.59861097,46.70366295,921.33],[8.59860397,46.70363762,921.47],[8.59858865,46.70358796,921.78],[8.59857999,46.70356296,921.93],[8.59854,46.7034633,922.57],[8.598529,46.7034393,922.74],[8.59850434,46.70339064,923.12],[8.59849135,46.70336564,923.31],[8.5984357,46.70326832,924.12],[8.59842137,46.70324433,924.31],[8.59837506,46.70317468,924.88],[8.5983584,46.70315169,925.06],[8.59828775,46.70306104,925.68],[8.59826942,46.70303804,925.84],[8.59816845,46.70292873,926.76],[8.59814779,46.7029074,926.93],[8.59792318,46.70269911,928.71],[8.59790085,46.70267845,928.89],[8.59783387,46.70261246,929.43],[8.59781121,46.7025898,929.6],[8.5977449,46.70252215,930.1],[8.5977239,46.70250015,930.25],[8.59762592,46.70238552,931.07],[8.59760726,46.70236153,931.2],[8.59758926,46.70233753,931.39],[8.5975716,46.70231287,931.54],[8.59750463,46.70221088,932.06],[8.5974893,46.70218555,932.2],[8.59734135,46.70191894,933.07],[8.59732602,46.70189028,933.13],[8.59723739,46.70173565,933.41],[8.5972174,46.70170365,933.45],[8.59714975,46.70160433,933.54],[8.59712409,46.70156933,933.57],[8.59694978,46.70134502,933.51],[8.59691745,46.70130469,933.5],[8.59685313,46.70121837,933.44],[8.59682214,46.70117204,933.4],[8.59679214,46.70112338,933.36],[8.59676315,46.70107305,933.33],[8.59668083,46.70090972,933.13],[8.5966555,46.70085139,933.07],[8.59642255,46.70027777,932.2],[8.59639655,46.70021178,932.12],[8.59630223,46.6999458,931.86],[8.5962799,46.69987914,931.81],[8.5962589,46.69981181,931.77],[8.59622225,46.69967815,931.64],[8.59620559,46.69961116,931.61],[8.5961906,46.6995445,931.56],[8.5961766,46.6994785,931.53],[8.59616527,46.69941251,931.51],[8.59615427,46.69934785,931.47],[8.59613661,46.69922019,931.41],[8.59612995,46.69915653,931.38],[8.59612562,46.69909287,931.33],[8.59612762,46.69896522,931.24],[8.59613162,46.69890156,931.18],[8.59613728,46.6988379,931.15],[8.59614494,46.69877457,931.12],[8.59616659,46.69864691,931.01],[8.59617958,46.69858258,930.96],[8.59639451,46.69762998,929.02],[8.59641317,46.69754832,928.77],[8.59654914,46.6968827,926.99],[8.59656447,46.6967987,926.87],[8.59657646,46.69671504,926.74],[8.59659045,46.69654805,926.5],[8.59659245,46.69646539,926.35],[8.59659179,46.69638373,926.21],[8.59658813,46.69630207,925.99],[8.5965798,46.69622241,925.79],[8.59656747,46.69614342,925.6],[8.59655281,46.69606509,925.44],[8.59653481,46.69598743,925.28],[8.59651382,46.69591144,925.15],[8.59646449,46.69576245,924.91],[8.5964375,46.69568979,924.81],[8.59623855,46.69518983,924.83],[8.59621822,46.69513784,924.88],[8.59613825,46.69492186,925.41],[8.59612459,46.69488553,925.56],[8.59602661,46.69464724,926.77],[8.59601295,46.69461358,926.98],[8.59592164,46.69437829,928.56],[8.59590864,46.69434496,928.78],[8.59585332,46.69421398,929.69],[8.59583899,46.69418165,929.91],[8.59578034,46.69406434,930.83],[8.59576534,46.69403634,931.07],[8.59574935,46.69400835,931.31],[8.59573335,46.69398102,931.56],[8.59565004,46.69384938,932.62],[8.59563305,46.69382639,932.83],[8.59557307,46.69374741,933.58],[8.59555808,46.69372908,933.78],[8.59543278,46.69358578,935.19],[8.59541678,46.69356745,935.4],[8.59536447,46.69349413,936.14],[8.59535114,46.6934758,936.32],[8.59533381,46.69345947,936.49],[8.59529248,46.69342748,936.88],[8.59527215,46.69341115,937.07],[8.59514153,46.69329353,938.4],[8.59512187,46.6932762,938.59],[8.59508388,46.69324088,938.98],[8.59506489,46.69322389,939.16],[8.5950109,46.69316924,939.76],[8.59499391,46.69315091,939.96],[8.59493093,46.69307492,940.74],[8.59491727,46.69305626,940.92],[8.59489261,46.6930176,941.29],[8.59488161,46.69299794,941.49],[8.59485196,46.69293596,942.05],[8.59484296,46.69291563,942.25],[8.5948293,46.69287531,942.63],[8.59482364,46.69285532,942.83],[8.59480099,46.69275235,943.76],[8.59479733,46.69273136,944],[8.59479367,46.69266503,944.6],[8.59479267,46.69264104,944.77],[8.594795,46.69259271,945.17],[8.59479833,46.69256905,945.39],[8.59483062,46.69242374,946.64],[8.59483828,46.69240041,946.83],[8.59487525,46.6923081,947.56],[8.59488491,46.69228544,947.76],[8.59491756,46.69221945,948.28],[8.59492856,46.69219779,948.45],[8.5949972,46.69203717,949.55],[8.59500686,46.69201451,949.67],[8.59502552,46.69196652,949.94],[8.59503385,46.69194219,950.06],[8.59505417,46.69186888,950.47],[8.59506017,46.69184489,950.6],[8.59506982,46.69179623,950.91],[8.59507248,46.69177257,951.05],[8.59507648,46.69172324,951.34],[8.59507781,46.69169725,951.49],[8.59507913,46.69161793,951.87],[8.59507946,46.69159027,951.97],[8.5950788,46.69156294,952.08],[8.59507714,46.69153595,952.21],[8.5950575,46.69140264,952.84],[8.59505084,46.69137498,952.97],[8.59504318,46.69134732,953.09],[8.59503518,46.69131932,953.19],[8.59501619,46.69126466,953.43],[8.59500553,46.69123733,953.55],[8.59498221,46.69118401,953.77],[8.59496988,46.69115801,953.88],[8.5949189,46.69105503,954.37],[8.59490591,46.69102937,954.48],[8.59480129,46.6908454,955.34],[8.59478596,46.69081874,955.47],[8.59470033,46.69068544,956.16],[8.59468334,46.69065878,956.29],[8.59458569,46.69049948,957.14],[8.59457003,46.69047215,957.26],[8.59449939,46.69033584,957.84],[8.59448639,46.69030851,958.11],[8.5944744,46.69028185,958.11],[8.5944634,46.69025486,958.23],[8.59442543,46.69015121,958.79],[8.59441477,46.69012755,958.94],[8.59440077,46.69010689,959.09],[8.59438511,46.69008956,959.2],[8.59433913,46.69005258,959.55],[8.59432613,46.69004025,959.68],[8.59429548,46.68999826,959.99],[8.59428848,46.6899826,960.07],[8.59428448,46.6899666,960.15],[8.59428315,46.68993194,960.31],[8.59428381,46.68991495,960.49],[8.59430279,46.68983432,960.79],[8.59430545,46.68981933,960.87],[8.59430843,46.68976035,961.11],[8.59431043,46.68974469,961.27],[8.59433007,46.68967504,961.64],[8.59433473,46.68965471,961.75],[8.59433905,46.68961272,961.89],[8.59434004,46.68959106,962.01],[8.59434004,46.68952641,962.37],[8.59434004,46.68950508,962.47],[8.59433506,46.68941743,962.94],[8.59433373,46.68939543,963.05],[8.59431542,46.68923748,964.05],[8.59431109,46.68921415,964.18],[8.59430143,46.68916883,964.44],[8.59429544,46.68914617,964.57],[8.59427378,46.68907985,965.06],[8.59426612,46.68905686,965.24],[8.5942478,46.68901087,965.56],[8.59423814,46.68898754,965.74],[8.59420449,46.68891822,966.3],[8.59419216,46.68889523,966.48],[8.59410618,46.68876126,967.58],[8.59409052,46.68873993,967.81],[8.5940572,46.68869861,968.21],[8.5940392,46.68867828,968.41],[8.5939129,46.68854431,969.78],[8.59389424,46.68852565,969.97],[8.5938256,46.68844767,970.72],[8.5938086,46.68842834,970.9],[8.59376262,46.68836869,971.45],[8.59374696,46.68834836,971.61],[8.59370231,46.68828471,972.16],[8.59368798,46.68826338,972.35],[8.59366165,46.68821939,972.67],[8.59364832,46.68819606,972.86],[8.59361234,46.68812607,973.36],[8.59360201,46.68810341,973.54],[8.59358268,46.68805742,973.87],[8.59357368,46.68803509,974.03],[8.59354437,46.68794311,974.66],[8.59353871,46.68791978,974.79],[8.59351741,46.6877988,975.53],[8.59351308,46.68777514,975.67],[8.59349878,46.68765383,976.37],[8.59349944,46.68762817,976.51],[8.59350043,46.68760218,976.64],[8.59350576,46.68757518,976.77],[8.59355472,46.68744587,977.34],[8.59356372,46.68742021,977.45],[8.59362701,46.68727123,978.23],[8.593637,46.6872479,978.35],[8.59368565,46.68715391,978.87],[8.59369798,46.68712958,979.15],[8.59375463,46.68703159,979.58],[8.59376896,46.68700759,979.71],[8.59392423,46.68671966,981.32],[8.59393856,46.686693,981.44],[8.59404886,46.68650704,982.25],[8.59406519,46.68648005,982.33],[8.59411185,46.68639706,982.64],[8.59412784,46.68636873,982.73],[8.5941425,46.68633974,982.78],[8.59415616,46.68631041,982.85],[8.59418948,46.68622076,982.98],[8.59420114,46.68619043,983.01],[8.59423046,46.68610245,983.11],[8.59424245,46.68607245,983.17],[8.59432545,46.68546545,983.5],[8.59430512,46.68500212,983.51],[8.59428779,46.68466246,983.5],[8.59428379,46.68443746,983.51],[8.59428945,46.6842798,983.51],[8.59430545,46.68416381,983.5],[8.59433044,46.68407415,983.51],[8.5943621,46.68400049,983.51],[8.59446341,46.68382017,983.55],[8.59449007,46.68376417,983.59],[8.5945084,46.68370784,983.63],[8.59451906,46.68365151,983.67],[8.59452272,46.68359485,983.66],[8.59451939,46.68353752,983.65],[8.59450906,46.68348119,983.66],[8.59448973,46.68342519,983.65],[8.59446307,46.68337186,983.66],[8.59442841,46.68332053,983.66],[8.59438708,46.68327287,983.67],[8.59433808,46.68322854,983.69],[8.59428475,46.68318721,983.7],[8.59422876,46.68314755,983.71],[8.59411044,46.68307223,983.73],[8.59404744,46.68303657,983.74],[8.59347381,46.68274096,984.21],[8.59341815,46.68270663,984.27],[8.59336949,46.6826693,984.33],[8.59333116,46.68262964,984.4],[8.59330283,46.68258831,984.47],[8.5932835,46.68254698,984.58],[8.59327151,46.68250699,984.68],[8.59326485,46.68246966,984.76],[8.59326352,46.68243666,984.88],[8.59326885,46.682406,985.06],[8.59327851,46.68237634,985.22],[8.59329184,46.68234801,985.37],[8.59330784,46.68232068,985.55],[8.5933485,46.68227002,985.93],[8.59337316,46.68224536,986.1],[8.59345614,46.68217438,986.59],[8.5934828,46.68215005,986.77],[8.59360778,46.68202708,987.63],[8.59362911,46.68200242,987.82],[8.59364944,46.68197742,988.01],[8.5936681,46.68195242,988.17],[8.59370209,46.68190343,988.54],[8.59371775,46.68187877,988.7],[8.59374674,46.68182977,988.98],[8.59376007,46.68180544,989.16],[8.59380871,46.68170812,989.95],[8.59381971,46.68168446,990.11],[8.59384635,46.68161148,990.63],[8.59385368,46.68158748,990.84],[8.59386001,46.68156349,991.01],[8.593866,46.68153949,991.21],[8.59388598,46.68144217,991.96],[8.59389031,46.68141817,992.14],[8.59390194,46.68124187,993.53],[8.59390393,46.68121654,993.69],[8.59390658,46.68111789,994.46],[8.59390791,46.6810949,994.65],[8.59392522,46.68090594,996.03],[8.59392688,46.68088295,996.2],[8.59393085,46.68070898,997.43],[8.59392919,46.68069032,997.56],[8.59391986,46.68067566,997.69],[8.59390187,46.68066967,997.81],[8.59380623,46.68067133,998.35],[8.59377623,46.68069432,999.06],[8.59378622,46.68070232,999.06],[8.59380555,46.68070631,999.07],[8.59382854,46.68070465,999.06],[8.59385154,46.68069765,999.06],[8.59387487,46.68068599,999.06],[8.59389487,46.68066933,999.06],[8.59391086,46.68064767,999.06],[8.59392019,46.68062267,999.06],[8.59392785,46.68057035,999.22],[8.59392851,46.68054235,999.32],[8.59392154,46.68035472,1000.23],[8.59391988,46.68032239,1000.39],[8.59389361,46.68001911,1002.2],[8.59389128,46.67999145,1002.41],[8.59388196,46.6798538,1003.34],[8.59387963,46.67982647,1003.52],[8.5938487,46.67951687,1005.6],[8.59384637,46.67949521,1005.76],[8.59383838,46.67943056,1006.22],[8.59383505,46.6794099,1006.39],[8.5938254,46.67936924,1006.71],[8.5938224,46.67934858,1006.87],[8.59380644,46.67921694,1007.9],[8.59380311,46.67919561,1008.06],[8.59379911,46.67917495,1008.23],[8.59379478,46.67915529,1008.41],[8.59377413,46.6790943,1008.89],[8.59376647,46.67907364,1009.06],[8.59371216,46.67894934,1010.15],[8.5937025,46.67892801,1010.47],[8.59366219,46.67881737,1011.16],[8.59365353,46.67879537,1011.34],[8.5935899,46.6786434,1012.83],[8.59358124,46.67862174,1013.02],[8.59351795,46.67844245,1014.6],[8.59351196,46.67842112,1014.82],[8.59350363,46.67837813,1015.23],[8.5934983,46.6783568,1015.44],[8.59348431,46.67831414,1015.87],[8.59347898,46.67829348,1016.04],[8.59345635,46.67816417,1017.12],[8.59345235,46.67814151,1017.29],[8.59344504,46.67807119,1017.86],[8.59344238,46.67804753,1018.06],[8.59342842,46.67784723,1019.82],[8.59342709,46.67782457,1019.98],[8.59343805,46.67757729,1021.98],[8.59343871,46.6775533,1022.18],[8.59344436,46.67748398,1022.53],[8.59344535,46.67746099,1022.72],[8.59344601,46.677416,1023.15],[8.59344568,46.677394,1023.37],[8.59344136,46.67733368,1023.97],[8.5934397,46.67731335,1024.19],[8.59344401,46.67722904,1024.95],[8.59344634,46.67720738,1025.14],[8.59347295,46.67699141,1027.01],[8.59347561,46.67697041,1027.19],[8.5935169,46.6767448,1029.12],[8.59352023,46.67672614,1029.3],[8.59354752,46.67659584,1030.51],[8.59355118,46.67657718,1030.7],[8.5935605,46.67651985,1031.18],[8.59356416,46.67650052,1031.33],[8.59358346,46.67641487,1031.95],[8.59358812,46.67639287,1032.11],[8.59360311,46.67630555,1032.82],[8.59360644,46.67628389,1032.99],[8.59361643,46.67619925,1033.75],[8.59361976,46.67617792,1033.91],[8.59363008,46.67605161,1035.14],[8.59363208,46.67603095,1035.38],[8.59364439,46.67592564,1036.31],[8.59364639,46.67590465,1036.52],[8.59366503,46.67577701,1037.57],[8.59366836,46.67575535,1037.77],[8.59367435,46.67569203,1038.31],[8.59367668,46.67567037,1038.47],[8.59368131,46.67552507,1039.68],[8.59368264,46.67550508,1039.86],[8.59370027,46.67532781,1041.45],[8.59370193,46.67530781,1041.63],[8.5937059,46.67517085,1042.91],[8.59370689,46.67515052,1043.08],[8.59370489,46.67511019,1043.46],[8.59370423,46.67509153,1043.61],[8.5937082,46.67497089,1044.66],[8.5937082,46.67494989,1044.87],[8.5937185,46.6747556,1046.57],[8.59371784,46.67473327,1046.78],[8.59370454,46.6746183,1047.68],[8.59370121,46.67459497,1047.87],[8.5936819,46.67450433,1048.62],[8.59367691,46.67448134,1048.77],[8.59366392,46.67443502,1049.11],[8.59365826,46.67441236,1049.27],[8.59365061,46.67436704,1049.71],[8.59364662,46.67434438,1049.88],[8.59364163,46.67429906,1050.26],[8.59363763,46.6742764,1050.46],[8.59359932,46.67416576,1051.35],[8.59359299,46.67414343,1051.53],[8.59352903,46.67397114,1053.09],[8.59352137,46.67395015,1053.28],[8.59347373,46.67384919,1054.28],[8.5934634,46.67383019,1054.45],[8.59339377,46.67367524,1056.07],[8.59338477,46.67365458,1056.3],[8.5933438,46.67355093,1057.29],[8.59333547,46.6735306,1057.48],[8.59330149,46.67342797,1058.46],[8.59329483,46.67340698,1058.66],[8.5932612,46.67328001,1059.82],[8.59325487,46.67325868,1060.01],[8.59323421,46.6731997,1060.61],[8.59322788,46.6731807,1060.78],[8.59314196,46.67290213,1063.18],[8.59313663,46.67288147,1063.36],[8.59310898,46.67280382,1064.02],[8.59310198,46.67278516,1064.19],[8.59304903,46.67260952,1065.81],[8.59304337,46.67259019,1065.97],[8.59300842,46.6724199,1067.61],[8.59300442,46.67240224,1067.77],[8.59295016,46.67220629,1069.55],[8.59294483,46.67218796,1069.78],[8.59293784,46.67215097,1070.19],[8.59293351,46.67213098,1070.39],[8.59292186,46.67209133,1070.84],[8.59291586,46.67207167,1071.08],[8.59290186,46.67203402,1071.55],[8.59289587,46.67201536,1071.78],[8.59285825,46.67187973,1073.48],[8.59285226,46.6718594,1073.7],[8.5927547,46.67150117,1078.07],[8.5927487,46.67148184,1078.32],[8.59270508,46.67129988,1080.46],[8.59269842,46.67128155,1080.67],[8.59267876,46.67124356,1081.03],[8.59266343,46.6712239,1081.27],[8.59264577,46.67120457,1081.45],[8.59262277,46.67118724,1081.66],[8.59259611,46.67117291,1081.86],[8.59256512,46.67116358,1082.05],[8.59253246,46.67115858,1082.45],[8.59249847,46.67115825,1082.45],[8.59246447,46.67116191,1082.65],[8.59239649,46.67117324,1082.93],[8.59236349,46.6711759,1083.1],[8.59227384,46.67116925,1083.43],[8.59224784,46.67116325,1083.49],[8.59222618,46.67115392,1083.55],[8.59216521,46.6711116,1083.58],[8.59214155,46.67109794,1083.58],[8.59211522,46.67108595,1083.61],[8.59208722,46.67107595,1083.64],[8.5920289,46.67106063,1083.79],[8.5920009,46.6710523,1083.79],[8.5919749,46.6710423,1083.83],[8.59195191,46.67103264,1083.89],[8.59191325,46.67101265,1084.04],[8.59189492,46.67100132,1084.09],[8.5918606,46.670976,1084.16],[8.59184527,46.670962,1084.21],[8.59177829,46.67088469,1084.73],[8.59176729,46.67086803,1084.86],[8.59175796,46.6708507,1085],[8.59175163,46.67083271,1085.14],[8.5917493,46.67081472,1085.27],[8.59174996,46.67077672,1085.53],[8.59174497,46.67075706,1085.66],[8.59173531,46.67073873,1085.79],[8.591684,46.67067009,1086.38],[8.59167267,46.67065243,1086.54],[8.59163202,46.67057912,1087.11],[8.59162136,46.67056012,1087.31],[8.59157705,46.6704868,1088.07],[8.59156705,46.67046881,1088.5],[8.59155406,46.67042915,1088.72],[8.5915454,46.67041016,1088.95],[8.59143712,46.67022687,1090.87],[8.59142646,46.67020787,1091.06],[8.59132784,46.6700066,1092.8],[8.59131918,46.66998861,1092.94],[8.59127688,46.6698903,1093.63],[8.59126588,46.66986964,1093.76],[8.59121725,46.66978633,1094.32],[8.59120292,46.66976567,1094.44],[8.59116727,46.66972768,1094.75],[8.59114627,46.66971102,1094.89],[8.59109795,46.66968336,1095.19],[8.59107195,46.66967203,1095.39],[8.59104362,46.66966304,1095.54],[8.59101329,46.66965771,1095.66],[8.59098163,46.66965672,1095.75],[8.59094997,46.66965738,1095.85],[8.59088765,46.66966304,1096.05],[8.59085699,46.66966704,1096.15],[8.590765,46.66968435,1096.47],[8.59073334,46.66968935,1096.59],[8.59061536,46.66970365,1097.11],[8.59058703,46.66970664,1097.21],[8.59047571,46.66973062,1097.62],[8.59044905,46.66973562,1097.71],[8.59039506,46.66974027,1097.92],[8.5903674,46.66973894,1098.05],[8.59028775,46.66972696,1098.4],[8.59026242,46.66971996,1098.51],[8.5902151,46.66970197,1098.76],[8.59019144,46.66969197,1098.87],[8.59012246,46.66965366,1099.05],[8.59010313,46.669639,1099.2],[8.59007048,46.66960601,1099.53],[8.59005548,46.66958902,1099.72],[8.59002782,46.66955336,1100.2],[8.59001516,46.6695357,1100.4],[8.59000416,46.66951737,1100.55],[8.58999517,46.66949771,1100.69],[8.58991023,46.66929176,1102.16],[8.58990323,46.66927177,1102.27],[8.58988459,46.66918579,1102.69],[8.58987993,46.66916346,1102.79],[8.58985428,46.66907215,1103.37],[8.58984629,46.66904949,1103.37],[8.58984096,46.6690255,1103.43],[8.5898373,46.66900184,1103.48],[8.58982464,46.66895619,1103.57],[8.58981731,46.66893353,1103.65],[8.58978166,46.66886988,1103.92],[8.589769,46.66885055,1103.89],[8.589756,46.66883356,1103.89],[8.58974034,46.66881956,1104.14],[8.58971801,46.66880856,1104.2],[8.58969002,46.6688019,1104.2],[8.58965936,46.6687999,1104.28],[8.58956304,46.66880155,1104.42],[8.58953105,46.66880155,1104.56],[8.5894694,46.66879389,1104.9],[8.58943874,46.66878823,1105.07],[8.58940941,46.66878224,1105.07],[8.58938075,46.66877625,1105.26],[8.58924077,46.66873194,1106.32],[8.58921378,46.66872228,1106.52],[8.58918612,46.66871428,1106.73],[8.58915879,46.66870662,1106.93],[8.5890778,46.66868797,1107.49],[8.58905014,46.66868498,1107.84],[8.58902148,46.66868498,1107.84],[8.58899415,46.66868897,1107.97],[8.58896716,46.6686953,1108.09],[8.58884251,46.66874294,1108.99],[8.58882085,46.66875094,1109.25],[8.58877753,46.66876326,1109.68],[8.58875654,46.66876592,1110.06],[8.58871355,46.66876127,1110.21],[8.58869289,46.66875661,1110.36],[8.58862357,46.66873529,1110.75],[8.58859691,46.66872796,1110.81],[8.58856725,46.66872197,1110.88],[8.5885026,46.66871398,1110.95],[8.58846827,46.66871032,1110.97],[8.58843294,46.66870766,1110.98],[8.58839794,46.66870865,1110.96],[8.58830363,46.66871863,1110.6],[8.5882963,46.66871797,1110.52],[8.58812599,46.66862666,1108.92],[8.588123,46.668626,1108.92],[8.58811534,46.66862001,1108.58],[8.58810335,46.66861335,1108.5],[8.58808202,46.66860469,1108.47],[8.58804802,46.66859169,1108.43],[8.58737707,46.6683854,1104.37],[8.58727507,46.66835474,1104.37],[8.58718441,46.66832808,1103.62],[8.58711408,46.66830708,1102.84],[8.58706642,46.66829442,1102.04],[8.5870141,46.66828477,1100.61],[8.58700177,46.66828178,1100.03],[8.58697312,46.66827179,1099.05],[8.58695879,46.66826779,1099.01],[8.58694546,46.6682608,1098.1],[8.5869378,46.66824914,1098.07],[8.58694146,46.66823648,1097.6],[8.58695579,46.66822315,1097.4],[8.58697679,46.66821149,1097.22],[8.58700145,46.6681995,1097.11],[8.58708043,46.66816552,1096.93],[8.58710309,46.66816219,1096.89],[8.58711809,46.66816618,1096.87],[8.58711942,46.66817784,1096.85],[8.58711043,46.6681935,1096.81],[8.58709443,46.66821149,1096.79],[8.5870741,46.66823115,1096.78],[8.58702511,46.66826814,1096.74],[8.58699978,46.6682858,1096.71],[8.58689747,46.66835078,1096.64],[8.58687647,46.66836511,1096.6],[8.58686081,46.66837844,1096.56],[8.58684981,46.66838843,1096.52],[8.58683882,46.66840143,1096.38],[8.58683582,46.66840476,1096.32],[8.58688115,46.66841409,1096.77],[8.58689014,46.66841909,1096.73],[8.58689714,46.6683591,1097.35],[8.58690747,46.66834211,1097.35],[8.58692113,46.66832278,1097.54],[8.58697978,46.6682608,1097.59],[8.58700177,46.66824147,1097.6],[8.58702576,46.66822281,1097.65],[8.58705076,46.66820515,1097.67],[8.58712908,46.66815384,1097.77],[8.58715274,46.66813651,1097.78],[8.5872687,46.66803554,1097.84],[8.5872897,46.66802021,1097.85],[8.58733802,46.66799222,1097.9],[8.58736402,46.66797822,1097.96],[8.58739268,46.66796556,1098.07],[8.587452,46.66794457,1098.32],[8.58748,46.66793291,1098.5],[8.58750399,46.66791858,1098.66],[8.58752232,46.66789992,1098.85],[8.58753098,46.66787826,1099.05],[8.58752798,46.66785493,1099.22],[8.58751532,46.66783293,1099.39],[8.58749766,46.6678126,1099.52],[8.58747867,46.66779327,1099.62],[8.58741436,46.66773761,1099.88],[8.5873927,46.66771795,1099.96],[8.5872454,46.66759666,1100.22],[8.5872204,46.66757633,1100.21],[8.58712676,46.66749503,1100.18],[8.58710876,46.6674737,1100.2],[8.5870801,46.66742637,1100.29],[8.5870721,46.66740271,1100.3],[8.5870721,46.66737871,1100.31],[8.5870781,46.66735605,1100.3],[8.58708943,46.66733439,1100.27],[8.58710642,46.66731506,1100.25],[8.58712841,46.6672964,1100.23],[8.58715441,46.66728007,1100.32],[8.58718274,46.66726708,1100.38],[8.58723973,46.66725142,1100.6],[8.58726839,46.66724776,1100.69],[8.58729972,46.66724477,1100.79],[8.58733138,46.66724377,1100.92],[8.58739503,46.6672441,1101.18],[8.58742769,46.66724344,1101.28],[8.58749368,46.66723712,1101.52],[8.58752701,46.66723379,1101.64],[8.58773165,46.66722515,1102.7],[8.58776564,46.66722415,1102.87],[8.58793929,46.66721118,1103.93],[8.58797429,46.66720852,1104.15],[8.58811259,46.6671932,1104.96],[8.58814559,46.66718887,1105.19],[8.58840088,46.66714991,1106.6],[8.58843254,46.66714491,1106.81],[8.58865551,46.66710563,1108.32],[8.58868617,46.6670983,1108.58],[8.58873216,46.66707931,1109.14],[8.58875049,46.66706865,1109.36],[8.58876682,46.66705599,1109.55],[8.58878148,46.66704133,1109.82],[8.58879214,46.667025,1109.82],[8.58879713,46.66700734,1109.93],[8.5887968,46.66699001,1110.02],[8.5887908,46.66697302,1110.15],[8.58877981,46.66695702,1110.28],[8.58874948,46.66692736,1110.51],[8.58873182,46.66691403,1110.64],[8.58859917,46.66684473,1111.7],[8.58857817,46.66683207,1111.85],[8.58852418,46.66679175,1112.41],[8.58850719,46.66677842,1112.62],[8.58845254,46.66674376,1113.29],[8.58843421,46.66673343,1113.49],[8.58830523,46.66669079,1114.7],[8.58828124,46.66668013,1114.97],[8.5881716,46.66661581,1116.04],[8.58814961,46.66660315,1116.22],[8.58805362,46.66655016,1116.88],[8.58803229,46.66653516,1117.04],[8.58799497,46.66650184,1117.37],[8.58798097,46.66648284,1117.52],[8.58796864,46.66646285,1117.73],[8.58795698,46.66644152,1117.94],[8.58793166,46.6663752,1118.46],[8.587921,46.66635387,1118.61],[8.58783302,46.66628889,1119.13],[8.58781403,46.66627156,1119.27],[8.58774238,46.66619791,1119.71],[8.58772405,46.66617992,1119.8],[8.58769573,46.66613993,1119.93],[8.5876854,46.66611927,1119.98],[8.58766941,46.66607461,1120.14],[8.58766308,46.66605261,1120.23],[8.58765542,46.66600629,1120.36],[8.58765342,46.66598296,1120.41],[8.58765376,46.66593697,1120.52],[8.58765542,46.66591398,1120.56],[8.58765908,46.66589198,1120.6],[8.58766641,46.66587098,1120.65],[8.58767707,46.66585032,1120.71],[8.58769173,46.66582999,1120.75],[8.58770972,46.66581033,1120.82],[8.58779604,46.66573368,1121],[8.58781637,46.66571435,1121.05],[8.58789069,46.66566136,1121.32],[8.58791768,46.6656427,1121.4],[8.58807965,46.66552074,1121.87],[8.58810698,46.66549941,1121.92],[8.58813298,46.66547741,1122],[8.58815697,46.66545442,1122.07],[8.5881783,46.66543043,1122.15],[8.58819696,46.6654061,1122.21],[8.58821429,46.66538077,1122.26],[8.58823062,46.66535444,1122.33],[8.58824495,46.66532511,1122.44],[8.58825761,46.66529545,1122.52],[8.58826794,46.66526512,1122.61],[8.5882756,46.66523346,1122.7],[8.58828059,46.6652018,1122.78],[8.58828225,46.66517114,1122.87],[8.58827893,46.66510848,1123.04],[8.5882766,46.66507682,1123.13],[8.58827028,46.66501483,1123.27],[8.58826429,46.6649835,1123.35],[8.58819433,46.66473089,1124.14],[8.588185,46.66469923,1124.27],[8.58815303,46.66456925,1124.71],[8.5881437,46.66453592,1124.8],[8.58810805,46.66443727,1125.04],[8.58809705,46.66440427,1125.12],[8.58802543,46.66416231,1125.7],[8.5880141,46.66412732,1125.76],[8.58793746,46.66391602,1126.34],[8.58792313,46.66388136,1126.44],[8.58784882,46.66371905,1126.83],[8.58783416,46.66368672,1126.93],[8.58780984,46.6636214,1127.09],[8.58779618,46.66359074,1127.16],[8.58775153,46.66349942,1127.35],[8.58773653,46.66346809,1127.42],[8.58765056,46.66330612,1127.81],[8.58763257,46.66327379,1127.87],[8.58748693,46.66298418,1128.84],[8.58747027,46.66295185,1128.98],[8.58732798,46.66269154,1129.73],[8.58730832,46.66265955,1129.8],[8.587242,46.6625669,1130.04],[8.58722067,46.66253757,1130.13],[8.58719668,46.66250924,1130.23],[8.58717302,46.66247958,1130.32],[8.58707937,46.66235727,1130.81],[8.58705538,46.66232694,1130.94],[8.58695707,46.6622083,1131.39],[8.58693241,46.66217764,1131.49],[8.58683611,46.662054,1131.88],[8.58681245,46.66202234,1131.95],[8.58678979,46.66199168,1132.02],[8.58676946,46.66196035,1132.09],[8.5867518,46.66192836,1132.15],[8.5867378,46.6618957,1132.24],[8.58672881,46.66186337,1132.34],[8.58672681,46.66183071,1132.46],[8.58673214,46.66179872,1132.56],[8.5867428,46.66176839,1132.67],[8.58676279,46.66173973,1132.77],[8.58678978,46.66171407,1132.88],[8.58682344,46.66169174,1132.98],[8.58685977,46.66167441,1133.06],[8.58689676,46.66166141,1133.15],[8.58697175,46.66164775,1133.31],[8.58700574,46.66164609,1133.46],[8.58703774,46.66164775,1133.6],[8.58706873,46.66165208,1133.72],[8.58719105,46.66167772,1134.44],[8.58722038,46.66168638,1134.66],[8.5873097,46.6617177,1135.31],[8.58733803,46.6617287,1135.53],[8.58739268,46.66175369,1136.01],[8.58742068,46.66176635,1136.27],[8.58750534,46.661801,1137.02],[8.58753267,46.66181333,1137.22],[8.58758633,46.66184133,1137.64],[8.58761366,46.66185399,1137.81],[8.58770032,46.66188065,1138.54],[8.58772632,46.66188798,1138.82],[8.58775232,46.66189264,1139.12],[8.58777898,46.6618943,1139.35],[8.58780564,46.66189264,1139.57],[8.58783097,46.66188698,1139.76],[8.5878533,46.66187699,1139.92],[8.58786796,46.66186233,1140.07],[8.58787362,46.661844,1140.18],[8.58786829,46.66182534,1140.3],[8.58785463,46.66180834,1140.46],[8.58783564,46.66179435,1140.65],[8.58781498,46.66178402,1140.83],[8.58779298,46.66177503,1141.04],[8.587741,46.66175737,1141.38],[8.58771267,46.66174838,1141.58],[8.58762736,46.66172407,1142.16],[8.58760003,46.66171574,1142.36],[8.58746938,46.66166842,1143.34],[8.58744439,46.66165842,1143.53],[8.58702414,46.66144219,1146.5],[8.58700048,46.6614302,1146.68],[8.58690783,46.66137989,1147.38],[8.58688517,46.66136723,1147.58],[8.58640591,46.66111966,1151.02],[8.58637925,46.661106,1151.21],[8.58617529,46.66099669,1152.8],[8.58615096,46.66098303,1153.01],[8.58610298,46.66095404,1153.42],[8.58607899,46.66093938,1153.64],[8.586032,46.66090772,1154.05],[8.58601001,46.66089139,1154.25],[8.58598968,46.66087439,1154.43],[8.58597135,46.66085673,1154.62],[8.58593935,46.66082041,1154.99],[8.58592469,46.66080175,1155.18],[8.58589071,46.66074576,1155.71],[8.58588272,46.6607271,1155.89],[8.58586274,46.66064679,1156.6],[8.58585908,46.66062579,1156.75],[8.58585743,46.66058179,1157.05],[8.58585677,46.6605598,1157.2],[8.58586208,46.66049381,1157.65],[8.58586641,46.66047248,1157.85],[8.58587806,46.66042882,1158.23],[8.58588406,46.66040682,1158.42],[8.58591304,46.66032118,1159.01],[8.58592037,46.66029985,1159.16],[8.58592637,46.66027752,1159.34],[8.5859317,46.66025486,1159.53],[8.58593869,46.66021054,1159.87],[8.58594135,46.66018788,1160.1],[8.58594301,46.66016555,1160.29],[8.58594367,46.66014289,1160.53],[8.58594234,46.66012089,1160.77],[8.58593901,46.66009889,1160.98],[8.58593435,46.66007623,1161.18],[8.58592735,46.6600539,1161.42],[8.58590937,46.66000958,1161.84],[8.58589837,46.65998892,1162.07],[8.58584572,46.65990427,1162.9],[8.58582972,46.65988428,1163.13],[8.58571508,46.65974499,1164.85],[8.58569809,46.65972466,1165.08],[8.58559645,46.6596087,1166.45],[8.58558012,46.6595897,1166.68],[8.58556512,46.65957004,1166.89],[8.58555079,46.65955038,1167.17],[8.5855028,46.65949372,1167.87],[8.58548714,46.65947539,1168.08],[8.58542849,46.65939974,1168.85],[8.58541283,46.65938075,1169.07],[8.58533351,46.65928611,1170.16],[8.58531718,46.65926678,1170.39],[8.58525021,46.6591918,1171.29],[8.58523388,46.65917281,1171.51],[8.58510192,46.65901186,1173.36],[8.58508626,46.6589922,1173.58],[8.58499995,46.65887856,1174.99],[8.58498662,46.65886023,1175.21],[8.58494131,46.65880758,1175.9],[8.58492598,46.65879025,1176.1],[8.58489532,46.65876059,1176.52],[8.58488099,46.65874659,1176.77],[8.58482634,46.65868828,1177.68],[8.58481168,46.65867329,1177.84],[8.58461742,46.65848303,1180.21],[8.58460342,46.6584677,1180.39],[8.58457877,46.65843438,1180.7],[8.58456844,46.65841772,1180.83],[8.58456011,46.65839973,1180.97],[8.58455578,46.65838107,1181.09],[8.58455445,46.65836174,1181.2],[8.58455645,46.65834241,1181.29],[8.58456311,46.65832241,1181.36],[8.5845751,46.65830342,1181.45],[8.58459209,46.65828509,1181.53],[8.58461442,46.65826976,1181.6],[8.58464042,46.65825643,1181.67],[8.58466908,46.65824477,1181.75],[8.58470041,46.65823611,1181.83],[8.58473274,46.65823211,1181.91],[8.5847654,46.65823178,1181.98],[8.5847984,46.65823544,1182.07],[8.58482939,46.65824177,1182.17],[8.58485872,46.65825143,1182.27],[8.58488571,46.65826476,1182.4],[8.58491071,46.65828009,1182.52],[8.58493337,46.65829708,1182.66],[8.58499402,46.65835073,1183.04],[8.58501301,46.65836872,1183.16],[8.58513797,46.6585007,1184.33],[8.58515663,46.6585197,1184.53],[8.5854039,46.65878864,1187.51],[8.5854219,46.65880764,1187.77],[8.58565015,46.65903057,1190.63],[8.58567115,46.65904823,1190.84],[8.58569314,46.65906456,1191.06],[8.5857168,46.65907989,1191.07],[8.58574313,46.65909355,1191.49],[8.58577213,46.65910321,1191.77],[8.58580246,46.6591072,1192.04],[8.58583045,46.65910321,1192.26],[8.58585311,46.65909255,1192.46],[8.58586677,46.65907589,1192.65],[8.5858731,46.6590559,1192.82],[8.58587011,46.65903457,1192.97],[8.58586045,46.65901391,1193.11],[8.58584612,46.65899392,1193.12],[8.58580946,46.6589566,1193.4],[8.58579013,46.65893894,1193.56],[8.58575248,46.65891028,1193.95],[8.58573315,46.65889628,1194.16],[8.58563618,46.65882997,1195.2],[8.58561819,46.65881631,1195.42],[8.58556353,46.65877066,1196.06],[8.5855452,46.658756,1196.29],[8.58545057,46.65868502,1197.46],[8.58543191,46.65867003,1197.68],[8.58537959,46.65862404,1198.27],[8.5853636,46.65860904,1198.5],[8.58530594,46.65854639,1199.36],[8.58529194,46.65853039,1199.59],[8.58516966,46.65837644,1201.4],[8.58515767,46.65836178,1201.55],[8.58510403,46.6582818,1202.38],[8.58509303,46.65826614,1202.55],[8.58508104,46.65825081,1202.71],[8.58506905,46.65823582,1202.93],[8.5850264,46.65817316,1203.8],[8.58501574,46.65815783,1204.04],[8.58496043,46.65808286,1205.09],[8.58494844,46.6580702,1205.29],[8.58493578,46.65806054,1205.49],[8.58491979,46.65805488,1205.71],[8.58490446,46.65804955,1205.92],[8.58482481,46.65800825,1207.41],[8.58481448,46.65800692,1207.6],[8.58480382,46.65799859,1207.77],[8.58479349,46.6579896,1207.94],[8.58478449,46.6579896,1208.15],[8.5847805,46.6579916,1208.34],[8.58476151,46.65798361,1208.74],[8.58475018,46.65797795,1209.14],[8.58474252,46.65797662,1209.53],[8.58473152,46.65797129,1209.73],[8.58470719,46.65795497,1210.14],[8.58469153,46.65794531,1210.33],[8.5846822,46.65794631,1210.51],[8.58466354,46.65793865,1210.89],[8.58465388,46.65793432,1211.09],[8.58463955,46.65792599,1211.29],[8.58460556,46.657899,1211.61],[8.58458857,46.65788334,1211.81],[8.58458358,46.65788467,1212.02],[8.58457225,46.65789466,1212.21],[8.58455026,46.657892,1212.42],[8.58452893,46.65789833,1212.61],[8.58450393,46.657895,1212.79],[8.5844726,46.65788567,1212.96],[8.5844386,46.65787201,1213.17],[8.58440794,46.65787102,1213.38],[8.58437195,46.65786236,1213.57],[8.58435095,46.65786469,1213.75],[8.58433229,46.65785736,1213.97],[8.58433462,46.65786902,1214.15],[8.58432862,46.65787068,1214.38],[8.58426297,46.6578277,1215.17],[8.58424564,46.65781537,1215.35],[8.58423131,46.65780304,1215.57],[8.58421466,46.65777638,1216],[8.58420867,46.65776905,1216.02],[8.58419767,46.65779138,1216.47],[8.58418934,46.65779937,1216.67],[8.58418068,46.6578317,1216.86],[8.58417235,46.65787903,1217.07],[8.58416736,46.65791002,1217.26],[8.58416769,46.65793535,1217.46],[8.58416935,46.65794768,1217.63],[8.58416669,46.65798201,1217.8],[8.58416269,46.65802967,1217.97],[8.58415136,46.65804966,1218.14],[8.58414403,46.65808099,1218.28],[8.58413037,46.65809265,1218.46],[8.58411637,46.65809032,1218.76],[8.58410638,46.65808066,1218.93],[8.58409905,46.65806833,1219.12],[8.58405772,46.658044,1219.12],[8.58403472,46.65802567,1219.6],[8.58400406,46.65800401,1219.76],[8.58331641,46.65740035,1224.65],[8.58286775,46.65698602,1224.84],[8.58257075,46.65674036,1225.02],[8.58224009,46.65649604,1225.36],[8.5821481,46.65642338,1225.55],[8.58172744,46.65632472,1228.99],[8.58146111,46.65626272,1229.18],[8.58127712,46.65623173,1229.41],[8.58115479,46.6562064,1229.61],[8.58107413,46.65619507,1229.83],[8.5810138,46.65618174,1230.04],[8.58096747,46.65616441,1230.23],[8.58088181,46.65587175,1230.43],[8.58080115,46.65552309,1230.63],[8.58082181,46.65527909,1230.86],[8.58094647,46.65514543,1231.06],[8.58105246,46.65508444,1231.22],[8.58114079,46.65505411,1231.38],[8.58135712,46.65507311,1231.54],[8.58168478,46.65511342,1232.11],[8.58173011,46.65511808,1232.3],[8.58203144,46.65506542,1232.67],[8.5824781,46.65514475,1232.85],[8.58283476,46.65524808,1233.06],[8.58308075,46.65534207,1233.25],[8.58323241,46.6554164,1233.45],[8.58332274,46.6554724,1233.65],[8.58337174,46.65551273,1233.87],[8.58339307,46.65554172,1234.05],[8.58339573,46.65556105,1234.22],[8.58338673,46.65557438,1234.28],[8.58336807,46.65558271,1234.28],[8.58326374,46.6556177,1234.35],[8.58323475,46.65562903,1234.39],[8.58320609,46.65564136,1234.43],[8.5831791,46.65565402,1234.51],[8.58312878,46.65568135,1234.68],[8.58310512,46.65569668,1234.78],[8.58304047,46.65574633,1235.07],[8.58302014,46.65576299,1235.15],[8.58283321,46.65592694,1236.35],[8.58281455,46.65594327,1236.44],[8.58259393,46.65612588,1238.05],[8.58257427,46.65614554,1238.26],[8.58255594,46.6561652,1238.45],[8.58254028,46.65618353,1238.71],[8.58252695,46.65620219,1239.05],[8.58251496,46.65621952,1239.36],[8.58247598,46.65629717,1240.47],[8.58246565,46.65631816,1240.71],[8.58240935,46.65642347,1241.87],[8.58239902,46.6564438,1242.17],[8.5823797,46.65648612,1242.66],[8.5823697,46.65650745,1242.89],[8.58235804,46.65652878,1243.09],[8.58232738,46.65657044,1243.45],[8.58230772,46.65658877,1243.59],[8.58228606,46.6566051,1243.75],[8.58225907,46.6566201,1243.89],[8.58222874,46.65663176,1244.03],[8.58219741,46.65664175,1244.15],[8.58216575,46.65664808,1244.26],[8.58213442,46.65665174,1244.34],[8.58203877,46.65665673,1244.59],[8.58201311,46.65666439,1244.66],[8.58200078,46.65667839,1244.72],[8.58200045,46.65669639,1244.79],[8.58200911,46.65671572,1244.86],[8.58203676,46.6567567,1245.09],[8.58205076,46.65677703,1245.18],[8.58205976,46.65679669,1245.27],[8.58205943,46.65681569,1245.36],[8.5820481,46.65683202,1245.46],[8.58202777,46.65684235,1245.56],[8.58200344,46.65684534,1245.62],[8.58198011,46.65684034,1245.68],[8.58196012,46.65682934,1245.78],[8.58194346,46.65681468,1245.86],[8.58192181,46.65678002,1246.15],[8.58191248,46.65676236,1246.36],[8.58187883,46.65671271,1247.01],[8.58186884,46.65669605,1247.25],[8.58182352,46.65661009,1248.42],[8.58181552,46.65659376,1248.64],[8.58178854,46.65653145,1249.6],[8.58178255,46.65651679,1249.8],[8.58177256,46.65646914,1250.35],[8.5817709,46.65645248,1250.53],[8.5817709,46.65643615,1250.7],[8.58177189,46.65641882,1250.86],[8.58177722,46.65638417,1251.03],[8.58178122,46.65636718,1251.23],[8.58179287,46.65633219,1251.78],[8.58180053,46.6563152,1251.98],[8.58185817,46.65622589,1253.03],[8.58186683,46.65621223,1253.18],[8.58189681,46.65617224,1253.72],[8.5819088,46.65615758,1253.88],[8.58202112,46.65604063,1255.54],[8.58203345,46.65602763,1255.8],[8.58204344,46.6560143,1256.02],[8.58205277,46.65600164,1256.25],[8.58207509,46.65597765,1256.75],[8.58208775,46.65596566,1256.99],[8.58210008,46.65595466,1257.22],[8.58211341,46.655944,1257.44],[8.58219839,46.65589202,1258.32],[8.58221572,46.65588102,1258.51],[8.58224738,46.65585703,1258.7],[8.58226104,46.65584437,1258.86],[8.58231169,46.65578672,1259.65],[8.58232569,46.65577206,1259.86],[8.58236167,46.65572507,1260.42],[8.58237567,46.65570941,1260.62],[8.58253595,46.6555388,1263.38],[8.58254828,46.6555248,1263.68],[8.58257226,46.65549647,1264.27],[8.58258326,46.65548181,1264.6],[8.58261158,46.65543716,1265.42],[8.58262091,46.65542283,1265.7],[8.58265089,46.65538185,1266.43],[8.58265922,46.65536785,1266.64],[8.58267221,46.65533619,1267.04],[8.58267854,46.65532053,1267.23],[8.58272651,46.65522122,1268.76],[8.58273317,46.65521123,1269.03],[8.58274183,46.65520423,1269.27],[8.58276715,46.65519325,1270.16],[8.58280114,46.65518726,1270.67],[8.58289946,46.65518594,1270.68],[8.58293312,46.65518361,1270.56],[8.58296778,46.65517828,1270.33],[8.58300377,46.65516762,1270.15],[8.58304076,46.65514763,1269.92],[8.58307842,46.6551173,1269.7],[8.58311708,46.65508064,1269.45],[8.58323239,46.65494634,1268.95],[8.58325105,46.65492434,1268.98],[8.58327004,46.65490534,1269.04],[8.58328737,46.65488735,1269.1],[8.58332935,46.65483803,1269.44],[8.58334301,46.65482403,1269.62],[8.58337399,46.65478304,1270.19],[8.58338632,46.65476838,1270.33],[8.58346063,46.6547034,1270.81],[8.58348096,46.65468474,1270.9],[8.58354662,46.65463042,1271.19],[8.58356661,46.65461443,1271.32],[8.58363059,46.65455044,1271.93],[8.58364525,46.65453444,1272.08],[8.58378786,46.65435747,1273.79],[8.58380052,46.65434114,1273.95],[8.5838365,46.65429182,1274.49],[8.58384816,46.65427516,1274.65],[8.58390413,46.65419019,1275.45],[8.58391546,46.65417353,1275.6],[8.58398644,46.65408589,1276.29],[8.5840011,46.65406756,1276.29],[8.58404141,46.65400891,1277.48],[8.58405007,46.65399692,1277.77],[8.58406506,46.65396859,1278.3],[8.58407406,46.65395326,1278.5],[8.58414936,46.65384195,1279.39],[8.58416002,46.65382662,1279.48],[8.58421899,46.65373498,1280.34],[8.58422932,46.65371965,1280.5],[8.58428464,46.65364401,1281.25],[8.58429597,46.65362935,1281.42],[8.58433361,46.65356903,1282.14],[8.58434394,46.65355503,1282.31],[8.58442323,46.65345806,1283.36],[8.58443389,46.6534434,1283.52],[8.58446288,46.65340075,1283.95],[8.58447187,46.65338609,1284.09],[8.58448719,46.65335577,1284.4],[8.58449619,46.65334177,1284.56],[8.5845385,46.65328479,1285.22],[8.5845475,46.65327113,1285.39],[8.5845788,46.65321414,1286.19],[8.58458713,46.65320014,1286.35],[8.58464409,46.6531265,1287.18],[8.58465342,46.65311084,1287.34],[8.58467541,46.65306085,1287.88],[8.5846814,46.65304486,1288.04],[8.58472637,46.65295123,1289.18],[8.58473136,46.65293557,1289.36],[8.58473502,46.65291957,1289.52],[8.58473868,46.65290358,1289.72],[8.58474933,46.65282226,1290.57],[8.58475066,46.65280626,1290.73],[8.58475132,46.6527736,1291.07],[8.58475132,46.65275694,1291.26],[8.58474866,46.65272395,1291.63],[8.584746,46.65270729,1291.8],[8.58472769,46.65262564,1292.81],[8.58472436,46.65260898,1293.01],[8.58471338,46.65257566,1293.42],[8.58470638,46.652559,1293.64],[8.58464275,46.65245569,1295.2],[8.58463342,46.65244169,1295.39],[8.58457112,46.65236505,1296.42],[8.58456212,46.65235272,1296.55],[8.58453714,46.65231173,1296.9],[8.58452781,46.6522974,1297],[8.58450649,46.65225541,1297.33],[8.58450016,46.65224175,1297.44],[8.58447786,46.65214912,1298.14],[8.5844752,46.65213379,1298.26],[8.5844732,46.65211846,1298.35],[8.58447353,46.65205682,1299.01],[8.5844672,46.65203582,1299.1],[8.58451018,46.65195818,1299.89],[8.58452117,46.65194052,1300],[8.5845335,46.65192286,1300.1],[8.58454783,46.65190487,1300.22],[8.58457949,46.65187022,1300.42],[8.58459549,46.65185289,1300.58],[8.5846848,46.65177424,1301.54],[8.58470313,46.65175958,1301.75],[8.58475845,46.65171792,1302.39],[8.58477611,46.65170459,1302.6],[8.58483409,46.65166493,1303.19],[8.58485409,46.65165227,1303.43],[8.58488874,46.65162361,1303.9],[8.5849054,46.65160895,1304.13],[8.58502702,46.65151331,1305.64],[8.58504501,46.65149931,1305.85],[8.58509033,46.65145332,1306.5],[8.58510466,46.65143966,1306.73],[8.58513398,46.65141568,1307.2],[8.58514798,46.65140335,1307.43],[8.5851753,46.6513767,1307.85],[8.58518896,46.65136237,1308.07],[8.58524993,46.65129306,1309.1],[8.58526092,46.65127973,1309.31],[8.58532656,46.65119342,1310.33],[8.58533689,46.65117809,1310.5],[8.5853622,46.65112977,1311.01],[8.58536953,46.65111511,1311.2],[8.58538583,46.65107146,1311.92],[8.58538783,46.6510688,1312.06],[8.58540416,46.65099481,1312.17],[8.58540616,46.65097615,1313.36],[8.58540915,46.65095682,1313.36],[8.58543845,46.65082818,1314.31],[8.58544344,46.65080618,1314.53],[8.58545907,46.65068322,1315.79],[8.5854604,46.65066256,1316.01],[8.58545809,46.65052994,1317.7],[8.58545776,46.65051328,1317.92],[8.58545942,46.65049662,1318.18],[8.58547174,46.65044864,1318.92],[8.5854754,46.65043365,1319.18],[8.58548006,46.65040099,1319.6],[8.58548439,46.650384,1319.77],[8.58549072,46.65036701,1319.92],[8.58549905,46.65035002,1320.04],[8.58550971,46.65033402,1320.14],[8.58552137,46.65031836,1320.24],[8.58561533,46.65022306,1320.79],[8.58562799,46.65020973,1320.91],[8.58568629,46.65015808,1321.42],[8.58570129,46.65014542,1321.55],[8.58580158,46.65007545,1322.2],[8.58581824,46.65006279,1322.32],[8.58590387,46.64999114,1323.09],[8.5859212,46.64997681,1323.24],[8.58598184,46.64991449,1323.98],[8.58599717,46.64989883,1324.21],[8.58608115,46.64982318,1325.51],[8.58609814,46.64980918,1325.76],[8.5861158,46.64979552,1326.02],[8.58613413,46.64978252,1326.27],[8.58620978,46.64973454,1327.22],[8.58622844,46.64972255,1327.43],[8.58632842,46.64966657,1328.43],[8.58634908,46.64965591,1328.62],[8.58652403,46.64957463,1330.24],[8.58654169,46.64956663,1330.36],[8.58696797,46.64933867,1332.26],[8.5869873,46.64932801,1332.46],[8.58706927,46.64928635,1333.31],[8.5870896,46.64927602,1333.58],[8.58713226,46.64925903,1334.06],[8.58715492,46.6492507,1334.31],[8.58724355,46.64922305,1335.33],[8.58726621,46.64921739,1335.62],[8.58735486,46.64920207,1336.64],[8.58737619,46.64919974,1336.86],[8.58741918,46.64919908,1337.32],[8.58744084,46.64919941,1337.53],[8.58757281,46.64920838,1338.56],[8.58759347,46.64921104,1338.74],[8.58765479,46.64922636,1339.21],[8.58767545,46.64923302,1339.43],[8.58775811,46.64926566,1340.2],[8.58778077,46.64927265,1340.38],[8.58782643,46.6492823,1340.8],[8.58784976,46.6492873,1341.01],[8.58800572,46.6493276,1342.67],[8.58802805,46.64933326,1342.95],[8.58805071,46.64933725,1343.24],[8.58807337,46.64934024,1343.5],[8.58811802,46.6493439,1344.04],[8.58814002,46.6493459,1344.29],[8.58820533,46.64934557,1345.06],[8.58822666,46.6493459,1345.35],[8.58828631,46.64935189,1346.05],[8.58830164,46.64935522,1346.28],[8.58831564,46.64936055,1346.53],[8.58832664,46.64936821,1346.75],[8.58834397,46.64938854,1347.19],[8.58835163,46.64940187,1347.4],[8.58837095,46.64945685,1347.84],[8.58837694,46.64947684,1347.92],[8.5883926,46.64951016,1347.93],[8.58839893,46.64952182,1347.93],[8.58840126,46.64953181,1347.89],[8.58839028,46.64955777,1347.73],[8.58839128,46.64955843,1347.69],[8.58831562,46.64940646,1347.97],[8.58831129,46.64939846,1348.07],[8.58831063,46.64938846,1348.13],[8.58831562,46.64937847,1348.18],[8.58832595,46.64937047,1348.22],[8.58834128,46.64936614,1348.26],[8.58835994,46.64936647,1348.29],[8.5884016,46.64937613,1348.39],[8.58842193,46.64938279,1348.47],[8.58844259,46.64939112,1348.63],[8.58849924,46.64942111,1349.11],[8.58851924,46.64943144,1349.28],[8.58860589,46.64947075,1350.19],[8.58862855,46.64947908,1350.45],[8.58867653,46.6494914,1350.97],[8.58870219,46.64949473,1351.25],[8.58872852,46.64949539,1351.52],[8.58875452,46.6494924,1351.82],[8.58877718,46.64948541,1352.13],[8.58879551,46.64947441,1352.46],[8.5888105,46.64946008,1352.8],[8.58882149,46.64944408,1353.17],[8.58882849,46.64942642,1353.54],[8.58883249,46.64940842,1353.91],[8.58884015,46.64934145,1355.04],[8.58884281,46.64932545,1355.31],[8.58884614,46.64930979,1355.55],[8.58885747,46.6492798,1355.95],[8.58886146,46.6492638,1356.12],[8.58887045,46.64921381,1356.48],[8.58887211,46.64919748,1356.57],[8.58887112,46.64918115,1356.64],[8.58886779,46.64916549,1356.72],[8.5888618,46.64914983,1356.79],[8.58885214,46.6491345,1356.85],[8.58883981,46.64912084,1356.89],[8.58881049,46.64909352,1356.99],[8.58879416,46.64908153,1357.03],[8.5887395,46.64904921,1357.22],[8.58872017,46.64903955,1357.31],[8.58863286,46.6490109,1357.69],[8.58860887,46.64900524,1357.77],[8.58846024,46.64897895,1358.14],[8.58843591,46.64897395,1358.19],[8.58827195,46.64893499,1358.6],[8.58825229,46.648929,1358.68],[8.5882253,46.64891268,1358.82],[8.5882183,46.64890569,1358.89],[8.58821398,46.64889636,1359.06],[8.58821431,46.64889437,1359.14],[8.5882233,46.64888572,1359.29],[8.58823329,46.64888006,1359.34],[8.58824729,46.64887673,1359.38],[8.58836126,46.64887904,1359.74],[8.58838659,46.64887937,1359.86],[8.58858622,46.64889833,1361.02],[8.58861021,46.64890166,1361.2],[8.58885548,46.64892229,1362.8],[8.58887981,46.64892462,1362.98],[8.5889498,46.6489366,1363.53],[8.58897313,46.64894126,1363.77],[8.58906111,46.64896924,1364.62],[8.58908444,46.64897557,1364.84],[8.58934071,46.64903253,1366.9],[8.58936337,46.64903819,1367.06],[8.58943135,46.64904617,1367.64],[8.58945401,46.64904783,1367.82],[8.58954798,46.64904916,1368.47],[8.58957164,46.64904683,1368.47],[8.58963763,46.64903185,1369.1],[8.58965829,46.64902585,1369.26],[8.5897366,46.64899653,1369.91],[8.58975493,46.64898787,1370.09],[8.58977193,46.64897888,1370.29],[8.58978759,46.64896855,1370.47],[8.58981592,46.64894756,1370.78],[8.58983125,46.64893723,1370.93],[8.58995921,46.64887059,1371.83],[8.58997654,46.64886126,1371.96],[8.59023012,46.64870668,1374.05],[8.59024711,46.64869602,1374.23],[8.59035108,46.64863873,1375.21],[8.59036774,46.64862773,1375.39],[8.59044072,46.64857142,1376.2],[8.59045605,46.64856009,1376.35],[8.59051535,46.64849978,1377.07],[8.59052868,46.64848878,1377.2],[8.59059332,46.6484428,1377.92],[8.59060432,46.64843381,1378.08],[8.59063364,46.64841616,1378.45],[8.5906383,46.64841317,1378.56],[8.59064528,46.64841184,1378.9],[8.59064561,46.64841184,1378.95],[8.59069027,46.64835519,1379.08],[8.5907026,46.64834186,1379.18],[8.59075125,46.64830087,1379.51],[8.59076858,46.64828654,1379.67],[8.59082957,46.64822822,1380.41],[8.5908439,46.64821422,1380.6],[8.59088888,46.64817691,1381.17],[8.59090354,46.64816491,1381.33],[8.59101817,46.64808163,1382.41],[8.5910345,46.6480693,1382.55],[8.59104883,46.64805631,1382.7],[8.59106216,46.64804265,1382.85],[8.59108548,46.64801566,1383.2],[8.59109614,46.64800233,1383.37],[8.59114344,46.64795535,1384.06],[8.59115577,46.64794402,1384.2],[8.59116576,46.64793136,1384.33],[8.59117309,46.64791837,1384.51],[8.59117742,46.64790471,1384.66],[8.59117942,46.64789171,1384.81],[8.59117709,46.64787905,1384.95],[8.59117443,46.64786772,1385.06],[8.59116944,46.64785672,1385.21],[8.59116244,46.64784672,1385.32],[8.59115244,46.64783773,1385.48],[8.59113878,46.64782874,1385.62],[8.59112212,46.64782141,1385.76],[8.59110413,46.64781442,1385.94],[8.5909765,46.64777845,1387.03],[8.59095484,46.64777179,1387.23],[8.59084685,46.64774949,1388.14],[8.59082719,46.64774616,1388.36],[8.59073021,46.64771685,1389.56],[8.59071088,46.64771219,1389.79],[8.59064156,46.64770221,1390.33],[8.59061857,46.64769888,1390.5],[8.59054959,46.64768322,1390.78],[8.5905276,46.64767756,1391.19],[8.59046162,46.64765425,1391.74],[8.59044129,46.64764425,1391.88],[8.5904003,46.64762292,1392.17],[8.59038331,46.64761259,1392.49],[8.59035132,46.64758826,1393.16],[8.59033566,46.6475746,1393.43],[8.59029701,46.64752895,1394.1],[8.59028635,46.64751296,1394.26],[8.59027735,46.64749663,1394.4],[8.59026536,46.64746497,1394.6],[8.59026203,46.64744998,1394.74],[8.5902617,46.64743565,1394.86],[8.59026303,46.64742032,1394.95],[8.59027101,46.64737101,1395.23],[8.59027301,46.64735368,1395.23],[8.59027168,46.64731869,1395.44],[8.59027135,46.6473017,1395.62],[8.59027367,46.64726705,1395.92],[8.59027533,46.64725006,1396.08],[8.59027566,46.64719808,1396.42],[8.59027832,46.64717975,1396.45],[8.59028265,46.64716042,1396.47],[8.59028998,46.64714176,1396.49],[8.59030164,46.64712477,1396.51],[8.5903173,46.64710977,1396.54],[8.59033596,46.64709678,1396.55],[8.59035762,46.64708645,1396.63],[8.59038161,46.64707879,1396.84],[8.5904066,46.6470748,1397.02],[8.59045892,46.64707414,1397.31],[8.59048625,46.6470768,1397.41],[8.59059524,46.64709679,1398.31],[8.5906199,46.64710312,1398.61],[8.59084852,46.6471834,1399.66],[8.59087185,46.64718906,1399.65],[8.59099249,46.6472077,1400.04],[8.59101749,46.64721036,1400.3],[8.59106548,46.64721102,1400.46],[8.59108814,46.64721036,1400.75],[8.59126809,46.64720306,1402.57],[8.59128375,46.64720506,1402.57],[8.59137738,46.64723303,1402.32],[8.59140204,46.64723969,1402.25],[8.59149768,46.64726466,1401.9],[8.59152068,46.64727099,1401.81],[8.59158633,46.64728464,1401.65],[8.59160566,46.6472893,1401.59],[8.59164931,46.64730329,1401.39],[8.59165631,46.64730628,1401.39],[8.59161198,46.64727495,1400.39],[8.59150567,46.6472463,1400.6],[8.59147767,46.64723797,1400.68],[8.59134669,46.64719033,1401.02],[8.5913227,46.64717967,1401.02],[8.59130404,46.64716901,1401.06],[8.59129304,46.64715902,1401.09],[8.59128405,46.64714636,1401.24],[8.59128339,46.64714337,1401.32],[8.59128405,46.64714104,1401.39],[8.59128671,46.64714038,1401.43],[8.59129604,46.64714237,1401.49],[8.59130037,46.6471437,1401.5],[8.59131435,46.64714072,1401.42],[8.59121202,46.64708973,1401.69],[8.59113103,46.64708308,1401.73],[8.59110137,46.64708009,1401.8],[8.59100772,46.64707611,1402.09],[8.59097706,46.64707412,1402.09],[8.59070376,46.64705216,1402.79],[8.5906571,46.6470475,1402.83],[8.59061177,46.6470395,1403.25],[8.59056911,46.64702817,1403.64],[8.59053245,46.64701384,1403.99],[8.59050179,46.64699984,1404.32],[8.59043813,46.64696452,1404.99],[8.59042514,46.64695452,1405.13],[8.59041381,46.64694519,1405.25],[8.59040448,46.64693453,1405.37],[8.5903865,46.64690121,1406.03],[8.59038084,46.64688988,1406.33],[8.59033586,46.6468229,1407.32],[8.59032853,46.6468089,1407.47],[8.59028855,46.64671693,1408.48],[8.59028122,46.64669994,1408.67],[8.59025624,46.64664962,1409.28],[8.59024924,46.64663362,1409.51],[8.59021759,46.64654932,1410.94],[8.59021259,46.64653332,1411.25],[8.5902106,46.64651699,1411.5],[8.5902106,46.6465,1411.75],[8.59021825,46.64643069,1412.75],[8.59022058,46.64641303,1413.01],[8.59023256,46.64634239,1414.13],[8.5902319,46.64632506,1414.37],[8.59020961,46.64625075,1415.44],[8.59020561,46.64623609,1415.62],[8.59018396,46.64617679,1416.27],[8.5901793,46.64616179,1416.47],[8.59015699,46.64607215,1417.19],[8.59015533,46.64605782,1417.41],[8.59015932,46.6460115,1417.69],[8.59016131,46.6459965,1417.89],[8.59018228,46.64590288,1418.77],[8.59018694,46.64588622,1418.88],[8.59020526,46.64583823,1419.23],[8.59021259,46.6458229,1419.35],[8.59024124,46.64577725,1419.75],[8.5902509,46.64576225,1419.89],[8.59029654,46.64570394,1420.54],[8.59030887,46.64568961,1420.68],[8.59033453,46.64566128,1421.14],[8.59034752,46.64564662,1421.36],[8.5904015,46.64559363,1421.98],[8.59041216,46.6455833,1422.11],[8.59042215,46.6455753,1422.23],[8.59043215,46.6455683,1422.32],[8.59049246,46.64554265,1422.67],[8.59051112,46.64553199,1422.85],[8.59107078,46.644172,1431.12],[8.59139611,46.64333167,1431.17],[8.59156044,46.64277834,1431.19],[8.59164843,46.64241701,1431.1],[8.59168809,46.64217201,1430.95],[8.59169642,46.64199735,1430.77],[8.59168609,46.64186369,1430.77],[8.5916671,46.64175803,1430.47],[8.59162511,46.64159571,1430.26],[8.59160778,46.64152738,1430.24],[8.59159545,46.64146372,1430.26],[8.59158679,46.64140272,1430.28],[8.59158246,46.64134372,1430.31],[8.5915798,46.64128539,1430.34],[8.59156981,46.64117673,1430.37],[8.59156615,46.64112407,1430.4],[8.59156549,46.64107174,1430.46],[8.59157215,46.64102174,1430.47],[8.59159481,46.64097341,1430.58],[8.59166614,46.64088575,1430.76],[8.59170247,46.64084542,1430.82],[8.5917788,46.64076377,1430.95],[8.59182146,46.64072144,1431.01],[8.59196211,46.64058445,1430.99],[8.5920101,46.64053679,1430.96],[8.59206243,46.64048846,1430.96],[8.59212042,46.64044147,1430.98],[8.59218508,46.64039681,1431.01],[8.59225608,46.64035548,1431.03],[8.59232908,46.64031982,1431.04],[8.59240607,46.64029049,1431.05],[8.59264406,46.64020951,1431.07],[8.59271872,46.64018185,1431.08],[8.59286037,46.64012386,1431.11],[8.59292837,46.6400942,1431.1],[8.59305836,46.64003288,1431.12],[8.59311935,46.64000122,1431.15],[8.59328733,46.63989924,1431.26],[8.59334133,46.63986558,1431.32],[8.59339299,46.63983058,1431.37],[8.59358464,46.63968927,1431.61],[8.5936323,46.63965428,1431.65],[8.59371863,46.63958262,1431.72],[8.59375729,46.63954563,1431.77],[8.59379462,46.63950797,1431.87],[8.59383028,46.63947031,1431.98],[8.59389727,46.63939565,1432.19],[8.59392926,46.63935932,1432.32],[8.59396026,46.63932299,1432.43],[8.59399025,46.63928566,1432.55],[8.59404491,46.63921201,1432.78],[8.59407157,46.63917601,1432.87],[8.59409656,46.63914035,1432.96],[8.59415921,46.63903703,1433.34],[8.59417887,46.63900337,1433.44],[8.5941962,46.63897071,1433.54],[8.59424052,46.63887372,1433.74],[8.59425518,46.63884173,1433.78],[8.59433316,46.63868008,1434.14],[8.59434915,46.63864675,1434.2],[8.59442013,46.63848144,1434.47],[8.59443546,46.63844811,1434.57],[8.59450144,46.63831579,1434.91],[8.5945171,46.63828213,1434.98],[8.59453076,46.63824814,1435.06],[8.59454309,46.63821348,1435.16],[8.59456375,46.63814249,1435.35],[8.59457374,46.63810616,1435.45],[8.59463905,46.63784319,1435.96],[8.59464804,46.6378062,1436.04],[8.59467169,46.63769754,1436.21],[8.59468035,46.63766188,1436.24],[8.59472466,46.6374899,1436.37],[8.59473232,46.63745857,1436.44],[8.59477929,46.63728826,1436.64],[8.59478428,46.6372606,1436.63],[8.59478228,46.63723394,1436.63],[8.59477029,46.63721261,1436.62],[8.59474863,46.63720028,1436.61],[8.59469397,46.63718896,1436.61],[8.59466697,46.6371803,1436.63],[8.59464298,46.63716697,1436.62],[8.59460099,46.63713765,1436.6],[8.59457799,46.63712399,1436.6],[8.59455033,46.63711333,1436.59],[8.59445268,46.63708601,1436.53],[8.59442435,46.63707368,1436.5],[8.59440602,46.63705635,1436.47],[8.59440169,46.63703535,1436.44],[8.59440335,46.63696336,1436.28],[8.59440335,46.63696103,1436.26],[8.59393969,46.63691903,1436.2],[8.59391036,46.6368997,1436.16],[8.59388036,46.63688004,1436.16],[8.59384603,46.63686238,1436.12],[8.5938077,46.63684638,1436.1],[8.59376671,46.63683139,1436.09],[8.59367739,46.63680573,1436.09],[8.59363173,46.6367924,1436.11],[8.5935454,46.63676208,1436.17],[8.59350474,46.63674742,1436.2],[8.59342341,46.63672376,1436.27],[8.59338408,46.6367131,1436.29],[8.59330676,46.63669677,1436.35],[8.5932681,46.63669011,1436.38],[8.59318945,46.63668245,1436.38],[8.59315112,46.63667845,1436.42],[8.59311279,46.63667246,1436.42],[8.59307446,46.63666446,1436.42],[8.5930348,46.6366548,1436.44],[8.59299414,46.6366438,1436.45],[8.59282915,46.63658915,1436.39],[8.59278515,46.63657916,1436.35],[8.59273982,46.6365725,1436.31],[8.59261484,46.63656751,1436.11],[8.59257951,46.63656351,1436.07],[8.59254785,46.63655485,1436.03],[8.59251686,46.63654319,1436.03],[8.59238055,46.63648422,1436.3],[8.59234556,46.63646689,1436.38],[8.59228257,46.63642857,1436.6],[8.59225491,46.63640724,1436.74],[8.59223358,46.63638591,1436.87],[8.59222025,46.63636658,1437],[8.59221626,46.63634959,1437.12],[8.59222259,46.6363366,1437.21],[8.59223692,46.63632627,1437.28],[8.59225958,46.63631661,1437.3],[8.59260886,46.63619498,1438.19],[8.59265086,46.63617599,1438.3],[8.59276418,46.63610733,1438.52],[8.59280251,46.63608334,1438.57],[8.59287583,46.63603368,1438.66],[8.59290883,46.63600735,1438.7],[8.59294016,46.63597935,1438.75],[8.59297015,46.63595202,1438.82],[8.59305513,46.63586903,1439.02],[8.59308179,46.63584104,1439.07],[8.59313011,46.63578305,1439.2],[8.5931541,46.63575472,1439.27],[8.59335405,46.63553443,1439.78],[8.59337971,46.6355061,1439.82],[8.59352201,46.63533813,1440.09],[8.593544,46.6353118,1440.14],[8.59362264,46.63520481,1440.23],[8.59364364,46.63517715,1440.25],[8.59381093,46.63499152,1440.37],[8.59383659,46.63496386,1440.39],[8.59386392,46.63493787,1440.42],[8.59398123,46.63483855,1440.58],[8.59401222,46.63481422,1440.68],[8.59404388,46.63479156,1440.76],[8.59407654,46.63477056,1440.84],[8.59419251,46.6347059,1441.27],[8.59420551,46.6346899,1441.38],[8.59420451,46.63467357,1441.52],[8.59419352,46.63465724,1441.66],[8.59415853,46.63462491,1441.9],[8.5941392,46.63460925,1442.01],[8.59408289,46.63456426,1442.2],[8.59406356,46.6345516,1442.21],[8.59398825,46.63451428,1442.19],[8.59395092,46.63449629,1442.13],[8.59384759,46.63445663,1441.97],[8.59378726,46.6344363,1441.85],[8.59360494,46.63438666,1441.34],[8.59355028,46.63436933,1441.17],[8.59350095,46.63435134,1440.91],[8.59345796,46.63433368,1440.66],[8.59342296,46.63431602,1440.45],[8.59339696,46.63429336,1440.25],[8.59337963,46.6342667,1440.08],[8.5933703,46.63423704,1439.93],[8.59336831,46.63420671,1439.8],[8.59337564,46.63417638,1439.68],[8.59338797,46.63414505,1439.58],[8.59340363,46.63411406,1439.51],[8.59346228,46.63402608,1439.38],[8.59348261,46.63399742,1439.36],[8.59350427,46.63397043,1439.35],[8.59352727,46.6339441,1439.36],[8.5935516,46.63391944,1439.36],[8.59357893,46.63389944,1439.37],[8.59361026,46.63388211,1439.38],[8.59364525,46.63386778,1439.39],[8.59375757,46.63383213,1439.47],[8.59379257,46.63381913,1439.51],[8.59391988,46.63376482,1439.74],[8.59395054,46.63375116,1439.81],[8.59397953,46.63373783,1439.88],[8.59400686,46.6337245,1439.93],[8.59413685,46.63365452,1440.15],[8.59416218,46.63364119,1440.2],[8.59423517,46.63360554,1440.28],[8.59426117,46.63359855,1440.28],[8.59428983,46.63359722,1440.33],[8.59432049,46.63359955,1440.35],[8.59435215,46.63360421,1440.43],[8.59438515,46.63360987,1440.52],[8.59454512,46.63362417,1440.85],[8.59457312,46.63362883,1440.93],[8.59459778,46.63363516,1440.99],[8.59468477,46.63366881,1441.3],[8.59470943,46.63367647,1441.39],[8.59483907,46.63371144,1441.87],[8.5948654,46.63372043,1441.87],[8.59500905,46.63375607,1442.22],[8.59503671,46.63376406,1442.23],[8.5950967,46.63377539,1442.31],[8.59512669,46.63377972,1442.35],[8.59530799,46.63379369,1442.59],[8.59533932,46.63379602,1442.66],[8.59552496,46.63379834,1443.01],[8.59555562,46.63379933,1443.08],[8.59561794,46.63380232,1443.19],[8.5956506,46.63380365,1443.23],[8.59574759,46.63381229,1443.37],[8.59578059,46.63381395,1443.37],[8.59590256,46.63381329,1443.55],[8.59593256,46.6338123,1443.59],[8.59605819,46.63379698,1443.7],[8.59608952,46.63378999,1443.71],[8.59635912,46.63371837,1443.93],[8.59639011,46.63371071,1443.93],[8.59644877,46.63368938,1443.95],[8.59647843,46.63367872,1443.94],[8.59653875,46.63366073,1444.02],[8.59656974,46.6336534,1444.1],[8.5966004,46.63364807,1444.16],[8.59663139,46.63364307,1444.24],[8.59672304,46.63363309,1444.33],[8.59675437,46.63362743,1444.35],[8.5967837,46.63361777,1444.36],[8.59681069,46.63360444,1444.38],[8.59683369,46.63358911,1444.44],[8.59685035,46.63357278,1444.47],[8.59686401,46.63355545,1444.5],[8.59687567,46.63353879,1444.53],[8.596885,46.6335238,1444.56],[8.59688999,46.63350881,1444.56],[8.59689132,46.63349448,1444.56],[8.59688332,46.63348248,1444.56],[8.59686766,46.63347282,1444.56],[8.59684567,46.63346482,1444.54],[8.59674601,46.6334405,1444.36],[8.59670601,46.63343017,1444.31],[8.59662268,46.63340618,1444.2],[8.59658135,46.63339552,1444.15],[8.59643971,46.63336888,1443.98],[8.59640771,46.63336122,1443.93],[8.59623973,46.63329925,1443.73],[8.59620007,46.63328626,1443.67],[8.59585444,46.63320995,1443.16],[8.59579844,46.63319696,1443.04],[8.5955748,46.63313698,1442.6],[8.59551814,46.63312165,1442.5],[8.59540215,46.63309466,1442.36],[8.59534582,46.63308333,1442.3],[8.59503686,46.63303336,1441.81],[8.59498786,46.63302536,1441.7],[8.59479421,46.63298471,1441.44],[8.59474655,46.63297472,1441.35],[8.59446492,46.63292275,1440.82],[8.59441959,46.63291109,1440.77],[8.5943736,46.63289709,1440.73],[8.59432794,46.6328821,1440.7],[8.59419662,46.63283211,1440.44],[8.59415263,46.63281578,1440.37],[8.5939753,46.63275213,1440.13],[8.59392997,46.63273647,1440.06],[8.59379432,46.63269215,1439.92],[8.59374832,46.63267716,1439.89],[8.59356568,46.63262619,1439.77],[8.59352135,46.63261253,1439.7],[8.59347802,46.6325962,1439.66],[8.59343402,46.63258087,1439.62],[8.59326005,46.63252355,1439.42],[8.59321472,46.63250889,1439.35],[8.5930834,46.6324609,1439.2],[8.59304041,46.63244524,1439.17],[8.59295376,46.63241559,1439.07],[8.5929081,46.63240159,1438.95],[8.59282011,46.63236926,1438.65],[8.59277678,46.63235326,1438.51],[8.59260013,46.63229728,1438.13],[8.59255613,46.63228295,1438.04],[8.59234149,46.63220263,1437.65],[8.59229816,46.63218764,1437.61],[8.59183921,46.63203736,1437.1],[8.59179088,46.63202103,1437.14],[8.59128362,46.63184442,1436.37],[8.59123096,46.63182676,1436.24],[8.59095699,46.63174013,1435.8],[8.590901,46.63172214,1435.73],[8.59073535,46.63166449,1435.68],[8.59067936,46.63164616,1435.73],[8.59062437,46.63162983,1435.77],[8.59057471,46.63161617,1435.81],[8.59049539,46.63159718,1435.96],[8.59048973,46.63157785,1435.15],[8.59050806,46.63157486,1435.15],[8.59053406,46.63157519,1435.08],[8.59056739,46.63157985,1435],[8.59060572,46.63158884,1434.93],[8.59064738,46.63160017,1434.92],[8.59069037,46.6316135,1434.97],[8.59073437,46.63162883,1435.01],[8.59087002,46.63167915,1435.14],[8.59091668,46.63169481,1435.18],[8.59110799,46.63175445,1435.45],[8.59115665,46.63176944,1435.52],[8.5913523,46.63182509,1435.72],[8.59140063,46.63184042,1435.76],[8.59164927,46.63192539,1435.96],[8.59170027,46.63194338,1436.05],[8.59190725,46.63201969,1436.14],[8.59196158,46.63203869,1436.16],[8.59270585,46.63227562,1437.54],[8.59276151,46.63229328,1437.63],[8.59319846,46.63244324,1438.31],[8.59325179,46.63246123,1438.45],[8.59351443,46.6325562,1439.05],[8.59356609,46.6325752,1439.17],[8.59366574,46.63261386,1439.37],[8.59371473,46.63263252,1439.47],[8.5940517,46.63274948,1440.14],[8.5940997,46.63276614,1440.23],[8.59429501,46.63283779,1440.39],[8.59434367,46.63285379,1440.41],[8.594392,46.63286812,1440.43],[8.59443999,46.63288011,1440.46],[8.59453332,46.6329011,1440.58],[8.59457931,46.63291243,1440.66],[8.59467031,46.63293942,1440.78],[8.59471764,46.63295308,1440.83],[8.59496329,46.63300905,1441.07],[8.59501128,46.63302071,1441.15],[8.59505927,46.63303104,1441.21],[8.59510893,46.63304003,1441.29],[8.59525792,46.63306235,1441.58],[8.59530725,46.63306934,1441.68],[8.59540524,46.63308767,1441.85],[8.5954529,46.633099,1441.95],[8.59550023,46.63311133,1442.03],[8.59554723,46.63312399,1442.12],[8.59574121,46.63318163,1442.39],[8.59579254,46.63319563,1442.43],[8.59615017,46.63327626,1443.01],[8.5961985,46.63328892,1443.09],[8.59643281,46.63335623,1443.6],[8.59648147,46.63336823,1443.7],[8.59661212,46.63340955,1443.95],[8.59665645,46.63342288,1444.02],[8.59679244,46.63345653,1444.23],[8.59683644,46.63346719,1444.29],[8.59687843,46.63347952,1444.39],[8.59696142,46.63350918,1444.59],[8.59700408,46.63352451,1444.69],[8.59708707,46.6335585,1444.92],[8.5971274,46.63357416,1445.04],[8.59720906,46.63360349,1445.31],[8.59725139,46.63361749,1445.43],[8.59754236,46.63369513,1446.22],[8.59757969,46.63370746,1446.35],[8.59761302,46.63372279,1446.53],[8.59764135,46.63374012,1446.67],[8.59766334,46.63376011,1446.85],[8.59769367,46.63379976,1447.16],[8.59770933,46.63381509,1447.31],[8.59772799,46.63382208,1447.46],[8.59778498,46.63382274,1447.82],[8.59778764,46.63382208,1447.86],[8.59775398,46.63379208,1447.94],[8.59772499,46.63381308,1447.94],[8.59769667,46.63387806,1447.98],[8.59768134,46.63390405,1448],[8.59763468,46.63395804,1448.03],[8.59760735,46.63398537,1448.02],[8.59757836,46.6340117,1447.91],[8.59754603,46.6340347,1447.79],[8.5975087,46.63405603,1447.68],[8.59746637,46.63407469,1447.59],[8.59723139,46.63415999,1447.34],[8.59718673,46.63417998,1447.26],[8.59680712,46.63436461,1446.33],[8.59677079,46.63438227,1446.2],[8.59670981,46.63441526,1446.12],[8.59668315,46.63443025,1446.08],[8.59662982,46.63445657,1446.01],[8.59660116,46.63446723,1446],[8.59656983,46.63447123,1445.98],[8.59651384,46.6344709,1446.01],[8.59649084,46.6344689,1446.02],[8.59647118,46.63446557,1446.02],[8.59645385,46.63446024,1445.96],[8.59641954,46.63444659,1445.73],[8.59641821,46.63444493,1445.73],[8.59650385,46.63452525,1445.35],[8.59651085,46.63453025,1445.35],[8.59651751,46.63453791,1445.27],[8.59652217,46.63455057,1445.28],[8.59652316,46.63456523,1444.98],[8.5965185,46.63458222,1444.83],[8.59650884,46.63460055,1444.72],[8.59649651,46.63461921,1444.66],[8.59645286,46.63466986,1444.73],[8.5964422,46.63468219,1444.84],[8.59643387,46.63469685,1445.01],[8.59643221,46.63470018,1445.01],[8.59642655,46.63470451,1445.03],[8.59641555,46.63470917,1444.99],[8.59639789,46.63471117,1444.95],[8.59637323,46.63470884,1444.97],[8.5963419,46.63470151,1444.96],[8.59630624,46.63469018,1444.96],[8.59601094,46.63458088,1444.67],[8.59597428,46.63456622,1444.6],[8.59594662,46.63455289,1444.56],[8.59593262,46.63454023,1444.55],[8.59593328,46.63453157,1444.52],[8.59594461,46.63452957,1444.48],[8.59596061,46.63453357,1444.46],[8.59598094,46.63454223,1444.43],[8.59606292,46.63458988,1444.65],[8.59609492,46.63460621,1444.78],[8.59612891,46.63462154,1444.9],[8.59616457,46.63463587,1445.03],[8.59623656,46.63466287,1445.2],[8.59626855,46.63467687,1445.19],[8.59629421,46.63469053,1445.24],[8.59631154,46.63470519,1445.21],[8.59631554,46.63472352,1445.2],[8.59630721,46.63474652,1445.09],[8.59629088,46.63477351,1445],[8.5962259,46.63486583,1444.55],[8.5962009,46.63489916,1444.36],[8.59608358,46.63503713,1443.71],[8.59605525,46.63506946,1443.55],[8.59600759,46.63511279,1443.2],[8.5959906,46.63512212,1443.07],[8.59597727,46.63511046,1443.07],[8.59596894,46.63509513,1443.28],[8.59595195,46.63507747,1443.35],[8.59592296,46.63506014,1443.41],[8.59555234,46.63492284,1443.94],[8.59549935,46.63490351,1443.91],[8.59533803,46.63483719,1443.62],[8.59528203,46.63481619,1443.49],[8.59506172,46.63473821,1443.06],[8.59501173,46.63472155,1442.99],[8.59496573,46.63470789,1442.94],[8.59488508,46.63469489,1442.82],[8.59484709,46.6346889,1442.79],[8.59480809,46.63467957,1442.74],[8.59476809,46.63466758,1442.68],[8.59464544,46.63461927,1442.53],[8.59460344,46.63460261,1442.49],[8.59452212,46.63457462,1442.52],[8.59448512,46.63456863,1442.56],[8.59445079,46.6345683,1442.62],[8.59441846,46.6345733,1442.65],[8.59438713,46.6345833,1442.68],[8.59435614,46.63459629,1442.73],[8.59427549,46.63463861,1442.88],[8.59425316,46.63465027,1442.96],[8.5942325,46.6346586,1443.08],[8.59421284,46.63466026,1443.18],[8.59419385,46.63465526,1443.27],[8.59417352,46.63464426,1443.33],[8.59410487,46.63459428,1443.61],[8.59408021,46.63457762,1443.67],[8.59405488,46.63456229,1443.72],[8.59397657,46.63452297,1443.86],[8.59394991,46.63450631,1443.86],[8.59388493,46.634452,1443.68],[8.59386693,46.63443701,1443.51],[8.59380463,46.6343957,1442.72],[8.59379497,46.63438904,1442.53],[8.59378897,46.63438405,1442.36],[8.59378299,46.63437373,1441.95],[8.59380032,46.63437373,1441.46],[8.59380032,46.63437406,1441.44],[8.59384831,46.63444739,1441.73],[8.59384098,46.63444706,1441.72],[8.59382665,46.63444607,1441.72],[8.59374799,46.63443408,1441.58],[8.59370966,46.63442475,1441.56],[8.59347802,46.63434944,1441.38],[8.59343269,46.63433145,1441.31],[8.59339636,46.63431012,1441.26],[8.59337537,46.63428446,1441.21],[8.59336937,46.63425713,1441.17],[8.59337637,46.63422813,1441.14],[8.5933877,46.63419747,1441.11],[8.59340136,46.63416681,1441.14],[8.59341636,46.63413648,1441.16],[8.59345102,46.63407515,1441.03],[8.59346668,46.63404282,1441.03],[8.593489,46.63398083,1440.95],[8.59350933,46.63395317,1440.92],[8.59353899,46.63392851,1440.92],[8.59357532,46.63390818,1440.88],[8.59361731,46.63389152,1440.86],[8.59370864,46.63386486,1440.88],[8.59375464,46.63385153,1440.92],[8.59384363,46.63382054,1440.99],[8.59388563,46.63380221,1441.09],[8.59392596,46.63378255,1441.2],[8.59396562,46.63376289,1441.31],[8.59411459,46.63368258,1441.4],[8.59415125,46.63366592,1441.4],[8.59418458,46.63364726,1441.4],[8.59420891,46.63362626,1441.56],[8.59421591,46.63360227,1441.73],[8.59420425,46.63357861,1441.73],[8.59417859,46.63355562,1441.81],[8.59414326,46.63353396,1441.83],[8.59391862,46.63341999,1441.62],[8.59387296,46.63339666,1441.62],[8.59382896,46.63337067,1441.58],[8.5937883,46.63334234,1441.54],[8.59375031,46.63331135,1441.44],[8.59371598,46.63327802,1441.35],[8.59368565,46.63324269,1441.36],[8.59365965,46.6332057,1441.36],[8.59363699,46.63316737,1441.37],[8.59362033,46.63312837,1441.53],[8.59361233,46.63308771,1441.66],[8.59361134,46.63304638,1441.78],[8.59361834,46.63300505,1441.75],[8.593629,46.63296372,1441.71],[8.59364333,46.63292272,1441.68],[8.59366133,46.63288372,1441.66],[8.59368366,46.63284673,1441.67],[8.59373131,46.63278141,1441.68],[8.59374997,46.63275141,1441.67],[8.5937573,46.63272408,1441.66],[8.59375464,46.63270109,1441.66],[8.59373931,46.63268143,1441.65],[8.59371298,46.63266343,1441.64],[8.59367532,46.6326471,1441.65],[8.59362999,46.63263177,1441.64],[8.59340935,46.63256279,1441.3],[8.59334969,46.6325438,1441.28],[8.59297906,46.6324165,1440.96],[8.59291473,46.63239451,1440.91],[8.59257942,46.63228353,1440.58],[8.59251043,46.63225954,1440.49],[8.59229544,46.63219189,1440.16],[8.59222278,46.63216923,1440.05],[8.59170981,46.63199992,1439.79],[8.59163448,46.63197526,1439.93],[8.59148115,46.63192727,1439.97],[8.59140315,46.63190227,1439.93],[8.59029322,46.63152632,1437.78],[8.59021189,46.63149899,1437.44],[8.59005157,46.63144567,1436.9],[8.58997157,46.63141968,1436.67],[8.58981025,46.63136935,1436.38],[8.58973025,46.63134369,1436.3],[8.58957359,46.6312897,1436.29],[8.58949626,46.63126237,1436.32],[8.58918461,46.63116072,1436.26],[8.58910828,46.63113572,1436.24],[8.58895995,46.63108374,1436.28],[8.58888762,46.63105974,1436.37],[8.58852965,46.6309461,1436.92],[8.58845732,46.63092377,1436.91],[8.58787203,46.63072847,1437.32],[8.58780137,46.63070381,1437.33],[8.58766371,46.63066149,1437.35],[8.58759971,46.63064083,1437.34],[8.58737273,46.63056252,1437.18],[8.58733874,46.63054286,1437.12],[8.58732608,46.63052253,1437.01],[8.58733241,46.6305052,1436.86],[8.5873524,46.6304972,1436.7],[8.58738306,46.6305022,1436.41],[8.58742172,46.63051686,1436.15],[8.58746471,46.63053685,1435.94],[8.58750104,46.63056218,1435.75],[8.5875187,46.63059084,1435.63],[8.58751337,46.63061783,1435.52],[8.58748971,46.63064216,1435.81],[8.58745338,46.63066416,1436.15],[8.58741005,46.63068449,1436.43],[8.58736439,46.63070482,1436.68],[8.58727273,46.63074315,1436.88],[8.58723307,46.63076214,1436.94],[8.58720074,46.63078214,1436.99],[8.58713876,46.63083912,1437.08],[8.5871161,46.63085478,1437.06],[8.5870891,46.63086678,1437.01],[8.58705911,46.63086944,1436.97],[8.58702978,46.63086111,1436.93],[8.58700279,46.63084545,1436.78],[8.58697713,46.63082345,1436.66],[8.58695247,46.63079679,1436.55],[8.58685049,46.6306628,1436.31],[8.58682316,46.63062547,1436.28],[8.58676217,46.63055115,1436.27],[8.58672884,46.63051482,1436.28],[8.58665618,46.63044249,1436.33],[8.58661819,46.63040683,1436.36],[8.58657619,46.63037217,1436.39],[8.5865322,46.63033884,1436.42],[8.58624024,46.6301452,1436.83],[8.58619058,46.63011187,1436.89],[8.58582695,46.62987591,1436.97],[8.58577429,46.62984158,1436.96],[8.58519468,46.62945663,1437.35],[8.58514235,46.62942197,1437.4],[8.58498437,46.62931999,1437.47],[8.58493237,46.62928566,1437.48],[8.58407213,46.62870711,1438.04],[8.58402214,46.62867378,1438.1],[8.58387816,46.62857347,1438.25],[8.58382916,46.62854081,1438.3],[8.58333887,46.62822053,1438.67],[8.58329021,46.62818854,1438.72],[8.58258195,46.6277143,1439.31],[8.58253695,46.62768431,1439.43],[8.58183068,46.62721871,1440.25],[8.58178668,46.62719105,1440.23],[8.5816167,46.62707374,1440.09],[8.58157571,46.62704408,1440.08],[8.58141774,46.62692077,1440.02],[8.58137841,46.62688878,1439.98],[8.58130008,46.62682245,1439.92],[8.58126242,46.62678779,1439.9],[8.58112276,46.62664681,1439.87],[8.5810901,46.62661182,1439.87],[8.58099711,46.62650383,1439.89],[8.58096778,46.62646717,1439.93],[8.58088647,46.62635719,1440.1],[8.58086181,46.62632153,1440.17],[8.58083748,46.62628587,1440.25],[8.58081482,46.62625054,1440.36],[8.58071017,46.6260779,1440.83],[8.58068984,46.62604324,1440.95],[8.5806142,46.62589892,1441.47],[8.58059554,46.62586259,1441.59],[8.58054122,46.62574894,1441.94],[8.58052189,46.62571094,1442.07],[8.58041991,46.62552029,1442.7],[8.58039858,46.62548263,1442.84],[8.58035292,46.62540631,1443.09],[8.58032893,46.62536832,1443.21],[8.58024862,46.625253,1443.52],[8.58021896,46.625215,1443.61],[8.5801563,46.62513834,1443.79],[8.58012431,46.62510034,1443.88],[8.58005699,46.62502702,1444.09],[8.58002066,46.62499203,1444.19],[8.57990635,46.62489205,1444.43],[8.57986569,46.62485906,1444.55],[8.57982403,46.6248264,1444.66],[8.5797817,46.62479374,1444.76],[8.57969171,46.62473109,1444.94],[8.57964505,46.62470043,1445.01],[8.57954906,46.62463977,1445.09],[8.5794994,46.62461044,1445.1],[8.57929209,46.62449779,1445.23],[8.5792371,46.62447113,1445.25],[8.57918011,46.62444514,1445.27],[8.57912211,46.62442014,1445.29],[8.57906178,46.62439681,1445.31],[8.57900112,46.62437382,1445.34],[8.57893979,46.62435149,1445.37],[8.57887846,46.62432949,1445.43],[8.57875314,46.62428817,1445.55],[8.57868981,46.62426851,1445.61],[8.57856081,46.62423285,1445.72],[8.57849515,46.62421619,1445.79],[8.57829616,46.62417287,1445.96],[8.57823016,46.62416087,1446.05],[8.57816517,46.62414954,1446.13],[8.57810117,46.62413955,1446.25],[8.5777262,46.6240919,1446.94],[8.57766354,46.62408291,1447.03],[8.57753788,46.62406292,1447.18],[8.57747422,46.62405159,1447.25],[8.5773469,46.62402626,1447.34],[8.5772829,46.6240116,1447.34],[8.57702558,46.62394695,1447.28],[8.57695992,46.62392996,1447.28],[8.57617364,46.62371902,1447.87],[8.57611031,46.62370269,1447.97],[8.575816,46.62362239,1448.5],[8.57576234,46.6236074,1448.63],[8.57555535,46.62354375,1448.95],[8.57550469,46.62352709,1449.04],[8.57535671,46.62347043,1449.36],[8.57530805,46.62345077,1449.48],[8.57521106,46.62340944,1449.64],[8.57516206,46.62338778,1449.73],[8.5751134,46.62336445,1449.79],[8.57506474,46.62334146,1449.89],[8.57477178,46.62319416,1450.65],[8.57472312,46.62316916,1450.77],[8.57421184,46.6228952,1451.3],[8.57416784,46.62287154,1451.3],[8.57392521,46.62274524,1451.52],[8.57388788,46.62272591,1451.65],[8.57381522,46.62268525,1451.91],[8.57377856,46.62266526,1452.01],[8.57359992,46.62255695,1452.76],[8.57356492,46.62253429,1452.89],[8.5734626,46.62246564,1453.41],[8.57342927,46.62244331,1453.61],[8.57339761,46.62242065,1453.62],[8.57336862,46.62239766,1453.98],[8.57331163,46.62234867,1454.68],[8.57327897,46.62232468,1454.9],[8.57317431,46.6222537,1455.34],[8.57313798,46.62223037,1455.57],[8.57299967,46.62213104,1456.43],[8.57296534,46.62210538,1456.63],[8.57293268,46.62207939,1456.82],[8.57290035,46.62205306,1457.01],[8.5728077,46.6219714,1457.83],[8.57277804,46.62194374,1458.04],[8.57258307,46.62175278,1459.54],[8.57255608,46.62172578,1459.75],[8.57240411,46.62156647,1460.71],[8.57237878,46.62154081,1460.82],[8.57235345,46.62151581,1460.9],[8.57233245,46.62149615,1460.97],[8.57231013,46.62147783,1461.19],[8.57230647,46.6214755,1461.19],[8.57227015,46.62143251,1461.48],[8.57224649,46.62140885,1461.46],[8.57212517,46.62129653,1461.37],[8.57208918,46.6212662,1461.32],[8.57196654,46.62116889,1461.12],[8.57191954,46.62113423,1461.12],[8.57186855,46.6210999,1461.05],[8.57181555,46.62106557,1461.05],[8.57152691,46.6208866,1460.75],[8.57147158,46.62084694,1460.69],[8.57136592,46.62076261,1460.48],[8.57131392,46.62072095,1460.37],[8.57121027,46.62064462,1460.19],[8.57116261,46.62060763,1460.17],[8.57103696,46.62050431,1460.31],[8.57099863,46.62047398,1460.44],[8.57084599,46.62036833,1461.12],[8.57081,46.620342,1461.36],[8.57074201,46.62028534,1461.77],[8.57070935,46.62025668,1461.94],[8.57032942,46.61991807,1463.61],[8.57029609,46.61988907,1463.74],[8.5701851,46.61980309,1464.22],[8.5701441,46.61977676,1464.4],[8.57010277,46.6197521,1464.61],[8.57005978,46.61973144,1464.84],[8.57001779,46.61971378,1465.04],[8.56997546,46.61969978,1465.26],[8.56993513,46.61968878,1465.46],[8.5698968,46.61968078,1465.64],[8.56985714,46.61967412,1465.82],[8.56973382,46.61966147,1466.43],[8.56969116,46.61965714,1466.61],[8.56944553,46.61962417,1467.77],[8.56941154,46.61961884,1467.95],[8.56937921,46.61961218,1468.11],[8.56934855,46.61960552,1468.44],[8.56914192,46.61954424,1469.45],[8.56911159,46.61953491,1469.59],[8.56889929,46.61945261,1470.83],[8.56886796,46.61944062,1470.99],[8.56871599,46.61937331,1471.86],[8.56868466,46.61936165,1472.14],[8.56841571,46.6192827,1473.86],[8.56838838,46.61927237,1474.07],[8.56836372,46.61926038,1474.26],[8.56834206,46.61924672,1474.46],[8.56829973,46.61921807,1474.79],[8.56827974,46.61920441,1475.19],[8.56822209,46.61916009,1475.8],[8.56820109,46.61914643,1476.04],[8.5681771,46.6191341,1476.24],[8.56812478,46.61911378,1476.55],[8.56809778,46.61910345,1476.68],[8.56799147,46.61905813,1477.23],[8.56796448,46.61904614,1477.34],[8.56789083,46.61900915,1477.84],[8.5678675,46.61899716,1478.03],[8.56782651,46.61897117,1478.21],[8.56780718,46.61895784,1478.4],[8.56767922,46.61885489,1479.47],[8.56765989,46.61883956,1479.53],[8.56755626,46.6187416,1480.22],[8.56754027,46.61872794,1480.35],[8.56751061,46.61870395,1480.66],[8.56749495,46.61869196,1480.83],[8.56745929,46.6186673,1481.19],[8.56744196,46.61865297,1481.33],[8.56740897,46.61862165,1481.6],[8.56739598,46.61860732,1481.75],[8.567357,46.618551,1482.43],[8.56735101,46.618535,1482.57],[8.56734768,46.61851834,1482.69],[8.56735134,46.61848168,1482.8],[8.567358,46.61846435,1483.15],[8.56743262,46.61833772,1484.33],[8.56744428,46.61832106,1484.51],[8.56745694,46.6183064,1484.68],[8.5674886,46.61828507,1485],[8.56750493,46.61827841,1485.17],[8.56752093,46.61827341,1485.35],[8.56753626,46.61827042,1485.51],[8.56755092,46.61826943,1485.92],[8.56756325,46.61826943,1485.92],[8.56757524,46.61827175,1486.28]]}}]}