{"type":"FeatureCollection","features":[{"type":"Feature","properties":{"name":"20260516 Cicloturismo","time":"2026-05-16T07:28:43Z"},"geometry":{"type":"LineString","coordinates":[[7.724136,47.49398466,316.14],[7.72418864,47.49382136,316.17],[7.72420164,47.49378736,316.18],[7.72427328,47.49363938,315.93],[7.72429194,47.49359872,315.87],[7.72436359,47.49342507,315.8],[7.72438325,47.49338007,315.79],[7.7244769,47.49319742,315.71],[7.72450223,47.49315109,315.71],[7.7246652,47.49286512,315.93],[7.7246912,47.49281579,315.89],[7.72476018,47.49266447,315.78],[7.72478251,47.49261348,315.68],[7.72496447,47.49216087,314.85],[7.72498447,47.49210854,314.74],[7.7249998,47.49205521,314.64],[7.72500646,47.49200122,314.53],[7.72500013,47.49194789,314.43],[7.72497547,47.49189956,314.36],[7.72493448,47.4918589,314.36],[7.72482116,47.49179891,314.34],[7.72475916,47.49177525,314.36],[7.72409589,47.49156498,315.38],[7.72403189,47.49154432,315.53],[7.72329094,47.49129203,316.3],[7.72321861,47.4912687,316.32],[7.72277231,47.49113672,316.23],[7.72269865,47.49111473,316.18],[7.72235467,47.49102309,316.3],[7.72230134,47.49100776,316.36],[7.72222168,47.49097044,316.58],[7.72219968,47.49094645,316.76],[7.72219035,47.49091845,316.92],[7.72219734,47.49088512,317.08],[7.72221633,47.49084979,317.21],[7.72230399,47.49075714,317.68],[7.72233698,47.49073181,317.82],[7.72258362,47.49056985,318.99],[7.72260962,47.49055152,319.15],[7.72267927,47.49049053,319.6],[7.72270126,47.4904712,319.76],[7.72277958,47.49041621,320.24],[7.72280424,47.49039788,320.4],[7.72288689,47.4903519,320.9],[7.72291255,47.49033524,321.05],[7.72303119,47.49022594,321.95],[7.72304785,47.49020828,322.1],[7.72308517,47.49014929,322.6],[7.72309283,47.49012763,322.77],[7.72310248,47.49007964,323.09],[7.72310781,47.49005264,323.21],[7.72315711,47.48989267,323.6],[7.72316577,47.48985901,323.63],[7.72317776,47.48979235,323.64],[7.72318309,47.48975969,323.63],[7.72325671,47.48948472,323.53],[7.72326137,47.48947372,323.51],[7.7232647,47.48943506,323.51],[7.7232867,47.48941473,322.58],[7.72331836,47.48939074,322.68],[7.72336035,47.48936541,322.72],[7.72372732,47.48916078,321.33],[7.72375965,47.48914812,320.96],[7.72391963,47.48910681,319.61],[7.72397363,47.48909948,319.33],[7.72403329,47.48909682,319.09],[7.72409495,47.48909748,318.9],[7.72428527,47.48911946,318.52],[7.7243516,47.48912245,318.44],[7.72441693,47.48911512,318.35],[7.72447459,47.48909546,318.28],[7.72452458,47.4890668,318.27],[7.72457024,47.48903281,318.25],[7.72461323,47.48899582,318.24],[7.72465423,47.48895649,318.23],[7.72510484,47.4884712,318.25],[7.7251485,47.48842654,318.27],[7.72542548,47.48816891,318.69],[7.72547448,47.48812892,318.8],[7.72557547,47.48805327,318.97],[7.72562846,47.48801761,319.04],[7.72605009,47.48774399,319.29],[7.72609975,47.48770733,319.3],[7.72655271,47.4873587,319.53],[7.72660404,47.48731904,319.57],[7.72701034,47.48699175,319.9],[7.727063,47.48695076,319.93],[7.72738464,47.48671645,320.22],[7.7274363,47.48667945,320.32],[7.72796092,47.48635516,320.99],[7.72800958,47.4863235,321.1],[7.72822455,47.48617053,321.61],[7.72826254,47.48614353,321.72],[7.72844084,47.48600555,322.62],[7.72847217,47.48597922,322.79],[7.72854549,47.48589989,323.39],[7.72856482,47.48587223,323.62],[7.72861014,47.48578491,324.19],[7.72862647,47.48575725,324.36],[7.72874144,47.48558128,325.88],[7.7287581,47.48555662,326.1],[7.72886308,47.48537766,327.87],[7.72888074,47.48535233,328.11],[7.72916434,47.48501506,331.56],[7.72918333,47.4849904,331.72],[7.72924699,47.48492442,331.98],[7.72927832,47.48490443,332.01],[7.72948596,47.48482444,331.82],[7.72955229,47.48479845,331.69],[7.72993059,47.48463213,330.88],[7.72999792,47.4846058,330.59],[7.73005291,47.48459014,330.17],[7.7301299,47.48458315,329.34],[7.73016356,47.48457982,328.96],[7.73028821,47.48453951,327.93],[7.73034087,47.48452485,327.68],[7.73045253,47.48449953,327.07],[7.73049819,47.4844902,326.68],[7.73119218,47.48491585,325.11],[7.73130584,47.48498918,325.24],[7.73142683,47.48509583,325.56],[7.73146882,47.48513316,325.67],[7.73155015,47.48518282,325.89],[7.73158348,47.48519548,325.96],[7.73169346,47.48521646,326.22],[7.73172145,47.48521746,326.25],[7.73175078,47.4852138,326.26],[7.73181544,47.4851878,326.23],[7.7318641,47.48517714,326.21],[7.73192243,47.48517281,326.19],[7.73198876,47.48517547,326.2],[7.73206209,47.4851878,326.13],[7.73213942,47.48520846,326],[7.73229274,47.48527678,325.64],[7.7323664,47.48532244,325.38],[7.73270868,47.4855734,320.64],[7.73274068,47.48558706,320.64],[7.73278568,47.48559339,320.62],[7.73283868,47.48559106,320.58],[7.73322231,47.48553376,320.33],[7.73328831,47.48552943,320.28],[7.73335164,47.48553209,320.25],[7.73341097,47.48554242,320.25],[7.73354195,47.48560241,320.23],[7.73356994,47.4856194,320.24],[7.73365593,47.48555441,320.34],[7.73368159,47.48554108,320.34],[7.73381357,47.48549077,320.88],[7.73385156,47.48547544,321.03],[7.7339952,47.48540646,321.44],[7.73402919,47.48538913,321.58],[7.73405885,47.48537013,321.72],[7.73409717,47.48532514,321.97],[7.73411817,47.48530581,322.11],[7.73421448,47.48522816,322.52],[7.73423281,47.48520683,322.64],[7.73427979,47.48514084,323.14],[7.73429578,47.48511951,323.27],[7.73431444,47.48507418,323.52],[7.7343161,47.48504985,323.61],[7.73430211,47.48499919,323.88],[7.73429012,47.48497386,324],[7.7342398,47.48489287,324.26],[7.73422447,47.48486354,324.37],[7.73421847,47.48480089,324.49],[7.73422647,47.48477056,324.54],[7.73430045,47.48465359,324.96],[7.73431944,47.48463393,325.05],[7.73447608,47.48447631,325.77],[7.73449241,47.48446032,325.86],[7.73451007,47.48444532,325.95],[7.73453073,47.48443166,326.01],[7.73457072,47.48441934,326.14],[7.73458938,47.48442167,326.22],[7.73461703,47.48443467,326.3],[7.73462736,47.48444266,326.31],[7.73464434,47.48447164,326.38],[7.734647,47.48448163,326.39],[7.73429,47.48471463,326.4],[7.73424802,47.48476162,324.34],[7.73423936,47.48478962,324.23],[7.73423936,47.48481695,324.14],[7.73424869,47.48484461,324.03],[7.73428568,47.48490594,323.89],[7.73430867,47.48493693,323.85],[7.73433366,47.48496526,323.8],[7.73435932,47.48499192,323.77],[7.73444264,47.48505857,323.72],[7.73447897,47.4850809,323.62],[7.73475461,47.48520619,323.49],[7.73480061,47.48522485,323.49],[7.73494326,47.4852665,323.49],[7.73498926,47.48527249,323.54],[7.73507525,47.48525217,323.69],[7.73511358,47.48523051,323.75],[7.73524289,47.4851292,323.81],[7.73527222,47.48510521,323.89],[7.73532354,47.48505588,324.06],[7.7353492,47.48503122,324.14],[7.73537886,47.48500922,324.2],[7.73541252,47.48498923,324.21],[7.73547652,47.48495991,324.51],[7.73550385,47.48495258,324.6],[7.73553851,47.48494892,324.74],[7.73554551,47.48494892,324.8],[7.73559584,47.48498325,324.8],[7.73562183,47.48499791,324.96],[7.73568916,47.48502591,325.02],[7.73572615,47.48503657,325.03],[7.73599678,47.48508918,324.32],[7.73603711,47.48509517,324.12],[7.73608477,47.48509583,323.87],[7.73613743,47.4850905,323.6],[7.73629209,47.48505519,322.73],[7.73634042,47.48504419,322.44],[7.73644441,47.4850342,321.84],[7.73649841,47.48504286,321.48],[7.73654874,47.48506419,321.17],[7.73659507,47.48509619,320.88],[7.73688505,47.4853635,318.69],[7.73692704,47.4854085,318.32],[7.73704169,47.48556382,316.26],[7.73705735,47.48558848,315.9],[7.73707634,47.48565381,315.61],[7.73708833,47.48567414,314.37],[7.73727996,47.48591445,314.41],[7.73732462,47.48595511,314.38],[7.73747461,47.48607943,314.19],[7.7375306,47.48612143,314.11],[7.73787324,47.48635473,313.45],[7.7379229,47.48638806,313.42],[7.73806156,47.48647805,313.54],[7.73810589,47.48650404,313.68],[7.7382792,47.4865907,314.39],[7.73832586,47.48660636,314.52],[7.73837452,47.48661969,314.6],[7.73842585,47.48662935,314.66],[7.7385885,47.48663932,314.7],[7.73864949,47.48663799,314.69],[7.73871515,47.48663333,314.6],[7.73878548,47.48662434,314.48],[7.73892813,47.48659735,314.34],[7.73900212,47.48658335,314.25],[7.73915478,47.48656403,314.12],[7.73923311,47.4865567,314.1],[7.74081066,47.48644779,314.86],[7.74088132,47.48643046,314.95],[7.74094098,47.4864028,315.02],[7.74098898,47.4863668,315.11],[7.74115229,47.48619548,315.31],[7.74119628,47.48615182,315.34],[7.74139259,47.48597984,315.42],[7.74144392,47.48593851,315.44],[7.74155691,47.48586119,315.53],[7.74161624,47.48582386,315.58],[7.74191854,47.48564189,315.83],[7.7419772,47.48560456,315.87],[7.74237682,47.4853256,316.12],[7.74243415,47.48528594,316.14],[7.74295645,47.48494998,316.35],[7.74301278,47.48491332,316.36],[7.74338042,47.48463902,316.76],[7.74343041,47.48459936,316.82],[7.74365305,47.48439105,317.21],[7.74369938,47.48435072,317.26],[7.74384937,47.48423739,317.36],[7.7439047,47.48420373,317.39],[7.74402369,47.48414474,317.48],[7.74408769,47.48411808,317.51],[7.74429068,47.48404676,317.56],[7.74436467,47.48402943,317.58],[7.74459432,47.48398644,317.6],[7.74467031,47.48397378,317.68],[7.74574791,47.48380552,318.09],[7.74582957,47.48379119,318.11],[7.74599289,47.48375853,318.09],[7.74607255,47.4837412,318.1],[7.74629421,47.48367454,318.29],[7.7463612,47.48364855,318.36],[7.74676082,47.48344958,318.65],[7.74681515,47.48342092,318.71],[7.74691414,47.48335993,318.82],[7.74696313,47.48332993,318.9],[7.74731575,47.48313363,319.64],[7.74736408,47.48310364,319.78],[7.74759073,47.482941,320.43],[7.74763239,47.48290567,320.54],[7.74771305,47.48283434,320.7],[7.74775305,47.48279801,320.77],[7.74800202,47.48254539,321.34],[7.74804335,47.48251673,321.42],[7.74856829,47.48225378,323.1],[7.74861828,47.48222778,323.22],[7.74881559,47.4821108,323.57],[7.74886458,47.48208014,323.65],[7.74900557,47.48197849,323.83],[7.74905356,47.48194316,323.87],[7.74923654,47.48179352,324.01],[7.74927987,47.48175353,324.08],[7.74942685,47.48158189,324.28],[7.74946084,47.48153723,324.34],[7.74971679,47.48114595,324.49],[7.74975278,47.48109562,324.49],[7.74994075,47.48078898,324.52],[7.74997275,47.48073832,324.53],[7.75011273,47.48054301,324.56],[7.75013839,47.48049401,324.59],[7.75024269,47.48022671,325.43],[7.75025769,47.48018505,325.58],[7.75027868,47.48010072,325.86],[7.75028501,47.48005739,325.98],[7.75030465,47.47973708,326.54],[7.75030598,47.47969375,326.62],[7.75029965,47.47956776,326.82],[7.75029566,47.47952643,326.86],[7.75027601,47.47940511,327.05],[7.75027401,47.47936378,327.11],[7.75029467,47.47928445,327.15],[7.750314,47.47924612,327.15],[7.75034033,47.47920879,327.12],[7.75037333,47.47917213,327.14],[7.75045565,47.47910414,327.2],[7.75050531,47.47907281,327.25],[7.75085162,47.47890417,327.64],[7.75091095,47.47887451,327.7],[7.75107959,47.47878019,327.89],[7.75113358,47.47874653,327.93],[7.75118458,47.47870987,327.97],[7.75123391,47.47867087,327.99],[7.75137089,47.47853855,327.96],[7.75141788,47.47849489,327.91],[7.75152387,47.47841557,327.83],[7.75157953,47.47838157,327.81],[7.75168419,47.47832691,327.88],[7.75173385,47.47830491,328.01],[7.75183317,47.47827158,328.34],[7.7518825,47.47825925,328.53],[7.75198082,47.47824159,329.06],[7.75203015,47.47823393,329.39],[7.75229513,47.47820663,330.8],[7.75234913,47.4781983,331.05],[7.75254545,47.47814298,332.29],[7.75259178,47.47812432,332.53],[7.75292708,47.47795035,333.34],[7.75298007,47.47792102,333.39],[7.75346769,47.47763141,333.34],[7.75352502,47.47760042,333.34],[7.75372,47.47751711,333.28],[7.75378966,47.47749211,333.24],[7.75408498,47.4774058,333.06],[7.75416197,47.47738447,332.98],[7.75441363,47.47732116,332.57],[7.75450263,47.4773005,332.34],[7.75505061,47.47721753,331.35],[7.75513727,47.47720487,331.23],[7.75538659,47.47715422,331.01],[7.75546825,47.47713222,330.93],[7.75555024,47.47710623,330.81],[7.75563057,47.47707823,330.59],[7.75578522,47.47701591,330.25],[7.75585688,47.47698192,330.12],[7.75611553,47.47683761,329.89],[7.75617786,47.47680295,329.87],[7.75684582,47.476474,330.18],[7.75690848,47.47644601,330.26],[7.75697281,47.47642335,330.32],[7.75704014,47.47640602,330.37],[7.75764976,47.47629272,331.45],[7.75771542,47.47627139,331.52],[7.75777642,47.4762424,331.61],[7.75782742,47.47620674,331.77],[7.75787141,47.47616508,331.9],[7.75791274,47.47612142,332.01],[7.75806705,47.47594144,332.03],[7.75810238,47.47589578,332],[7.7582277,47.4757168,331.95],[7.75825036,47.47567381,331.92],[7.75826735,47.47559482,331.8],[7.75827068,47.47556049,331.71],[7.75830067,47.47549784,331.56],[7.75833333,47.47547051,331.49],[7.75842765,47.47543186,331.39],[7.75848298,47.4754162,331.36],[7.75885495,47.47533822,331.45],[7.75891928,47.47532356,331.49],[7.75911094,47.47527124,331.64],[7.75917327,47.47525125,331.69],[7.76012988,47.47487068,332.7],[7.76018654,47.47485035,332.72],[7.76024487,47.47483469,332.73],[7.76030453,47.47483003,332.74],[7.76036152,47.47483869,332.76],[7.76041185,47.47485902,332.78],[7.76045418,47.47488868,332.78],[7.76049217,47.47492234,332.83],[7.76052683,47.47495933,332.89],[7.76055916,47.47499799,332.96],[7.76080512,47.47532293,333.75],[7.76083011,47.47535493,333.92],[7.76109872,47.47572521,337.15],[7.76112071,47.47575221,337.46],[7.76140433,47.47603616,339.26],[7.76143932,47.47606549,339.34],[7.76147898,47.47609382,339.41],[7.76152564,47.47611682,339.51],[7.76157897,47.47613048,339.62],[7.76163363,47.47613347,339.62],[7.76168829,47.47612648,339.81],[7.76174362,47.47611415,339.89],[7.7619126,47.47607049,340.04],[7.76196893,47.4760555,340.08],[7.76235656,47.47591788,340.42],[7.76241522,47.47589789,340.45],[7.76358778,47.47551234,341.24],[7.76365144,47.47549134,341.26],[7.76567226,47.47485051,345.05],[7.76573392,47.47483285,345.06],[7.76604856,47.47476955,345.1],[7.76611322,47.47476189,345.13],[7.76617855,47.4747579,345.16],[7.76624388,47.4747559,345.18],[7.76656786,47.47475955,345.47],[7.76663219,47.47475789,345.56],[7.76675451,47.47473523,345.69],[7.76681184,47.4747139,345.7],[7.76686584,47.47468557,345.71],[7.7669155,47.47464991,345.7],[7.76700649,47.47456325,345.52],[7.76705048,47.47451459,345.42],[7.76784275,47.47356835,343.25],[7.76789341,47.47350636,342.81],[7.76802039,47.47331771,342.26],[7.76805572,47.47325538,342.14],[7.76813304,47.47307007,341.8],[7.7681577,47.47301141,341.71],[7.76819103,47.47295608,341.64],[7.76823469,47.47290509,341.6],[7.76828868,47.47286043,341.59],[7.76835368,47.47282277,341.61],[7.76842601,47.47279311,341.64],[7.768576,47.47274812,341.71],[7.76864833,47.47272946,341.76],[7.76878599,47.47270114,342.01],[7.76885165,47.47269014,342.21],[7.76903297,47.47267148,342.98],[7.7690863,47.47266682,343.25],[7.7694716,47.4726432,344.99],[7.76952693,47.4726412,345.5],[7.7700982,47.47266412,347.55],[7.7701322,47.47266645,347.61],[7.77053649,47.47266479,348.69],[7.77057382,47.47266645,348.75],[7.77076947,47.47265714,349.26],[7.77080946,47.47265615,349.36],[7.77130342,47.47266676,350.48],[7.77135275,47.47266809,350.55],[7.77156573,47.47266543,350.89],[7.77162172,47.47266343,350.96],[7.7718477,47.47263946,351.24],[7.77190436,47.47263313,351.32],[7.77250232,47.47254052,351.65],[7.77256265,47.47253119,351.62],[7.77281797,47.47250022,351.38],[7.7728823,47.47249356,351.41],[7.77320828,47.47247026,351.41],[7.77327694,47.47246626,351.38],[7.77364625,47.47245929,351.4],[7.77372558,47.47245995,351.36],[7.77428022,47.47249292,351.21],[7.77435655,47.47250391,351.21],[7.77443121,47.47251791,351.21],[7.77450454,47.4725349,351.21],[7.77478419,47.47261221,351.24],[7.77485152,47.47262754,351.36],[7.77498618,47.4726492,351.65],[7.77505384,47.47265786,351.79],[7.77554148,47.47270982,352.74],[7.77561047,47.47271981,352.84],[7.77574712,47.4727448,353.02],[7.77581611,47.4727588,353.08],[7.77632241,47.47287675,353.6],[7.77637774,47.47288941,353.74],[7.77666838,47.47294339,355.33],[7.77671538,47.47294872,355.58],[7.77676571,47.47295105,355.8],[7.77682037,47.47295072,355.99],[7.77694769,47.4729394,356.24],[7.77702302,47.47292974,356.31],[7.77766199,47.47282344,354.99],[7.77775132,47.47281478,354.77],[7.77783931,47.47281045,354.57],[7.7779253,47.47280812,354.4],[7.77824328,47.47281244,354.09],[7.77831494,47.47280744,354.06],[7.7783846,47.47279678,353.98],[7.7784556,47.47277812,353.88],[7.77870258,47.47270514,353.41],[7.77879291,47.47267915,353.11],[7.78045283,47.47222823,349.71],[7.78053682,47.4722069,349.63],[7.78104613,47.4720996,349.33],[7.78113079,47.47208127,349.27],[7.78199043,47.47187966,349.35],[7.78206442,47.471864,349.44],[7.78299301,47.47169106,350.23],[7.78306267,47.4716774,350.33],[7.78392129,47.47149545,351.09],[7.78399562,47.47148012,351.17],[7.78505253,47.47127552,352.14],[7.78512752,47.47126219,352.2],[7.78541683,47.47118453,352.4],[7.78549016,47.47116953,352.44],[7.78579414,47.47113422,352.59],[7.7858678,47.47112056,352.62],[7.78767035,47.47075068,353.96],[7.78774234,47.47073668,354],[7.78817732,47.47067171,354.34],[7.78824798,47.47066272,354.39],[7.78874429,47.4706171,354.7],[7.78881395,47.47061177,354.73],[7.78917192,47.47059747,355.04],[7.78924592,47.47059681,355.09],[7.79061082,47.47060576,355.15],[7.79068581,47.47060576,355.17],[7.79105812,47.47059745,355.47],[7.79113212,47.47059612,355.56],[7.79421957,47.4705842,358.91],[7.79428357,47.47058686,358.99],[7.79447389,47.47061619,359.16],[7.79453622,47.47063185,359.25],[7.79512984,47.47083512,359.8],[7.7951885,47.47085478,359.82],[7.79552647,47.47096109,360.44],[7.7955798,47.47097242,360.62],[7.79568679,47.47099075,360.92],[7.79573912,47.47099808,361.07],[7.79599244,47.47102405,361.58],[7.79604177,47.47102938,361.67],[7.79614209,47.47103437,361.84],[7.79619375,47.47103437,361.9],[7.79636306,47.47102572,361.67],[7.79642306,47.47101906,361.53],[7.79660838,47.47099174,361.15],[7.79667004,47.47098074,361.05],[7.79742201,47.4708148,361.6],[7.79749034,47.47079814,361.67],[7.797558,47.47077848,361.72],[7.79762433,47.47075615,361.76],[7.79788398,47.47065749,361.71],[7.79794964,47.47063416,361.75],[7.79815363,47.47057918,361.91],[7.79822396,47.47056518,361.95],[7.79891124,47.47044923,362.24],[7.79899524,47.4704339,362.07],[7.79943622,47.47036825,361.5],[7.79952488,47.47035392,361.36],[7.80052983,47.47017999,360.89],[7.80060816,47.470167,360.91],[7.80092381,47.47013202,361.2],[7.80100214,47.47012236,361.25],[7.80171642,47.4699734,361.42],[7.80179875,47.46995907,361.44],[7.80329234,47.46972814,362.29],[7.80337433,47.46971414,362.38],[7.80361431,47.46965916,362.49],[7.80369497,47.46963917,362.49],[7.80419261,47.46953786,362.66],[7.80427594,47.46952187,362.69],[7.80572887,47.46926261,363.45],[7.8058042,47.46924762,363.47],[7.80601885,47.46919397,363.69],[7.80608951,47.46917764,363.76],[7.80692412,47.46902037,364.23],[7.80699212,47.46900471,364.29],[7.80750274,47.46887773,364.6],[7.80755907,47.46886207,364.66],[7.80803168,47.46872511,365],[7.80806934,47.46871378,365.03],[7.80818499,47.46867246,365.12],[7.80822999,47.4686588,365.18],[7.80853096,47.46859417,365.5],[7.80858329,47.46858317,365.54],[7.80863729,47.46857384,365.57],[7.80869328,47.46856684,365.63],[7.80893125,47.4685512,365.8],[7.80899691,47.46854854,365.82],[7.80951687,47.46854256,365.59],[7.80959487,47.46854223,365.56],[7.80997151,47.46855188,365.61],[7.81004151,47.46855354,365.68],[7.81010984,47.46855221,365.74],[7.8101745,47.46854721,365.79],[7.81029782,47.46852822,365.87],[7.81035615,47.46851556,365.91],[7.8104628,47.4684849,365.99],[7.81051113,47.46846557,366.04],[7.81055579,47.46844524,366.1],[7.81059912,47.46842324,366.13],[7.81067644,47.46837458,366.19],[7.81071177,47.46834892,366.2],[7.81083676,47.46823726,366.31],[7.81086742,47.4682106,366.35],[7.81093441,47.46816028,366.47],[7.81096641,47.46813562,366.52],[7.81138733,47.46778001,367.53],[7.81141532,47.46775668,367.64],[7.81143465,47.46773669,367.76],[7.81143865,47.46772136,367.88],[7.81143065,47.46771503,368.01],[7.81141699,47.46771969,368.17],[7.81134101,47.46782233,368.48],[7.81130801,47.46785999,368.49],[7.81114369,47.4680183,368.34],[7.81111769,47.4680563,368.27],[7.81110936,47.46809163,368.2],[7.81111502,47.46812429,368.14],[7.81112835,47.46815195,368.05],[7.81115968,47.46818928,367.92],[7.81117367,47.46820028,367.87],[7.81121597,47.46820993,368.02],[7.81121697,47.46820993,368.05],[7.81121297,47.46820727,368.12],[7.81115531,47.46819294,368.12],[7.81111665,47.46815195,368.26],[7.81109999,47.46812595,368.29],[7.81109,47.46809629,368.25],[7.81109266,47.46806363,368.18],[7.81110899,47.4680303,368.09],[7.81113465,47.46799497,368.01],[7.81120497,47.46792264,367.9],[7.8112443,47.46788631,367.84],[7.81179524,47.46740105,368.71],[7.81183657,47.46736339,368.85],[7.81202388,47.46716975,369.63],[7.81206021,47.46713275,369.77],[7.81210021,47.46709976,369.89],[7.81214087,47.4670731,370],[7.81222619,47.46702445,370.32],[7.81225152,47.46701479,370.4],[7.81228151,47.4670128,370.47],[7.81231351,47.46702046,370.52],[7.81234551,47.46703579,370.56],[7.81239783,47.46707811,370.62],[7.81242149,47.46710277,370.65],[7.81313931,47.46798625,374.06],[7.81316064,47.46800958,374.19],[7.81318497,47.46803058,374.34],[7.81321163,47.46804891,374.5],[7.81329994,47.46808757,375.13],[7.81332927,47.46809723,375.37],[7.81338592,47.46810955,375.95],[7.81341425,47.46811121,376.27],[7.81347324,47.46810555,376.98],[7.81350523,47.46810089,377.32],[7.81353889,47.46809456,377.65],[7.81357322,47.46808523,377.94],[7.81363521,47.46805858,378.46],[7.81366221,47.46804292,378.74],[7.81375918,47.4679736,379.99],[7.81378451,47.46795627,380.26],[7.81392913,47.46783229,381.82],[7.81395546,47.46781396,382.08],[7.81413809,47.46772132,383.42],[7.81416142,47.46770966,383.56],[7.81424974,47.46764434,384.35],[7.81427507,47.46762668,384.53],[7.81444472,47.46753405,385.57],[7.81447138,47.46751505,385.74],[7.81483632,47.46718478,387.54],[7.81486698,47.46715978,387.65],[7.81508228,47.46693317,388.38],[7.81510961,47.46690518,388.46],[7.81516793,47.46685452,388.67],[7.81519792,47.46682952,388.78],[7.8152919,47.46675519,389.1],[7.8153269,47.4667312,389.19],[7.81565952,47.46653524,389.73],[7.81570418,47.46650791,389.76],[7.81650312,47.46612298,389.25],[7.81656778,47.46609265,389.19],[7.81793665,47.46546713,392.82],[7.81798165,47.46544647,393.17],[7.81848627,47.46519554,394.04],[7.81853293,47.46517288,394.05],[7.81876957,47.46503557,393.7],[7.81882123,47.46500557,393.59],[7.81907921,47.46483627,393.2],[7.81913254,47.46480061,393.18],[7.81943885,47.46457431,393.15],[7.81948951,47.46453831,393.12],[7.81993381,47.46423537,392.99],[7.81997847,47.46420704,393.09],[7.82012112,47.46413272,393.34],[7.82017412,47.46411139,393.44],[7.82023145,47.46409173,393.51],[7.82029378,47.4640734,393.58],[7.82042477,47.46404408,393.59],[7.82048776,47.46403275,393.51],[7.82071575,47.46400676,393.02],[7.82077808,47.46400177,392.92],[7.82124772,47.46398214,392.77],[7.82131038,47.46397881,392.81],[7.82149869,47.46397814,393.12],[7.82153469,47.46397847,393.29],[7.82167267,47.46398845,394.14],[7.821707,47.46399345,394.4],[7.82181432,47.46401477,395.01],[7.82185031,47.4640241,395.2],[7.82224826,47.46413638,397.08],[7.82228526,47.46414937,397.34],[7.82243124,47.46422234,398.5],[7.82243757,47.464225,398.65],[7.8226362,47.46437397,398.97],[7.82267553,47.4643973,398.92],[7.82272153,47.4644193,398.87],[7.82277286,47.4644383,398.82],[7.82288852,47.46446796,398.67],[7.82295118,47.46448096,398.59],[7.82328481,47.4645356,398.19],[7.82335547,47.4645456,398.05],[7.82387243,47.4645999,396.21],[7.82394109,47.4646049,396],[7.8249727,47.46461552,398.15],[7.82502769,47.46462018,398.26],[7.82514101,47.46464051,398.43],[7.82519867,47.4646565,398.51],[7.82548397,47.46475548,398.9],[7.82554163,47.46477214,398.96],[7.82576861,47.46481579,399.32],[7.82582527,47.46481978,399.41],[7.82673254,47.4648254,401.69],[7.82680087,47.46482606,401.68],[7.8269452,47.46482041,401.49],[7.8270232,47.46481375,401.36],[7.8278625,47.46471645,399.81],[7.82795816,47.46470345,399.67],[7.8284178,47.46462947,399.25],[7.82850513,47.46461447,399.21],[7.82972974,47.46444386,397.14],[7.82983174,47.46442986,396.97],[7.830762,47.46428958,396.69],[7.830826,47.46427925,396.94],[7.8310753,47.46425594,398.07],[7.83114563,47.46425328,398.3],[7.83146495,47.46426694,398.66],[7.83155094,47.46427593,398.61],[7.83261921,47.46441587,398.72],[7.83267121,47.4644222,398.92],[7.83283754,47.46442719,399.36],[7.8329022,47.46442852,399.43],[7.83316485,47.46445051,399.23],[7.83327651,47.46446651,398.98],[7.83364415,47.4645415,397.67],[7.83376414,47.46457449,397.16],[7.83388047,47.46461049,396.73],[7.8339908,47.46464782,396.35],[7.83419346,47.46472515,395.78],[7.83428712,47.46475714,395.57],[7.83437612,47.46477914,395.39],[7.83445811,47.46478847,395.24],[7.8345301,47.46478281,395.04],[7.83458776,47.46476182,394.83],[7.83463309,47.46472949,394.56],[7.83467042,47.4646885,394.27],[7.83469808,47.46464017,394.03],[7.83471941,47.46458684,393.77],[7.83475306,47.46446852,393.24],[7.83477239,47.46440619,392.98],[7.83479905,47.46434653,392.75],[7.83483604,47.46429087,392.5],[7.83488337,47.46424121,392.28],[7.8349417,47.46419955,392.1],[7.83500969,47.46416655,391.91],[7.83508302,47.46414089,391.68],[7.83550432,47.46404058,391.06],[7.83555898,47.46402058,391.04],[7.83560731,47.46399659,391.06],[7.83564731,47.46396893,391.07],[7.8356783,47.46393893,391.08],[7.83572595,47.46386261,391.02],[7.83574394,47.46385195,390.99],[7.8357586,47.46385428,390.94],[7.83576026,47.46386694,390.9],[7.83575126,47.46388627,390.86],[7.83561431,47.46407289,390.93],[7.8356423,47.46408389,390.93],[7.83567193,47.46397224,391.22],[7.83568392,47.46393958,391.25],[7.83570158,47.46390725,391.29],[7.83572858,47.46387992,391.24],[7.83576758,47.46386159,391.17],[7.83581557,47.46385126,391.09],[7.83587023,47.46384693,391.02],[7.83625722,47.4638456,390.87],[7.83632388,47.46384361,390.84],[7.8366552,47.4638183,390.88],[7.8367202,47.46380764,390.94],[7.83690752,47.46375599,391.09],[7.83696752,47.46373333,391.14],[7.8372065,47.46363501,391.46],[7.83726483,47.46361001,391.57],[7.8374838,47.46350636,391.92],[7.83754013,47.46348136,391.98],[7.83759846,47.46346003,392.03],[7.83766079,47.46344337,392.06],[7.83772612,47.46343571,392.11],[7.83779178,47.46343704,392.13],[7.83785678,47.4634467,392.14],[7.83792111,47.4634617,392.15],[7.83817142,47.46355335,392.3],[7.83823441,47.46357768,392.33],[7.83961465,47.46414925,394.11],[7.83967431,47.46417458,394.17],[7.84027926,47.4644152,394.55],[7.84034159,47.46443586,394.62],[7.84059857,47.46449484,394.76],[7.8406629,47.4645045,394.82],[7.84112186,47.46455178,395.65],[7.84117952,47.46455878,395.71],[7.84173882,47.46463907,396.31],[7.84179148,47.46465407,396.22],[7.84183147,47.4646774,396.15],[7.84185913,47.46470806,396.09],[7.84187646,47.46474272,396.05],[7.84190244,47.46490237,395.95],[7.8419211,47.46493703,395.94],[7.84195209,47.46497036,395.95],[7.84199275,47.46499969,395.96],[7.8421504,47.46506733,396.09],[7.84220973,47.46508432,396.13],[7.84287636,47.46525096,396.27],[7.84294802,47.46526995,396.28],[7.84403695,47.46557486,397.09],[7.84410961,47.46559519,397.16],[7.84483957,47.46578246,397.75],[7.84491256,47.46579945,397.84],[7.84566483,47.46594573,398.41],[7.84573849,47.46596006,398.49],[7.84595182,47.46601004,398.71],[7.84602381,47.46602537,398.79],[7.84674609,47.46616368,399.48],[7.84681375,47.46617668,399.58],[7.8486443,47.46648489,401.78],[7.84871196,47.46649555,401.95],[7.84955189,47.46661148,403.4],[7.84961189,47.46661948,403.46],[7.84998386,47.46665944,403.67],[7.85004886,47.4666681,403.71],[7.85024351,47.46669743,403.73],[7.85030817,47.46670709,403.73],[7.85062782,47.4667674,403.71],[7.85069248,47.46678106,403.71],[7.85081313,47.46678906,403.65],[7.85086379,47.46677873,403.53],[7.85094245,47.46673441,403.34],[7.85096744,47.46669575,403.26],[7.85099044,47.46665609,403.19],[7.8510101,47.46661276,403.14],[7.8511124,47.46632446,402.56],[7.85113606,47.4662748,402.46],[7.85128703,47.46603782,401.78],[7.85131802,47.46599616,401.57],[7.85136534,47.46590917,401.18],[7.851388,47.46586617,401.01],[7.85142066,47.46582851,400.87],[7.85146699,47.46580151,400.72],[7.85152465,47.46578885,400.61],[7.85158731,47.46579051,400.53],[7.85165097,47.46580517,400.46],[7.85192995,47.46589848,400.11],[7.85200561,47.46592048,400.04],[7.85276556,47.46611677,400.39],[7.85284189,47.46613543,400.44],[7.85315155,47.46620241,400.42],[7.85322888,47.46621807,400.47],[7.85361786,47.46627806,400.7],[7.85369719,47.46628739,400.76],[7.85385785,47.46630238,400.86],[7.85393851,47.46630804,400.88],[7.85426015,47.46631934,400.9],[7.85433915,47.46631868,400.95],[7.85602937,47.46627513,402.26],[7.85609937,47.4662738,402.36],[7.85643968,47.46625116,402.73],[7.85650568,47.46625216,402.8],[7.85696966,47.46629546,403.34],[7.85703565,47.46630312,403.4],[7.85730031,47.46634343,403.68],[7.8573673,47.46635476,403.75],[7.85763894,47.4664064,403.94],[7.85770627,47.4664204,403.99],[7.85842956,47.46658703,405.19],[7.85849222,47.46660236,405.32],[7.85892851,47.46671966,405.92],[7.85898951,47.46673699,406],[7.85922549,47.46681597,406.29],[7.85928315,47.46683696,406.38],[7.85967177,47.46699659,406.83],[7.85972677,47.46702125,406.89],[7.85988576,47.4670979,407.06],[7.85993909,47.46712323,407.11],[7.86014274,47.46723354,407.31],[7.8601934,47.46726187,407.31],[7.86099698,47.46772811,408.11],[7.86104697,47.46775677,408.13],[7.86250052,47.46858163,410.53],[7.86254985,47.46860896,410.58],[7.86285583,47.46876126,411.04],[7.86290816,47.46878526,411.04],[7.86323147,47.46891822,411.66],[7.86328746,47.46893655,411.73],[7.86345911,47.46899187,411.99],[7.86351777,47.4690082,412.07],[7.86381774,47.46908051,412.4],[7.8638794,47.4690955,412.46],[7.86444135,47.4692148,413.16],[7.86450368,47.46922779,413.22],[7.86526661,47.46941539,413.98],[7.86533227,47.46943139,414.01],[7.86626319,47.46968931,414.68],[7.86632485,47.46970331,414.76],[7.86677847,47.4697906,415.5],[7.86683713,47.4698006,415.64],[7.86730609,47.46986022,416.92],[7.86735842,47.46986788,417.06],[7.86804437,47.46998215,418.56],[7.86809803,47.46999148,418.65],[7.86820502,47.47001381,418.87],[7.86825768,47.47002647,418.97],[7.86868998,47.47014643,419.61],[7.86874464,47.47016142,419.67],[7.86909195,47.47024539,420.04],[7.86915394,47.47025939,420.08],[7.86934893,47.47029937,420.17],[7.86941593,47.47031136,420.2],[7.86976391,47.47035368,420.18],[7.8698329,47.47035901,420.16],[7.87010355,47.47036666,420.2],[7.87017021,47.47036466,420.22],[7.87049652,47.47033869,420.41],[7.87055985,47.47032803,420.45],[7.87120116,47.4701994,420.71],[7.87126482,47.47018607,420.68],[7.87235006,47.46993447,420.97],[7.87241205,47.46991948,421.02],[7.87283002,47.46981018,421.48],[7.87288935,47.46979319,421.58],[7.87342731,47.46962391,422.27],[7.87348764,47.46960258,422.34],[7.87377928,47.46948661,422.68],[7.87383194,47.46946095,422.77],[7.87392993,47.46941096,422.92],[7.87397326,47.46938563,423],[7.87409258,47.46930365,423.19],[7.87411691,47.46929499,423.23],[7.87414057,47.46929598,423.26],[7.87415623,47.46930898,423.29],[7.87416922,47.46935797,423.37],[7.87418488,47.46937963,423.44],[7.87424819,47.46943094,423.61],[7.87425352,47.46943427,423.61],[7.87416086,47.46936027,423.05],[7.87416186,47.46933928,423.05],[7.87417085,47.46931428,423.04],[7.87418918,47.46928829,423.02],[7.87421584,47.46926063,423],[7.87434516,47.46918197,422.89],[7.87439915,47.46915731,422.86],[7.87463879,47.46906799,422.82],[7.87470245,47.469047,422.82],[7.87503776,47.46895301,422.96],[7.87510642,47.46893468,423.01],[7.876069,47.46870075,423.47],[7.87613799,47.46868542,423.52],[7.87765523,47.46840651,424.47],[7.87772023,47.46839085,424.52],[7.87784422,47.46835053,424.6],[7.87790155,47.4683252,424.66],[7.87816053,47.46817357,425.02],[7.87821353,47.46814391,425.08],[7.87844617,47.4680356,425.24],[7.87850883,47.46801127,425.24],[7.87915013,47.46779432,426.01],[7.87921379,47.46777433,426.11],[7.87934312,47.46773868,426.28],[7.87940878,47.46772302,426.37],[7.8795421,47.46769969,426.52],[7.87961043,47.4676937,426.6],[7.87989042,47.46768605,426.96],[7.87996175,47.46768605,427.05],[7.8807587,47.46769765,427.49],[7.88083003,47.46769898,427.54],[7.88140299,47.46772359,428.02],[7.88147399,47.46772725,428.05],[7.88223561,47.46774889,428.79],[7.88229694,47.46775155,428.92],[7.88253192,47.4677862,429.31],[7.88258891,47.46779886,429.4],[7.88281923,47.46785218,429.75],[7.88287656,47.46786584,429.84],[7.88321253,47.46795915,430.53],[7.88326919,47.46797315,430.68],[7.88361816,47.46804746,431.47],[7.88367782,47.46805879,431.59],[7.88391912,47.46809544,432.23],[7.88397978,47.46810243,432.23],[7.88427175,47.4681244,433.34],[7.88432641,47.46812706,433.52],[7.88443474,47.46812872,433.9],[7.8844874,47.46812706,434.09],[7.88463938,47.46811141,434.74],[7.88468804,47.46810441,434.98],[7.88477703,47.46808108,435.45],[7.88481902,47.46806575,435.67],[7.88512665,47.46793812,436.84],[7.88517298,47.46792346,436.97],[7.88532596,47.46789847,437.24],[7.88538062,47.46789281,437.31],[7.8855486,47.46788549,437.46],[7.88560593,47.46788682,437.59],[7.88571825,47.46789947,437.68],[7.88577158,47.4679088,437.73],[7.88612054,47.4679801,438.45],[7.8861712,47.46799043,438.59],[7.88655684,47.46805806,439.12],[7.88661684,47.46806872,439.18],[7.88692847,47.46811736,439.32],[7.88699247,47.46812602,439.36],[7.88737779,47.46817167,439.73],[7.88744145,47.468178,439.85],[7.88769276,47.46819131,440.42],[7.88775709,47.4681923,440.58],[7.88855636,47.46819397,441.86],[7.88862602,47.46819597,441.98],[7.88903331,47.46822393,442.58],[7.88910064,47.46823192,442.66],[7.88930929,47.46826524,442.75],[7.88938228,47.4682789,442.78],[7.89028854,47.46846351,442.54],[7.89036387,47.46847284,442.56],[7.89051252,47.46847417,442.6],[7.89058485,47.46846817,442.63],[7.89113748,47.46840488,443.54],[7.89119181,47.46840455,443.72],[7.89146279,47.46842487,444.66],[7.89151778,47.46843053,444.83],[7.89253303,47.46855611,446.93],[7.89258969,47.4685631,447.12],[7.892845,47.46858474,448.04],[7.89289166,47.46858707,448.27],[7.89334363,47.46858939,450.42],[7.89339062,47.4685874,450.66],[7.89353427,47.46857174,451.23],[7.89358193,47.46856508,451.44],[7.89376359,47.4685291,452.27],[7.89380525,47.46851711,452.46],[7.89401523,47.46843112,453.72],[7.89404289,47.46841546,453.94],[7.89428252,47.46826984,455.63],[7.89430918,47.46825285,455.79],[7.89451379,47.46811189,457.23],[7.89453945,47.46809523,457.4],[7.89467943,47.4680196,458.17],[7.89470942,47.4680056,458.29],[7.89480674,47.46796561,458.72],[7.89484107,47.46795362,458.88],[7.89515269,47.46785933,460.15],[7.89518469,47.46784933,460.3],[7.89535032,47.46778603,461.54],[7.89537398,47.4677777,461.72],[7.8954563,47.46775738,462.27],[7.89548496,47.46774805,462.43],[7.89564725,47.46768542,463.65],[7.89567425,47.46767576,463.78],[7.89589954,47.46757414,465.3],[7.8959192,47.46756281,465.38],[7.89651476,47.46719559,466.67],[7.89655242,47.46717226,466.69],[7.8970237,47.46690434,466.58],[7.89706736,47.46687901,466.58],[7.89766328,47.46652473,466.48],[7.89772627,47.46648807,466.37],[7.8982319,47.46617577,465.98],[7.89829923,47.46613644,465.91],[7.89868287,47.46594081,465.51],[7.8987672,47.46589748,465.43],[7.89901985,47.46575383,465.12],[7.89910218,47.4657035,465],[7.89939816,47.46550785,464.56],[7.89946115,47.46546319,464.71],[7.89985844,47.4651579,466.5],[7.8999031,47.46512457,466.72],[7.90033039,47.46483329,468.9],[7.90037172,47.46480463,469.05],[7.90072201,47.46454167,469.44],[7.90078601,47.46449501,469.36],[7.90100199,47.4643577,468.82],[7.90107999,47.46431504,468.64],[7.90141064,47.46415372,468.06],[7.90149597,47.46411406,467.91],[7.90241991,47.46370645,467.35],[7.90249691,47.46367045,467.39],[7.90337918,47.4632242,468.19],[7.90344784,47.4631912,468.23],[7.90387016,47.46299557,468.56],[7.90394216,47.46296324,468.59],[7.90423647,47.46283794,468.79],[7.90431113,47.46280828,468.85],[7.90438746,47.46277962,468.93],[7.90446545,47.46275196,469],[7.90486776,47.46262831,469.23],[7.90494809,47.46260565,469.25],[7.90551272,47.46247236,469.42],[7.90559305,47.4624547,469.45],[7.90614101,47.46235639,469.49],[7.90621467,47.4623444,469.54],[7.90764592,47.46214249,471.72],[7.90772158,47.4621335,471.91],[7.90795623,47.46211218,472.35],[7.90803822,47.46210652,472.45],[7.90891018,47.46205858,472.24],[7.90899684,47.46204992,472.2],[7.90956715,47.46195628,472.23],[7.90964481,47.46194462,472.26],[7.9102361,47.46187332,473.29],[7.91031109,47.46186366,473.42],[7.91045775,47.46183667,473.63],[7.91052875,47.46181934,473.74],[7.91066107,47.46177802,473.9],[7.91072373,47.46175302,473.97],[7.91090738,47.46166603,474.09],[7.91096504,47.46163237,474.16],[7.91167997,47.46104076,473.68],[7.9117473,47.46099043,473.53],[7.9118243,47.4609431,473.3],[7.91200596,47.46085978,472.5],[7.91210529,47.46082212,472.12],[7.91220895,47.46078746,471.72],[7.91231594,47.46075546,471.29],[7.91254126,47.46069814,470.35],[7.91265859,47.46067448,469.99],[7.91277492,47.46065815,469.55],[7.91288625,47.46064915,469.19],[7.91323923,47.46065382,468.16],[7.91330289,47.46064383,468],[7.91341788,47.46059917,467.61],[7.91347454,47.46056884,467.46],[7.91381184,47.46034854,466.84],[7.91386817,47.46031354,466.82],[7.91392617,47.46027988,466.86],[7.91398617,47.46024855,466.94],[7.91411349,47.46019623,467.07],[7.91418115,47.46017723,467.12],[7.91432014,47.4601529,467.21],[7.91438913,47.46014724,467.25],[7.91479243,47.46013793,467.44],[7.91485476,47.46013593,467.51],[7.91503408,47.46012329,467.67],[7.91509174,47.46011829,467.69],[7.91526005,47.46008363,467.95],[7.91531704,47.46006864,468.1],[7.91553869,47.45998933,468.69],[7.91558802,47.459966,468.86],[7.91567701,47.45991734,469.25],[7.915718,47.45989268,469.47],[7.91582899,47.45980836,470.06],[7.91586132,47.45977737,470.26],[7.91599696,47.45961306,471.27],[7.91602329,47.45958073,471.49],[7.9162479,47.45927844,473.14],[7.91627556,47.45924545,473.31],[7.91633622,47.45917979,473.54],[7.91636822,47.4591468,473.66],[7.91653553,47.45899084,474.08],[7.91656852,47.45896018,474.16],[7.91718644,47.45849926,475.26],[7.91722544,47.45846927,475.35],[7.91748973,47.45824863,475.79],[7.91752806,47.45821697,475.82],[7.91773371,47.45805833,476.02],[7.91777404,47.45802533,476.08],[7.91803701,47.45778704,476.55],[7.91807434,47.45775338,476.6],[7.9183473,47.45752108,477.18],[7.91838529,47.45748842,477.26],[7.9189362,47.45704482,478.55],[7.91897953,47.45700816,478.55],[7.9194158,47.45662787,479.62],[7.91945846,47.45658988,479.72],[7.91982239,47.45625192,480.49],[7.91985372,47.45622292,480.58],[7.91995004,47.4561426,480.95],[7.91997937,47.45611694,481.13],[7.92009768,47.45598297,481.99],[7.92010601,47.45597364,482.06],[7.92006403,47.45597198,482.34],[7.92005404,47.45596098,482.4],[7.92005271,47.45594332,482.45],[7.92005571,47.45591999,482.49],[7.92007903,47.45582867,482.94],[7.92008369,47.45579634,482.9],[7.92008369,47.45576434,482.85],[7.92008103,47.45573401,482.77],[7.92006437,47.45565802,482.55],[7.9200687,47.45564402,482.34],[7.92009002,47.45563136,481.92],[7.92021601,47.45594302,481.84],[7.92033666,47.45591037,482.87],[7.92037332,47.45589371,482.93],[7.92118987,47.45548182,484.76],[7.92122153,47.45546383,484.87],[7.92192342,47.4550026,487.34],[7.92196341,47.4549776,487.44],[7.92257498,47.45455168,488.78],[7.92261498,47.45451969,488.87],[7.92272563,47.45442471,489.1],[7.92275996,47.45439272,489.16],[7.92285495,47.45429574,489.33],[7.92288361,47.45426341,489.39],[7.92315255,47.45389748,490.17],[7.92317754,47.45386482,490.25],[7.92329285,47.45373751,490.56],[7.92332585,47.45370585,490.64],[7.92369313,47.4534039,491.29],[7.92373112,47.45337457,491.37],[7.92384911,47.45328826,491.71],[7.92389077,47.45325927,491.81],[7.92407542,47.45314728,492.28],[7.92412375,47.45311962,492.36],[7.92422474,47.45306763,492.64],[7.92427607,47.45304197,492.78],[7.92448906,47.45294833,493.29],[7.92454339,47.45292567,493.38],[7.92489503,47.45280637,493.94],[7.92495502,47.45278938,494.03],[7.92532299,47.45269942,494.36],[7.92538699,47.45268576,494.38],[7.92610227,47.45255982,494.83],[7.92616526,47.45254816,494.87],[7.92653722,47.45247052,495.06],[7.92659755,47.45245719,495.09],[7.92690085,47.45238322,495.26],[7.92696051,47.45236822,495.29],[7.92832807,47.45197102,496.91],[7.92838473,47.45195569,497.02],[7.92912332,47.45173243,498.15],[7.92917898,47.45171444,498.2],[7.92948528,47.45159314,498.95],[7.92953294,47.45157181,499.09],[7.92975324,47.45145717,499.85],[7.92979557,47.45143351,500],[7.92983723,47.45140918,500.13],[7.92987522,47.45138318,500.33],[7.93025384,47.4511059,501.94],[7.9302865,47.4510839,502.06],[7.93045647,47.45098892,502.76],[7.9304938,47.45097693,502.93],[7.93063878,47.45094995,503.75],[7.93067411,47.45094696,503.95],[7.93074644,47.4509443,504.26],[7.93078243,47.45094364,504.39],[7.93088642,47.45095162,504.74],[7.93092075,47.45095662,504.86],[7.93105107,47.45098393,505.45],[7.93107873,47.45099293,505.6],[7.93152632,47.45116551,509.16],[7.93155365,47.45117517,509.39],[7.9316113,47.4511855,509.88],[7.93164163,47.45118583,510.12],[7.93173294,47.45116752,510.79],[7.93175793,47.45115219,510.99],[7.93177659,47.45113319,511.18],[7.93178525,47.45111153,511.36],[7.93177925,47.45106454,511.68],[7.93176659,47.45104388,511.84],[7.9316443,47.45092392,513.1],[7.9316263,47.45090792,513.31],[7.93144637,47.45076197,515.11],[7.93143071,47.45074697,515.3],[7.93133574,47.45062967,516.71],[7.93132441,47.45061168,516.91],[7.93128909,47.45053569,517.69],[7.93128043,47.4505157,517.91],[7.93126178,47.45043739,518.76],[7.93125878,47.45041773,518.94],[7.93125246,47.45031776,520.05],[7.93125379,47.45029843,520.27],[7.93127576,47.45018445,521.33],[7.93128042,47.45016512,521.51],[7.93129141,47.45012747,521.86],[7.93129774,47.45011048,522.04],[7.93139668,47.4499462,523.78],[7.93140701,47.4499302,523.96],[7.9319745,47.44918111,532.56],[7.93199049,47.44916445,533.07],[7.93211176,47.44898186,535.12],[7.93212109,47.44896586,535.3],[7.93224971,47.44883591,536.94],[7.93226737,47.44882191,537.12],[7.932465,47.44869862,539.06],[7.932488,47.44868863,539.27],[7.93258364,47.44865165,540.08],[7.93260897,47.44864299,540.27],[7.93273661,47.44860802,541.2],[7.9327606,47.44860136,541.39],[7.93307255,47.44854577,543.66],[7.93310021,47.44854211,543.86],[7.93361746,47.44851054,547.67],[7.93364512,47.44850888,547.86],[7.93435263,47.4484414,552.96],[7.93437762,47.44843907,553.14],[7.93476721,47.44837648,556.09],[7.93479421,47.44837215,556.28],[7.93512914,47.44832921,558.89],[7.93515747,47.44832588,559.09],[7.93543744,47.44830493,561.2],[7.93546577,47.44830327,561.41],[7.93563907,47.44830227,562.69],[7.9356674,47.4483036,562.91],[7.93657124,47.44835981,568.35],[7.93660257,47.44836214,568.5],[7.93698551,47.44840872,570.78],[7.93701717,47.44841471,570.94],[7.93722047,47.44846767,572.24],[7.9372488,47.448476,572.39],[7.93756072,47.44859526,573.94],[7.93758738,47.44860592,574.05],[7.93772135,47.4486459,574.68],[7.93774801,47.44865423,574.83],[7.93840389,47.4488258,578.15],[7.93843422,47.44883479,578.28],[7.93868285,47.44891809,579.47],[7.93871351,47.44892909,579.59],[7.9390128,47.44904572,580.72],[7.93904013,47.44905472,580.84],[7.93909079,47.44906404,581.07],[7.93911212,47.44906371,581.2],[7.93912512,47.44906105,581.3],[7.93913078,47.44905872,581.38],[7.93915111,47.44903672,581.38],[7.93916877,47.44902272,581],[7.93918443,47.44900439,581],[7.93919076,47.44897806,580.95],[7.93914978,47.44874375,580.33],[7.93912912,47.44867176,580.23],[7.93909779,47.44860176,579.86],[7.93905913,47.4485371,579.55],[7.9390158,47.44847977,579.29],[7.93885649,47.44830545,578.67],[7.9388295,47.44827279,578.58],[7.93874452,47.44814848,578.45],[7.93872386,47.44811448,578.49],[7.93867587,47.44800049,578.55],[7.93866521,47.44795716,578.55],[7.93865622,47.44791183,578.49],[7.93864956,47.44786317,578.45],[7.93864956,47.44781184,578.39],[7.93865756,47.44775718,578.3],[7.93867689,47.44770052,578.13],[7.93870788,47.44764319,577.95],[7.93880287,47.44752553,577.38],[7.9388662,47.44746554,576.97],[7.9389372,47.44740321,576.48],[7.93901586,47.44734155,576.02],[7.9395105,47.44699391,573.48],[7.9395665,47.44693992,573.53],[7.93960516,47.44688759,573.56],[7.93962749,47.44683993,573.67],[7.93963815,47.4468006,573.85],[7.93964248,47.4467706,574.14],[7.93963782,47.44672727,574.74],[7.93962349,47.44668294,574.74],[7.93951488,47.44644735,580.17],[7.93950588,47.44643069,580.45],[7.93945891,47.44636637,581.79],[7.93944591,47.44635071,582.16],[7.93934794,47.44624342,584.4],[7.93933461,47.44622809,584.69],[7.9392623,47.44619578,585.39],[7.93924364,47.44618912,585.6],[7.9390567,47.44606683,588.19],[7.93904237,47.44605683,588.44],[7.93884439,47.44589586,589.51],[7.93882973,47.4458832,591.34],[7.93873841,47.44578756,592.77],[7.93872675,47.44577356,592.95],[7.93862348,47.44561194,595.08],[7.93861515,47.44559728,595.24],[7.93852924,47.44538136,597.91],[7.93852258,47.44536503,598.06],[7.9384103,47.44513576,600.16],[7.93840164,47.44511976,600.28],[7.93834799,47.44504345,600.87],[7.93833533,47.44502912,600.98],[7.93826902,47.44495947,601.4],[7.93825402,47.44494681,601.46],[7.93821636,47.44492581,601.57],[7.93819703,47.44491515,601.59],[7.9381677,47.44488949,601.72],[7.93815037,47.44487616,601.77],[7.93793808,47.44477686,602.25],[7.93790742,47.44476253,602.29],[7.93777744,47.44467822,602.51],[7.93775445,47.44466123,602.51],[7.93762148,47.4445436,602.29],[7.93759882,47.44452061,602.25],[7.93747151,47.44436997,601.93],[7.93745285,47.44434264,601.89],[7.93743452,47.44431398,601.85],[7.93741653,47.44428365,601.8],[7.93735555,47.44414067,601.41],[7.93733989,47.44410034,601.3],[7.93729291,47.44392569,600.76],[7.93728092,47.44388136,600.61],[7.93723628,47.44362005,600.1],[7.93723029,47.44357872,600.1],[7.937205,47.44332143,600.19],[7.93720234,47.4432921,600.18],[7.93714573,47.4428965,601.14],[7.93714307,47.44286517,601.17],[7.93713743,47.44271254,601.16],[7.93713643,47.44270454,601.13],[7.93716543,47.44265854,601.13],[7.9371794,47.44239125,600.54],[7.93718373,47.44234859,600.5],[7.93723902,47.4419723,600.1],[7.93724702,47.44192397,600.08],[7.937259,47.44182398,600.03],[7.93726499,47.44177098,600.01],[7.93726865,47.44166099,599.93],[7.93726931,47.44160799,599.83],[7.93726498,47.44155799,599.64],[7.93725365,47.44151066,599.48],[7.93715201,47.44125636,598.66],[7.93713335,47.4411977,598.43],[7.93712402,47.44113537,598.14],[7.93712568,47.44106971,597.76],[7.93714967,47.44093472,596.73],[7.937176,47.44086406,596.07],[7.93721766,47.44078973,595.27],[7.93728199,47.4407124,594.29],[7.93737598,47.44063341,593.17],[7.93749598,47.44055775,591.98],[7.9377873,47.44043109,589.42],[7.93792963,47.44037543,588.24],[7.93805763,47.44031777,587.13],[7.93816929,47.44025578,586.05],[7.93826228,47.44019012,585.05],[7.93833261,47.44011779,584.2],[7.93838027,47.44004146,583.43],[7.93840093,47.43996347,582.76],[7.93839594,47.43988414,582.18],[7.93836561,47.43979981,581.72],[7.93832195,47.43971248,581.18],[7.93826529,47.43962282,580.65],[7.93819563,47.43953149,580.07],[7.9381123,47.4394435,579.48],[7.9380153,47.43936151,578.74],[7.93791064,47.43928485,578.04],[7.93768932,47.43914319,576.89],[7.93757699,47.43907986,576.43],[7.93713801,47.43887555,575.11],[7.93704835,47.43883322,574.93],[7.9368467,47.43872456,574.92],[7.93679737,47.4386949,575.04],[7.93668072,47.43861158,575.47],[7.93664772,47.43858159,575.58],[7.93654006,47.43847261,575.73],[7.93649807,47.43842561,575.71],[7.93641041,47.43831428,575.42],[7.93636375,47.43825062,575.19],[7.93621276,47.43803597,574.29],[7.93616376,47.43795831,573.91],[7.93598144,47.43763499,572.37],[7.93594111,47.437549,571.93],[7.93587245,47.43736201,570.78],[7.93584412,47.43725868,570.14],[7.9357918,47.43691769,568.52],[7.93576847,47.43680536,567.59],[7.93572781,47.43670203,566.82],[7.93566948,47.4366117,566.17],[7.93560382,47.4365337,565.64],[7.93554516,47.43646504,565.21],[7.93550183,47.43640171,564.85],[7.93547317,47.43634571,564.57],[7.93542952,47.43623306,564.4],[7.93542453,47.4362104,564.56],[7.9354222,47.43619241,564.78],[7.93542187,47.43617941,564.99],[7.93543284,47.43611178,566.32],[7.93495251,47.43501645,566.43],[7.9348722,47.43492581,578.75],[7.93486821,47.43492148,578.68],[7.93474723,47.43485617,578.27],[7.93471324,47.43482917,578.22],[7.93468024,47.43479551,578.18],[7.93464958,47.43475818,578.12],[7.93459493,47.43467252,577.84],[7.93457627,47.43462286,577.61],[7.93456594,47.4345672,577.14],[7.93456394,47.4345082,576.73],[7.93459259,47.43433087,575.18],[7.93461258,47.43426788,574.58],[7.93467091,47.43412655,573.49],[7.93470657,47.43404989,572.98],[7.93490488,47.43365291,570.41],[7.93494088,47.43357792,570.07],[7.93498254,47.43350959,569.78],[7.93503054,47.4334466,569.54],[7.93522753,47.43323828,568.81],[7.93526319,47.43319362,568.77],[7.93532718,47.43311196,568.75],[7.93535717,47.43307263,568.77],[7.93544748,47.43293398,569.07],[7.93546614,47.43290598,569.15],[7.93556645,47.43278333,569.63],[7.93558378,47.43276234,569.71],[7.93560178,47.43274434,569.83],[7.93561911,47.43273068,569.96],[7.93564944,47.43273301,570.08],[7.93564977,47.43274934,570.26],[7.93556146,47.43284599,570.49],[7.9355388,47.43287698,570.52],[7.9353595,47.43315161,570.45],[7.93533317,47.43318827,570.42],[7.93526885,47.43325893,570.29],[7.93523219,47.43329026,570.14],[7.93515721,47.43333492,569.85],[7.93512721,47.43334892,569.72],[7.93519819,47.4332666,567.83],[7.93521652,47.43324494,567.93],[7.93531249,47.43310064,568.49],[7.93533682,47.43306931,568.56],[7.93553513,47.43282702,569.23],[7.93555979,47.43279769,569.34],[7.93563177,47.43267304,569.92],[7.93564243,47.43264071,570.1],[7.93565642,47.43257538,570.4],[7.93566008,47.43254205,570.52],[7.93564544,47.43240841,571.01],[7.93564278,47.43237808,571.13],[7.93563115,47.43208548,572.91],[7.93562915,47.43205482,573.04],[7.93556953,47.43182353,574.25],[7.9355632,47.4317982,574.46],[7.93556353,47.43174655,574.86],[7.93557419,47.43172089,575.05],[7.93559018,47.43169489,575.25],[7.93560884,47.4316699,575.44],[7.93573981,47.43152659,576.43],[7.9357588,47.43150226,576.55],[7.93590642,47.43128797,577.93],[7.93592675,47.43126864,578.14],[7.93608506,47.43117435,579.03],[7.93611039,47.43115569,579.17],[7.93631168,47.43096341,580.41],[7.93633434,47.43094242,580.52],[7.93688884,47.43049888,584.82],[7.93690384,47.43048722,585.01],[7.93695615,47.43045657,585.69],[7.93697581,47.43044691,585.93],[7.9370638,47.43042227,586.84],[7.93708413,47.43041394,586.84],[7.93718143,47.43036296,588.07],[7.93720276,47.43035296,588.24],[7.93750304,47.43022467,589.88],[7.93752837,47.43021334,590],[7.93759702,47.43017502,590.4],[7.93761935,47.43016036,590.5],[7.937706,47.43009705,590.74],[7.93772666,47.43008072,590.83],[7.93780431,47.43000774,591.21],[7.9378233,47.42998841,591.32],[7.93796758,47.42979678,592.07],[7.93798324,47.42977679,592.16],[7.93805888,47.42970181,592.6],[7.93808187,47.42968415,592.69],[7.93839149,47.42950153,593.89],[7.93841815,47.42948553,593.99],[7.93856379,47.4293899,594.89],[7.93858679,47.4293759,595.04],[7.9386581,47.42934025,595.54],[7.93868143,47.42932792,595.72],[7.93879139,47.42924061,596.82],[7.93880738,47.42922761,597.02],[7.93898963,47.42911665,599.07],[7.93900696,47.42910532,599.25],[7.93920623,47.42895405,601.73],[7.93922289,47.42894039,601.93],[7.93926722,47.42889307,602.49],[7.93927921,47.42887707,602.7],[7.93932685,47.4287921,603.67],[7.93933251,47.4287741,603.91],[7.93934949,47.42868713,604.91],[7.93935215,47.42866947,605.1],[7.93935447,47.42854318,606.59],[7.9393558,47.42852385,606.81],[7.9393721,47.42842421,607.81],[7.93937543,47.42840455,607.97],[7.93939106,47.42822393,609.28],[7.93939372,47.42820394,609.4],[7.9394107,47.42814229,609.69],[7.9394187,47.42812196,609.8],[7.93947234,47.42802099,610.18],[7.93948634,47.42800066,610.25],[7.93955532,47.42792269,610.47],[7.93957532,47.42790369,610.52],[7.93976193,47.4277574,610.89],[7.93978526,47.42774107,610.96],[7.93985691,47.42769276,611.16],[7.93988124,47.4276781,611.23],[7.9400612,47.42758012,612.05],[7.94008186,47.42756746,612.15],[7.94018416,47.42749484,613.08],[7.94020149,47.42748384,613.2],[7.94027714,47.42744719,613.86],[7.94029513,47.42743853,614.04],[7.94055273,47.42738157,615.94],[7.94057506,47.42737824,616.16],[7.94064404,47.42737159,616.75],[7.94066803,47.42737126,616.96],[7.94080999,47.42737555,618.24],[7.94083365,47.42737821,618.46],[7.94154446,47.42757944,623.28],[7.94157012,47.4275851,623.39],[7.9419517,47.42765903,624.85],[7.9419797,47.42766336,624.96],[7.94206636,47.42767268,625.24],[7.94209702,47.42767501,625.34],[7.94222367,47.42767201,625.76],[7.94225567,47.42766868,625.86],[7.94240365,47.42763971,626.44],[7.94243165,47.42763072,626.57],[7.94287923,47.42743013,629.88],[7.94290156,47.4274208,630.04],[7.94306385,47.42736783,631.36],[7.94308818,47.42736217,631.58],[7.94313884,47.42735318,631.97],[7.9431645,47.42734952,632.18],[7.94329549,47.42734288,633.11],[7.94332182,47.42734255,633.3],[7.94360645,47.42735751,635.27],[7.94363311,47.42735651,635.46],[7.94381941,47.4273359,636.99],[7.94384141,47.42733257,637.18],[7.94392705,47.42731159,637.95],[7.94394705,47.42730593,638.17],[7.9445782,47.4269884,644.55],[7.94459619,47.4269794,644.76],[7.9447288,47.4269191,646.24],[7.94474846,47.42691011,646.45],[7.9449774,47.42682551,649.29],[7.94499806,47.42681818,649.53],[7.94591272,47.42666552,649.78],[7.94615866,47.42660959,661.25],[7.94618165,47.42660526,661.47],[7.94646926,47.42656935,664.07],[7.94649325,47.42656735,664.29],[7.94661189,47.42656004,665.37],[7.94663622,47.42655905,665.63],[7.94678619,47.4265677,666.93],[7.94681219,47.42656836,667.15],[7.94706014,47.4265627,669.32],[7.9470858,47.42656403,669.56],[7.94735674,47.42660966,671.83],[7.94737907,47.42661399,672.01],[7.94765467,47.42667593,674.04],[7.94767633,47.42667993,674.16],[7.94779197,47.42669224,674.76],[7.9478163,47.42669357,674.91],[7.94796026,47.42667793,675.57],[7.94798292,47.4266716,675.69],[7.94802324,47.42665461,675.9],[7.94804157,47.42664328,676],[7.94808456,47.42660563,676.4],[7.94809422,47.42659097,676.53],[7.94810187,47.42652366,677.15],[7.94809854,47.426505,677.29],[7.94806023,47.42641436,678],[7.9480499,47.42639837,678.12],[7.94796692,47.42631807,678.68],[7.94795193,47.42630574,678.76],[7.9478013,47.42620079,679.81],[7.94778431,47.42618813,679.94],[7.94767501,47.42609383,681.15],[7.94766135,47.42608083,681.33],[7.94755741,47.42594488,682.79],[7.94754675,47.42592955,682.93],[7.94749244,47.42582925,683.97],[7.94748444,47.42581259,684.14],[7.94744147,47.42569062,685.54],[7.94743581,47.42567263,685.72],[7.94741452,47.42554634,686.97],[7.94741253,47.42552835,687.15],[7.94741419,47.42536539,688.72],[7.94741552,47.4253484,688.91],[7.94744015,47.42522511,690.3],[7.94744381,47.42520678,690.52],[7.94746979,47.42513414,691.29],[7.94747745,47.42511748,691.5],[7.94754875,47.42499819,692.76],[7.94755908,47.42498153,692.9],[7.94758907,47.42491021,693.43],[7.9475984,47.42489288,693.56],[7.9477237,47.42471659,694.73],[7.94773169,47.42470726,694.8],[7.94774601,47.42469861,694.9],[7.947822,47.42466228,694.82],[7.94800593,47.42449335,695.79],[7.94802059,47.42448002,695.94],[7.94813222,47.42439338,697.11],[7.94815021,47.42438139,697.31],[7.94824251,47.4243211,698.31],[7.94826184,47.42430977,698.52],[7.94848179,47.42419349,700.96],[7.94850045,47.42418349,701.2],[7.94859609,47.42414952,702.28],[7.94861375,47.42414119,702.51],[7.94879837,47.42401758,704.9],[7.94881503,47.42400592,705.1],[7.94887467,47.4239516,706],[7.948887,47.42393627,706.24],[7.94892965,47.42387296,707.19],[7.94893798,47.4238563,707.41],[7.94897428,47.42375733,708.8],[7.94897961,47.42374067,709.06],[7.94900022,47.42358973,711.42],[7.94900355,47.42357374,711.68],[7.94910874,47.4231905,718.2],[7.9491134,47.42317484,718.46],[7.94911605,47.42312719,719.22],[7.94911771,47.42311186,719.47],[7.94913968,47.42304256,720.73],[7.94913635,47.42302923,720.98],[7.94912736,47.42301624,721.22],[7.94911103,47.42300724,721.46],[7.94901838,47.42299993,722.4],[7.94899905,47.42299694,722.58],[7.94895639,47.42296829,723],[7.94894073,47.42295829,723.14],[7.94892174,47.42295129,723.29],[7.94890041,47.4229483,723.41],[7.94887908,47.42295096,723.54],[7.94885875,47.42295762,723.7],[7.94880343,47.4229896,724.11],[7.9487861,47.42300193,724.23],[7.94868981,47.42308357,724.82],[7.94867248,47.42309557,724.89],[7.94858384,47.42313888,725.27],[7.94856918,47.42314954,725.32],[7.94853587,47.42322418,725.65],[7.94852421,47.42323784,725.71],[7.94845323,47.42327849,726.19],[7.94843523,47.42329115,726.31],[7.94840125,47.42333347,726.59],[7.94838959,47.4233468,726.72],[7.94837393,47.4233568,726.86],[7.9483516,47.42336346,727.02],[7.94830061,47.42337245,727.38],[7.94827661,47.42337811,727.57],[7.94817496,47.42342876,728.45],[7.9481533,47.42343409,728.65],[7.94802898,47.42342211,729.62],[7.94800232,47.42342178,729.8],[7.94792933,47.4234381,730.29],[7.94790567,47.42344343,730.49],[7.94783136,47.42344609,731.11],[7.9478077,47.42344376,731.33],[7.94771273,47.42339778,732.39],[7.9476904,47.42339045,732.62],[7.94759476,47.42337714,733.56],[7.9475731,47.42336981,733.79],[7.94750945,47.42334183,734.52],[7.94749079,47.42333184,734.77],[7.94741981,47.42328752,735.7],[7.94740215,47.42327586,735.92],[7.94738616,47.4232642,736.14],[7.9473725,47.4232522,736.37],[7.94734485,47.42321055,736.98],[7.94733119,47.42319722,737.17],[7.94717323,47.4231426,738.77],[7.9471569,47.42313261,738.98],[7.94712625,47.42310995,739.37],[7.94711525,47.42309762,739.57],[7.94708294,47.4230383,740.24],[7.94706895,47.42302564,740.4],[7.94693799,47.42295934,741.66],[7.94692366,47.42294768,741.86],[7.94666277,47.42268744,745.06],[7.94665077,47.42267478,745.18],[7.94664011,47.42266145,745.32],[7.94663178,47.42264846,745.45],[7.94662246,47.42260014,745.66],[7.94661446,47.42258514,745.86],[7.94651416,47.42251351,746.54],[7.9464995,47.42250118,746.67],[7.94634124,47.42231492,748.43],[7.94632591,47.42230392,748.58],[7.94607164,47.42218633,750.42],[7.94605131,47.42217667,750.56],[7.94591801,47.42210371,751.87],[7.94589935,47.42209271,752.05],[7.94579603,47.42204673,753],[7.94577603,47.4220364,753.17],[7.94570239,47.42198742,753.94],[7.94568173,47.42197543,754.16],[7.94557642,47.42192612,755.24],[7.94555676,47.42191546,755.47],[7.94537316,47.42178418,757.87],[7.9453555,47.42176952,758.12],[7.94517154,47.42165823,760.19],[7.94514955,47.42164723,760.44],[7.94507823,47.42161925,761.23],[7.94505424,47.42161059,761.51],[7.94481196,47.42154963,763.97],[7.94478896,47.42154163,764.19],[7.94436306,47.42136239,766.93],[7.94433306,47.42135006,766.99],[7.94408175,47.42122942,767.51],[7.94405109,47.42121276,767.59],[7.94377781,47.42104748,768.4],[7.94375648,47.42102782,768.46],[7.94373782,47.42100516,768.56],[7.94372083,47.4209795,768.68],[7.94369418,47.42092017,768.87],[7.94369052,47.42088584,768.94],[7.94370717,47.42066387,768.95],[7.9437095,47.42060688,768.84],[7.94370251,47.42048056,768.07],[7.94368952,47.42041323,767.74],[7.94353689,47.41993926,764.96],[7.94351023,47.41986893,764.83],[7.94340291,47.41963661,764.37],[7.94335458,47.41955195,764.14],[7.94330059,47.41946362,763.86],[7.94324126,47.41937263,763.51],[7.94304628,47.41909131,762.35],[7.94298828,47.41899865,762.02],[7.94290229,47.41882099,761.47],[7.9428813,47.418736,761.23],[7.94287631,47.41865334,761.02],[7.94289697,47.41849869,760.69],[7.9429143,47.41842436,760.61],[7.94297828,47.41821238,760.47],[7.94299894,47.41814605,760.46],[7.94307893,47.41792341,760.86],[7.94309459,47.41788141,760.97],[7.94311059,47.41784608,761.1],[7.94312725,47.41781642,761.25],[7.94320055,47.41771579,762.34],[7.94321221,47.41770079,762.62],[7.94336051,47.41756783,765.52],[7.94337617,47.4175555,765.81],[7.94352445,47.41747053,768.14],[7.94354278,47.41745953,768.44],[7.9436954,47.41735556,770.91],[7.94371206,47.41734323,771.15],[7.94378871,47.41730358,772.06],[7.94380837,47.41729359,772.27],[7.94409164,47.41716933,774.67],[7.94411164,47.41716034,774.86],[7.94426194,47.4171127,775.92],[7.9442836,47.41710437,776.11],[7.94457954,47.41696311,778.54],[7.9446022,47.41695345,778.71],[7.94489213,47.41684785,780.39],[7.94491546,47.41683819,780.56],[7.94528804,47.41666127,783.09],[7.9453107,47.41664994,783.28],[7.94540801,47.41658362,784.24],[7.94543001,47.41657029,784.44],[7.94567029,47.41644267,786.48],[7.94568995,47.41642968,786.73],[7.94585789,47.41629308,788.44],[7.94587622,47.41627708,788.58],[7.94597552,47.41617177,789.4],[7.94599485,47.41615511,789.51],[7.94601818,47.41614012,789.62],[7.94604584,47.41612746,789.74],[7.94607784,47.41611946,789.83],[7.9461125,47.4161158,789.9],[7.94614716,47.41611846,789.96],[7.94618215,47.41612679,790],[7.94660043,47.4162394,790.53],[7.94663543,47.41624839,790.59],[7.94693373,47.41634002,790.59],[7.94696739,47.41634901,790.62],[7.94742465,47.41646693,791.62],[7.94745531,47.41647493,791.69],[7.94754729,47.41648891,791.92],[7.94757729,47.4164949,791.99],[7.94798089,47.41659619,793.27],[7.94801422,47.41660385,793.36],[7.9484495,47.41672377,794.84],[7.9484765,47.41673177,794.92],[7.94859714,47.41675141,795.36],[7.94862514,47.41675774,795.5],[7.94938435,47.41694163,799.58],[7.94942234,47.41694962,799.79],[7.95005192,47.41705621,802.58],[7.95009525,47.41706321,802.69],[7.95036289,47.41712352,803.11],[7.95041389,47.41712752,803.17],[7.95046589,47.41712719,803.22],[7.95051689,47.41712286,803.26],[7.95078553,47.41707289,803.72],[7.95083219,47.4170689,803.75],[7.95087885,47.4170679,803.79],[7.95092618,47.41707023,803.82],[7.95112083,47.41709821,803.87],[7.95117216,47.41710287,803.92],[7.95132548,47.41710221,804.09],[7.95137547,47.41709688,804.15],[7.95147046,47.41707689,804.31],[7.95151579,47.41706356,804.3],[7.95179042,47.4169496,805.14],[7.95183175,47.41693761,805.23],[7.9520164,47.41690764,805.63],[7.95206506,47.41690131,805.74],[7.95231671,47.41687768,806.08],[7.95236737,47.41687402,806.12],[7.95261501,47.4168667,806.17],[7.95266434,47.41686604,806.26],[7.95286132,47.41687203,806.83],[7.95291065,47.41687336,807.01],[7.95301164,47.4168687,807.28],[7.9530643,47.41686604,807.4],[7.95322595,47.41686937,807.69],[7.95328161,47.41686804,807.69],[7.95426185,47.4168218,808.68],[7.95431918,47.41681847,808.67],[7.95454282,47.41681647,808.81],[7.95460082,47.41681548,808.89],[7.95530011,47.4167902,808.52],[7.95539611,47.4167862,808.25],[7.95579508,47.41674888,806.41],[7.95585408,47.41674289,806.03],[7.95603439,47.41673324,804.97],[7.95605839,47.41673091,804.73],[7.95607805,47.41672592,804.05],[7.95601939,47.41668026,803.73],[7.95610405,47.4166796,800.43],[7.95633135,47.41655729,799.37],[7.95640401,47.41652463,799.04],[7.95673366,47.41640665,797.57],[7.95676499,47.41639832,797.12],[7.95687599,47.41641298,797.12],[7.95726462,47.41641897,791.69],[7.95736261,47.41641497,791.32],[7.95746894,47.41640431,791.01],[7.95758127,47.41638598,790.58],[7.9578156,47.41632766,789.43],[7.95793126,47.41628866,788.81],[7.95804126,47.41624267,788.12],[7.95814326,47.41618367,787.3],[7.95823592,47.41611834,786.45],[7.9584439,47.41594269,783.53],[7.95848756,47.41590136,782.47],[7.95855154,47.41581305,778.67],[7.95854921,47.41580306,777.99],[7.95853388,47.41578973,777.99],[7.9584889,47.41578174,775.58],[7.95839524,47.41578974,775.24],[7.9581576,47.41585371,772.38],[7.95810761,47.41586171,772.12],[7.95805728,47.4158647,771.82],[7.95800528,47.41586304,771.48],[7.95790129,47.41584605,770.63],[7.95785796,47.41582506,770.12],[7.95782797,47.41579606,769.63],[7.95776465,47.41568175,768.11],[7.95774066,47.41564176,767.66],[7.95767168,47.4155541,765.99],[7.95764169,47.41552777,765.27],[7.95727604,47.41530181,760.9],[7.95720238,47.41525415,760.25],[7.95712605,47.41520316,759.61],[7.95705039,47.4151495,758.96],[7.95690506,47.41503651,757.56],[7.95683907,47.41497685,756.74],[7.95678141,47.41491252,755.9],[7.95673408,47.41484253,755.05],[7.95669442,47.4147692,754.14],[7.95665909,47.41469521,753.37],[7.95657644,47.41449422,751.4],[7.95654378,47.41443822,750.75],[7.95650079,47.41438789,750.13],[7.95644446,47.41434556,749.58],[7.9563748,47.4143089,749.07],[7.95628947,47.41427624,748.55],[7.95608115,47.41421626,747.52],[7.95596249,47.4141886,746.97],[7.95561184,47.41413161,744.97],[7.95549951,47.41412195,744.24],[7.95538785,47.41411896,743.35],[7.95527686,47.41412362,742.59],[7.95484355,47.41418893,739.74],[7.95473489,47.41419959,738.92],[7.9546269,47.41420258,737.95],[7.95441591,47.41418693,735.97],[7.95431425,47.4141716,735.09],[7.95357561,47.41402432,729.6],[7.95350528,47.41400166,728.81],[7.95344728,47.413972,728],[7.95340762,47.41393667,727.22],[7.95338662,47.41390034,726.45],[7.95338329,47.41386601,725.66],[7.95339995,47.41383602,724.87],[7.95344061,47.41380802,724.08],[7.95350327,47.41378503,723.24],[7.95358193,47.4137647,722.49],[7.9540979,47.41366373,718.85],[7.9542019,47.41363673,718.06],[7.9547852,47.41344811,712.48],[7.95487953,47.41342512,711.53],[7.95516451,47.41336847,708.53],[7.95526117,47.41335247,707.57],[7.95555582,47.41332249,704.63],[7.95565748,47.41331916,703.66],[7.95587546,47.41333548,701.72],[7.95599846,47.41335081,700.66],[7.95627012,47.41340014,698.65],[7.95641812,47.41343014,697.56],[7.95688677,47.41353278,694.34],[7.95704677,47.41356477,693.36],[7.95720677,47.41359243,692.3],[7.95736543,47.41361576,691.17],[7.95781509,47.41366941,688.5],[7.95795175,47.4136894,687.76],[7.95854572,47.41380138,684.93],[7.95865338,47.41381304,684.55],[7.95875871,47.41381737,684.22],[7.95886037,47.41381471,683.94],[7.959582,47.41373775,682.42],[7.959694,47.41372975,682.13],[7.96077596,47.41368748,678.66],[7.96088562,47.41367948,678.22],[7.96098395,47.41366615,677.74],[7.96106761,47.41364216,677.25],[7.96113194,47.41360817,676.78],[7.96117027,47.41356617,676.32],[7.96117793,47.41351884,675.71],[7.96115593,47.41347151,675.12],[7.96110493,47.41342885,674.55],[7.9610276,47.41339552,673.9],[7.96092427,47.41337553,673.23],[7.96037096,47.41331756,669.92],[7.9602183,47.41329356,669.1],[7.95975532,47.41319491,666.54],[7.95960933,47.41315591,665.49],[7.95947,47.41311258,664.54],[7.95920834,47.41301326,662.7],[7.95908368,47.4129596,661.81],[7.95884668,47.41284827,659.87],[7.95873535,47.41279261,658.93],[7.95823205,47.41253197,654.17],[7.95812972,47.41247964,653.08],[7.95777473,47.41232532,649.61],[7.95763807,47.41227633,648.44],[7.95701975,47.41208735,643.43],[7.95685509,47.41204002,642],[7.95526649,47.4116064,630.71],[7.95515116,47.41157607,630.01],[7.9547845,47.41149874,627.65],[7.95464884,47.41147775,626.72],[7.95435951,47.41144109,624.9],[7.95421385,47.41142509,623.94],[7.9536452,47.41136977,619.51],[7.95350787,47.41135944,618.3],[7.95323221,47.41135112,615.86],[7.95309422,47.41135311,614.62],[7.95256458,47.41137542,609.24],[7.95242725,47.41137708,607.97],[7.95202559,47.4113561,604.75],[7.9519066,47.41134144,603.9],[7.95179794,47.41132511,603],[7.95170428,47.41130578,602.2],[7.95162662,47.41128178,601.47],[7.95156396,47.41125079,600.66],[7.95151363,47.41121413,599.97],[7.95147497,47.41117513,599.24],[7.95145031,47.41113547,598.62],[7.95144231,47.41109448,597.99],[7.95145597,47.41105115,597.33],[7.95149363,47.41100715,596.66],[7.95155696,47.41096616,596.07],[7.95164229,47.41093083,595.43],[7.95174328,47.41090217,594.84],[7.95185594,47.41087784,594.25],[7.95221158,47.41081351,592.51],[7.95232158,47.41078985,591.74],[7.95250624,47.4107322,590.23],[7.95257957,47.41069521,589.51],[7.9526459,47.41065088,588.61],[7.95270489,47.41059822,587.73],[7.9528832,47.41039357,585.22],[7.95296453,47.41031858,584.22],[7.95306252,47.41024592,583.26],[7.95317818,47.41017859,582.19],[7.95331151,47.41012226,581.04],[7.95345817,47.41007927,580],[7.95392083,47.40998462,577.01],[7.95407083,47.40994796,576.15],[7.95421716,47.40990463,575.42],[7.95447815,47.40980664,574.06],[7.95458081,47.40975731,573.39],[7.95466581,47.40971165,572.63],[7.95473747,47.40966832,571.85],[7.95486446,47.409584,570.3],[7.95492412,47.409537,569.66],[7.95498111,47.40948601,569.1],[7.95503611,47.40943168,568.62],[7.95519709,47.40924802,567.19],[7.95524809,47.40917869,566.75],[7.95533475,47.40903037,565.89],[7.95536874,47.40895171,565.45],[7.95543306,47.40869739,564.06],[7.95544706,47.40860973,563.71],[7.95546372,47.40843374,562.7],[7.95546805,47.40834474,562.15],[7.95548767,47.40749011,556.54],[7.95548501,47.40738878,555.86],[7.95547735,47.40728512,555.16],[7.95546302,47.40718112,554.43],[7.95544103,47.40707613,553.69],[7.95541403,47.4069708,553.06],[7.95518273,47.40623651,548.09],[7.95515873,47.40612918,547.49],[7.95514274,47.40602085,546.91],[7.95513408,47.40591119,546.39],[7.95513375,47.40580153,545.75],[7.95514375,47.4056902,545.17],[7.95515741,47.4055782,544.52],[7.95519207,47.40535154,543.25],[7.95521606,47.40523888,542.58],[7.95524806,47.40512722,541.98],[7.95529139,47.40501723,541.46],[7.95534605,47.40490757,540.98],[7.95548471,47.40469458,540.21],[7.95556404,47.40459292,539.82],[7.95564904,47.40449426,539.38],[7.95574137,47.4043966,538.99],[7.95594402,47.40419928,538],[7.95605701,47.40410162,537.45],[7.956182,47.40401229,536.95],[7.95632133,47.40394029,536.51],[7.95647066,47.40388429,536.02],[7.95662699,47.4038403,535.61],[7.95741563,47.40366933,533.32],[7.95757196,47.40363834,532.87],[7.95818994,47.40353102,531.47],[7.9583406,47.40350469,531.13],[7.9595059,47.40328238,528.52],[7.95965023,47.40324805,528.22],[7.95993489,47.40316873,527.35],[7.96007288,47.40312473,526.69],[7.9605982,47.40294242,524.51],[7.9607282,47.40290142,524],[7.96085786,47.40286476,523.56],[7.96098719,47.4028311,523.17],[7.96160916,47.40269312,521.68],[7.96172849,47.40266346,521.3],[7.96184515,47.4026288,520.92],[7.96195748,47.40258947,520.56],[7.96206581,47.40254381,520.18],[7.9621658,47.40248982,519.84],[7.9622578,47.40242716,519.5],[7.96242545,47.4022855,518.77],[7.96250444,47.4022075,518.37],[7.96257977,47.40212517,517.82],[7.96265177,47.40203851,517.21],[7.96278209,47.40185486,515.86],[7.96283709,47.40175887,515.24],[7.96292775,47.40156188,514.18],[7.96296508,47.40146322,513.69],[7.9631614,47.40089858,510.93],[7.96319206,47.40080792,510.56],[7.96327438,47.40054294,509.56],[7.96330238,47.40045728,509.22],[7.96368764,47.39940468,505.38],[7.96372563,47.39931502,504.54],[7.96376862,47.39922536,503.98],[7.96381628,47.39913603,503.48],[7.9639206,47.3989557,502.48],[7.96397726,47.39886437,502.02],[7.96451956,47.39807142,497.35],[7.96458289,47.39800976,496.68],[7.96465855,47.39795943,496],[7.96474821,47.39792377,495.43],[7.96484587,47.39790378,494.97],[7.96495053,47.39789979,494.72],[7.96505953,47.39790945,494.55],[7.96517219,47.39793211,494.41],[7.96552517,47.39802976,493.95],[7.96564883,47.39805742,493.79],[7.96577383,47.39807341,493.65],[7.96589849,47.39807541,493.51],[7.96601949,47.39806275,493.4],[7.96613549,47.39803709,493.32],[7.96624282,47.39800243,493.18],[7.96634615,47.39796444,492.91],[7.96654647,47.39788211,492.36],[7.9666448,47.39783945,492.11],[7.96702477,47.39766348,490.64],[7.96711943,47.39762115,490.03],[7.96740809,47.3975065,488.34],[7.96750242,47.39747084,487.92],[7.96768841,47.39740285,487.13],[7.96778074,47.39737086,486.7],[7.96832838,47.39719256,485.08],[7.96841304,47.39715923,485.12],[7.96865436,47.39704891,484.36],[7.96872436,47.39700025,484.19],[7.96878169,47.39694259,484.04],[7.96882535,47.39687793,483.91],[7.96888701,47.39673728,483.61],[7.968918,47.39666662,483.41],[7.96895633,47.39659696,483.06],[7.96900599,47.39653063,482.63],[7.96913264,47.39640297,481.69],[7.96920464,47.39634064,481.29],[7.96953029,47.39608666,479.83],[7.96961662,47.39601867,479.49],[7.96977827,47.39587402,478.73],[7.96985127,47.39579803,478.42],[7.97004159,47.39556338,477.63],[7.97009792,47.39548372,477.42],[7.97015158,47.39540272,477.15],[7.97020191,47.39531973,476.88],[7.97024624,47.39523273,476.59],[7.97028457,47.39514407,476.25],[7.9703169,47.39505208,475.94],[7.97034523,47.39495942,475.64],[7.97041355,47.39467843,474.63],[7.97043521,47.39458477,474.26],[7.97049787,47.39430312,473.17],[7.97051686,47.39420879,472.86],[7.97058017,47.39384081,471.78],[7.97059317,47.39375015,471.53],[7.97060283,47.39366015,471.29],[7.97060849,47.39357116,471.02],[7.97062914,47.39306451,469.79],[7.97063214,47.39298385,469.53],[7.97063048,47.39243955,467.73],[7.97062782,47.39236222,467.4],[7.97061251,47.3921239,466.6],[7.97060451,47.39204491,466.41],[7.97045026,47.39084998,463.22],[7.97044193,47.39077632,462.95],[7.97043594,47.39070366,462.64],[7.97043228,47.390632,462.33],[7.97043727,47.39048868,461.76],[7.97044793,47.39041769,461.54],[7.97051392,47.39021504,461],[7.97054658,47.39015138,460.86],[7.9706599,47.38996373,460.36],[7.97069956,47.38990073,460.1],[7.97095686,47.3895181,458.4],[7.97099652,47.38945677,458.25],[7.9711115,47.38925212,457.66],[7.97113516,47.38921246,457.18],[7.97116249,47.38918113,456.91],[7.97119848,47.38915847,456.63],[7.97124414,47.38914447,456.3],[7.97129813,47.38914048,456.3],[7.97141445,47.38916014,455.68],[7.97147544,47.38917847,455.41],[7.97213506,47.38943574,455.43],[7.97219339,47.3894584,455.53],[7.97241537,47.38955504,455.89],[7.9724727,47.3895727,456.01],[7.97259836,47.38958436,456.29],[7.97266502,47.3895817,456.45],[7.97342165,47.38953177,456.23],[7.97349664,47.38952344,456.22],[7.9735633,47.38950611,456.2],[7.97361696,47.38947811,456.19],[7.97365296,47.38944178,456.22],[7.97367395,47.38940112,456.25],[7.97369794,47.38931313,456.37],[7.97370694,47.38926813,456.46],[7.97377257,47.38882118,457.01],[7.97377823,47.38877985,457.09],[7.97380555,47.3886652,457.45],[7.97381154,47.3886322,457.48],[7.97382151,47.38853222,457.62],[7.97382351,47.38852489,457.66],[7.97384284,47.38855222,457.68],[7.97378154,47.38873786,457.91],[7.97377355,47.38877919,457.85],[7.97369727,47.38928214,457.34],[7.97369128,47.3893278,457.3],[7.97368562,47.38937246,457.24],[7.97368229,47.38941612,457.2],[7.97368628,47.38945745,457.12],[7.97370394,47.38949344,457.06],[7.9737366,47.38952144,456.92],[7.97377926,47.38954077,456.81],[7.97430621,47.38965771,457.39],[7.9743412,47.38966704,457.55],[7.97453918,47.38972434,458.77],[7.97457184,47.389735,458.99],[7.97478013,47.38981731,460.38],[7.97480879,47.38982764,460.58],[7.97506008,47.38990192,462.13],[7.97509141,47.38991025,462.32],[7.97531071,47.38996022,463.62],[7.97534304,47.38996522,463.82],[7.97595493,47.39003979,467.86],[7.97598226,47.39004312,468.02],[7.97671946,47.39014634,471.92],[7.97674945,47.39015067,472.02],[7.97740534,47.39026789,476.18],[7.97743433,47.39027322,476.36],[7.97764897,47.39030118,477.58],[7.97768196,47.39030551,477.7],[7.97797692,47.39035847,479.15],[7.97800591,47.3903618,479.28],[7.97817589,47.3904011,479.95],[7.97820422,47.39040776,480.1],[7.97828987,47.39041841,480.49],[7.97831986,47.39042207,480.67],[7.97843917,47.39044804,481.31],[7.9784715,47.3904537,481.42],[7.97901378,47.39053294,482.76],[7.97904877,47.39053927,482.85],[7.9795007,47.39063953,484.33],[7.97953769,47.39064852,484.43],[7.98040926,47.39082141,486.34],[7.98044659,47.3908304,486.44],[7.98148075,47.39114857,488.82],[7.98151941,47.3911579,488.9],[7.98164207,47.39117555,489.13],[7.9816834,47.39117788,489.23],[7.98197969,47.39117158,490.26],[7.98202268,47.39117025,490.41],[7.98224165,47.39118523,491.06],[7.98228264,47.39119323,491.21],[7.98235829,47.39121455,491.46],[7.98239462,47.39122588,491.59],[7.98282355,47.39138615,493.2],[7.98286455,47.39139981,493.31],[7.98307386,47.39145478,493.97],[7.98311852,47.39146278,494.09],[7.98325851,47.3914771,494.56],[7.98330684,47.39148076,494.72],[7.98349382,47.39148774,495.38],[7.98353915,47.39148774,495.56],[7.98391544,47.39147679,496.85],[7.98396477,47.39147346,497.01],[7.98436306,47.3914315,498.14],[7.98441339,47.39143349,498.22],[7.98468436,47.39146279,498.38],[7.98472669,47.39146779,498.3],[7.98480067,47.39148245,497.98],[7.98486866,47.39149511,497.98],[7.98502297,47.39151009,496.99],[7.98506596,47.39151575,496.78],[7.98548456,47.39158104,495.06],[7.98553156,47.39158737,494.81],[7.98590984,47.39161797,492.44],[7.9859435,47.3916233,492.18],[7.9864631,47.39175726,489.31],[7.98651909,47.39177159,488.94],[7.98712437,47.3919132,485.09],[7.9871767,47.39192786,484.79],[7.98789764,47.39215312,481.4],[7.9879293,47.39216378,481.2],[7.98812361,47.39225908,480.3],[7.98816427,47.39227707,480.1],[7.98834325,47.39233338,479.26],[7.98839058,47.39234071,479.03],[7.98858022,47.39233273,477.84],[7.98863288,47.3923274,477.56],[7.9892525,47.39225114,474.46],[7.98929816,47.39224515,474.19],[7.98989743,47.39218356,470.12],[7.98994943,47.39218722,469.88],[7.99016907,47.39223387,469.15],[7.99022207,47.3922482,468.98],[7.99071468,47.39241447,466.34],[7.99076668,47.39243047,466.07],[7.99106066,47.39250612,464.72],[7.99112565,47.39251545,464.35],[7.99126631,47.39252677,463.68],[7.99134031,47.39252776,463.37],[7.99165195,47.39251511,461.95],[7.99173428,47.39251345,461.51],[7.99207993,47.39252676,459.81],[7.99217193,47.39253476,459.4],[7.99314622,47.39264905,454.79],[7.99323022,47.39266038,454.14],[7.99418083,47.39283299,448.09],[7.99427216,47.39284632,447.58],[7.99445782,47.39286464,446.5],[7.99454782,47.39286997,445.96],[7.99519011,47.39288825,441.96],[7.9952711,47.39289325,441.45],[7.99542842,47.39290791,440.55],[7.99549875,47.39291591,440.09],[7.99611636,47.39299718,436.36],[7.99617835,47.39300118,436.09],[7.99643333,47.39299785,435.07],[7.99649766,47.39299386,434.78],[7.99681231,47.39295822,433.31],[7.99687131,47.39295056,433.03],[7.9969833,47.39293323,432.52],[7.99703829,47.39292257,432.23],[7.9973166,47.39285627,430.92],[7.9973696,47.39284294,430.6],[7.99748759,47.39282162,429.96],[7.99755492,47.39281729,429.63],[7.99762391,47.39281762,429.27],[7.99769157,47.39282028,428.97],[7.99781656,47.39283327,428.13],[7.99787489,47.3928416,427.71],[7.99807987,47.39288425,426.4],[7.99813153,47.39289358,426.1],[7.99891212,47.39301181,420.49],[7.99895178,47.39301414,420.23],[7.9995734,47.39295817,417.71],[7.99968706,47.39295084,417.27],[7.99992838,47.39293952,416.37],[8.00005004,47.39293586,416.03],[8.00027969,47.39293586,415.3],[8.00038668,47.39293986,414.73],[8.00048968,47.39294819,414.13],[8.00058801,47.39296052,413.61],[8.00099732,47.3930405,411.27],[8.00111332,47.39306149,410.63],[8.00136665,47.39309415,409.04],[8.00150365,47.39310548,408.12],[8.00179198,47.3931218,406.55],[8.00193864,47.39312746,405.91],[8.00262862,47.39314544,403.2],[8.00276062,47.39315077,402.69],[8.00364825,47.39320841,399.61],[8.00376525,47.39321607,399.28],[8.00408424,47.39324373,398.46],[8.0041829,47.39325639,398.21],[8.00473287,47.39334969,396.68],[8.00481853,47.39336435,396.49],[8.00521917,47.393424,395.93],[8.00529383,47.39343599,395.86],[8.00564714,47.39350162,396.09],[8.0057178,47.39351528,396.1],[8.00680173,47.39376722,395.69],[8.00688473,47.39378655,395.54],[8.00705506,47.39381321,395.27],[8.00714172,47.39382021,395.04],[8.0075007,47.39382088,394.14],[8.00759436,47.39381689,393.88],[8.00788402,47.39380291,393.15],[8.00797735,47.39379658,392.93],[8.00813934,47.39377626,392.46],[8.00819767,47.39375593,392.27],[8.008236,47.3937286,392.13],[8.00824966,47.39369527,392],[8.008242,47.39365961,391.9],[8.00815668,47.39353629,391.5],[8.00812869,47.39349063,391.38],[8.00810603,47.39344597,391.32],[8.0080867,47.39340597,391.32],[8.00807537,47.39337131,391.33],[8.0080787,47.39334365,391.33],[8.00809669,47.39332932,391.28],[8.00812269,47.39333198,391.21],[8.00814769,47.39334864,391.11],[8.00817035,47.39337597,391.02],[8.00838831,47.3937206,391.06],[8.00842397,47.3937646,391.09],[8.00846263,47.39380493,391.14],[8.00850429,47.39384059,391.21],[8.00855095,47.39386792,391.23],[8.00859995,47.39388192,391.24],[8.00864894,47.39387992,391.26],[8.00869327,47.39386359,391.27],[8.00873493,47.39383793,391.29],[8.00881025,47.39376794,391.26],[8.00884424,47.39372628,391.2],[8.00899555,47.39348397,390.73],[8.00902621,47.39343064,390.65],[8.0090762,47.39331965,390.5],[8.00909719,47.39326266,390.43],[8.00913218,47.393147,390.29],[8.00914584,47.39308734,390.21],[8.0092268,47.39267239,389.46],[8.00923679,47.39261439,389.33],[8.00929909,47.39214842,388.71],[8.00930842,47.39208976,388.63],[8.0093987,47.39163049,388.11],[8.00940803,47.39157316,388.11],[8.00950464,47.39085523,387.34],[8.00951663,47.39079857,387.24],[8.00953329,47.39074291,387.16],[8.00955395,47.39068758,387.1],[8.00963293,47.39052693,386.96],[8.00966159,47.39047394,386.91],[8.00989456,47.39010231,386.6],[8.00992756,47.39004798,386.57],[8.00998755,47.38993665,386.42],[8.01001655,47.38988099,386.33],[8.01015318,47.38960268,385.93],[8.01017918,47.38954735,385.87],[8.01040746,47.38904605,385.84],[8.01042979,47.38898872,385.83],[8.0105451,47.38864642,386.13],[8.0105631,47.38858943,386.2],[8.01073805,47.38800247,385.26],[8.01075271,47.38794248,385.12],[8.01078436,47.38776449,384.87],[8.01079002,47.38770516,384.84],[8.0107837,47.38752651,384.79],[8.0107817,47.38746585,384.77],[8.01078703,47.38740452,384.72],[8.01080669,47.38734519,384.62],[8.01084235,47.38728953,384.53],[8.01089534,47.38724087,384.45],[8.01095967,47.38719921,384.37],[8.01103233,47.38716255,384.29],[8.01127031,47.3870729,383.95],[8.01134464,47.38703757,383.87],[8.01140997,47.38699658,383.78],[8.0114653,47.38694892,383.73],[8.01151163,47.38689726,383.73],[8.01155363,47.38684226,383.73],[8.01159062,47.38678527,383.74],[8.01165028,47.38667028,383.72],[8.01167494,47.38661862,383.71],[8.0117386,47.38645397,383.45],[8.01175159,47.38641564,383.4],[8.01178024,47.386295,382.66],[8.0117929,47.38625234,382.25],[8.01181223,47.38620868,381.78],[8.01184322,47.38616635,381.2],[8.01188855,47.38612835,380.68],[8.01195088,47.38609502,380.03],[8.01203121,47.38606869,379.38],[8.01212654,47.38605536,378.77],[8.0122312,47.3860517,378.14],[8.01233919,47.3860597,377.48],[8.01244785,47.38607636,376.84],[8.01273983,47.38613501,375.29],[8.01281649,47.38614234,374.9],[8.01288148,47.38613635,374.55],[8.01293281,47.38611702,374.21],[8.01297014,47.38608902,373.9],[8.01299547,47.38605536,373.59],[8.0130138,47.38601903,373.32],[8.01308877,47.38578773,371.99],[8.0131021,47.38574707,371.75],[8.01321673,47.38544944,371.26],[8.01323706,47.38540744,371.21],[8.01326672,47.38537045,371.13],[8.01330905,47.38534345,371.07],[8.01336404,47.38533279,370.94],[8.01342537,47.38533512,370.81],[8.01355636,47.38535311,370.28],[8.01362369,47.38536644,370.02],[8.01390834,47.38544641,369.63],[8.01398467,47.3854664,369.68],[8.01422532,47.38551904,369.72],[8.01430765,47.38553737,369.73],[8.0148693,47.38565299,369.67],[8.01494529,47.38566965,369.69],[8.01567323,47.38579895,369.44],[8.01574423,47.38581261,369.29],[8.01627885,47.38593923,368.78],[8.01634251,47.38595689,368.78],[8.01646649,47.38599422,368.82],[8.01652749,47.38601521,368.85],[8.01692811,47.38617284,369.2],[8.01698344,47.38619684,369.27],[8.01720308,47.38630282,368.95],[8.01725541,47.38633082,368.86],[8.01756538,47.38651413,368.53],[8.01761504,47.38654746,368.52],[8.01798199,47.38683576,368.33],[8.01802498,47.38687309,368.32],[8.0181073,47.38694941,368.27],[8.0181473,47.38698741,368.25],[8.01825695,47.38710506,368.22],[8.01829128,47.38714539,368.22],[8.01910783,47.38818564,368.3],[8.01914083,47.38822797,368.28],[8.02022868,47.38957112,368.92],[8.02026334,47.38961378,368.89],[8.02056462,47.3900034,368.63],[8.02059762,47.3900464,368.63],[8.02087458,47.39038736,368.56],[8.02090958,47.39043069,368.69],[8.02128651,47.3909403,370.38],[8.0213225,47.39098596,370.44],[8.02159345,47.39130092,370.86],[8.02163545,47.39134625,370.91],[8.02189775,47.39160623,371.12],[8.02194108,47.39165156,371.15],[8.0224427,47.39208186,371],[8.02249636,47.39212485,371.01],[8.02277001,47.39232515,370.98],[8.02282334,47.39236281,370.93],[8.02309064,47.39254177,370.29],[8.02314164,47.3925751,370.26],[8.02363991,47.39284738,368.77],[8.02369857,47.39287671,368.71],[8.02424752,47.39311798,368.69],[8.02431051,47.39314431,368.74],[8.02503479,47.39341126,368.86],[8.02510545,47.39343426,368.86],[8.02568575,47.39358988,369.69],[8.02576008,47.39360888,369.67],[8.02622005,47.39370652,369.97],[8.02629738,47.39372085,370],[8.02698565,47.39382281,369.96],[8.02706331,47.39383114,369.82],[8.02759428,47.39387078,369.56],[8.02767228,47.39387477,369.55],[8.02915318,47.39392667,369.42],[8.02923584,47.39393,369.55],[8.02949049,47.39395032,369.7],[8.02957749,47.39395765,369.72],[8.03040378,47.39400461,370.31],[8.03049744,47.39401027,370.41],[8.03140639,47.39405221,370.86],[8.03149539,47.39405654,370.84],[8.03238967,47.39410815,370.94],[8.032477,47.39411215,370.97],[8.03298631,47.39412978,371.14],[8.03306997,47.39413111,371.17],[8.03371127,47.39412979,371.91],[8.03378993,47.39413312,372.06],[8.03419091,47.39416442,372.04],[8.03427291,47.39417175,371.97],[8.03460389,47.39421173,371.81],[8.03468855,47.39422039,371.75],[8.03494287,47.39422439,371.53],[8.0350212,47.39422039,371.38],[8.03508786,47.3942114,371.26],[8.03513819,47.3941954,371.15],[8.03517618,47.39417074,371.07],[8.0352495,47.39410174,370.92],[8.03529616,47.39407041,370.72],[8.03540415,47.39402542,370.27],[8.03545615,47.39400176,370.05],[8.03554914,47.39393944,369.66],[8.03558713,47.39390111,369.46],[8.03561746,47.39385878,369.29],[8.03564145,47.39381445,369.14],[8.03575409,47.39356582,369.3],[8.03577209,47.39352949,369.37],[8.03580841,47.39341917,369.48],[8.03582007,47.39338484,369.44],[8.03594603,47.39312822,368.5],[8.03596536,47.39309156,368.41],[8.03618666,47.39280126,367.97],[8.03620165,47.39278293,367.92],[8.03627663,47.39272063,367.59],[8.03629896,47.3926983,367.65],[8.03648625,47.39249167,367.67],[8.03652325,47.39245367,367.64],[8.03656358,47.39241834,367.63],[8.03660758,47.39238435,367.61],[8.03689754,47.39219305,367.68],[8.0369462,47.39216072,367.66],[8.03731782,47.39190144,367.45],[8.03735881,47.39187211,367.54],[8.03758578,47.39172448,367.82],[8.03762177,47.39170215,367.86],[8.03772876,47.39165017,367.61],[8.03774609,47.39164617,367.55],[8.03781707,47.39164816,367.42],[8.0378544,47.39165649,367.35],[8.03811604,47.39172646,367.18],[8.03818103,47.39174279,367.17],[8.03866699,47.39185209,367.17],[8.03873898,47.39186475,367.17],[8.03881131,47.39187341,367.15],[8.03888497,47.39187674,367.14],[8.03917695,47.39186043,367.22],[8.03924694,47.3918591,367.23],[8.03931494,47.39186276,367.25],[8.03944226,47.39188675,367.2],[8.03950225,47.39190208,367.15],[8.03979456,47.39200172,366.91],[8.03985155,47.39202771,366.94],[8.04054815,47.39241531,367],[8.04060648,47.39244264,367.02],[8.04072347,47.39249163,367.15],[8.0407828,47.39251296,367.21],[8.04090312,47.39254395,367.3],[8.04096312,47.39255561,367.33],[8.0412061,47.39259559,367.55],[8.04126576,47.39260258,367.62],[8.04200336,47.39258131,369.01],[8.04204002,47.39257898,369.15],[8.04210135,47.39256165,369.45],[8.04212201,47.39254765,369.65],[8.04213534,47.39253199,369.87],[8.04214267,47.392514,370.07],[8.04214799,47.39246768,370.53],[8.042143,47.39245769,370.64],[8.04210967,47.39245968,370.75],[8.04210034,47.39247268,370.97],[8.04208835,47.39253001,370.97],[8.04208769,47.39255467,370.87],[8.04210301,47.39263499,370.77],[8.04211534,47.39265898,370.75],[8.04223562,47.39284094,370.99],[8.04224928,47.39286127,371.03],[8.04231626,47.39294259,371.17],[8.04233159,47.39296225,371.22],[8.04246122,47.3930762,371.71],[8.04246155,47.39307919,371.74],[8.04242591,47.39306489,371.81],[8.04238391,47.39302456,371.81],[8.04223862,47.39279527,370.62],[8.04221496,47.39275861,370.59],[8.04215565,47.39264729,370.32],[8.04214199,47.39261763,370.27],[8.04211667,47.39252998,370.3],[8.04211667,47.39250532,370.31],[8.042122,47.39245399,370.51],[8.042128,47.39242633,370.63],[8.04214665,47.39236934,370.85],[8.04215998,47.39234235,370.95],[8.04220297,47.39228536,371.2],[8.04222897,47.3922587,371.31],[8.04231062,47.39219672,371.84],[8.04232628,47.39219006,372.01],[8.04247692,47.39215443,373.21],[8.04250758,47.39214877,373.42],[8.04260123,47.39214212,374.2],[8.04263089,47.39213879,374.48],[8.04268755,47.39212546,375.04],[8.04271788,47.39211746,375.4],[8.04288652,47.39202817,377.63],[8.04291185,47.39201651,377.84],[8.04304882,47.39195853,379.08],[8.04307848,47.39194587,379.35],[8.04317746,47.39191588,380.1],[8.04320946,47.39190955,380.32],[8.04330111,47.39190257,380.9],[8.04333177,47.39190457,381.1],[8.04358174,47.39194221,382.18],[8.0436204,47.39194754,382.33],[8.04392669,47.39197416,383.55],[8.04396335,47.39197815,383.71],[8.04418897,47.39201112,384.35],[8.0442273,47.39201612,384.44],[8.04436995,47.39202443,384.82],[8.04439861,47.39202476,384.94],[8.04448393,47.39204941,385.2],[8.04450226,47.39204841,385.18],[8.04454358,47.39203142,385.14],[8.04456658,47.39201543,385.14],[8.04458324,47.3919921,385.15],[8.04459123,47.39196211,385.23],[8.04459856,47.39193211,385.28],[8.04462655,47.39188012,385.37],[8.04464321,47.39186079,385.41],[8.04471619,47.39181948,385.63],[8.04473352,47.39181915,385.7],[8.04474584,47.39183314,385.79],[8.04474451,47.39184547,385.77],[8.04471488,47.3919011,385.53],[8.04471554,47.39190077,385.54],[8.04471421,47.39189978,385.52],[8.04463688,47.39185545,385.47],[8.04461692,47.39189974,385.24],[8.04461692,47.39190174,385.3],[8.04464358,47.39184509,385.29],[8.04465324,47.39183709,385.52],[8.04474822,47.39184775,385.43],[8.04477522,47.39185508,385.42],[8.04508983,47.39197139,385.35],[8.04513049,47.39198672,385.32],[8.04564843,47.39219999,384.91],[8.04569409,47.39222865,384.89],[8.04573675,47.39225798,384.88],[8.04577641,47.39228831,384.9],[8.04584507,47.3923513,384.92],[8.04587073,47.39238363,384.95],[8.04592505,47.39247795,384.95],[8.04594005,47.39250894,384.97],[8.04597636,47.39261158,384.97],[8.04597969,47.39262024,384.96],[8.04601202,47.39262923,384.94],[8.04606268,47.39258557,384.94],[8.04621366,47.39259189,385.06],[8.04625499,47.39259322,385.07],[8.0463723,47.3925769,385.15],[8.04640963,47.39256624,385.19],[8.04644429,47.39255191,385.23],[8.04647362,47.39253458,385.27],[8.04653894,47.39246759,385.37],[8.04655727,47.39244193,385.39],[8.04658193,47.39238761,385.43],[8.04658826,47.39236462,385.44],[8.04658727,47.39228865,385.41],[8.0465946,47.39227332,385.39],[8.04663193,47.39224966,385.31],[8.04665493,47.39224033,385.28],[8.04675191,47.39220436,385.31],[8.04676724,47.39219603,385.29],[8.04683922,47.3921767,385.23],[8.04686788,47.39216204,385.21],[8.04701818,47.3920004,385.28],[8.04705051,47.39196307,385.28],[8.04713417,47.39184242,385.2],[8.04716217,47.39180143,385.18],[8.0472868,47.39164113,385.17],[8.04731413,47.39160013,385.17],[8.04733612,47.3915568,385.18],[8.04735745,47.39151347,385.21],[8.04740444,47.39138282,385.22],[8.04742044,47.39134249,385.19],[8.04747109,47.39124551,385.05],[8.04748242,47.39122185,385.06],[8.04749575,47.39120585,385.09],[8.04750908,47.39119686,385.11],[8.0475494,47.3911802,385.12],[8.04755273,47.3911682,385.01],[8.0475354,47.39113522,385.21],[8.04751274,47.39111589,385.29],[8.04741176,47.39105224,385.68],[8.04738743,47.39102691,385.83],[8.04736611,47.39097225,385.77],[8.04736578,47.39094425,385.73],[8.04737511,47.39088893,385.63],[8.04738044,47.39086127,385.56],[8.04742509,47.39077029,385.39],[8.04743108,47.39074763,385.39],[8.04743707,47.39067364,385.55],[8.0474394,47.39064964,385.61],[8.04746406,47.39056632,385.88],[8.04747272,47.39053533,386.04],[8.04750204,47.39044301,386.46],[8.04751104,47.39041801,386.6],[8.04753335,47.39037203,387.02],[8.04753634,47.3903667,387.13],[8.04754831,47.39036268,387.6],[8.04754765,47.39035935,387.62],[8.04750833,47.39033969,387.75],[8.04747867,47.3903307,387.82],[8.0472467,47.39029172,388.37],[8.04719504,47.39028239,388.51],[8.04709939,47.3902564,388.87],[8.04705606,47.39024007,389.06],[8.04694441,47.39018409,389.46],[8.04691875,47.39016343,389.55],[8.04690642,47.3901401,389.73],[8.04690808,47.39011577,389.89],[8.04692441,47.39009178,390.02],[8.04698873,47.39004479,390.23],[8.04702839,47.39002246,390.3],[8.04716072,47.38996948,390.64],[8.04720671,47.38995749,390.71],[8.0473017,47.3899375,390.88],[8.04735003,47.3899295,390.92],[8.04760334,47.38990753,391.17],[8.04765567,47.38989954,391.19],[8.04802164,47.38982625,391.31],[8.0480593,47.38982059,391.3],[8.04829025,47.38980097,391.33],[8.04830591,47.38979997,391.34],[8.04832857,47.38980496,391.33],[8.0483359,47.38981329,391.29],[8.04837121,47.38987695,391.14],[8.04838521,47.38989961,391.05],[8.0484322,47.38996259,390.75],[8.04845153,47.38998058,390.63],[8.04847453,47.38999258,390.52],[8.04849986,47.38999657,390.43],[8.04852219,47.38999091,390.33],[8.04853552,47.38997758,390.25],[8.04854152,47.38995992,390.14],[8.04854385,47.38994026,390.04],[8.0485232,47.38986195,389.94],[8.04851154,47.38983229,389.93],[8.0482916,47.38951067,391.63],[8.04826994,47.38948334,391.82],[8.04815696,47.38936935,392.88],[8.0481313,47.38935169,393.12],[8.04790333,47.38925338,394.31],[8.04786967,47.38922638,394.5],[8.04784867,47.38919605,394.67],[8.04784701,47.38916405,394.79],[8.04786434,47.38913406,394.9],[8.04789567,47.38910873,394.97],[8.04793766,47.38909073,395],[8.04798566,47.38908407,395.03],[8.04803032,47.38909273,395.06],[8.04806898,47.38911473,395.07],[8.04810164,47.38914372,395.09],[8.04815763,47.38920905,395.07],[8.04818496,47.38923705,395],[8.04821796,47.38925738,394.94],[8.04825629,47.38926871,394.9],[8.04830062,47.38927071,394.85],[8.04834995,47.38926605,394.81],[8.04883192,47.38914975,394.64],[8.04889392,47.38913609,394.64],[8.04936521,47.38904646,394.74],[8.04942087,47.3890338,394.72],[8.04980783,47.3889175,394.71],[8.04986549,47.38890084,394.69],[8.04998081,47.38887385,394.64],[8.05003747,47.38886885,394.63],[8.05009147,47.38887418,394.59],[8.05013647,47.38889417,394.53],[8.05017413,47.38892617,394.4],[8.05033944,47.38917215,393.95],[8.05038777,47.38920948,393.68],[8.05044843,47.38923148,393.38],[8.05051776,47.38923714,393.01],[8.05059009,47.38923281,392.7],[8.05066109,47.38921881,392.44],[8.05073142,47.38919948,392.2],[8.05161636,47.38893087,391.45],[8.05169069,47.38890887,391.49],[8.052073,47.38881957,391.3],[8.05214733,47.38880291,391.34],[8.05257563,47.38869061,391.92],[8.05264696,47.38866995,392.04],[8.05333125,47.38845401,392.24],[8.05340024,47.38843235,392.25],[8.05423085,47.38815239,392.38],[8.05429818,47.38813006,392.51],[8.05461149,47.38801342,393.09],[8.05467082,47.38799043,393.26],[8.05477914,47.38793611,393.51],[8.05482647,47.38790478,393.67],[8.05535774,47.38749484,394.58],[8.0554074,47.38745884,394.64],[8.05642262,47.38678394,395.44],[8.05647761,47.38674261,395.48],[8.05673892,47.38653363,395.57],[8.05678925,47.38649197,395.57],[8.05722454,47.38610769,395.61],[8.05727053,47.38606436,395.61],[8.05742152,47.38594338,395.6],[8.05747485,47.38590472,395.59],[8.05816111,47.3854281,395.34],[8.05822277,47.38538677,395.34],[8.05915503,47.38479584,395.73],[8.05921336,47.38475551,395.76],[8.059561,47.38450253,395.76],[8.05961733,47.38445887,395.64],[8.05987797,47.38422455,395.23],[8.05993596,47.38418055,395.2],[8.06005562,47.38409722,395.19],[8.06011728,47.38405623,395.18],[8.06025027,47.3839809,395.11],[8.0603226,47.38394724,395.08],[8.06047626,47.38388792,395.1],[8.06055626,47.38386193,395.13],[8.0613069,47.38364029,395.24],[8.0613919,47.38361396,395.23],[8.06213085,47.38335535,395.16],[8.06221251,47.38332936,395.15],[8.06254716,47.38323904,395.11],[8.06263016,47.38321471,395.12],[8.06351178,47.38293941,394.81],[8.06359211,47.38291508,394.79],[8.06450738,47.38264646,394.58],[8.06459137,47.38262213,394.52],[8.065254,47.38245684,394.55],[8.06533499,47.38243151,394.59],[8.06549398,47.38237552,394.58],[8.06557198,47.38234486,394.62],[8.06602962,47.38215489,394.72],[8.06611028,47.3821289,394.73],[8.0663616,47.38206525,394.65],[8.06644726,47.38204792,394.62],[8.06688623,47.38198028,394.46],[8.06697156,47.38196229,394.46],[8.06729821,47.38188199,394.46],[8.06737621,47.381862,394.46],[8.06781984,47.38173169,394.39],[8.06789217,47.38171236,394.37],[8.06880144,47.38153608,393.59],[8.0688791,47.38151842,393.54],[8.07001901,47.38122816,393.43],[8.07009701,47.38120783,393.58],[8.07071764,47.38101421,393.76],[8.0707963,47.38098955,393.75],[8.07103928,47.3809209,393.71],[8.07112094,47.38089757,393.69],[8.07144359,47.38079092,393.17],[8.07152392,47.38076292,393.09],[8.07176424,47.3806746,393.02],[8.07184224,47.38064227,393.1],[8.07191757,47.38060828,393.2],[8.07198956,47.38057262,393.27],[8.07212488,47.38049429,393.39],[8.07218654,47.38045029,393.42],[8.07229686,47.38035296,393.49],[8.07234485,47.38029996,393.54],[8.0725175,47.38008332,393.68],[8.07255683,47.38002699,393.69],[8.07283812,47.37959003,393.58],[8.07286978,47.37953703,393.55],[8.07302508,47.37922239,393.65],[8.07305308,47.37917239,393.84],[8.07315673,47.3790334,394.08],[8.07319972,47.37899107,394.03],[8.07330571,47.37892108,393.89],[8.07336971,47.37889642,393.87],[8.07358503,47.3788451,393.87],[8.07366036,47.37882477,393.89],[8.07373302,47.37879911,393.95],[8.07386667,47.37873412,394.04],[8.07392633,47.37869612,394.09],[8.07408264,47.3785718,394.19],[8.07412964,47.37852747,394.24],[8.07417397,47.37848148,394.26],[8.07421663,47.37843415,394.32],[8.07433428,47.3782875,394.41],[8.07437527,47.37824017,394.43],[8.07450826,47.37810685,393.86],[8.07455026,47.37806452,393.74],[8.07473091,47.37790521,393.65],[8.07477991,47.37786822,393.7],[8.07489457,47.37780156,393.84],[8.0749589,47.37777057,393.9],[8.0754262,47.37755726,394.39],[8.07548986,47.3775226,394.45],[8.07561219,47.37745194,394.54],[8.07566852,47.37741361,394.58],[8.07576684,47.37732562,394.62],[8.07580817,47.37727796,394.63],[8.07591149,47.37712465,394.69],[8.07594449,47.37707265,394.71],[8.07613546,47.37675501,394.76],[8.07616412,47.37670068,394.75],[8.07631109,47.37632305,394.88],[8.07633275,47.37626872,394.89],[8.07645872,47.37600407,395.02],[8.07649005,47.37595241,395.05],[8.07655971,47.37585108,395.18],[8.07659637,47.37580175,395.28],[8.07694498,47.37536781,395.79],[8.07698297,47.37531982,395.81],[8.07739258,47.37477386,396.42],[8.07741024,47.37473486,396.4],[8.0774149,47.3746982,396.4],[8.07740224,47.37466587,396.46],[8.07737125,47.37464087,396.58],[8.07711694,47.37453989,396.77],[8.07706828,47.3745159,396.77],[8.07702429,47.37448857,396.76],[8.07698596,47.37445791,396.8],[8.07695463,47.37442258,396.84],[8.0769313,47.37438492,396.89],[8.07691597,47.37434559,396.94],[8.07690831,47.37430459,397.04],[8.07691064,47.37422126,397.22],[8.07691697,47.37417926,397.32],[8.07698195,47.37396695,397.64],[8.07699528,47.37392396,397.67],[8.0770306,47.3738363,397.77],[8.07705393,47.37379097,397.83],[8.07714558,47.37365265,397.94],[8.07717691,47.37360365,397.97],[8.07737421,47.37324369,397.47],[8.0774122,47.37319603,397.34],[8.0774612,47.37315337,397.2],[8.07751986,47.37311471,397.07],[8.07765718,47.37304205,396.79],[8.07772917,47.37300172,396.61],[8.07786816,47.3729094,396.33],[8.07793549,47.37285974,396.22],[8.07829712,47.37253909,395.29],[8.07835745,47.37248676,395.24],[8.07865942,47.37224012,395.03],[8.07871175,47.37219279,394.96],[8.07874908,47.37214213,394.91],[8.07876674,47.37208913,394.85],[8.07876674,47.3720368,394.78],[8.07874541,47.37198714,394.73],[8.07870041,47.37194514,394.71],[8.07863642,47.37191048,394.69],[8.07855842,47.37188348,394.7],[8.07847309,47.37186215,394.84],[8.07802278,47.37179485,395.26],[8.07794079,47.37178219,395.29],[8.07762081,47.37172521,395.56],[8.07754015,47.37171055,395.66],[8.07388508,47.37101747,396.4],[8.07381375,47.37100548,396.39],[8.07352376,47.37097617,396.49],[8.0734521,47.37097184,396.56],[8.07317613,47.37097617,396.53],[8.0731098,47.37097716,396.49],[8.07278848,47.37096818,396.72],[8.07272382,47.37095852,396.8],[8.07266049,47.37094319,396.87],[8.07259883,47.37092219,396.92],[8.07230885,47.37078854,397.55],[8.07225019,47.37076188,397.61],[8.07206687,47.37068823,397.61],[8.07200354,47.3706679,397.55],[8.07187322,47.37063157,397.5],[8.07180756,47.37061691,397.5],[8.07135359,47.37053227,397.04],[8.07129026,47.37052127,397.12],[8.07085262,47.3704583,397.15],[8.07078962,47.37044997,397.16],[8.07026966,47.37036133,397.8],[8.07020267,47.370351,397.78],[8.06874813,47.37014112,398.25],[8.0686778,47.37013012,398.18],[8.06574304,47.36972101,400.33],[8.06567771,47.36971168,400.43],[8.06527307,47.36965137,400.6],[8.06520474,47.36964071,400.59],[8.0649291,47.36958839,400.5],[8.0648611,47.3695734,400.47],[8.06455179,47.36949042,400.45],[8.06449613,47.36947642,400.42],[8.06434648,47.36944511,400.18],[8.06433215,47.36944278,400.17],[8.06427249,47.36940679,400.21],[8.06424783,47.36939379,400.18],[8.06372088,47.36916319,399.92],[8.06366888,47.36913686,399.85],[8.06337125,47.36896423,399.9],[8.06332326,47.36893424,399.95],[8.06203806,47.36810836,401.63],[8.06198406,47.36807337,401.69],[8.06149909,47.36777375,402.09],[8.06144643,47.36774342,402.15],[8.06117679,47.36760445,402.39],[8.0611198,47.36757912,402.45],[8.06094115,47.36750881,402.57],[8.06088049,47.36748648,402.6],[8.06069284,47.36742516,402.71],[8.06062884,47.3674055,402.74],[8.0603622,47.36733385,402.85],[8.06029221,47.36731686,402.87],[8.06007923,47.36727487,402.98],[8.06000657,47.36726288,403.01],[8.05896832,47.36713462,403.42],[8.05889433,47.36712729,403.44],[8.05866368,47.3671183,403.49],[8.05858335,47.3671203,403.52],[8.05818139,47.36715827,403.83],[8.0581054,47.36716493,403.87],[8.05803274,47.36716559,403.91],[8.05796541,47.36715526,403.93],[8.05790875,47.3671356,403.94],[8.05786775,47.36710661,403.95],[8.05784042,47.36707128,403.9],[8.05782542,47.36703128,403.83],[8.05781909,47.36699062,403.79],[8.05782474,47.36685797,403.69],[8.05781875,47.36681064,403.69],[8.05780042,47.36676631,403.72],[8.05776742,47.36672898,403.72],[8.05771976,47.36670265,403.74],[8.05766043,47.36668899,403.75],[8.05759077,47.36668533,403.76],[8.05751711,47.36668833,403.71],[8.0572068,47.3667123,403.55],[8.05712714,47.36671596,403.5],[8.05697148,47.36671462,403.49],[8.05689482,47.36670996,403.53],[8.05631951,47.36665966,404.27],[8.05624851,47.36665233,404.32],[8.05546756,47.3665564,404.5],[8.0553959,47.36654774,404.53],[8.05488126,47.36649645,404.71],[8.05480593,47.36648779,404.74],[8.05450263,47.36644681,404.89],[8.05442664,47.36643548,404.9],[8.05412833,47.36638416,404.92],[8.054055,47.36636917,404.94],[8.05376301,47.36629852,405.03],[8.05369035,47.36627919,405.03],[8.05311173,47.36611723,405.26],[8.0530424,47.3660929,405.32],[8.05270642,47.36596624,405.52],[8.05264109,47.36593991,405.54],[8.05232778,47.36579694,405.54],[8.05226612,47.36576361,405.48],[8.0520708,47.36564396,405.25],[8.05199914,47.3655983,405.14],[8.0515635,47.36531034,404.08],[8.05150084,47.36527101,404.09],[8.05115854,47.3650337,404.87],[8.05111588,47.36499837,404.98],[8.05095024,47.36484772,405.35],[8.05091425,47.36480673,405.42],[8.05072461,47.36454142,405.67],[8.05069228,47.36449709,405.71],[8.05058663,47.3643681,405.8],[8.05054897,47.3643261,405.85],[8.04952644,47.36324489,406.83],[8.04948878,47.36320656,406.85],[8.04935681,47.36304924,406.94],[8.04932648,47.36301158,406.98],[8.04926082,47.36294893,407.09],[8.04921883,47.36292893,407.17],[8.04916817,47.36291994,407.23],[8.04905918,47.36293593,407.35],[8.04900518,47.36295426,407.41],[8.04851089,47.36317723,408.22],[8.04844356,47.36321022,408.14],[8.04831356,47.36328187,408.02],[8.0482499,47.36331986,407.95],[8.0480096,47.36347718,407.66],[8.04795127,47.36351351,407.52],[8.04782961,47.36357484,407.3],[8.04777061,47.36360617,407.22],[8.0475493,47.36376182,406.92],[8.04748997,47.36379848,406.84],[8.04742231,47.36382314,406.73],[8.04734698,47.36383114,406.66],[8.04726765,47.36382415,406.59],[8.04718765,47.36380649,406.54],[8.04703833,47.3637455,406.48],[8.04697,47.36370817,406.43],[8.0466167,47.36347253,405.95],[8.04656437,47.3634362,405.93],[8.04561584,47.36276299,406.27],[8.04556518,47.36272799,406.29],[8.04465759,47.36211239,407.31],[8.0446096,47.3620784,407.36],[8.0445636,47.36204774,407.4],[8.04451727,47.36202108,407.43],[8.04437464,47.36195645,407.76],[8.04434565,47.36193979,407.76],[8.04432965,47.36192813,408.05],[8.04431066,47.36191247,408.05],[8.04421135,47.36180449,408.5],[8.04416735,47.36177183,408.54],[8.0436414,47.3614392,407.87],[8.04358007,47.36140121,407.77],[8.04320677,47.36118058,407.59],[8.04314611,47.36114325,407.57],[8.04267815,47.36083862,408.06],[8.04262082,47.36080162,408.1],[8.04097796,47.35967278,408.81],[8.04092196,47.35963412,408.84],[8.04033467,47.35925216,409.37],[8.04027668,47.35921217,409.44],[8.0401127,47.35908885,409.54],[8.04006204,47.35904519,409.55],[8.04001438,47.35900086,409.57],[8.03996905,47.3589562,409.59],[8.0398464,47.35881621,409.69],[8.0398044,47.35877022,409.72],[8.03955409,47.35855324,409.73],[8.03949609,47.35851258,409.66],[8.03931144,47.35839993,409.48],[8.03924544,47.35836627,409.54],[8.03859616,47.35805466,410.43],[8.0385365,47.358022,410.47],[8.03831018,47.35788268,410.48],[8.03825485,47.35784802,410.49],[8.03798753,47.35766804,410.49],[8.03793454,47.35763271,410.49],[8.03763258,47.35740574,410.49],[8.03758525,47.35736674,410.52],[8.03736261,47.35716876,410.68],[8.03732095,47.35712977,410.72],[8.03728095,47.35709044,410.76],[8.03724529,47.35705144,410.79],[8.03721729,47.35701044,410.76],[8.03720363,47.35696878,410.73],[8.03721229,47.35692712,410.7],[8.03724529,47.35689012,410.61],[8.03729595,47.35685913,410.52],[8.03735561,47.35683214,410.47],[8.03805555,47.35659419,410.24],[8.03812454,47.35657053,410.25],[8.03877448,47.35633391,410.16],[8.03883448,47.35631225,410.12],[8.03927746,47.35617429,410.13],[8.03934246,47.3561533,410.13],[8.03988708,47.35600434,410.24],[8.03995474,47.35598534,410.25],[8.04063301,47.35577572,410.59],[8.04070434,47.35575673,410.68],[8.040778,47.35574073,410.75],[8.04085333,47.35572673,410.77],[8.04108831,47.35569575,410.8],[8.04116697,47.35568609,410.8],[8.0419736,47.35561679,410.41],[8.04205593,47.35560813,410.31],[8.04271623,47.35550319,410.54],[8.04278689,47.35548253,410.53],[8.04283855,47.35545487,410.53],[8.04286855,47.35542154,410.53],[8.04286689,47.35539088,410.52],[8.04283623,47.35536522,410.52],[8.0427889,47.35534189,410.5],[8.04273191,47.35531989,410.42],[8.04232961,47.35517859,410.29],[8.04227962,47.3551606,410.25],[8.04224629,47.35514427,410.23],[8.0422343,47.35512994,410.22],[8.0422403,47.35512128,410.2],[8.04226296,47.35512494,410.24],[8.04229562,47.3551356,410.28],[8.0425536,47.35524557,410.29],[8.04261926,47.3552719,410.35],[8.04288725,47.35537122,410.04],[8.04295425,47.35538955,409.92],[8.04302058,47.35539421,409.8],[8.04308424,47.35538588,409.72],[8.04313824,47.35536688,409.69],[8.04317824,47.35533622,409.71],[8.04320157,47.35529722,409.72],[8.0432169,47.35520223,409.83],[8.04321324,47.35515057,409.94],[8.04313261,47.35476827,410.49],[8.04312495,47.35471361,410.6],[8.04311795,47.35465795,410.69],[8.04311395,47.35460229,410.75],[8.04310996,47.3543793,410.89],[8.04311262,47.35432364,410.94],[8.0431576,47.35393501,410.94],[8.04316659,47.35388035,410.98],[8.04318925,47.35377502,411.14],[8.04320091,47.35372436,411.2],[8.04324156,47.35359238,411.36],[8.04325089,47.35355405,411.4],[8.04326088,47.35347506,411.51],[8.04326954,47.35343507,411.68],[8.04333219,47.35330442,412.18],[8.04335452,47.35325543,412.3],[8.04339051,47.35315277,412.48],[8.04340017,47.35309977,412.48],[8.0434025,47.35304478,412.46],[8.04340084,47.35298745,412.45],[8.04337453,47.35274747,412.18],[8.0433692,47.35268714,412.11],[8.04337186,47.35262848,412.09],[8.04338185,47.35257048,412.1],[8.04344484,47.35234216,411.93],[8.04345983,47.35228517,411.8],[8.04357047,47.35194418,411.53],[8.04359013,47.35188552,411.51],[8.04399502,47.35078195,412.53],[8.04401401,47.35072929,412.57],[8.04407632,47.35051796,412.77],[8.04409032,47.3504663,412.93],[8.04411497,47.35036464,413.17],[8.0441253,47.35031431,413.25],[8.04415395,47.35011398,413.35],[8.04416328,47.35006365,413.36],[8.04424724,47.34965736,413.98],[8.0442579,47.34960537,414.03],[8.04431221,47.34934839,413.87],[8.04432287,47.34929873,413.86],[8.04437185,47.34911175,414.57],[8.04438218,47.34906742,414.69],[8.04454343,47.34829216,415.76],[8.04455176,47.34824816,415.81],[8.04462572,47.34793886,415.85],[8.04463705,47.34789287,415.88],[8.04467969,47.3476509,415.99],[8.04468868,47.34760224,416],[8.04473233,47.3474096,416.08],[8.04474499,47.34736194,416.08],[8.04479597,47.34722029,416.13],[8.04481596,47.34717196,416.13],[8.04502991,47.34667601,416.51],[8.04505157,47.34662568,416.53],[8.0453595,47.34592939,416.64],[8.04538116,47.34588006,416.65],[8.04550214,47.34563375,416.78],[8.04552547,47.34558109,416.79],[8.04572711,47.34506146,416.32],[8.04575244,47.34499847,416.32],[8.04592208,47.34461317,415.63],[8.04594874,47.34454751,415.63],[8.04602573,47.34434486,415.16],[8.04605173,47.34427587,415.02],[8.04614837,47.34398688,414.39],[8.0461747,47.34391522,414.24],[8.04627236,47.3436689,413.86],[8.04629235,47.34361557,413.81],[8.04648798,47.34322361,413.72],[8.04650898,47.34316861,413.76],[8.04659628,47.34290631,414.29],[8.04661194,47.34285765,414.38],[8.04665925,47.34267134,414.79],[8.04667025,47.34262734,414.88],[8.04677119,47.34208174,415.81],[8.04678019,47.34203474,415.96],[8.04685982,47.34167244,416.88],[8.04686981,47.34162811,416.99],[8.04693645,47.34136247,417.74],[8.04694745,47.34131914,417.86],[8.04701976,47.34110816,418.41],[8.04703642,47.34106616,418.5],[8.04715507,47.34081784,419.41],[8.04717706,47.34077584,419.53],[8.04728237,47.34060285,419.84],[8.04731136,47.34056019,419.92],[8.04740634,47.34043654,420.07],[8.04744033,47.34039588,420.11],[8.04779095,47.33999293,420.88],[8.04783061,47.33995427,420.96],[8.04791226,47.33987728,421.08],[8.04795359,47.33983895,421.14],[8.04813657,47.33968897,421.38],[8.04818456,47.33965064,421.43],[8.04839322,47.339502,421.56],[8.04844522,47.33946334,421.55],[8.04907449,47.33898808,421.43],[8.04912515,47.33894808,421.37],[8.04917781,47.33891009,421.31],[8.04923347,47.33887476,421.31],[8.0493508,47.33881111,421.36],[8.04940779,47.33878045,421.42],[8.04945378,47.33874646,421.51],[8.04948111,47.33870846,421.58],[8.04948711,47.33867047,421.64],[8.04947578,47.33863414,421.68],[8.04945145,47.33860114,421.62],[8.04935013,47.33853483,421.44],[8.04933814,47.33852083,421.42],[8.04936479,47.3384995,421.39],[8.04939012,47.33848384,421.38],[8.04943878,47.33842818,421.47],[8.04946244,47.33839152,421.54],[8.04988036,47.33764228,422.27],[8.04990702,47.33759395,422.31],[8.05009698,47.33719967,422.69],[8.05012131,47.33715068,422.76],[8.05060256,47.3362428,423.15],[8.05062755,47.3361958,423.21],[8.05184966,47.33383173,426.07],[8.05187566,47.33378207,426.13],[8.05230859,47.33297846,427.02],[8.05233158,47.33292747,427.06],[8.05237191,47.33282448,427.11],[8.05238957,47.33277349,427.13],[8.05241856,47.33267283,427.27],[8.05242956,47.33262317,427.32],[8.05243822,47.33257417,427.33],[8.05244055,47.33252751,427.33],[8.05243556,47.33244085,427.27],[8.05244456,47.33239885,427.28],[8.05255921,47.33215486,427.57],[8.0525792,47.3321012,427.58],[8.05269783,47.33172558,427.25],[8.05271416,47.33167159,427.19],[8.0528478,47.33130195,427.78],[8.0528658,47.33125029,427.95],[8.05293078,47.33104698,428.3],[8.05294078,47.33099665,428.32],[8.05294677,47.33094632,428.33],[8.05294776,47.33089599,428.36],[8.05293377,47.33069634,428.52],[8.05292811,47.33064601,428.56],[8.0528345,47.33015905,429.23],[8.05282584,47.33011106,429.32],[8.05269791,47.3293028,430.11],[8.05268891,47.32925147,430.1],[8.0526536,47.32909615,430],[8.05263894,47.32904482,429.95],[8.05256329,47.32889717,430.05],[8.05253296,47.32884851,430.22],[8.05236797,47.32860954,430.82],[8.05233398,47.32856221,430.87],[8.05218766,47.32837456,430.96],[8.052151,47.32832723,430.95],[8.05202535,47.32813024,430.74],[8.05200102,47.32807925,430.68],[8.05187672,47.32771329,431.39],[8.05186239,47.32766063,431.37],[8.05174844,47.32703235,431.77],[8.05173745,47.32698102,431.82],[8.05165448,47.32667871,432.19],[8.05164048,47.32662838,432.24],[8.05159117,47.32647873,432.27],[8.05157117,47.3264294,432.23],[8.05152518,47.32633241,432.26],[8.05149885,47.32628442,432.29],[8.05140219,47.3261451,432.4],[8.05136453,47.32609944,432.44],[8.05081124,47.32555484,433.19],[8.05077325,47.32551551,433.22],[8.0507006,47.32543785,433.26],[8.05066627,47.32539852,433.3],[8.05053629,47.32523354,433.61],[8.05050563,47.32519154,433.72],[8.05032734,47.32493323,434.25],[8.05030101,47.3248899,434.2],[8.05018337,47.32466959,434.59],[8.05015937,47.3246256,434.71],[8.05004905,47.32445028,434.75],[8.05002339,47.32440595,434.72],[8.04969979,47.32382766,435.19],[8.04967646,47.32378266,435.23],[8.04961048,47.32364234,435.39],[8.04958948,47.32359535,435.45],[8.04951317,47.32340537,435.56],[8.04949517,47.32335638,435.5],[8.04893467,47.32154427,436],[8.04891868,47.32149394,436.02],[8.04871974,47.32089199,436.09],[8.04870308,47.32084233,436.09],[8.04856178,47.32045437,436.1],[8.04854445,47.32040671,436.16],[8.04844082,47.32008608,436.52],[8.04842816,47.32004575,436.58],[8.04836585,47.31993111,436.8],[8.04835386,47.31990645,436.83],[8.04835519,47.31989112,436.82],[8.04836719,47.31987346,436.8],[8.04842852,47.31983714,436.78],[8.04847718,47.31982114,436.73],[8.04909413,47.31965585,436.55],[8.04916713,47.31963619,436.56],[8.05067769,47.319273,437.22],[8.05075335,47.31925334,437.25],[8.05082335,47.31922768,437.29],[8.05088068,47.31919269,437.3],[8.05092034,47.31914903,437.3],[8.05094033,47.3190997,437.29],[8.05094132,47.31904804,437.3],[8.05093066,47.31899571,437.31],[8.05091367,47.31894305,437.41],[8.05087268,47.31883772,437.57],[8.05084968,47.31878539,437.7],[8.05053474,47.31818243,437.91],[8.05050941,47.31813243,437.88],[8.0502678,47.31762716,438.74],[8.05024614,47.3175765,438.71],[8.05016815,47.31737752,438.55],[8.05015316,47.31732886,438.64],[8.05012584,47.31723187,438.84],[8.05011285,47.31718388,438.94],[8.05007452,47.3169979,439.23],[8.05004953,47.31695724,439.32],[8.05000853,47.31692791,439.39],[8.04995387,47.31691558,439.47],[8.04976155,47.31691225,439.5],[8.04969789,47.31690025,439.45],[8.04964156,47.31687592,439.4],[8.04959423,47.31683926,439.38],[8.04955657,47.31679426,439.36],[8.04947359,47.31664094,439.3],[8.04944893,47.31658761,439.26],[8.0492763,47.31616365,439.4],[8.04925664,47.31611265,439.44],[8.04918899,47.31584001,439.32],[8.049166,47.31578435,439.25],[8.04905135,47.31556837,438.6],[8.04902369,47.31551537,438.5],[8.04885874,47.31517142,438.52],[8.04883208,47.31512442,438.56],[8.04868444,47.31489878,438.89],[8.04865378,47.31485345,438.94],[8.04854414,47.31472447,439.19],[8.04850481,47.31468314,439.36],[8.0483315,47.31452449,440.16],[8.04828584,47.31448549,440.31],[8.04801153,47.31426719,440.96],[8.04796853,47.31423119,441.1],[8.04789954,47.3141562,441.32],[8.04787788,47.31411621,441.42],[8.04785455,47.31403255,441.6],[8.04784956,47.31399055,441.68],[8.04784024,47.31378257,441.95],[8.04783491,47.31373991,442.02],[8.04780759,47.31365392,442.15],[8.04778959,47.31361026,442.18],[8.04771728,47.31347694,442.17],[8.04769462,47.31343128,442.17],[8.0476563,47.3132893,442.07],[8.04764997,47.31324197,442.03],[8.04764498,47.31319364,442],[8.04764065,47.31314465,441.9],[8.04764365,47.313049,441.78],[8.04764631,47.31300167,441.73],[8.04768896,47.31282102,441.69],[8.04769629,47.31277636,441.71],[8.04769862,47.31273236,441.72],[8.04769762,47.31268903,441.74],[8.04768629,47.3126037,441.88],[8.04767796,47.31256137,441.99],[8.0476663,47.31251871,442.09],[8.0476513,47.31247572,442.36],[8.04757899,47.31230806,442.63],[8.04756033,47.3122694,442.7],[8.04752034,47.31220808,442.76],[8.04750701,47.31218942,442.81],[8.04746335,47.31214343,442.92],[8.04745769,47.31212177,442.94],[8.04747168,47.31206712,443.03],[8.04749734,47.31203946,443.08],[8.047536,47.31201347,443.11],[8.04758333,47.31198714,443.09],[8.04774698,47.31191015,442.99],[8.04780498,47.31188649,443.01],[8.04792264,47.31184183,443.12],[8.04798263,47.3118205,443.3],[8.04816862,47.31176452,443.53],[8.04822995,47.31174653,443.6],[8.04829095,47.31172987,443.66],[8.04835194,47.31171488,443.7],[8.04853525,47.31168356,443.86],[8.04859258,47.31167223,443.93],[8.04864458,47.3116539,443.99],[8.04868691,47.31162824,444.04],[8.04871857,47.31159624,444.16],[8.04874123,47.31155891,444.27],[8.04875789,47.31151925,444.36],[8.04879188,47.31138893,444.48],[8.04880221,47.31134327,444.48],[8.04893946,47.31065535,444.89],[8.04894846,47.31061035,444.99],[8.04900143,47.31038904,445.18],[8.04901042,47.31034404,445.19],[8.04907939,47.30993209,445.32],[8.04909105,47.30988576,445.4],[8.04919301,47.30966311,445.9],[8.04921134,47.30961712,445.97],[8.04926898,47.3094348,446.16],[8.04928698,47.30939014,446.22],[8.04956528,47.30896286,446.7],[8.04959394,47.3089192,446.7],[8.04972192,47.30875088,446.77],[8.04975258,47.30870855,446.81],[8.04977958,47.30866589,446.84],[8.04980058,47.30862223,446.98],[8.04980991,47.3085779,447.1],[8.04980192,47.30853491,447.2],[8.04977592,47.30849425,447.29],[8.04973726,47.30845792,447.36],[8.04963994,47.30839159,447.34],[8.04959195,47.30835626,447.33],[8.04947263,47.30824161,447.05],[8.04942497,47.30820695,446.97],[8.04936831,47.30817829,446.91],[8.04930598,47.30815629,446.85],[8.04911033,47.30811564,446.52],[8.04905433,47.30810431,446.43],[8.04901,47.30808665,446.34],[8.04898334,47.30806199,446.28],[8.04897701,47.308032,446.26],[8.04898634,47.30799734,446.24],[8.0491233,47.3077437,446.67],[8.04914063,47.30769837,446.76],[8.04917428,47.30756338,446.99],[8.04918461,47.30752005,447.05],[8.04919994,47.30740006,447.2],[8.04918628,47.30736807,447.23],[8.04915995,47.30734641,447.29],[8.04912596,47.30733375,447.36],[8.04905564,47.30732709,447.47],[8.04902298,47.3073251,447.54],[8.04895966,47.30729744,447.61],[8.04893333,47.30727078,447.57],[8.04887135,47.30715613,447.44],[8.04885169,47.30711247,447.5],[8.04875905,47.30687184,447.78],[8.04873839,47.30682384,447.81],[8.0486344,47.30664253,447.88],[8.04860274,47.30660087,447.88],[8.04856741,47.30656221,447.86],[8.04852808,47.30652522,447.89],[8.04835844,47.30638825,447.87],[8.04831811,47.30635392,447.86],[8.04801649,47.30607096,448.27],[8.04797749,47.3060353,448.29],[8.04776153,47.30581166,448.3],[8.0477332,47.305772,448.27],[8.04770987,47.30573134,448.23],[8.04767955,47.30564735,448.27],[8.04767055,47.30560469,448.28],[8.04764658,47.3052934,448.93],[8.04764225,47.30524774,449.01],[8.04763492,47.30520274,449.08],[8.04762459,47.30515808,449.14],[8.0475836,47.30502709,449.21],[8.04756561,47.30498509,449.23],[8.04751462,47.3049021,449.27],[8.04748162,47.3048621,449.28],[8.04712866,47.30450482,449.63],[8.047094,47.30446449,449.66],[8.0468767,47.30417952,450.07],[8.04684971,47.30413852,450.14],[8.04678505,47.30400954,450.28],[8.04676939,47.30396521,450.33],[8.04666744,47.30358358,450.64],[8.04666411,47.30354158,450.62],[8.04666944,47.30349992,450.59],[8.0466861,47.30345959,450.57],[8.04671143,47.30341993,450.55],[8.04674242,47.3033816,450.55],[8.04677642,47.30334327,450.55],[8.04698738,47.30312796,450.61],[8.04699937,47.3031103,450.66],[8.04710497,47.30271203,450.89],[8.0471193,47.30266837,450.91],[8.04718661,47.30248806,450.96],[8.04720494,47.30244206,450.99],[8.04732558,47.30217843,450.82],[8.04734358,47.3021361,450.79],[8.04740623,47.30195646,451],[8.04742189,47.3019088,451.06],[8.04747753,47.30165916,451.13],[8.04748486,47.30161183,451.14],[8.04746488,47.3013172,451.19],[8.04746921,47.30126787,451.19],[8.04756284,47.30091891,451.29],[8.04757583,47.30086792,451.29],[8.04761381,47.30065594,451.38],[8.04761847,47.30060261,451.42],[8.04761814,47.30044196,451.48],[8.04761581,47.30038896,451.55],[8.04760848,47.30033596,451.6],[8.04756617,47.30018231,451.72],[8.04755617,47.30013098,451.68],[8.04755584,47.30008098,451.59],[8.04756917,47.30003365,451.49],[8.04759717,47.29999132,451.44],[8.04769016,47.29992266,451.44],[8.04774416,47.299898,451.44],[8.04801479,47.2998017,452.13],[8.04806612,47.29978471,452.13],[8.04816844,47.29975472,452.41],[8.04821577,47.29974139,452.78],[8.04828709,47.29973206,453.11],[8.04829975,47.29973805,453.17],[8.04829275,47.29974605,453.22],[8.04827109,47.29975471,453.26],[8.04823743,47.29976137,453.31],[8.04819743,47.29976137,453.34],[8.0481581,47.29975037,453.35],[8.04812444,47.29973004,453.35],[8.04809745,47.29970171,453.34],[8.04804846,47.29958907,453.23],[8.04803446,47.29954707,453.14],[8.04800915,47.2993811,452.74],[8.04800849,47.29934044,452.73],[8.0480198,47.29918113,452.77],[8.04802413,47.29914114,452.77],[8.04808974,47.29870088,452.8],[8.04809407,47.29865922,452.79],[8.04812702,47.29819894,453.12],[8.04813368,47.29815595,453.16],[8.04823963,47.29768033,453.17],[8.04824863,47.297637,453.14],[8.04830028,47.29746803,453.21],[8.04831561,47.29742803,453.23],[8.04833094,47.2973907,453.27],[8.04834727,47.29735571,453.31],[8.04842925,47.29723707,453.53],[8.04845024,47.29720874,453.61],[8.04852122,47.29712409,453.84],[8.04854688,47.29709576,453.9],[8.04861254,47.29704744,454.05],[8.04865553,47.29702911,454.1],[8.04874918,47.29701145,454.14],[8.04879584,47.29701145,454.15],[8.04888483,47.29702078,454.28],[8.04892983,47.29702377,454.34],[8.04902216,47.29701645,454.42],[8.04906749,47.29701911,454.4],[8.04915615,47.29704277,454.36],[8.04920315,47.29704843,454.32],[8.04924481,47.2970391,454.29],[8.04927814,47.29701744,454.27],[8.04932513,47.29695312,454.21],[8.04934513,47.29691646,454.18],[8.04939845,47.29679614,454.43],[8.04941445,47.29675281,454.41],[8.04952507,47.29638917,454.61],[8.0495404,47.29634417,454.66],[8.04957139,47.29620917,454.9],[8.04958539,47.29616484,455.03],[8.04960605,47.29612284,455.16],[8.04963304,47.29608318,455.27],[8.04969836,47.29600952,455.45],[8.04972769,47.29597386,455.52],[8.04974702,47.29593486,455.58],[8.04975301,47.2958942,455.7],[8.04974268,47.29585187,455.81],[8.04968703,47.29575788,455.88],[8.04964703,47.29570355,455.87],[8.04928873,47.29530458,454.52],[8.04922607,47.29523392,454.33],[8.04916574,47.29516326,454.1],[8.04911074,47.2950926,453.92],[8.04906341,47.2950216,453.76],[8.04902275,47.29495227,453.63],[8.04892877,47.29475428,453.74],[8.04890611,47.29469329,453.93],[8.04881214,47.29437298,454.65],[8.04879881,47.29432665,454.75],[8.04875183,47.29419334,454.99],[8.04873583,47.29414934,455.19],[8.04863252,47.29394702,455.68],[8.04861019,47.29390803,455.76],[8.04847921,47.29372006,456.17],[8.04845021,47.29368206,456.26],[8.0483019,47.29353542,456.63],[8.0482599,47.29349876,456.75],[8.04804492,47.29332944,457.2],[8.04800326,47.29329711,457.26],[8.04770895,47.29308681,457.65],[8.04766829,47.29305815,457.68],[8.04737165,47.29287951,458.08],[8.04733232,47.29285518,458.18],[8.04722367,47.29277753,458.45],[8.04719234,47.29274853,458.51],[8.04716435,47.29271787,458.55],[8.04714002,47.29268621,458.56],[8.04706504,47.2925519,458.58],[8.04704838,47.29251724,458.61],[8.04699773,47.29233227,458.65],[8.04698673,47.29229427,458.64],[8.04697807,47.29225527,458.64],[8.04697374,47.29221661,458.64],[8.04696977,47.29201363,458.71],[8.0469721,47.29197097,458.76],[8.0470284,47.29171067,459.08],[8.0470374,47.29166601,459.12],[8.04705772,47.29152702,459.27],[8.04705938,47.29147969,459.32],[8.04705905,47.29133704,459.36],[8.04705806,47.29128971,459.41],[8.04703077,47.29078343,459.66],[8.04703476,47.29073777,459.7],[8.04706308,47.29059545,459.99],[8.04707741,47.29054746,460.17],[8.047276,47.29008818,461.17],[8.047291,47.29005052,461.25],[8.04738463,47.28977524,461.79],[8.04739629,47.28972958,461.85],[8.04743093,47.28953494,462.19],[8.04743726,47.28948528,462.29],[8.04744392,47.288998,462.42],[8.04744825,47.28895367,462.4],[8.04745991,47.28886868,462.55],[8.04746657,47.28882702,462.55],[8.04753421,47.28849172,463.41],[8.04754054,47.28844872,463.48],[8.04755685,47.28831707,463.69],[8.04756218,47.28827074,463.75],[8.0475675,47.28812876,464.02],[8.04757116,47.28808176,463.97],[8.04757849,47.28803476,463.93],[8.04759115,47.28798843,463.88],[8.04767247,47.28775979,463.72],[8.0476878,47.28771379,463.76],[8.04770946,47.28761947,463.87],[8.04771512,47.28757347,463.98],[8.04771811,47.28743515,464.22],[8.04771611,47.28738882,464.29],[8.04769547,47.28720251,464.5],[8.04769147,47.28715651,464.55],[8.0476835,47.28692655,464.73],[8.0476815,47.28688122,464.75],[8.04765985,47.28666591,465.15],[8.04765486,47.28662592,465.26],[8.0476169,47.28638763,465.86],[8.04761091,47.2863483,465.92],[8.04760824,47.28626698,466.17],[8.04761123,47.28622399,466.33],[8.04761856,47.28618166,466.45],[8.04763189,47.28613933,466.45],[8.04768354,47.28601134,466.22],[8.04770487,47.28596934,466.15],[8.04784585,47.2857567,465.7],[8.04787351,47.28571337,465.61],[8.04791983,47.28562404,465.54],[8.04793882,47.28557804,465.53],[8.04798248,47.28543739,465.56],[8.04799581,47.2853894,465.57],[8.04801547,47.28524375,465.54],[8.04801347,47.28519542,465.51],[8.04799848,47.28510043,465.56],[8.04798648,47.2850541,465.64],[8.0479245,47.28487946,465.77],[8.04791351,47.2848368,465.8],[8.04785789,47.28441584,466.58],[8.04785223,47.28437451,466.68],[8.04782191,47.28425219,466.86],[8.04780725,47.28421186,466.86],[8.04776692,47.28413387,467.2],[8.04774159,47.28409621,467.27],[8.0475323,47.28380326,467.6],[8.04750964,47.2837706,467.7],[8.04748531,47.28374027,467.8],[8.04745798,47.28371261,467.89],[8.04737434,47.28364196,468.08],[8.04735268,47.28361897,468.12],[8.04721204,47.28344399,468.41],[8.04719138,47.28341033,468.33],[8.04704209,47.28306138,467.87],[8.0470301,47.28301539,467.79],[8.04702577,47.28291673,467.59],[8.04702976,47.28286473,467.49],[8.04707539,47.28259209,468.13],[8.04708005,47.28255643,468.44],[8.04708038,47.2825231,468.74],[8.04707439,47.28249044,469.01],[8.04705507,47.28242545,469.57],[8.04704474,47.28239079,469.82],[8.04694478,47.28218549,470.7],[8.04692712,47.28215249,470.76],[8.04687247,47.28205684,470.85],[8.04685181,47.28202285,470.87],[8.04675616,47.2818802,471.51],[8.04673383,47.2818442,471.5],[8.04663019,47.28166123,471.33],[8.04660886,47.28162424,471.37],[8.0464989,47.28140594,471.87],[8.04648157,47.28136961,472],[8.04645625,47.28129028,472.24],[8.04645059,47.28125028,472.37],[8.0464486,47.28112997,472.72],[8.04645226,47.28108997,472.81],[8.04645892,47.28105064,472.89],[8.04646958,47.28101198,472.96],[8.0465199,47.28089633,473.15],[8.04653889,47.28085833,473.23],[8.04680817,47.28043172,474.14],[8.04682817,47.28039706,474.25],[8.04684583,47.28036106,474.33],[8.04685916,47.28032307,474.41],[8.04693412,47.28008376,474.64],[8.04695145,47.28004443,474.75],[8.04703676,47.27990112,475.16],[8.04705776,47.27986679,475.22],[8.04718274,47.27961082,475.15],[8.04721207,47.27956049,475.1],[8.04728506,47.27945851,474.9],[8.04732872,47.27940785,474.81],[8.04753004,47.27920186,474.4],[8.04757837,47.27914787,474.29],[8.04777035,47.27888689,473.72],[8.04779434,47.2788389,473.72],[8.04781133,47.27879157,473.63],[8.04782766,47.27869691,473.6],[8.04782733,47.27864958,473.65],[8.04774805,47.27822197,473.97],[8.04774039,47.27817131,473.94],[8.0477314,47.27801399,473.77],[8.04773439,47.27796066,473.72],[8.04776405,47.27780334,473.57],[8.04777738,47.27775235,473.54],[8.04781204,47.27765236,473.48],[8.04783204,47.27760303,473.46],[8.04787869,47.27750571,473.37],[8.04790535,47.27745938,473.32],[8.04796734,47.27737273,473.29],[8.04800133,47.27733174,473.33],[8.04810965,47.27722042,473.39],[8.04814965,47.27718576,473.4],[8.04857291,47.27688913,473.8],[8.04861791,47.2768578,473.81],[8.04891722,47.27663117,473.55],[8.04897055,47.27659151,473.45],[8.0490822,47.27651619,473.21],[8.04913753,47.27647719,473.04],[8.04918986,47.27643586,472.85],[8.04923819,47.2763912,472.68],[8.04931684,47.27628588,472.36],[8.04934083,47.27622522,472.2],[8.04934983,47.27615956,471.97],[8.04934217,47.27609057,471.78],[8.04931751,47.27602124,471.6],[8.04924585,47.27588192,471.25],[8.04921552,47.27581159,471.07],[8.04919286,47.27573993,470.9],[8.0491792,47.27566827,470.75],[8.04917487,47.27559727,470.61],[8.0491812,47.27552728,470.47],[8.0491962,47.27545795,470.33],[8.04921786,47.27539129,470.15],[8.04927452,47.27526597,469.87],[8.04930685,47.27521064,469.8],[8.04934018,47.27516064,469.81],[8.04937351,47.27511665,469.85],[8.04951782,47.274946,470.63],[8.04954281,47.27491467,470.89],[8.04958747,47.27484568,471.27],[8.04960913,47.27480702,471.42],[8.04964845,47.27471836,471.57],[8.04966578,47.2746687,471.61],[8.04968011,47.27461571,471.63],[8.04969144,47.27455838,471.56],[8.04969677,47.27449805,471.5],[8.04969544,47.27443505,471.45],[8.04966912,47.27430606,471.38],[8.04964546,47.2742414,471.33],[8.04949382,47.27392343,470.78],[8.04946182,47.27386243,470.71],[8.04939283,47.27374378,470.53],[8.04935584,47.27368745,470.36],[8.04915753,47.27341548,469.67],[8.0491242,47.27335782,469.53],[8.04909854,47.27329782,469.43],[8.04908254,47.27323583,469.24],[8.04907687,47.27311218,468.92],[8.04908353,47.27305152,468.76],[8.04910952,47.27293653,468.54],[8.04912585,47.2728802,468.45],[8.04922448,47.27257456,468.17],[8.04923947,47.27252557,468.16],[8.0493331,47.27213695,467.94],[8.04934543,47.27208829,467.94],[8.04953901,47.27138736,468.46],[8.04955201,47.2713427,468.48],[8.04964595,47.27093841,468.56],[8.04965728,47.27088941,468.57],[8.04986219,47.27007984,468.77],[8.04987485,47.27002918,468.78],[8.05003912,47.2694329,468.94],[8.05005145,47.26938424,468.93],[8.0501131,47.2691966,468.81],[8.05012776,47.26915127,468.74],[8.05033833,47.26843468,468.43],[8.05034932,47.26839402,468.45],[8.0505556,47.2677284,468.5],[8.05056726,47.26768707,468.5],[8.05073455,47.26719913,467.67],[8.05074921,47.2671588,467.59],[8.05092482,47.26670416,467.5],[8.05094281,47.26666183,467.56],[8.05151229,47.26539228,467.9],[8.05153029,47.26534962,467.9],[8.05161361,47.26518297,467.94],[8.05163594,47.26514231,467.98],[8.05175691,47.26493867,468.19],[8.05178257,47.26489801,468.23],[8.0518349,47.26481802,468.26],[8.05186523,47.26478002,468.28],[8.05199354,47.26464004,468.48],[8.0520272,47.26460738,468.56],[8.05210586,47.26455339,468.72],[8.05215052,47.26453206,468.84],[8.05232384,47.26447909,469.67],[8.05235383,47.26446543,469.94],[8.05243614,47.26438911,470.77],[8.0524588,47.26436645,470.93],[8.0524788,47.26433912,471.05],[8.05248713,47.26430612,471.17],[8.0524818,47.26426979,471.25],[8.05246947,47.26423413,471.22],[8.05241817,47.26412715,470.56],[8.05241584,47.26411982,470.37],[8.05243784,47.26412115,469.18],[8.05229251,47.26419081,468.74],[8.05235982,47.26415783,468.99],[8.05247481,47.2640605,468.99],[8.05248381,47.2640385,469.2],[8.05249814,47.2640145,469.09],[8.05258779,47.26390552,468.81],[8.05261579,47.26387652,468.82],[8.05304141,47.26351158,469.5],[8.05307574,47.26348158,469.48],[8.05340836,47.26316397,469.55],[8.05344069,47.26313264,469.6],[8.05359067,47.26296866,469.87],[8.053618,47.262934,469.71],[8.05373731,47.26275169,469.35],[8.05375864,47.26271369,469.4],[8.05446574,47.26124788,469.25],[8.05448507,47.26120822,469.35],[8.05456938,47.26101357,469.08],[8.05458637,47.26097524,468.97],[8.05466402,47.26082626,469.64],[8.05468068,47.26079127,469.81],[8.05510021,47.25988673,469.05],[8.0551182,47.25984907,469.17],[8.05542512,47.2592385,469.74],[8.05544178,47.25920484,469.81],[8.05591696,47.25817434,469.7],[8.05593462,47.25813501,469.68],[8.05607057,47.25785671,469.81],[8.05609157,47.25781571,469.86],[8.05625685,47.25751074,471.01],[8.05627551,47.25747541,471.17],[8.05629117,47.25744042,471.28],[8.05630116,47.25740609,471.28],[8.05633514,47.25726578,471.6],[8.0563458,47.25723012,471.66],[8.05640112,47.2571198,471.72],[8.05641645,47.25708014,471.7],[8.05646477,47.25691649,471.57],[8.05647343,47.25687583,471.51],[8.05662198,47.25591431,470.14],[8.05662831,47.25587165,470.05],[8.05698116,47.25398956,470.45],[8.05698982,47.25394256,470.45],[8.05705546,47.25360728,470.86],[8.05706512,47.25355828,470.97],[8.05712109,47.25331832,471.41],[8.05713175,47.25326966,471.44],[8.05729737,47.25276539,471.35],[8.05731536,47.25272006,470.97],[8.05737501,47.2525934,470.02],[8.05739667,47.25255274,469.88],[8.05749198,47.25239143,469.95],[8.05751698,47.2523501,470],[8.05779826,47.25192314,471.04],[8.05782659,47.25187915,471.14],[8.05795156,47.25170984,471.38],[8.05798555,47.25166984,471.45],[8.05814952,47.25149154,471.78],[8.05817918,47.25145888,471.82],[8.05830548,47.25133358,472.05],[8.05833714,47.25130025,472.15],[8.05845078,47.25117593,472.24],[8.05847477,47.2511496,472.15],[8.05853609,47.25106963,471.84],[8.05854275,47.25106197,471.81],[8.05858808,47.25103997,471.83],[8.05901466,47.25060472,472.69],[8.05905032,47.25056972,472.73],[8.05992723,47.24978283,473.19],[8.05996723,47.24974783,473.21],[8.0603915,47.24935521,473.49],[8.06042916,47.24931988,473.54],[8.06049882,47.24924722,473.6],[8.06053548,47.24921123,473.62],[8.06093111,47.24884727,473.7],[8.06097011,47.24881194,473.7],[8.06115942,47.24865263,473.85],[8.06119242,47.24862263,473.87],[8.06161836,47.2482187,473.98],[8.06165669,47.24818337,473.97],[8.06207864,47.24780909,474.63],[8.06212064,47.2477711,474.71],[8.06291387,47.24702854,475.01],[8.06295486,47.24699088,475.05],[8.06308484,47.24688523,475.22],[8.06313183,47.24685357,475.28],[8.06344647,47.24668227,475.71],[8.0634928,47.24664994,475.78],[8.06353346,47.24661495,475.8],[8.06356879,47.24657862,475.84],[8.06362511,47.24650563,475.75],[8.06364644,47.24646897,475.72],[8.06399301,47.24571441,476.56],[8.064009,47.24567975,476.67],[8.06425858,47.2451745,478.63],[8.06427258,47.24514384,478.75],[8.06439087,47.24486156,480.11],[8.0644032,47.24483023,480.1],[8.06445118,47.24466592,480.01],[8.06445818,47.24463126,479.99],[8.06448148,47.24439328,480.58],[8.06448348,47.24435062,480.68],[8.06448117,47.24384734,480.29],[8.06448216,47.24380101,480.05],[8.06450414,47.24351138,479.16],[8.06450647,47.24346072,479.29],[8.06451676,47.24293245,479.68],[8.06452076,47.24287879,479.55],[8.0645604,47.24256215,477.87],[8.0645674,47.24251049,477.69],[8.06468366,47.24174957,478.33],[8.06468999,47.24170757,478.46],[8.06471462,47.24128595,478.75],[8.06471728,47.24123595,478.58],[8.06479718,47.24023574,478.6],[8.06480151,47.24018508,478.79],[8.06483648,47.23988211,479.48],[8.06484314,47.23983278,479.54],[8.06489744,47.23959114,479.8],[8.06491144,47.23954414,479.84],[8.06499807,47.23932249,480.01],[8.0650174,47.23928116,480.01],[8.0651517,47.23903418,480.09],[8.06517536,47.23899285,480.11],[8.06649748,47.23674043,480.25],[8.06652614,47.23669043,480.29],[8.06681576,47.23621348,480.76],[8.06684442,47.23616982,480.82],[8.067342,47.23532989,480.83],[8.06736933,47.23528489,480.83],[8.06748465,47.23510723,480.8],[8.06751598,47.2350639,480.77],[8.06768463,47.23485059,480.74],[8.06772096,47.23480926,480.73],[8.06787527,47.23465494,480.66],[8.0679146,47.23461861,480.65],[8.06819089,47.23439264,480.78],[8.06822722,47.23436531,480.81],[8.06846352,47.23420601,481.39],[8.06847785,47.23419602,481.59],[8.06851349,47.23415738,482.08],[8.06853182,47.23414472,482.17],[8.06858948,47.23411406,482.26],[8.06862548,47.23409207,482.26],[8.06981736,47.23327084,481.3],[8.06987435,47.23323218,481.28],[8.07224109,47.23166344,481.52],[8.07228842,47.23163211,481.56],[8.07242773,47.23153479,481.66],[8.07247273,47.23150146,481.66],[8.07273069,47.2312975,481.68],[8.07277235,47.2312645,481.7],[8.07301133,47.23106052,481.15],[8.07304633,47.23103019,481.15],[8.07334161,47.23076023,483.17],[8.07337161,47.2307279,483.31],[8.07342927,47.23065658,483.48],[8.07345626,47.23061792,483.54],[8.07379921,47.230105,483.43],[8.0738262,47.23005567,483.36],[8.07384986,47.23000534,483.29],[8.07386852,47.22995435,483.18],[8.07391883,47.22974403,482.75],[8.07392316,47.22968704,482.61],[8.07392814,47.22882678,481.58],[8.07392947,47.22877212,481.58],[8.07391516,47.22850515,481.68],[8.07391416,47.22845316,481.71],[8.07393543,47.22758623,481.81],[8.07393743,47.22753757,481.84],[8.07397936,47.22690832,481.99],[8.07398402,47.22686099,481.96],[8.07405831,47.22642904,482.1],[8.07406731,47.22637971,482.05],[8.07410562,47.22618241,481.81],[8.07411561,47.22613408,481.75],[8.07423855,47.22562181,481.77],[8.07424821,47.22557581,481.82],[8.07438615,47.22503388,482.32],[8.07439814,47.22499122,482.37],[8.07443279,47.22481591,482.4],[8.07444212,47.22477292,482.37],[8.07453341,47.22443627,482.06],[8.07454407,47.22439261,482.02],[8.07462403,47.22400732,481.43],[8.07463269,47.22396066,481.26],[8.07470399,47.22367135,480.13],[8.07471365,47.22363202,480.02],[8.07479961,47.22323041,479.4],[8.07481027,47.22319108,479.41],[8.07485756,47.22291312,479.81],[8.07486489,47.22287212,479.88],[8.07499848,47.22220718,480.71],[8.07500881,47.22216052,480.85],[8.07502147,47.22211319,480.97],[8.0750388,47.22206553,481.07],[8.07508546,47.22197187,481.17],[8.07511679,47.22192654,481.12],[8.07515178,47.22188355,481.09],[8.07519111,47.22184256,481.11],[8.07541009,47.22166425,481.65],[8.07543442,47.22162492,481.76],[8.07544242,47.22158393,481.87],[8.0754081,47.22142228,482],[8.07540976,47.22138162,481.99],[8.07542842,47.22130363,482],[8.07544375,47.22126697,482.05],[8.07556738,47.22100568,483.06],[8.07558271,47.22096702,483.09],[8.07562836,47.22081737,483.25],[8.07563736,47.22078004,483.27],[8.07568865,47.22048242,483.27],[8.07569364,47.22044309,483.3],[8.07568366,47.22022645,482.93],[8.07568432,47.22017945,482.73],[8.07570331,47.22008247,482.33],[8.07572364,47.22003448,482.17],[8.0758063,47.2198915,481.82],[8.07583729,47.2198465,481.6],[8.07596494,47.21968185,480.93],[8.07599194,47.21964419,480.89],[8.07619456,47.21934057,481.28],[8.07621556,47.21930791,481.3],[8.07655915,47.21882832,481.14],[8.07658248,47.21879533,481.11],[8.07707937,47.21805111,482.51],[8.07710436,47.21801378,482.54],[8.0774183,47.21758152,482.5],[8.07744129,47.21754886,482.42],[8.0776749,47.21720124,481.69],[8.07769823,47.21716658,481.68],[8.0778212,47.2169536,481.84],[8.07784086,47.21691794,481.9],[8.07794716,47.21666264,482.19],[8.07796049,47.21662598,482.19],[8.07808908,47.21622403,482.62],[8.07810274,47.21618737,482.66],[8.07815639,47.21608205,482.7],[8.07817172,47.21604806,482.68],[8.07819203,47.21593908,482.67],[8.07820269,47.21590142,482.66],[8.07834964,47.21549815,481.66],[8.0783613,47.21546615,481.61],[8.07839728,47.2153305,481.52],[8.07840561,47.21529551,481.49],[8.07846591,47.21511619,482.25],[8.07847757,47.21508086,482.41],[8.0786485,47.21462593,482.88],[8.07866183,47.2145876,483.01],[8.079054,47.21339872,483.63],[8.07906533,47.21336272,483.6],[8.07920695,47.21302277,482.44],[8.07921861,47.21299278,482.48],[8.07928192,47.21286713,482.68],[8.07930025,47.21283347,482.74],[8.07946854,47.21257818,483.1],[8.0794882,47.21254719,483.13],[8.07955385,47.21242421,483.04],[8.07957218,47.21239388,483.08],[8.07965949,47.21227557,483.26],[8.07968015,47.21224458,483.27],[8.07985845,47.2119643,482.88],[8.07987878,47.21193397,482.8],[8.08003508,47.21173067,482.4],[8.08005707,47.21170134,482.33],[8.0808329,47.21050485,482.07],[8.08085356,47.21047252,482.06],[8.08169403,47.20925638,483.74],[8.08171803,47.20922138,483.83],[8.08180535,47.20907973,483.21],[8.08182668,47.2090454,483.1],[8.08219429,47.2084968,484.13],[8.08222095,47.2084578,484.02],[8.08304078,47.20717396,483.1],[8.08306678,47.2071333,483.1],[8.08350904,47.20647739,484.69],[8.08352437,47.20645539,484.76],[8.08356836,47.20637407,484.85],[8.08358802,47.20634208,484.83],[8.08366634,47.20624043,484.48],[8.08369867,47.20620477,484.43],[8.08399931,47.20593482,484.3],[8.0840403,47.20590349,484.31],[8.0844806,47.20560053,484.49],[8.08452526,47.20556954,484.48],[8.08527051,47.20507597,483.86],[8.08531384,47.20504698,483.85],[8.08543816,47.20495732,483.64],[8.08547849,47.20492766,483.56],[8.08562447,47.20479835,483.42],[8.0856578,47.20476702,483.42],[8.08587177,47.20454239,483.54],[8.08590177,47.20450806,483.6],[8.08630003,47.20403479,483.7],[8.08632736,47.20400213,483.76],[8.08709256,47.20312094,484.01],[8.08712422,47.20308461,483.96],[8.08724954,47.20293063,483.77],[8.0872792,47.20289063,483.78],[8.08749716,47.20256101,484.08],[8.08751782,47.20252201,484.08],[8.08767644,47.20211106,484.12],[8.08767843,47.20210207,484.11],[8.08767544,47.20207274,484.11],[8.08768542,47.20201176,484.32],[8.08768975,47.20198376,484.3],[8.08783065,47.20121152,483.2],[8.08783831,47.20117252,483.09],[8.08794056,47.20056458,483.39],[8.08794756,47.20052558,483.4],[8.08797187,47.2003326,483.51],[8.0879782,47.20029494,483.52],[8.08808411,47.19977135,484.3],[8.08808977,47.19974369,484.38],[8.08815171,47.19935044,484.32],[8.0881577,47.19931311,484.29],[8.08830325,47.19851559,484.49],[8.08830891,47.1984816,484.47],[8.08839483,47.1978367,485.28],[8.08839882,47.1977977,485.3],[8.08847505,47.19691512,485.93],[8.08848071,47.19687513,485.98],[8.0884847,47.19671814,486.38],[8.08848836,47.19667881,486.4],[8.08854699,47.1963015,486.14],[8.08855498,47.19625917,486.15],[8.08861228,47.19600386,486.18],[8.08862294,47.19596087,486.18],[8.0887309,47.19557825,486.43],[8.08874356,47.19553425,486.45],[8.08878687,47.1953526,486.31],[8.0887982,47.19530794,486.24],[8.08896846,47.19470867,486.14],[8.08898045,47.19466701,486.17],[8.0890391,47.19449935,486.34],[8.08905576,47.19445802,486.37],[8.08907309,47.19441736,486.41],[8.08909275,47.1943777,486.45],[8.08914274,47.19430371,486.49],[8.08917173,47.19426938,486.51],[8.08964067,47.19389011,486.43],[8.08968567,47.19385778,486.4],[8.08988232,47.19373613,486.36],[8.08993465,47.19370613,486.38],[8.0900993,47.1936208,486.38],[8.09015663,47.19359314,486.39],[8.09069956,47.19337053,486.01],[8.09075389,47.19334287,485.94],[8.09090387,47.19324855,485.78],[8.0909492,47.19321555,485.75],[8.09128916,47.19295124,486.21],[8.09132882,47.19291858,486.3],[8.09147347,47.1927756,486.68],[8.09150747,47.19273794,486.75],[8.09166411,47.19253997,486.92],[8.0916931,47.19249931,486.96],[8.09177242,47.19237666,486.92],[8.09179542,47.19233367,486.87],[8.09189106,47.19211736,486.76],[8.09190472,47.19207236,486.72],[8.09192638,47.19197937,486.62],[8.09193404,47.19193237,486.6],[8.09194103,47.19179006,486.61],[8.09194004,47.1917434,486.61],[8.09185087,47.19020258,487.18],[8.09184687,47.19016959,487.2],[8.09180823,47.19000961,487.38],[8.09179657,47.18997862,487.43],[8.0914067,47.18914439,487.4],[8.09138937,47.18910606,487.41],[8.09135072,47.18898707,487.44],[8.09134739,47.18894708,487.43],[8.09135304,47.18886576,487.41],[8.09136337,47.18882477,487.39],[8.09142402,47.18866111,487.57],[8.09144201,47.18862045,487.56],[8.09176857,47.18791287,487.56],[8.0917859,47.18787854,487.65],[8.09180323,47.18784454,487.72],[8.09182056,47.18781088,487.82],[8.09193187,47.18765425,488.21],[8.09195386,47.18762259,488.27],[8.09205883,47.18750295,488.4],[8.09209116,47.18747529,488.47],[8.09239611,47.18724733,488.97],[8.09243044,47.187215,489.01],[8.09260575,47.18702436,489.33],[8.09263108,47.18699537,489.39],[8.0927737,47.18682207,489.64],[8.09280103,47.18679141,489.65],[8.09287168,47.18669509,489.61],[8.09289167,47.18666276,489.6],[8.09317158,47.18619115,489.62],[8.09319224,47.18615615,489.62],[8.09325989,47.18605716,489.56],[8.09328122,47.18602517,489.53],[8.09342618,47.18584221,489.5],[8.09345118,47.18581021,489.47],[8.09358415,47.18560657,489.22],[8.09360848,47.18557357,489.19],[8.09386242,47.18525629,489.24],[8.09388875,47.18522496,489.23],[8.09405471,47.18503435,489.22],[8.09408337,47.18500202,489.18],[8.09430534,47.18476706,489.02],[8.09433834,47.18473206,489],[8.09489893,47.18419183,489.87],[8.09493792,47.18415884,489.92],[8.09528255,47.18390656,490.47],[8.09532588,47.1838749,490.54],[8.09551086,47.18375258,490.69],[8.09555419,47.18372125,490.73],[8.09579482,47.18351562,491.04],[8.09583615,47.18348129,491.09],[8.09605612,47.18331398,491.32],[8.09610278,47.18328199,491.37],[8.09667339,47.18291772,491.73],[8.09672172,47.18288773,491.73],[8.09725298,47.18258579,491.96],[8.09730198,47.18255913,491.98],[8.09766396,47.18236649,492.07],[8.09771629,47.18233983,491.99],[8.09840622,47.18200857,491.92],[8.09845421,47.18198491,492.01],[8.0988585,47.18181429,492.53],[8.0989075,47.18179496,492.62],[8.09944878,47.18160268,493.2],[8.09950911,47.18158068,493.17],[8.09993939,47.18141671,492.97],[8.10000605,47.18139805,492.92],[8.10020237,47.18135607,492.77],[8.1002657,47.18134541,492.74],[8.100628,47.18130943,492.68],[8.10068266,47.1813031,492.7],[8.1011966,47.18121417,494.01],[8.10122226,47.18120984,494.19],[8.10139224,47.18119353,495.38],[8.10142157,47.18118953,495.59],[8.10180084,47.18112859,498.46],[8.1018275,47.18112393,498.69],[8.10206581,47.18106463,500.44],[8.10209447,47.18105663,500.62],[8.10228411,47.18097967,501.39],[8.10231211,47.18096801,501.44],[8.10250607,47.18087271,501.54],[8.10254673,47.18084905,501.51],[8.10272071,47.18072675,500.99],[8.10276604,47.18069075,500.73],[8.10286269,47.1806051,500.11],[8.10291368,47.18055377,499.87],[8.10321598,47.18021079,497.38],[8.10326631,47.18015513,496.87],[8.10341262,47.18000281,495.78],[8.10346095,47.17995748,495.46],[8.10381925,47.17967618,494.27],[8.10387091,47.17963719,494.14],[8.10423756,47.1793879,493.97],[8.10428689,47.17934957,493.95],[8.10432889,47.17930724,493.93],[8.10436555,47.17926258,493.92],[8.10454253,47.17899228,494.06],[8.10456886,47.17894962,494.08],[8.10459319,47.17890729,494.1],[8.10461419,47.17886596,494.11],[8.10468715,47.17869167,494.29],[8.10468981,47.17868601,494.36],[8.10465782,47.17865701,494.41],[8.10455617,47.17862803,494.61],[8.10451518,47.17861437,494.63],[8.10443919,47.17857838,494.69],[8.10441753,47.17855572,494.72],[8.10433057,47.17832776,494.65],[8.10431724,47.1782921,494.63],[8.10416831,47.17775449,494.86],[8.10415965,47.17770816,494.83],[8.10415699,47.17761717,494.85],[8.10416298,47.17757184,494.89],[8.10423363,47.17718187,494.81],[8.10424029,47.17714087,494.85],[8.1042919,47.17675226,494.88],[8.1042979,47.1767076,494.89],[8.10431254,47.17634097,494.81],[8.10431753,47.17629431,494.77],[8.10433452,47.17620299,494.71],[8.10434618,47.17615866,494.7],[8.10442416,47.17589869,494.85],[8.10443949,47.17585603,494.89],[8.1045028,47.17572804,494.92],[8.1045278,47.17568604,494.93],[8.10466011,47.17549141,495.04],[8.1046921,47.17545508,495.01],[8.10476275,47.17538609,494.97],[8.10480041,47.17535143,494.95],[8.10493773,47.17523711,494.66],[8.10498539,47.17519445,494.54],[8.10518337,47.1749848,493.87],[8.1052227,47.17494381,493.79],[8.10537301,47.17481317,493.7],[8.10539634,47.17478284,493.78],[8.10540633,47.17475151,493.89],[8.105402,47.17472252,494.06],[8.10538467,47.17469653,494.22],[8.10533268,47.17465054,494.62],[8.10530169,47.17462655,494.82],[8.10513838,47.17451591,495.5],[8.10511372,47.17449591,495.6],[8.10509639,47.17447525,495.74],[8.1050904,47.17445359,495.88],[8.10509839,47.1744306,496],[8.10511838,47.17440527,496.1],[8.10517838,47.17435194,496.1],[8.10521437,47.17432495,496.03],[8.10588062,47.17385468,495.14],[8.10592428,47.17382402,495.12],[8.10657085,47.17329343,496.11],[8.10660385,47.17326277,496.17],[8.1066665,47.17319978,496.19],[8.10669716,47.17316579,496.18],[8.10681414,47.17302047,496.15],[8.10684047,47.17298281,496.14],[8.10688546,47.17290615,496.2],[8.10690579,47.17287016,496.23],[8.10697975,47.17269951,496.57],[8.10699708,47.17267085,496.63],[8.1070564,47.17258486,496.73],[8.1070764,47.17255686,496.73],[8.10712172,47.1725082,496.77],[8.10714438,47.17248554,496.77],[8.10719303,47.17241989,496.79],[8.10720502,47.17240756,496.8],[8.10718069,47.17243655,497.2],[8.10716703,47.17245654,497.28],[8.10716137,47.1724802,497.34],[8.10716803,47.1725052,497.4],[8.10718936,47.1725272,497.46],[8.10722202,47.17254286,497.49],[8.10730435,47.17256118,497.41],[8.10734801,47.17256851,497.32],[8.10759565,47.17259948,497.15],[8.10764598,47.17260481,497.2],[8.10796061,47.17260614,497.38],[8.10800494,47.17260747,497.34],[8.10814025,47.17262512,496.98],[8.10818758,47.17262978,496.86],[8.10837623,47.1726278,496.64],[8.10842022,47.17262979,496.61],[8.10854287,47.17264511,496.51],[8.10858553,47.17265077,496.54],[8.10874584,47.17265642,496.71],[8.10876317,47.17266108,496.8],[8.10875717,47.17266508,496.8],[8.10873818,47.17266874,496.89],[8.10867519,47.17266774,497.04],[8.10863419,47.17266508,496.99],[8.10845054,47.1726391,496.6],[8.10840021,47.17263644,496.53],[8.10824323,47.17264209,496.56],[8.1081939,47.17264375,496.56],[8.10806958,47.17263477,496.46],[8.10804625,47.17263244,496.48],[8.10803625,47.17263743,496.45],[8.10804491,47.17264142,496.48],[8.10810487,47.17262413,496.63],[8.1081062,47.17262347,496.63],[8.10810719,47.17262479,496.53],[8.10821652,47.17264712,496.43],[8.10864715,47.17264845,496.48],[8.10870881,47.17265011,496.48],[8.10915778,47.17267507,497.64],[8.10921111,47.17267341,497.86],[8.10959708,47.17263479,499],[8.10963741,47.17262913,499.17],[8.10984272,47.1725775,500.28],[8.10987072,47.17257017,500.42],[8.11005366,47.17253755,500.92],[8.11006599,47.17253755,500.94],[8.11009164,47.17254121,501],[8.11010464,47.17254454,501.02],[8.11032628,47.17265617,501.68],[8.11058094,47.1727915,501.98],[8.11067658,47.1728198,502.15],[8.11069357,47.17281847,502.17],[8.11078187,47.17279417,502.34],[8.11079353,47.17278584,502.36],[8.11097309,47.17251396,502.72],[8.11097442,47.17251163,502.73],[8.11097508,47.17251097,502.73],[8.11102441,47.17249264,502.74],[8.11127568,47.17216105,503.04],[8.11129768,47.17213172,503.07],[8.11140533,47.17200841,502.88],[8.11143133,47.17197642,502.85],[8.11145699,47.17194376,502.83],[8.11148132,47.17191077,502.83],[8.11156129,47.17177347,502.79],[8.11156429,47.17176947,502.78],[8.11159593,47.17162882,502.45],[8.11160059,47.17161116,502.46],[8.11163692,47.1715715,502.47],[8.11169025,47.17155118,502.3],[8.11173258,47.17155019,502.27],[8.11177924,47.17155685,502.24],[8.11182657,47.17156884,502.2],[8.11192156,47.1716035,502.32],[8.11196955,47.1716235,502.37],[8.11244517,47.17185713,503.32],[8.11248983,47.17188012,503.36],[8.11315244,47.17228272,503.91],[8.11321044,47.17231872,503.93],[8.11359406,47.17257001,503.75],[8.11364472,47.17260267,503.74],[8.11395103,47.17276431,503.74],[8.11398836,47.17278064,503.74],[8.11420366,47.17282596,504],[8.11424699,47.17284829,504.08],[8.11428232,47.17287695,504.15],[8.11433664,47.17294894,504.22],[8.11436664,47.1729886,504.2],[8.11440697,47.17302693,504.17],[8.11445563,47.17306359,504.1],[8.11457428,47.17313058,503.93],[8.11464194,47.17316091,503.86],[8.11486159,47.1732359,503.89],[8.11493725,47.17325623,503.92],[8.1150899,47.17329055,503.99],[8.11516756,47.17330554,504.02],[8.1160035,47.17345585,504.02],[8.11607349,47.17346818,503.98],[8.11628781,47.17349683,503.78],[8.1163148,47.17349982,503.74],[8.11664208,47.17352343,504.33],[8.11670141,47.17353176,504.31],[8.11762899,47.17370469,505.07],[8.11768799,47.17371435,505.17],[8.12083461,47.17418601,514.79],[8.12088661,47.17419267,514.91],[8.12104893,47.17420332,515.18],[8.12110459,47.17420565,515.24],[8.12127758,47.17420432,515.35],[8.12133424,47.17420166,515.36],[8.12196017,47.17413705,515.32],[8.1220145,47.17413572,515.22],[8.12219115,47.17414037,514.95],[8.12225381,47.1741437,514.87],[8.12245113,47.17416035,514.67],[8.12252112,47.17417001,514.42],[8.12266877,47.174196,513.99],[8.1227451,47.17421399,513.81],[8.12304641,47.17430263,512.88],[8.12311441,47.17431596,512.59],[8.12331106,47.17431796,511.98],[8.12337572,47.17431697,511.78],[8.12350705,47.17433096,511.38],[8.12357271,47.17434496,511.2],[8.12363871,47.17436195,511.03],[8.12370504,47.17438194,510.88],[8.12421166,47.17455689,509.71],[8.12429299,47.17458222,509.57],[8.12471864,47.17470119,508.35],[8.1248063,47.17472352,508],[8.12514227,47.17478084,507.15],[8.12522027,47.17479617,507],[8.12554892,47.17487048,506.24],[8.12563625,47.17488781,506.13],[8.12581558,47.1749008,505.95],[8.12590491,47.17489681,505.84],[8.12599224,47.17488415,505.73],[8.1260749,47.17486415,505.61],[8.12640221,47.1747565,505.02],[8.12648687,47.17472617,504.8],[8.1265712,47.17469318,504.63],[8.12665586,47.17465885,504.47],[8.12714482,47.17443788,504.28],[8.12722515,47.17440289,504.28],[8.12778079,47.17417327,504.17],[8.12785545,47.17413694,504.15],[8.12805678,47.17401829,504.07],[8.12811844,47.17397796,504.07],[8.12833642,47.17382097,504.06],[8.12838475,47.17378364,504.11],[8.12868138,47.17354135,504.69],[8.12872304,47.17350836,504.76],[8.12876737,47.17347737,504.84],[8.1288147,47.17344871,504.91],[8.12891736,47.17339672,505.02],[8.12897269,47.17337373,505.07],[8.12927833,47.17328775,505.42],[8.12934399,47.17327576,505.54],[8.12960998,47.17326078,505.94],[8.12967764,47.17325678,506.02],[8.12988429,47.17322114,506.09],[8.12995229,47.17319914,506.05],[8.13056723,47.17293752,505.57],[8.13063789,47.17290952,505.53],[8.13105053,47.17275588,505.46],[8.13111453,47.17273189,505.48],[8.13162548,47.17256794,506.23],[8.13168748,47.17254461,506.32],[8.13187546,47.17247196,506.42],[8.13193946,47.17244696,506.42],[8.13256307,47.17218102,506.14],[8.1326224,47.17215636,506.08],[8.1338973,47.1716705,505.35],[8.13394996,47.17165017,505.38],[8.13415895,47.17157985,505.46],[8.13421028,47.17156386,505.47],[8.13450492,47.17148256,505.92],[8.13455392,47.1714679,505.99],[8.13509452,47.17129728,507.21],[8.13515085,47.17127895,507.34],[8.13572413,47.17107068,508.82],[8.13577913,47.17105035,509],[8.13615776,47.17090338,510.16],[8.13620209,47.17088472,510.28],[8.13638673,47.17078676,510.79],[8.13642272,47.1707691,510.9],[8.13664735,47.17066981,511.41],[8.13668968,47.17065248,511.49],[8.13720097,47.17047953,511.31],[8.13725796,47.17045887,511.27],[8.13766659,47.17028823,511.2],[8.13772725,47.17026023,511.3],[8.13822988,47.17002327,511.21],[8.13829254,47.16999327,511.17],[8.13858618,47.16984397,510.98],[8.13863951,47.16981298,510.93],[8.13898713,47.16959636,510.46],[8.13903612,47.16956403,510.34],[8.13933209,47.16935241,509.35],[8.13938675,47.16931408,509.04],[8.13969173,47.16911576,507.5],[8.13976372,47.16908077,507.23],[8.13992071,47.16903078,506.77],[8.14000237,47.16901512,506.59],[8.14045066,47.16895849,505.68],[8.14049766,47.16894983,505.58],[8.14054132,47.1689345,505.5],[8.14058265,47.1689155,505.44],[8.14066797,47.16886951,505.32],[8.14071263,47.16884585,505.27],[8.14088029,47.16874186,505.15],[8.14093595,47.16871386,505.11],[8.14099028,47.1686892,505.14],[8.14104127,47.16866954,505.21],[8.14130023,47.16858091,505.73],[8.14133322,47.16855591,505.86],[8.14135455,47.16852592,505.99],[8.14137254,47.16845293,505.96],[8.14137887,47.16840793,505.78],[8.14137221,47.16810162,504.96],[8.14137254,47.16803629,504.82],[8.14138953,47.1678963,504.44],[8.14140686,47.1678293,504.26],[8.14148018,47.16764165,503.62],[8.14150984,47.16758232,503.45],[8.14154317,47.16752433,503.31],[8.14157883,47.16746734,503.1],[8.14165982,47.16736035,502.79],[8.14170515,47.16730969,502.78],[8.14175281,47.16726069,502.79],[8.1418028,47.16721336,502.79],[8.14196413,47.16707671,502.79],[8.14202146,47.16703305,502.79],[8.14263774,47.16661877,502.73],[8.1426984,47.16657744,502.69],[8.14281506,47.16649278,502.67],[8.14287072,47.16645012,502.69],[8.14302904,47.16631913,502.82],[8.14307903,47.1662758,502.93],[8.14322369,47.16614448,503.06],[8.14327068,47.16609882,503.05],[8.14437692,47.16500659,503.92],[8.14442258,47.16496159,503.96],[8.1448052,47.16460028,504.25],[8.14485353,47.16455562,504.27],[8.14578411,47.16373872,504.28],[8.14583077,47.16369739,504.25],[8.14679467,47.16287683,503.87],[8.146836,47.16284184,503.89],[8.14747061,47.16234457,504.16],[8.14752261,47.16230491,504.2],[8.14836484,47.16169165,504.18],[8.14841783,47.16165466,504.11],[8.15150557,47.1595906,503.17],[8.1515589,47.15955427,503.2],[8.15379869,47.15798076,503.4],[8.15385302,47.15794243,503.47],[8.15461993,47.15742283,503.28],[8.15467326,47.15738584,503.25],[8.1554732,47.15678357,503.46],[8.15552453,47.15674157,503.5],[8.15567418,47.15661358,503.48],[8.15572251,47.15656992,503.43],[8.15604915,47.15626361,503.62],[8.15609681,47.15622028,503.63],[8.15644144,47.15592397,503.51],[8.15649277,47.15588231,503.44],[8.15676708,47.15568168,503.09],[8.15682474,47.15564169,503.15],[8.15712939,47.15544737,503.23],[8.15719238,47.15540771,503.21],[8.15855231,47.15459679,503.25],[8.15861731,47.15455879,503.36],[8.15952825,47.15403986,502.28],[8.15958958,47.15400386,502.29],[8.15996321,47.15380522,502.5],[8.16002454,47.15377256,502.59],[8.16060283,47.15345127,503.76],[8.16065883,47.15341961,503.84],[8.16090813,47.15323897,504.25],[8.16096446,47.15320631,504.24],[8.16126743,47.15305866,504.18],[8.16132942,47.15303133,504.26],[8.16139408,47.153007,504.32],[8.16146074,47.15298567,504.32],[8.16173472,47.15291403,504.25],[8.16180272,47.15289404,504.27],[8.16193804,47.15284672,504.29],[8.1620067,47.15282239,504.1],[8.16379089,47.1521402,503.07],[8.16386288,47.15211287,502.96],[8.1662537,47.1512191,506.68],[8.16630736,47.15119977,506.89],[8.16691197,47.1509925,509.57],[8.1669533,47.1509785,509.74],[8.16754822,47.15079757,511.75],[8.16758255,47.15078557,511.83],[8.16763954,47.15075925,512],[8.1676612,47.15074592,512.08],[8.16777382,47.15066729,512.31],[8.16777848,47.15065796,512.39],[8.16777748,47.1506463,512.48],[8.16777149,47.15063431,512.55],[8.16769419,47.15054668,512.38],[8.1676822,47.15053568,512.38],[8.16765755,47.15051569,512.18],[8.16764489,47.15050836,512.13],[8.16759893,47.15049604,511.36],[8.16759694,47.15049538,511.36],[8.16765427,47.15050904,511.36],[8.1676976,47.15054103,511.29],[8.1678776,47.15067203,511.29],[8.16800391,47.15064072,512.21],[8.16804724,47.15062606,512.24],[8.16859018,47.15041843,512.87],[8.16863151,47.1503991,512.94],[8.16876649,47.15031945,513.15],[8.16879748,47.15030212,513.17],[8.16901279,47.15019416,513.15],[8.16904445,47.15017783,513.12],[8.16923875,47.15006952,512.86],[8.16927208,47.15005019,512.84],[8.16961869,47.14982557,513.37],[8.16965402,47.14980191,513.37],[8.17041124,47.14921067,512.48],[8.17045557,47.14917567,512.51],[8.1710225,47.14871674,512.62],[8.17106549,47.14868408,512.61],[8.17119847,47.14858742,512.54],[8.1712458,47.14855643,512.44],[8.1714971,47.14840246,512.16],[8.17154843,47.14837147,512.16],[8.1722247,47.14799487,511.69],[8.1722767,47.14796688,511.65],[8.17276631,47.14771158,511.29],[8.17282031,47.14768425,511.26],[8.17308461,47.14755927,511.21],[8.17313494,47.14753561,511.2],[8.17342557,47.14740531,511.26],[8.1734729,47.14738665,511.27],[8.17416481,47.14714404,511.43],[8.17420947,47.14712804,511.48],[8.17464508,47.14696276,512.5],[8.17467174,47.14695243,512.5],[8.17482939,47.14688345,512.79],[8.17487605,47.14686212,512.83],[8.17534133,47.14662316,512.98],[8.17538799,47.14659717,512.87],[8.17632922,47.14603727,512.51],[8.17637921,47.14600727,512.46],[8.17692248,47.14567034,512.06],[8.17697381,47.14563901,512.06],[8.17820704,47.14489812,510.74],[8.1782677,47.14486046,510.62],[8.17871967,47.14461016,509.61],[8.17878633,47.14457183,509.46],[8.17921097,47.14431719,509.04],[8.17928563,47.14427253,508.96],[8.1808102,47.14332163,506.72],[8.18088519,47.1432753,506.56],[8.18274106,47.14214342,504.3],[8.18280172,47.14210643,504.25],[8.18320704,47.14184547,504.13],[8.1832627,47.14181014,504.11],[8.1840033,47.14136121,503.75],[8.18403529,47.14134188,503.67],[8.18441358,47.14109859,503.65],[8.18446558,47.14106559,503.7],[8.18582344,47.14023603,503.93],[8.18587744,47.14020337,503.91],[8.18772091,47.13906322,504.59],[8.18777057,47.13903223,504.61],[8.18861084,47.13852364,505.4],[8.18866583,47.13848998,505.47],[8.18903781,47.1382527,505.92],[8.1890908,47.13822137,505.96],[8.18935877,47.13807972,506.13],[8.18941343,47.13805506,506.16],[8.1897434,47.13793076,506.28],[8.18979473,47.1379171,506.29],[8.18989472,47.13789444,506.31],[8.18994471,47.13788411,506.35],[8.19010703,47.13786012,506.52],[8.19016369,47.13785346,506.56],[8.19033034,47.13784181,506.68],[8.190382,47.13783982,506.73],[8.19058865,47.13783816,507.06],[8.19063965,47.13783283,507.2],[8.19068798,47.1378225,507.35],[8.19077198,47.13778918,507.6],[8.19080698,47.13776752,507.7],[8.1908633,47.13771086,507.85],[8.19087796,47.13767653,507.9],[8.1908673,47.13734925,508.03],[8.19086631,47.13730692,508.03],[8.1908753,47.13722927,508.04],[8.19088629,47.13719494,508.08],[8.19091728,47.13713228,508.25],[8.19093694,47.13710395,508.36],[8.19111224,47.13696032,509.22],[8.19113257,47.13694299,509.24],[8.19120187,47.13685135,509.42],[8.1912112,47.13683402,509.46],[8.19121453,47.13681436,509.5],[8.19121154,47.13679203,509.55],[8.19118889,47.13667671,509.59],[8.19118723,47.13664272,509.56],[8.19121421,47.13647474,509.15],[8.1912272,47.13642741,508.96],[8.19139782,47.13603813,508.1],[8.19141515,47.13599913,508.03],[8.19147547,47.13588715,507.9],[8.19149313,47.13585115,507.86],[8.19154011,47.13570784,507.62],[8.19155344,47.13567351,507.56],[8.19162709,47.13550786,507.58],[8.19164142,47.1354742,507.58],[8.1916884,47.13532622,507.51],[8.19170373,47.13528722,507.47],[8.19185036,47.13502292,507.27],[8.19187136,47.13498593,507.28],[8.191956,47.13485261,507.29],[8.191974,47.13482295,507.29],[8.19198366,47.13479796,507.3],[8.19198599,47.13477663,507.3],[8.19197733,47.13473997,507.35],[8.19197966,47.13472197,507.37],[8.19199366,47.13470664,507.42],[8.19202065,47.13469698,507.47],[8.19220095,47.13468633,507.63],[8.19224928,47.13467933,507.68],[8.1923816,47.13464334,507.88],[8.19241826,47.13462901,507.99],[8.19269621,47.13448705,509.25],[8.19273154,47.13446706,509.45],[8.19294385,47.13434209,510.51],[8.19297885,47.13432143,510.51],[8.19307217,47.13425744,511.43],[8.19309916,47.13423311,511.6],[8.19314915,47.13418412,511.86],[8.19317115,47.13415946,512],[8.19320647,47.1341088,512.35],[8.19322313,47.13408347,512.49],[8.1933141,47.13385217,513.82],[8.19332343,47.13382951,513.98],[8.19340807,47.13366688,514.95],[8.19342273,47.13364422,515.09],[8.19371764,47.13326833,518],[8.1937323,47.13324733,518.18],[8.19390655,47.13293975,520.39],[8.19391854,47.13292109,520.55],[8.19402384,47.13281279,521.53],[8.19404184,47.13279413,521.73],[8.19408749,47.13273448,522.26],[8.19410482,47.13271482,522.43],[8.19437645,47.13247823,524.76],[8.19439811,47.1324599,524.92],[8.19460006,47.13230161,526.35],[8.19462272,47.13228261,526.49],[8.19472203,47.13218363,527.26],[8.19474303,47.13216397,527.39],[8.19501862,47.13193137,528.83],[8.19504228,47.13191138,528.9],[8.19514291,47.13180306,529.41],[8.19516324,47.13178106,529.53],[8.19560514,47.13135715,530.87],[8.19563114,47.13133349,530.93],[8.19573846,47.13124118,531.24],[8.19576579,47.13121919,531.4],[8.19588043,47.13113888,531.89],[8.19590643,47.13111722,531.98],[8.19613006,47.13090326,532.76],[8.19615739,47.13087993,532.9],[8.19647168,47.13066396,534.59],[8.19650567,47.13064363,534.74],[8.19677994,47.13048735,536.08],[8.19681494,47.13047036,536.23],[8.19716022,47.13031041,537.5],[8.19719488,47.13029475,537.59],[8.19741951,47.13020277,538.07],[8.19745717,47.13018877,538.17],[8.19783112,47.13008149,538.78],[8.19787345,47.13007016,538.79],[8.19825842,47.12998886,538.64],[8.19831042,47.12997653,538.6],[8.19897069,47.12979726,537.64],[8.19901868,47.12978393,537.61],[8.19998356,47.12949303,537.27],[8.20002556,47.12948037,537.24],[8.20033185,47.12940808,537.64],[8.20037718,47.12939542,537.74],[8.20059383,47.12931545,537.73],[8.20064083,47.12930212,537.74],[8.20106178,47.12920284,537.97],[8.20110844,47.12919451,538.05],[8.20149639,47.12915288,538.34],[8.20154505,47.12914722,538.34],[8.20186369,47.12909325,538.51],[8.20190935,47.12908759,538.58],[8.20228765,47.12904629,538.71],[8.20233364,47.12904196,538.75],[8.20251263,47.12903298,539.1],[8.20255696,47.12902999,539.17],[8.20294992,47.12897904,539.41],[8.20299392,47.12897305,539.47],[8.20372148,47.12883713,539.71],[8.20376148,47.12882847,539.71],[8.20414274,47.12870119,540.28],[8.2041734,47.12868953,540.31],[8.20430471,47.12865322,540.66],[8.2043357,47.12864356,540.8],[8.20460533,47.12852393,542.1],[8.20463299,47.1285126,542.25],[8.20472131,47.12848995,542.59],[8.2047493,47.12848162,542.72],[8.20485594,47.12841598,543.36],[8.2048786,47.12840465,543.52],[8.20501856,47.12834867,544.38],[8.20504089,47.12834034,544.53],[8.20514053,47.1282837,545.13],[8.20516152,47.12827304,545.24],[8.20531016,47.12820508,546.51],[8.20532815,47.12819542,546.67],[8.20544778,47.12812179,547.57],[8.20546411,47.12810979,547.67],[8.20557106,47.12800284,548.63],[8.20557305,47.12800085,548.78],[8.20571935,47.12793554,550.02],[8.20574601,47.12792655,550.1],[8.20591198,47.12788659,550.54],[8.20593798,47.12788026,550.61],[8.2060373,47.12784828,550.95],[8.20606396,47.12784295,551.05],[8.20621361,47.12782698,551.58],[8.20624561,47.12782332,551.68],[8.20676453,47.12774207,552.73],[8.20680086,47.12773641,552.77],[8.20759007,47.12758785,553.52],[8.2076274,47.12758119,553.53],[8.20784536,47.12752755,553.69],[8.20788069,47.12751655,553.76],[8.20818333,47.12741427,553.97],[8.20822466,47.12739994,553.97],[8.20855695,47.12724431,553.65],[8.20860028,47.12722465,553.55],[8.20900424,47.1270507,552.72],[8.20905157,47.12703004,552.6],[8.20986216,47.12670014,551.92],[8.20990882,47.12668114,551.86],[8.21005313,47.12663315,551.75],[8.21009779,47.12661516,551.73],[8.21079169,47.12631492,552.06],[8.21083902,47.12629559,552.13],[8.21102634,47.12620528,551.99],[8.21107567,47.12618362,551.88],[8.21161895,47.12596933,551.67],[8.21167694,47.12594634,551.71],[8.21214157,47.12574905,551.6],[8.21220156,47.12572339,551.42],[8.21264386,47.1255091,550.19],[8.21270952,47.12547344,549.91],[8.2133208,47.12509948,548.21],[8.21339646,47.12505182,548.09],[8.21354911,47.12494983,547.68],[8.21362477,47.12489484,547.37],[8.21418141,47.12446621,544.86],[8.21426074,47.12440588,544.49],[8.21447205,47.12421889,543.43],[8.21453271,47.1241549,543.11],[8.21458737,47.1240899,542.67],[8.2146357,47.12402457,542.27],[8.214815,47.12371992,540.54],[8.21485666,47.12366559,540.23],[8.21525828,47.12323195,540.15],[8.21529094,47.12319395,540.4],[8.21559555,47.12278967,542.77],[8.21561921,47.12275801,542.92],[8.21597843,47.12222211,544.97],[8.21599542,47.12219545,545.25],[8.21605307,47.12211714,545.73],[8.2160714,47.12209248,545.89],[8.21617636,47.12198318,547.02],[8.21619535,47.12195952,547.26],[8.21648658,47.12153228,549.03],[8.21650224,47.12151028,549.09],[8.21676249,47.12110137,551.17],[8.21677715,47.12107704,551.25],[8.21681214,47.12100539,551.63],[8.21681947,47.12098106,551.76],[8.21683378,47.12078542,552.39],[8.21683312,47.12075843,552.4],[8.21680414,47.12055879,552.3],[8.21679881,47.12052646,552.25],[8.21667627,47.11919692,546.37],[8.21667827,47.11913459,546.38],[8.21668793,47.11907526,546.38],[8.21673126,47.11896694,546.28],[8.21676259,47.11891661,546.2],[8.21680058,47.11886895,546.1],[8.21684524,47.11882462,546.01],[8.21695689,47.11874863,545.96],[8.21701922,47.11871497,545.95],[8.21728353,47.11858867,545.79],[8.21735119,47.11855901,545.73],[8.21891074,47.11789613,542.08],[8.21897207,47.11787014,542],[8.21943736,47.1176505,542.23],[8.21949602,47.11762417,542.21],[8.22058127,47.1171526,543.82],[8.22063427,47.11712894,543.79],[8.2209799,47.11698764,543.77],[8.22103823,47.11696265,543.8],[8.22135087,47.11681968,544.55],[8.22139787,47.11679835,544.7],[8.22172617,47.11666206,545.44],[8.22177383,47.11664207,545.5],[8.22197913,47.11654276,546.24],[8.22201746,47.11652543,546.34],[8.22254138,47.11630384,546.74],[8.22257904,47.11628685,546.87],[8.22293098,47.11611525,547.74],[8.22296764,47.11609726,547.83],[8.22318894,47.1159773,549.03],[8.2232276,47.11595631,549.16],[8.22367253,47.1157007,550],[8.22370886,47.11567971,549.98],[8.2240558,47.11546975,550.85],[8.22408813,47.11545042,550.92],[8.22441108,47.11527147,551.22],[8.22444274,47.11525414,551.28],[8.224974,47.11499088,554.08],[8.22501433,47.11497188,554.24],[8.22544561,47.11481093,555.84],[8.22548394,47.1147986,555.96],[8.22601521,47.114653,557.81],[8.22605154,47.11464334,557.94],[8.22633883,47.11457471,558.76],[8.22637449,47.11456505,558.81],[8.22675244,47.11445009,559.58],[8.22679343,47.11443676,559.66],[8.22728237,47.11426147,560.08],[8.2273307,47.11424448,560.12],[8.22821893,47.11389859,560.3],[8.22826993,47.11387826,560.31],[8.22864724,47.11375264,560.48],[8.22870357,47.11373698,560.52],[8.22887955,47.11369766,560.59],[8.22894021,47.113687,560.64],[8.22918886,47.11365435,560.87],[8.22925186,47.11365035,560.93],[8.22950484,47.11364768,561.07],[8.22956817,47.11365001,561.11],[8.22981715,47.11367432,561.28],[8.22987948,47.11368198,561.34],[8.23038645,47.11378595,561.45],[8.23045045,47.11380128,561.42],[8.23182033,47.11414883,560.28],[8.23189733,47.11416616,560.24],[8.23213598,47.11420448,560.07],[8.23221931,47.11421347,560.01],[8.23247729,47.11422612,559.79],[8.23256462,47.11422579,559.72],[8.23273828,47.1142178,559.45],[8.23282394,47.11420947,559.3],[8.23324158,47.11415415,558.98],[8.23332291,47.11414216,558.76],[8.23393685,47.11402786,557.85],[8.23400651,47.1140142,557.82],[8.23437681,47.11393356,557.89],[8.23443914,47.1139219,557.81],[8.23523808,47.11381196,556.9],[8.23531341,47.1138003,556.73],[8.23569404,47.11371233,556.62],[8.23576937,47.113693,556.7],[8.23598835,47.11362669,556.96],[8.23605801,47.11360303,557.04],[8.23643132,47.11345073,557.42],[8.23648631,47.11342407,557.47],[8.23743987,47.11293081,558.41],[8.23749686,47.11290081,558.49],[8.23859243,47.11231323,559.13],[8.23864443,47.1122809,558.96],[8.23899706,47.11204926,558.03],[8.23904639,47.11201593,557.92],[8.23938202,47.11178131,557.48],[8.23943068,47.11174798,557.48],[8.24247637,47.109594,557.81],[8.2424877,47.10958634,557.84],[8.2425987,47.10953768,557.84],[8.24279967,47.10942071,557.92],[8.24284266,47.10939838,557.92],[8.24317029,47.10924375,557.8],[8.24321928,47.10922242,557.7],[8.24412088,47.10885782,556.88],[8.24418188,47.10883383,556.8],[8.24430454,47.10878751,556.69],[8.24436687,47.10876518,556.69],[8.24462685,47.10868353,556.66],[8.24469551,47.10866554,556.63],[8.24498249,47.10860156,556.33],[8.24505682,47.1085869,556.37],[8.24589809,47.10843559,556.53],[8.24597675,47.10842126,556.44],[8.24726301,47.10821465,554.63],[8.24734767,47.10820032,554.56],[8.24928523,47.10786344,552.46],[8.24937356,47.10784811,552.41],[8.25050049,47.10763884,551.33],[8.25058749,47.10762384,551.25],[8.25111512,47.10753821,550.72],[8.25120345,47.10752588,550.62],[8.25147577,47.10750256,550.3],[8.25156777,47.10749823,550.16],[8.25175209,47.10749956,549.85],[8.25184308,47.10750456,549.72],[8.2521064,47.10754021,549.45],[8.25219373,47.1075562,549.39],[8.25299001,47.10773715,548.2],[8.25308234,47.10775714,548.13],[8.25459627,47.1080694,545.8],[8.25469993,47.10809106,545.62],[8.25637018,47.10839463,541.85],[8.25644451,47.10840829,541.75],[8.25695647,47.10849192,540.7],[8.25701147,47.10849725,540.65],[8.25706546,47.10849758,540.61],[8.25711545,47.10849125,540.57],[8.25718744,47.10846793,540.48],[8.2571921,47.10846527,540.48],[8.25726209,47.10847359,540.39],[8.25728775,47.10847093,540.5],[8.25731041,47.10845727,540.57],[8.25732907,47.10843494,540.62],[8.25746605,47.10825164,540.22],[8.25750404,47.10820498,540.13],[8.25768403,47.10801034,539.75],[8.25773536,47.10796168,539.69],[8.25836497,47.10740473,538.77],[8.2584233,47.10735374,538.62],[8.25913324,47.10674647,537.23],[8.25918223,47.10670281,537.16],[8.25950453,47.10641017,536.82],[8.25954819,47.10636817,536.78],[8.25966585,47.10623552,536.78],[8.25970251,47.10618953,536.79],[8.25988048,47.10595221,536.79],[8.25991314,47.10590422,536.77],[8.2599448,47.10585523,536.77],[8.25997446,47.10580523,536.75],[8.26002579,47.10570291,536.6],[8.26004978,47.10564991,536.5],[8.26014076,47.10543426,536.19],[8.26016009,47.10537727,536.12],[8.26035071,47.10470132,534.02],[8.26037637,47.10462632,533.78],[8.26046536,47.104403,532.69],[8.26049869,47.10432934,532.26],[8.26061034,47.10411735,531.03],[8.260651,47.10405002,530.66],[8.26069333,47.10398402,530.34],[8.26073733,47.10392002,530.01],[8.26088098,47.10373736,528.98],[8.26093064,47.10368003,528.66],[8.26109896,47.10351937,528.01],[8.26115562,47.10346571,527.77],[8.26125295,47.10335472,527.37],[8.26129928,47.10329973,527.14],[8.26155459,47.10303409,526.05],[8.26160392,47.10298076,525.84],[8.26171458,47.1028771,525.38],[8.26177558,47.1028271,525.18],[8.26285517,47.10204217,521.13],[8.26294583,47.10197684,520.53],[8.2633958,47.10168487,517.87],[8.26346613,47.10163854,517.43],[8.26364845,47.10150322,515.86],[8.26371644,47.10146756,515.3],[8.2637931,47.10144823,514.81],[8.26387543,47.1014439,514.42],[8.26456073,47.10148187,512.33],[8.26467373,47.1014862,511.95],[8.26491139,47.10149119,511.29],[8.26503505,47.10149152,510.89],[8.26528937,47.10148486,510.15],[8.26541836,47.10147587,509.75],[8.26554702,47.10146154,509.37],[8.26567435,47.10144254,508.98],[8.26580001,47.10141788,508.55],[8.26592267,47.10138755,508.11],[8.266041,47.10135189,507.61],[8.266156,47.10131156,507.19],[8.26626566,47.10126656,506.67],[8.26647065,47.10116591,505.77],[8.26656731,47.10111258,505.3],[8.26784523,47.10033397,499.97],[8.26791089,47.10029331,499.78],[8.26831318,47.10001201,498.8],[8.26836451,47.09997435,498.68],[8.26850716,47.09985769,498.31],[8.26855149,47.0998177,498.21],[8.26876346,47.09960072,497.78],[8.26880412,47.09955473,497.73],[8.2690674,47.09923943,496.84],[8.26910373,47.0991941,496.69],[8.26917405,47.09910278,496.43],[8.26920638,47.09905679,496.32],[8.26929103,47.09891514,496.05],[8.26932169,47.09886881,495.99],[8.26944134,47.09873716,495.85],[8.26949,47.0986945,495.84],[8.27002626,47.09824256,496.68],[8.27007492,47.09820723,496.65],[8.27017492,47.0981429,496.68],[8.27022625,47.09811324,496.71],[8.27064987,47.09789627,496.84],[8.2707012,47.09786827,496.82],[8.27084585,47.09778095,496.61],[8.27089318,47.09775029,496.55],[8.27104117,47.09764696,496.43],[8.27108317,47.09760897,496.21],[8.2711125,47.09756764,495.99],[8.27112416,47.09752165,495.77],[8.27113182,47.09742033,495.26],[8.27115482,47.09737067,494.99],[8.27119948,47.09732901,494.69],[8.27139147,47.09723002,493.89],[8.2714508,47.09718836,493.66],[8.27150579,47.0971417,493.4],[8.27155845,47.09709004,493.14],[8.27164811,47.09697372,492.6],[8.27168677,47.09690939,492.33],[8.27182708,47.09662741,491.13],[8.27186208,47.09655341,490.91],[8.27203039,47.09617011,489.58],[8.27206405,47.09609112,489.33],[8.27209571,47.09601046,488.99],[8.27212371,47.09592813,488.66],[8.2721697,47.09575714,488.01],[8.27218603,47.09567014,487.7],[8.27220402,47.09549182,486.83],[8.27220402,47.09540083,486.38],[8.27219836,47.0953105,485.94],[8.2721867,47.09522017,485.54],[8.27215071,47.09504051,484.69],[8.27212705,47.09495351,484.26],[8.27209906,47.09487051,483.9],[8.27206973,47.09479085,483.56],[8.2719031,47.09439788,482.45],[8.27187777,47.09434522,482.43],[8.27175512,47.09412624,482.86],[8.27173346,47.09408958,482.94],[8.27161683,47.09392327,483.71],[8.27161117,47.09389994,483.8],[8.27161717,47.09387994,483.91],[8.27163683,47.09386594,484.07],[8.27173215,47.09385263,484.52],[8.27175948,47.09384763,484.62],[8.27180978,47.09381233,484.81],[8.27182178,47.093794,484.81],[8.27181778,47.09377034,484.79],[8.27180645,47.09375568,484.8],[8.27174613,47.09372003,484.84],[8.27173013,47.09370803,484.86],[8.27170614,47.09368038,484.89],[8.27169815,47.09366405,484.91],[8.27169815,47.09359907,485.09],[8.27169881,47.09358074,485.15],[8.27168916,47.09351009,485.06],[8.27169882,47.0934791,485],[8.27174281,47.09341078,484.91],[8.27177347,47.09337345,484.88],[8.27189812,47.0932548,484.75],[8.27194212,47.09321081,484.64],[8.27207209,47.09306615,484.37],[8.27211909,47.09301749,484.28],[8.2723474,47.09282152,483.69],[8.27241106,47.09276953,483.45],[8.27300668,47.09229524,480.12],[8.27306167,47.09225058,479.68],[8.27315532,47.09216726,479.01],[8.27319165,47.09213093,478.73],[8.27329263,47.09201795,477.94],[8.27332463,47.09199829,477.82],[8.27336729,47.09198763,477.75],[8.27341462,47.09198796,477.7],[8.27346328,47.09199629,477.67],[8.27389057,47.09214024,477.89],[8.27395323,47.09216157,477.94],[8.27430089,47.09226622,477.78],[8.27437555,47.09228655,477.74],[8.2745972,47.09233554,477.67],[8.27466653,47.09234954,477.72],[8.27490018,47.09238552,478.25],[8.27495184,47.09238985,478.38],[8.27548511,47.09240316,480.44],[8.27553677,47.09240183,480.44],[8.2756371,47.09238884,480.85],[8.27568509,47.09237818,480.85],[8.27586175,47.09232153,481.23],[8.27590408,47.09230887,481.3],[8.27607905,47.0922889,481.64],[8.27612438,47.09228657,481.74],[8.27682966,47.09231418,481.54],[8.27690599,47.09231651,481.41],[8.2773963,47.09231053,480.76],[8.27746263,47.09230687,480.74],[8.27793492,47.09225658,480.4],[8.27800858,47.09224392,480.28],[8.27825656,47.09219194,479.87],[8.27835022,47.09217128,479.74],[8.2787732,47.09206597,478.45],[8.27888953,47.09203431,478.04],[8.27949584,47.091841,475.81],[8.2796205,47.09179801,475.81],[8.27974516,47.09175235,474.84],[8.27986915,47.09170336,474.23],[8.28034647,47.09149338,471.76],[8.28046546,47.09144672,471.11],[8.28058545,47.09140472,470.53],[8.28070678,47.09136773,469.95],[8.28082844,47.09133674,469.39],[8.2809491,47.09131341,468.91],[8.2810691,47.09130008,468.42],[8.2811871,47.09129675,467.96],[8.28141576,47.09131474,467.24],[8.28152675,47.09133073,466.9],[8.28296936,47.09160966,462.29],[8.28306235,47.09161732,461.24],[8.28315768,47.09161499,460.68],[8.28325334,47.09160499,460.12],[8.28362798,47.09153735,457.11],[8.28369497,47.09151635,456.6],[8.28375463,47.09148736,456.16],[8.28388528,47.09138971,454.66],[8.28389061,47.09138338,454.32],[8.28401392,47.0913094,452.83],[8.28404925,47.09128774,452.69],[8.28417956,47.09118377,451.85],[8.28422589,47.09115244,451.59],[8.28428288,47.09112478,451.32],[8.28434921,47.09110512,451.02],[8.28442087,47.09109446,450.74],[8.2844992,47.0910928,450.41],[8.28467653,47.09111112,449.89],[8.28477619,47.09113078,449.54],[8.28518984,47.09125209,447.69],[8.2852925,47.09126675,447.1],[8.2853935,47.09126941,446.53],[8.28549283,47.09126375,445.95],[8.28568382,47.09123076,444.99],[8.28577448,47.09120477,444.61],[8.28585881,47.09117211,444.28],[8.2859328,47.09113112,444.02],[8.28599413,47.09108279,443.78],[8.28604379,47.09102713,443.46],[8.28608312,47.0909698,443.14],[8.28615777,47.09080315,442.58],[8.28617543,47.09075116,442.61],[8.28631603,47.09025888,443.9],[8.28632536,47.09022422,443.96],[8.28640865,47.08998161,445.87],[8.28641898,47.08995562,446.21],[8.28649097,47.08983764,447.71],[8.2865063,47.08981531,447.95],[8.28659761,47.08971067,449.27],[8.28661861,47.08969167,449.52],[8.28677525,47.08960768,450.88],[8.28681458,47.08959335,451.13],[8.28701522,47.08955505,451.89],[8.28705421,47.08954739,452],[8.28721986,47.08950374,452.27],[8.28726319,47.08949108,452.32],[8.28773714,47.08930478,451.28],[8.28779947,47.08927979,451.13],[8.28841309,47.08899184,450.68],[8.28848775,47.08895551,450.56],[8.2889314,47.08871889,449.49],[8.28900339,47.08868023,449.35],[8.28938403,47.08843858,448.67],[8.28943569,47.08839592,448.4],[8.28986465,47.08799129,446.64],[8.28991665,47.08794196,446.54],[8.29019796,47.08764899,445.8],[8.29025795,47.08758033,445.54],[8.29031661,47.08750867,445.23],[8.29037127,47.08743134,444.71],[8.29046659,47.08726601,443.39],[8.29050925,47.08718001,442.56],[8.29086554,47.08639373,439.33],[8.29089587,47.08632507,439.12],[8.29092353,47.08625807,438.81],[8.29094653,47.08619141,438.37],[8.29096319,47.08612441,437.86],[8.29097318,47.08605775,437.32],[8.29096985,47.08592443,436.71],[8.29095186,47.08585977,435.56],[8.29088454,47.08574245,434.41],[8.29083855,47.08569179,433.86],[8.29078689,47.08564946,433.41],[8.29073323,47.0856168,433.06],[8.29044559,47.08550152,431.61],[8.29045259,47.08548386,431.52],[8.29048292,47.08548519,430.74],[8.29052425,47.08549219,430.79],[8.29074356,47.08555484,430.88],[8.29080989,47.0855685,430.87],[8.29095288,47.08557316,430.77],[8.29102354,47.0855615,430.72],[8.2910912,47.08554284,430.72],[8.2911552,47.08551884,430.6],[8.2914945,47.08534853,430.36],[8.2915625,47.0853262,430.34],[8.29164016,47.0853082,430.3],[8.29172716,47.08529321,430.22],[8.29215148,47.0852339,429.18],[8.29227147,47.08521157,428.72],[8.29239213,47.08518124,428.21],[8.29251079,47.08514325,427.77],[8.29273278,47.08505026,426.93],[8.29283277,47.08499793,426.46],[8.2930021,47.08488128,425.69],[8.29307043,47.08481828,425.39],[8.29312709,47.08475428,425.05],[8.29317809,47.08468895,424.76],[8.2933974,47.08437965,423.53],[8.29344139,47.08432266,423.51],[8.29368137,47.08406769,423.39],[8.29373037,47.08402103,423.34],[8.29392635,47.08384238,423.32],[8.29397568,47.08380038,423.32],[8.29428966,47.08355373,423.02],[8.29434166,47.08351207,422.96],[8.29483494,47.08310645,423.35],[8.2948846,47.08306779,423.42],[8.29510091,47.08292514,423.58],[8.29516024,47.08289281,423.61],[8.29561055,47.08268551,423.98],[8.29567521,47.08265585,424.06],[8.29592019,47.08252553,424.3],[8.29597785,47.08249187,424.36],[8.29630049,47.08228491,424.43],[8.29635349,47.08225158,424.43],[8.29660712,47.08207694,424.45],[8.29665912,47.08204195,424.48],[8.2977567,47.08132008,424.46],[8.29780836,47.08128575,424.36],[8.29791168,47.08122109,424.19],[8.29796601,47.08119043,424.13],[8.29813999,47.08110711,424.02],[8.29819432,47.08107412,423.99],[8.29829697,47.08100147,423.95],[8.29834797,47.08096281,423.94],[8.29854794,47.08080084,423.83],[8.2985976,47.08075985,423.79],[8.29883358,47.08055688,423.71],[8.29887858,47.08051622,423.76],[8.29926721,47.08015328,424.31],[8.29931121,47.08011329,424.35],[8.29945853,47.08000265,424.38],[8.29951319,47.07996965,424.42],[8.29957018,47.07993899,424.47],[8.29963051,47.07991066,424.53],[8.29988082,47.07981368,424.93],[8.29994382,47.07979235,424.99],[8.30007515,47.07975602,425.03],[8.30014081,47.07973702,425.06],[8.3006371,47.07956807,425.25],[8.30069843,47.07954808,425.25],[8.30134837,47.07935178,425.62],[8.30138403,47.07933979,425.65],[8.30140636,47.07932713,425.68],[8.30141802,47.07931347,425.7],[8.30141835,47.07930081,425.71],[8.30141036,47.07929082,425.73],[8.30138771,47.0792765,425.76],[8.30138205,47.0792725,425.75],[8.30135906,47.07928683,425.74],[8.30136405,47.07929483,425.34],[8.30138104,47.07931449,425.34],[8.30139803,47.07932549,425.52],[8.30142336,47.07933215,425.57],[8.30145636,47.07933215,425.62],[8.30176233,47.07929385,425.82],[8.30181999,47.07928719,425.87],[8.30232295,47.0792099,425.6],[8.30238261,47.07920057,425.53],[8.30257127,47.07916325,425.27],[8.3026356,47.07914526,425.23],[8.30337987,47.07891899,425.07],[8.30342786,47.07890566,425.04],[8.30396449,47.07882537,425.21],[8.30403082,47.07881604,425.06],[8.30436779,47.0787884,424.59],[8.30443412,47.07878107,424.49],[8.30486942,47.0787151,424.31],[8.30492641,47.07870744,424.32],[8.30520005,47.07868813,424.5],[8.30525138,47.07869713,424.53],[8.30529871,47.07871379,424.57],[8.30534337,47.07873645,424.6],[8.30548003,47.07881944,424.64],[8.30552536,47.07884777,424.65],[8.30565635,47.07893942,424.68],[8.30570401,47.07896908,424.71],[8.305811,47.07901841,424.82],[8.30587066,47.07903407,424.88],[8.30593265,47.07904207,424.92],[8.30599631,47.07904141,424.96],[8.30618663,47.07901376,425.06],[8.30625063,47.07901442,425.07],[8.30631262,47.07902475,425.06],[8.30637028,47.07904308,425.05],[8.3065386,47.07911573,424.97],[8.30660126,47.07913239,424.91],[8.30666526,47.07913939,424.86],[8.30678892,47.07912673,424.8],[8.30683925,47.07910874,424.77],[8.30687758,47.07908474,424.76],[8.30689858,47.07905841,424.78],[8.30689957,47.07903075,424.92],[8.30688758,47.07900309,425.04],[8.30684159,47.07895277,425.38],[8.30681093,47.07892911,425.52],[8.30639597,47.07870015,425.99],[8.30633564,47.07866316,426.05],[8.30563704,47.07820388,426.39],[8.30558071,47.07816655,426.42],[8.30347528,47.07675945,426.88],[8.30342262,47.07672479,426.82],[8.30316264,47.07654247,426.55],[8.30310698,47.07650514,426.48],[8.30281933,47.07631885,426.34],[8.30276234,47.07628119,426.33],[8.3018531,47.07565427,426.62],[8.30180344,47.07562228,426.69],[8.30146913,47.07538265,427.23],[8.30142047,47.07534866,427.27],[8.30019194,47.07452243,428.43],[8.30014095,47.07449044,428.44],[8.29971933,47.07424715,428.69],[8.299665,47.07421682,428.68],[8.29922038,47.07397853,428.75],[8.29916505,47.07394887,428.76],[8.29773851,47.07315435,429.18],[8.29768218,47.07312336,429.2],[8.29607066,47.07221117,429.32],[8.29601866,47.07218117,429.21],[8.29569701,47.07201854,429.01],[8.29564402,47.07199054,429.08],[8.29532739,47.07178825,429.42],[8.29527673,47.07175759,429.4],[8.2948331,47.07152463,429.6],[8.29477844,47.07149463,429.65],[8.29429181,47.07121469,429.98],[8.29423815,47.07118436,429.98],[8.29396718,47.07103772,429.92],[8.29391485,47.07100806,429.9],[8.29277567,47.07031187,430.13],[8.29273934,47.07028921,430.07],[8.29176979,47.06973833,430.14],[8.29171379,47.06970567,430.14],[8.28948872,47.06835554,430.62],[8.28943506,47.06832221,430.67],[8.28915842,47.06816124,430.63],[8.28910176,47.06813091,430.57],[8.2889881,47.06807158,430.48],[8.28893044,47.06804358,430.45],[8.28869945,47.06794328,430.51],[8.28864112,47.06792095,430.56],[8.28829116,47.06780464,430.8],[8.28823216,47.06778664,430.82],[8.28787686,47.06769201,430.93],[8.2878182,47.06767635,430.96],[8.28745857,47.06761439,431.14],[8.28739991,47.06760573,431.17],[8.28665198,47.06751848,431.74],[8.28659998,47.06751282,431.8],[8.286443,47.06748784,432.11],[8.28639067,47.06747918,432.18],[8.28634067,47.06746719,432.25],[8.28629268,47.06745153,432.27],[8.28619103,47.06741154,432.26],[8.28613337,47.06739254,432.17],[8.28600405,47.06736122,431.91],[8.28593472,47.06734923,431.78],[8.28586339,47.06733923,431.64],[8.28579173,47.06733257,431.5],[8.28564708,47.06732758,431.31],[8.28557775,47.06733024,431.27],[8.28551276,47.06733657,431.25],[8.28545176,47.06734657,431.28],[8.28513912,47.06741356,431.81],[8.28507212,47.06742455,431.94],[8.28500679,47.06742988,432.08],[8.28494546,47.06742489,432.23],[8.28489346,47.06740656,432.37],[8.2848538,47.06737823,432.5],[8.28480914,47.06730724,432.79],[8.28480048,47.06726991,432.96],[8.28479017,47.06711693,433.54],[8.28478751,47.06707793,433.6],[8.28477687,47.06677363,433.79],[8.28477521,47.0667293,433.76],[8.28477754,47.06655732,433.68],[8.2847782,47.06651566,433.68],[8.28476822,47.06637867,433.63],[8.28475389,47.06632768,433.41],[8.28472523,47.06627702,433.27],[8.28457724,47.06611836,432.6],[8.28453191,47.06605903,432.32],[8.28449758,47.06599637,431.99],[8.28445525,47.06586938,431.4],[8.28444292,47.06580672,431.18],[8.28441295,47.06544375,431.02],[8.28440929,47.06538609,431.02],[8.28440463,47.06488314,430.26],[8.28441296,47.06483048,430.22],[8.28446461,47.06462016,430.43],[8.28448294,47.06456816,430.49],[8.28486785,47.06373725,429.78],[8.28488984,47.06369426,429.68],[8.2849155,47.0636536,429.66],[8.28494416,47.06361461,429.69],[8.2853071,47.06314666,429.69],[8.28533776,47.06310766,429.72],[8.28557705,47.06282404,429.84],[8.28560905,47.06278304,429.8],[8.28579169,47.06252674,430.08],[8.28581602,47.06249141,430.16],[8.28587967,47.06237876,430.19],[8.28590067,47.06233843,430.2],[8.28606562,47.06196114,429.78],[8.28608695,47.06191648,429.83],[8.28620093,47.06159052,429.59],[8.28621526,47.06154753,429.55],[8.28623825,47.06146487,429.53],[8.28624591,47.06142354,429.61],[8.28625889,47.06125089,429.81],[8.28626222,47.06120656,429.83],[8.2862539,47.06107357,429.97],[8.28625324,47.06102891,430.02],[8.28626555,47.06080559,430.28],[8.28626854,47.06076093,430.25],[8.2862812,47.06067093,430.34],[8.2862882,47.06062593,430.34],[8.28635579,47.05989435,430.51],[8.28635945,47.05985002,430.55],[8.28639875,47.05951306,430.7],[8.28640441,47.0594724,430.56],[8.28642607,47.0593954,430.31],[8.28644306,47.05935741,430.22],[8.28657137,47.0591591,429.72],[8.2865967,47.05911477,429.68],[8.28664935,47.05898712,429.82],[8.28666168,47.05894446,429.93],[8.28674229,47.05844584,430.28],[8.28674995,47.05840351,430.29],[8.2867676,47.05823521,430.42],[8.28677726,47.05819188,430.46],[8.28696583,47.05756732,430.88],[8.28697749,47.05753199,430.82],[8.28701047,47.05738235,430.76],[8.28702046,47.05734502,430.78],[8.28707045,47.05718671,430.74],[8.28708144,47.05714605,430.7],[8.28712142,47.05694609,430.66],[8.28712941,47.05690843,430.66],[8.28712642,47.05687344,430.67],[8.28710976,47.05684278,430.67],[8.28702411,47.05675946,430.86],[8.28700578,47.0567258,430.93],[8.28699745,47.05668981,431.02],[8.28699778,47.05665148,431.1],[8.28701977,47.05657149,431.22],[8.28703976,47.05652983,431.24],[8.28706375,47.05648883,431.25],[8.28709074,47.0564475,431.27],[8.28718306,47.05632652,431.31],[8.28721639,47.05628686,431.32],[8.28740737,47.05609255,431.35],[8.28744703,47.05605356,431.36],[8.28761568,47.05590557,431.25],[8.28765934,47.05586957,431.25],[8.28791698,47.05566995,431.23],[8.28796198,47.05563862,431.19],[8.2881923,47.05549131,430.98],[8.2882393,47.05546365,430.99],[8.28843628,47.05535968,431.06],[8.28848828,47.05533335,431.07],[8.28882025,47.05518371,431.16],[8.28887658,47.05516005,431.16],[8.28904623,47.0550914,431.17],[8.28910356,47.05506907,431.19],[8.28921922,47.05503108,431.24],[8.28927822,47.05501309,431.26],[8.28986783,47.05486147,431.6],[8.28992582,47.05484781,431.64],[8.29027446,47.05478751,431.5],[8.29032979,47.05477818,431.4],[8.2905411,47.05475786,431.44],[8.29058976,47.05475453,431.52],[8.2910397,47.05473492,431.99],[8.29108103,47.05473126,432.09],[8.29131768,47.05469994,432],[8.29136434,47.05469361,431.94],[8.29146033,47.05467363,431.96],[8.29147199,47.05466964,431.96],[8.29154965,47.05477797,431.96],[8.2915633,47.05483328,432.88],[8.29156829,47.05484994,432.94],[8.29160892,47.05494424,433.39],[8.29162292,47.05495624,433.45],[8.29169058,47.05498723,433.74],[8.29171691,47.05499289,433.85],[8.29176923,47.05499589,434.2],[8.29186456,47.05499389,434.28],[8.29192688,47.05501522,434.43],[8.29194854,47.05504021,434.45],[8.29197586,47.0551092,434.53],[8.29198519,47.05514853,434.61],[8.29202847,47.05552347,436.41],[8.2920328,47.0555578,436.58],[8.29208043,47.05586441,437.51],[8.29208542,47.05589707,437.63],[8.29209342,47.0559294,437.74],[8.29210575,47.05596006,437.87],[8.29214641,47.05601639,438.13],[8.29217174,47.05604205,438.29],[8.29225773,47.05611371,438.78],[8.29229173,47.0561347,438.92],[8.29240538,47.05618235,439.26],[8.29244571,47.05619501,439.37],[8.29252937,47.05622,439.54],[8.29257237,47.056231,439.6],[8.29274867,47.05626731,440.19],[8.292792,47.05627597,440.39],[8.29308296,47.0563266,441.63],[8.29311729,47.05633193,441.85],[8.29320495,47.05633858,442.75],[8.29321261,47.05633891,442.91],[8.29322927,47.05636691,443.9],[8.29320528,47.05637624,443.9],[8.29316462,47.05638223,443.95],[8.2930453,47.05637357,444],[8.29297064,47.05636224,443.91],[8.29234667,47.05624527,441.83],[8.29227167,47.05622561,441.43],[8.29221001,47.05620361,441.07],[8.29213402,47.05616262,440.48],[8.29211736,47.05614929,440.25],[8.29211736,47.05610696,439.55],[8.29214269,47.0560923,439.54],[8.29217802,47.05607631,439.53],[8.29226801,47.05604232,439.51],[8.29231967,47.05602699,439.46],[8.29248832,47.05599034,439.3],[8.29254765,47.05597634,439.28],[8.29338525,47.05576241,439.07],[8.29344925,47.05574708,439.12],[8.29404886,47.05561345,438.76],[8.29411752,47.05559646,438.56],[8.29510945,47.05533253,438.02],[8.29516178,47.05531987,438.12],[8.29537343,47.05527589,438.9],[8.29542776,47.05526723,439.12],[8.29639903,47.05513063,438.3],[8.29649202,47.0551143,437.99],[8.29668968,47.05507631,437.51],[8.29679201,47.05505365,437.2],[8.29710133,47.05496533,436.15],[8.29720166,47.05493033,435.7],[8.29821928,47.05453938,432.21],[8.29828994,47.05451205,432.15],[8.29862225,47.05439806,432.07],[8.29868358,47.05437473,432.03],[8.29909388,47.05419577,431.61],[8.29914054,47.05417678,431.62],[8.29929152,47.05409647,431.98],[8.29931918,47.05408047,432.09],[8.29934284,47.05406281,432.18],[8.29936183,47.05404015,432.32],[8.29937182,47.05401382,432.45],[8.29937049,47.05398349,432.57],[8.2993585,47.05394983,432.67],[8.29933784,47.05391383,432.75],[8.29919587,47.05372086,432.76],[8.29917288,47.05368587,432.74],[8.29915922,47.05364921,432.75],[8.29915556,47.05361155,432.81],[8.29916321,47.05353222,433.06],[8.29917454,47.05349556,433.18],[8.29919287,47.05346457,433.31],[8.29926153,47.05340025,433.55],[8.29927752,47.05338759,433.57],[8.29960145,47.05318432,432.32],[8.29963878,47.05316666,432.09],[8.29976377,47.05311934,431.45],[8.29980776,47.05310401,431.3],[8.3000624,47.05304371,430.84],[8.30011539,47.05303105,430.8],[8.30037202,47.05294774,430.7],[8.30042335,47.05292874,430.6],[8.30073799,47.0528031,430.21],[8.30079099,47.05278044,430.23],[8.30123694,47.05258015,431.31],[8.30129227,47.05255649,431.25],[8.30195554,47.0523009,431.41],[8.30200154,47.05228324,431.43],[8.30216919,47.05221159,431.67],[8.30221085,47.05219626,431.76],[8.30229417,47.05217393,431.89],[8.3023365,47.05216893,431.93],[8.30249715,47.05216261,432.24],[8.30253215,47.05215095,432.32],[8.3026188,47.05209464,432.47],[8.30264646,47.05207431,432.49],[8.3027411,47.051996,432.34],[8.30275743,47.05197834,432.27],[8.30277342,47.05194602,432.17],[8.30277408,47.05193769,432.16],[8.30275243,47.05189737,432.14],[8.30274677,47.05188571,432.17],[8.30276009,47.05184872,432.25],[8.30276408,47.05184273,432.25],[8.30286974,47.05189273,432.22],[8.3028984,47.05190039,432.13],[8.30307271,47.0519317,431.78],[8.3031037,47.05193636,431.73],[8.3033,47.05194833,431.71],[8.30334,47.05195299,431.71],[8.30363097,47.05201429,432.04],[8.30365863,47.05202328,432.12],[8.30367963,47.05203661,432.2],[8.30369096,47.05205327,432.28],[8.30369262,47.0520706,432.35],[8.30367397,47.05211092,432.46],[8.30366431,47.05212992,432.53],[8.30365498,47.05214392,432.54],[8.30364232,47.05215258,432.59],[8.30356767,47.05216789,432.78],[8.30356101,47.05217222,432.76],[8.303851,47.0519429,433.16],[8.303873,47.05192257,433.12],[8.30394831,47.05188092,433.09],[8.30397764,47.05187826,433.12],[8.30417627,47.0519149,433.34],[8.30420893,47.05192023,433.46],[8.30426525,47.05194322,433.68],[8.30429291,47.05195321,433.76],[8.3043489,47.05196554,433.96],[8.3043719,47.05197287,434.08],[8.30448955,47.05198785,434.57],[8.30451888,47.05199184,434.72],[8.30464086,47.05201715,435.23],[8.30467152,47.05202348,435.33],[8.30480817,47.05206412,435.82],[8.30483016,47.05207611,435.9],[8.30495313,47.05218841,436.52],[8.30497379,47.05220307,436.59],[8.3051021,47.05226737,436.84],[8.3051231,47.05228436,436.87],[8.3051321,47.05230902,436.9],[8.30513509,47.05233335,436.92],[8.30513874,47.05249732,436.89],[8.30513974,47.05251898,436.89],[8.30514907,47.05253931,436.9],[8.3051664,47.05255764,436.91],[8.30525639,47.05262495,436.92],[8.30528372,47.05264228,436.91],[8.30559201,47.05281723,437.05],[8.30561901,47.05283422,437.07],[8.30580964,47.05297383,437.18],[8.30582163,47.05299082,437.14],[8.3058193,47.05300948,437.09],[8.30580797,47.05302947,437.04],[8.30576965,47.05306812,436.88],[8.30574832,47.05308678,436.79],[8.30566767,47.0531861,436.33],[8.30564967,47.05320476,436.25],[8.30564634,47.05321908,436.36],[8.30564767,47.05321941,436.39],[8.30573932,47.05309142,435.88],[8.30575198,47.05307809,435.83],[8.30576164,47.05307276,435.78],[8.30576397,47.05307676,435.77],[8.3057,47.05315608,435.88],[8.30567667,47.05318341,435.85],[8.30558902,47.05327506,436.02],[8.30557502,47.05328872,436.18],[8.30553604,47.05331537,436.89],[8.30552338,47.05332503,437.09],[8.30548873,47.05336335,437.63],[8.3054784,47.05337768,437.77],[8.30547207,47.05339367,438],[8.30546741,47.053412,438.23],[8.30547204,47.05356364,440.21],[8.30547171,47.0535813,440.49],[8.30545907,47.05368694,442.47],[8.30545608,47.05370327,442.71],[8.30541378,47.05379991,444.14],[8.30540212,47.05381957,444.39],[8.30527351,47.05397186,446.76],[8.30526451,47.05398685,447.01],[8.30525885,47.0540185,447.46],[8.30526318,47.0540335,447.65],[8.30528784,47.05406214,448.25],[8.30529184,47.0540658,448.41],[8.30535317,47.05410113,448.54],[8.30552282,47.05416943,449.31],[8.30556282,47.05418543,449.41],[8.30631472,47.05454399,451.66],[8.30635538,47.05456332,451.78],[8.30654102,47.0546423,452.21],[8.30659235,47.05466229,452.34],[8.30730996,47.05491089,452.31],[8.30736695,47.05493088,452.28],[8.30851652,47.0552791,448.9],[8.30858052,47.05530576,448.46],[8.30864052,47.05533909,448.02],[8.30875184,47.05542574,447.3],[8.30880917,47.0554704,447.04],[8.30898215,47.05557805,446.5],[8.30902281,47.05561304,446.43],[8.30905347,47.0556487,446.47],[8.3090758,47.05568403,446.55],[8.30910413,47.05575503,446.98],[8.30911812,47.05578836,447.22],[8.30916044,47.05585202,447.61],[8.30918644,47.05588002,447.81],[8.30947639,47.05611631,450.25],[8.30950338,47.0561373,450.48],[8.30957337,47.05620295,451.14],[8.30959436,47.05622128,451.41],[8.30977631,47.05636257,453.49],[8.30978597,47.05637423,453.68],[8.30980896,47.05641288,454.18],[8.30981429,47.05642554,454.32],[8.30982661,47.05647186,454.75],[8.3098276,47.05648986,454.88],[8.30981362,47.05654284,455.35],[8.30980496,47.05655917,455.5],[8.30975364,47.05661815,456.21],[8.30973898,47.05663348,456.21],[8.30948506,47.05682375,458.81],[8.30946406,47.05683975,459.01],[8.30930676,47.05693638,460.14],[8.30928443,47.05695238,460.28],[8.30921911,47.05701736,460.88],[8.30920712,47.05702969,461.04],[8.30914148,47.05707833,461.82],[8.30913082,47.05708966,461.93],[8.30908117,47.05716998,462.25],[8.30906784,47.05717998,462.26],[8.30903885,47.05718763,462.3],[8.30902752,47.05718397,462.34],[8.30902153,47.05716165,462.45],[8.30902452,47.05714499,462.5],[8.30904251,47.05710567,462.62],[8.3090605,47.05708601,462.67],[8.30919081,47.0569887,462.7],[8.30922014,47.05696537,462.63],[8.30927946,47.05690171,462.31],[8.30929412,47.05688571,462.17],[8.30931211,47.05687405,462.05],[8.30933477,47.05686872,461.9],[8.30944009,47.05685908,461.5],[8.30945809,47.05684942,461.33],[8.30946475,47.05683642,461.18],[8.30945709,47.05682276,461.03],[8.30943743,47.05681176,460.87],[8.30940944,47.0568091,460.74],[8.30935245,47.05682309,460.54],[8.30932712,47.05683475,460.52],[8.30922781,47.05690873,460.8],[8.30921148,47.05692606,460.88],[8.30920415,47.05694239,460.98],[8.30920615,47.05695338,461.11],[8.30921681,47.05695804,461.22],[8.30923014,47.05695705,461.32],[8.30924113,47.05695106,461.41],[8.30924446,47.05694273,461.43],[8.30922081,47.05691542,461.51],[8.30924881,47.05688876,461.54],[8.30944979,47.05680778,460.37],[8.30949345,47.05679145,460.18],[8.30953444,47.05678112,460.02],[8.30957043,47.05677679,459.88],[8.30962076,47.05677812,459.78],[8.30966609,47.05680045,459.74],[8.3096361,47.05683911,458.63],[8.30962477,47.05685011,458.57],[8.30957545,47.05688675,458.16],[8.30951312,47.05695174,458],[8.30945449,47.05717704,454.15],[8.30944416,47.05720237,453.79],[8.30940352,47.05727702,452.92],[8.30938853,47.05730068,452.68],[8.30935021,47.057344,452.31],[8.30933522,47.05736366,452.17],[8.30933023,47.05738032,452.04],[8.30933156,47.05739432,451.93],[8.30935055,47.0574143,451.7],[8.30935488,47.05740997,451.63],[8.30936153,47.05738965,451.53],[8.30936186,47.05737932,451.46],[8.30935554,47.057367,451.36],[8.30934954,47.05736367,451.31],[8.3093792,47.05721201,451.54],[8.30937854,47.05720868,451.55],[8.30928355,47.05734268,450.88],[8.30927789,47.05734301,450.89],[8.30928189,47.05737133,450.95],[8.30928488,47.05739099,450.96],[8.30928422,47.0575113,450.89],[8.30927889,47.05755163,450.84],[8.30912033,47.05831022,447.64],[8.30911134,47.05835555,447.18],[8.30910502,47.05844187,446.22],[8.30910935,47.05848187,445.7],[8.30912134,47.05851886,445.25],[8.309144,47.05855052,444.76],[8.30917566,47.05857718,444.26],[8.30924765,47.05861017,443.25],[8.30928231,47.0586175,442.77],[8.3093163,47.05861717,442.3],[8.30934763,47.05860617,441.87],[8.30937229,47.05858684,441.5],[8.30940528,47.05853385,440.8],[8.30941894,47.05850286,440.49],[8.30963052,47.05798226,437.85],[8.30964118,47.05795993,437.73],[8.30973482,47.05782563,436.87],[8.30975448,47.0577983,436.72],[8.30988179,47.05764532,436.1],[8.30991145,47.05761066,436.01],[8.30997744,47.05754634,435.86],[8.31000677,47.05752001,435.76],[8.31008775,47.05745836,435.26],[8.31010374,47.05744637,435.17],[8.31018472,47.05737139,434.88],[8.31020438,47.05734873,434.84],[8.31028403,47.05724809,434.72],[8.31030402,47.05722309,434.66],[8.31034134,47.05715178,434.44],[8.31034734,47.05713712,434.39],[8.31035666,47.05708014,434.18]]}}]}