{"type":"FeatureCollection","features":[{"type":"Feature","properties":{"name":"20260521 Cicloturismo","time":"2026-05-21T09:05:11Z"},"geometry":{"type":"LineString","coordinates":[[8.593591,46.99868733,434.11],[8.59360133,46.99870399,434.11],[8.59363965,46.99875732,434.07],[8.59365931,46.99878798,433.96],[8.59369863,46.99885464,433.8],[8.59371829,46.99888863,433.74],[8.59373695,46.99892296,433.7],[8.59375528,46.99895562,433.67],[8.59377227,46.99898862,433.64],[8.59378726,46.99902095,433.63],[8.59380092,46.99905428,433.62],[8.59381425,46.99908794,433.63],[8.59383058,46.9991206,433.64],[8.59384691,46.99915359,433.66],[8.5938619,46.99918592,433.67],[8.5938799,46.99921658,433.71],[8.59391722,46.99927357,433.78],[8.59393188,46.99929656,433.83],[8.5939692,46.99934822,433.98],[8.59398853,46.99937688,434.08],[8.59400953,46.99940521,434.17],[8.59405352,46.99946187,434.33],[8.59407385,46.99949153,434.41],[8.59409351,46.99952219,434.47],[8.59411184,46.99955318,434.52],[8.59413083,46.99958451,434.57],[8.59418715,46.99967649,434.87],[8.59420748,46.99970548,435],[8.59422948,46.99973314,435.12],[8.59425548,46.9997598,435.23],[8.59428581,46.99978346,435.34],[8.59432114,46.99980412,435.43],[8.59436047,46.99981878,435.51],[8.59440213,46.99982711,435.6],[8.59444379,46.99982744,435.7],[8.59448412,46.99982044,435.82],[8.59452211,46.99980711,435.93],[8.59456044,46.99979078,436.07],[8.59459877,46.99977245,436.19],[8.59467676,46.99973213,436.39],[8.59471775,46.99971113,436.5],[8.59480074,46.99966481,436.65],[8.59484273,46.99964115,436.71],[8.59488539,46.99961849,436.75],[8.59492972,46.99959516,436.74],[8.59511571,46.99949484,436.62],[8.5951647,46.99946818,436.59],[8.59521469,46.99943985,436.54],[8.59526402,46.99941185,436.51],[8.59536534,46.99935552,436.36],[8.59541767,46.99932686,436.3],[8.59552433,46.99926987,436.26],[8.59557833,46.99924121,436.27],[8.59563332,46.99921255,436.28],[8.59568998,46.99918356,436.25],[8.59574697,46.99915323,436.17],[8.59580396,46.99912257,436.09],[8.59598127,46.99902325,435.89],[8.59604193,46.99898959,435.75],[8.59629091,46.99885794,435.16],[8.59635224,46.99882461,434.97],[8.5964139,46.99879262,434.77],[8.59647589,46.99876096,434.59],[8.59653788,46.9987283,434.43],[8.59659854,46.99869564,434.32],[8.59684219,46.99856799,434.03],[8.59690085,46.99853733,433.96],[8.59695884,46.99850634,433.9],[8.5970165,46.99847635,433.89],[8.59712883,46.99841536,433.88],[8.59718582,46.99838503,433.86],[8.59729914,46.9983267,433.8],[8.5973558,46.99829737,433.75],[8.59746745,46.99823605,433.65],[8.59752211,46.99820606,433.61],[8.5975771,46.99817773,433.58],[8.5976311,46.99814974,433.54],[8.59783975,46.99803675,433.42],[8.59789008,46.99800942,433.41],[8.59798707,46.99795876,433.39],[8.5980334,46.99793376,433.38],[8.5982847,46.99779179,433.49],[8.59832269,46.99777046,433.55],[8.59835535,46.9977508,433.61],[8.59838001,46.99773314,433.65],[8.59839834,46.99771848,433.67],[8.59841467,46.99770615,433.7],[8.59843233,46.99769515,433.71],[8.59845166,46.99768349,433.7],[8.59850065,46.9976575,433.71],[8.59852998,46.99764184,433.69],[8.59855897,46.99762518,433.67],[8.59867629,46.99756086,433.75],[8.59870062,46.9975472,433.77],[8.59872261,46.99753087,433.79],[8.59872927,46.99751154,433.18],[8.59874626,46.99750421,433.24],[8.59876926,46.99749588,433.32],[8.59879892,46.99748689,433.4],[8.59883358,46.99747423,433.45],[8.59887091,46.99745757,433.5],[8.59891224,46.99743791,433.53],[8.5989569,46.99741658,433.53],[8.59905322,46.99736625,433.47],[8.59910621,46.99733859,433.43],[8.59927619,46.99724727,433.22],[8.59933652,46.99721594,433.18],[8.59939952,46.99718495,433.13],[8.59946352,46.99715362,433.21],[8.59952752,46.99712096,433.28],[8.59959218,46.99708697,433.33],[8.59978617,46.99698266,433.35],[8.59985117,46.99694733,433.32],[8.59998249,46.99687767,433.23],[8.60004748,46.99684201,433.18],[8.60017947,46.99677236,432.99],[8.60024613,46.99673703,432.9],[8.60031179,46.99670037,432.81],[8.60037745,46.99666438,432.74],[8.60050878,46.99659339,432.7],[8.60057477,46.9965574,432.74],[8.60077209,46.99645142,432.92],[8.60083809,46.99641609,433],[8.60090442,46.99638176,433.06],[8.60097075,46.9963471,433.11],[8.60110407,46.99627912,433.16],[8.6011704,46.99624546,433.16],[8.60123773,46.99621213,433.15],[8.60130506,46.99617814,433.14],[8.60156671,46.9960405,433.17],[8.60163171,46.99600584,433.17],[8.60169504,46.99596951,433.15],[8.60175937,46.99593385,433.11],[8.6018237,46.99589785,433.09],[8.60208235,46.9957562,432.91],[8.60214601,46.9957212,432.87],[8.60221067,46.99568687,432.83],[8.60227467,46.99565221,432.82],[8.60233833,46.99561688,432.81],[8.60246633,46.99554756,432.76],[8.60253066,46.99551256,432.74],[8.60259532,46.99547823,432.73],[8.60266065,46.9954439,432.72],[8.60272531,46.9954079,432.72],[8.60278997,46.99537224,432.73],[8.60337093,46.99506597,432.86],[8.60343526,46.99503231,432.87],[8.60349792,46.99499898,432.89],[8.60362025,46.994931,432.88],[8.60368158,46.99489734,432.88],[8.6038059,46.99483235,432.86],[8.6038669,46.99480002,432.87],[8.60392756,46.99476969,432.88],[8.60398822,46.9947427,432.89],[8.60404888,46.99472037,432.89],[8.60410687,46.99470504,432.86],[8.6041602,46.99469605,432.83],[8.60421019,46.99469172,432.78],[8.60425885,46.99469271,432.75],[8.60430818,46.99469904,432.74],[8.60435851,46.9947107,432.72],[8.60440784,46.99472603,432.72],[8.60445883,46.99474302,432.73],[8.60451483,46.99475868,432.74],[8.60457482,46.99477068,432.74],[8.60463915,46.99478101,432.73],[8.60470481,46.99479134,432.72],[8.60477114,46.994803,432.72],[8.60483614,46.99481533,432.73],[8.60490047,46.99482866,432.75],[8.60496347,46.99484266,432.77],[8.6050248,46.99485699,432.78],[8.60508446,46.99487299,432.78],[8.60514279,46.99489132,432.79],[8.60520179,46.99491231,432.79],[8.60525912,46.99493431,432.78],[8.60531445,46.99495797,432.78],[8.60536645,46.99498363,432.74],[8.60541811,46.99500963,432.69],[8.60547011,46.99503462,432.63],[8.60552144,46.99505962,432.61],[8.6055701,46.99508595,432.59],[8.60566576,46.99514094,432.69],[8.60571442,46.99516827,432.77],[8.60576342,46.99519426,432.84],[8.60581275,46.99521926,432.9],[8.60586374,46.99524326,432.97],[8.60591574,46.99526459,433.03],[8.6059674,46.99528492,433.08],[8.60606873,46.99532225,433.17],[8.60611606,46.99534091,433.21],[8.60615972,46.99535657,433.22],[8.60619972,46.9953689,433.22],[8.60623738,46.99537623,433.22],[8.60627038,46.99537756,433.22],[8.60629771,46.99537357,433.22],[8.60631737,46.99536424,433.23],[8.60633036,46.99535124,433.23],[8.60633502,46.99533425,433.24],[8.60633369,46.99531392,433.27],[8.6063277,46.99529326,433.27],[8.60631937,46.99526993,433.28],[8.60630704,46.99524493,433.27],[8.60629238,46.99521827,433.26],[8.60625873,46.99516161,433.22],[8.6062414,46.99513228,433.18],[8.60622207,46.99510362,433.15],[8.60620208,46.99507562,433.11],[8.60618209,46.99504762,433.09],[8.60616076,46.99502062,433.08],[8.60613843,46.99499596,433.08],[8.6061191,46.99497363,433.09],[8.60610544,46.99495563,433.08],[8.60609678,46.99494364,433.09],[8.60609079,46.99493765,433.12],[8.60613178,46.99492832,433.46],[8.60615111,46.99494498,433.5],[8.6061701,46.99497131,433.53],[8.60619143,46.9950033,433.56],[8.60623875,46.99507763,433.53],[8.60626408,46.99511762,433.47],[8.60633474,46.99524494,433.35],[8.60636007,46.9952886,433.35],[8.60644005,46.99541924,433.37],[8.60646671,46.99546057,433.39],[8.60650204,46.99549657,433.41],[8.60654937,46.9955219,433.44],[8.60660403,46.99553456,433.45],[8.60666403,46.99553489,433.45],[8.60672502,46.99552656,433.42],[8.60678635,46.99551256,433.38],[8.60684868,46.99549557,433.34],[8.60691101,46.99547558,433.29],[8.607036,46.99543325,433.24],[8.60709866,46.99541159,433.2],[8.60722732,46.99536994,433.2],[8.60729065,46.99534994,433.21],[8.60735165,46.99533161,433.16],[8.60741164,46.99531395,433.18],[8.60747097,46.99529795,433.19],[8.6075293,46.99528229,433.21],[8.60758496,46.99526463,433.21],[8.60763696,46.99524697,433.21],[8.60768829,46.99523297,433.22],[8.60773895,46.99522264,433.24],[8.60778994,46.99521431,433.22],[8.60784127,46.99520932,433.19],[8.6078926,46.99520632,433.18],[8.6079436,46.99520665,433.16],[8.60799293,46.99520565,433.16],[8.60803892,46.99520565,433.16],[8.60808125,46.99520831,433.14],[8.60811991,46.99521497,433.14],[8.60815124,46.99522663,433.14],[8.60817457,46.99524462,433.12],[8.60818923,46.99526828,433.1],[8.60819623,46.99529528,433.09],[8.60819856,46.99532528,433.05],[8.60819856,46.99535661,433.01],[8.60819723,46.99538794,432.94],[8.60819624,46.99542027,432.89],[8.60819657,46.99545293,432.84],[8.60819657,46.99548793,432.79],[8.60819492,46.99556792,432.75],[8.60819558,46.99561225,432.77],[8.60820091,46.99565791,432.79],[8.60823355,46.99585523,432.98],[8.60824288,46.99590523,433.04],[8.60825321,46.99595589,433.09],[8.60826387,46.99600755,433.16],[8.60827553,46.99605955,433.23],[8.60828819,46.99611154,433.29],[8.60830085,46.99616387,433.29],[8.60834484,46.99631951,433.3],[8.60836017,46.99637117,433.29],[8.60837683,46.99642283,433.34],[8.60839549,46.99647382,433.44],[8.60841515,46.99652448,433.5],[8.60843615,46.99657481,433.57],[8.60845948,46.99662447,433.62],[8.60848447,46.99667413,433.69],[8.60853779,46.99677378,433.74],[8.60856579,46.99682378,433.78],[8.60859545,46.99687378,433.8],[8.60862678,46.99692378,433.84],[8.60865877,46.99697311,433.96],[8.6086911,46.99702244,434.06],[8.6087251,46.99707143,434.14],[8.60876043,46.99711976,434.19],[8.60879609,46.99716775,434.24],[8.60883309,46.99721541,434.27],[8.60890742,46.99730907,434.32],[8.60894441,46.9973554,434.35],[8.60897974,46.99740206,434.34],[8.6090164,46.99744872,434.35],[8.60905573,46.99749472,434.35],[8.60914139,46.99758538,434.38],[8.60918539,46.99763071,434.42],[8.60923039,46.99767437,434.47],[8.60927772,46.9977167,434.49],[8.60937571,46.99779769,434.54],[8.60942604,46.99783802,434.54],[8.6095787,46.997956,434.56],[8.60962769,46.99799566,434.56],[8.60967502,46.99803599,434.56],[8.60972235,46.99807632,434.59],[8.60977068,46.99811598,434.62],[8.60981967,46.99815464,434.66],[8.60986833,46.99819497,434.7],[8.60991599,46.99823563,434.75],[8.60996565,46.99827663,434.78],[8.61001731,46.99831729,434.83],[8.61006964,46.99835862,434.87],[8.61016629,46.99843728,434.9],[8.61020762,46.99847094,434.81],[8.61030993,46.99854959,434.65],[8.61034193,46.99857258,434.63],[8.61037426,46.99859424,434.61],[8.61040625,46.99861457,434.59],[8.61043691,46.9986349,434.55],[8.6105019,46.99867456,434.49],[8.61053623,46.99869656,434.49],[8.61057356,46.99871922,434.49],[8.61065755,46.99876754,434.53],[8.61070188,46.99879387,434.56],[8.61079087,46.99884886,434.6],[8.6108372,46.99887686,434.6],[8.61088553,46.99890352,434.61],[8.61093353,46.99893152,434.65],[8.61098019,46.99896218,434.68],[8.61102585,46.99899451,434.73],[8.61107318,46.9990265,434.75],[8.61112384,46.9990565,434.76],[8.61117617,46.99908583,434.76],[8.61133948,46.99916882,434.83],[8.61139348,46.99919648,434.86],[8.61150247,46.99925348,434.9],[8.6115568,46.99928247,434.9],[8.61160779,46.99931346,434.93],[8.61165778,46.99934412,434.95],[8.61170777,46.99937378,434.96],[8.61175776,46.99940211,435],[8.61185142,46.9994581,435.07],[8.61189742,46.9994861,435.04],[8.61199041,46.99953909,435.04],[8.61203474,46.99956542,435.02],[8.61207607,46.99959241,435.02],[8.6121114,46.9996214,435.02],[8.61213973,46.9996494,435.06],[8.61216239,46.9996744,435.09],[8.61218105,46.99969506,435.17],[8.61219705,46.99971439,435.23],[8.61221338,46.99973205,435.27],[8.61222971,46.99974571,435.31],[8.61224571,46.99975737,435.35],[8.6122607,46.9997677,435.38],[8.61229733,46.99979633,435.41],[8.61229833,46.99979699,435.41],[8.61229468,46.999796,435.4],[8.61214368,46.999718,435.54],[8.61209902,46.99968601,435.56],[8.61207136,46.99966668,435.64],[8.6120407,46.99964668,435.69],[8.61197037,46.99960336,435.78],[8.61193271,46.99957937,435.79],[8.61189271,46.99955571,435.81],[8.61184938,46.99953172,435.82],[8.61180338,46.99950906,435.82],[8.61175838,46.99948473,435.81],[8.61171405,46.99945874,435.73],[8.61166972,46.99943274,435.66],[8.61158307,46.99938542,435.53],[8.61154174,46.99936242,435.44],[8.61150275,46.99933876,435.34],[8.61146676,46.99931376,435.24],[8.61143543,46.99928643,435.19],[8.61140243,46.99925777,435.15],[8.61136444,46.99922977,435.15],[8.61132245,46.99920244,435.15],[8.61127679,46.99917678,435.15],[8.61113047,46.99909813,434.91],[8.61108247,46.99907014,434.85],[8.61103614,46.99904148,434.81],[8.61094215,46.99898149,434.72],[8.61089382,46.99895149,434.66],[8.61079617,46.99889317,434.62],[8.61074751,46.99886451,434.6],[8.6106032,46.99878119,434.61],[8.6105562,46.99875353,434.62],[8.61051087,46.99872553,434.66],[8.61046554,46.9986972,434.69],[8.61029324,46.99858421,434.69],[8.61025191,46.99855588,434.66],[8.61017225,46.99849722,434.56],[8.61013426,46.99846856,434.51],[8.61009793,46.9984399,434.48],[8.6100626,46.99841124,434.47],[8.6100276,46.99838425,434.48],[8.60999294,46.99835725,434.58],[8.60996028,46.99833026,434.66],[8.60989563,46.9982746,434.78],[8.6098623,46.99824594,434.69],[8.60975932,46.99816195,434.49],[8.60972466,46.99813395,434.46],[8.609655,46.99807563,434.4],[8.60961901,46.9980463,434.39],[8.60958268,46.99801564,434.39],[8.60951069,46.99795265,434.32],[8.60947436,46.99792166,434.27],[8.6094357,46.99789033,434.18],[8.60939604,46.997859,434.06],[8.60935638,46.99782867,433.96],[8.60931638,46.99779801,433.87],[8.60927772,46.99776535,433.79],[8.60924006,46.99773202,433.72],[8.6092034,46.99769703,433.65],[8.60916741,46.99766203,433.53],[8.60913275,46.99762737,433.35],[8.60906809,46.99755738,433.06],[8.60903676,46.99752305,433.02],[8.60900677,46.99748805,433],[8.60897644,46.99745272,432.98],[8.60891778,46.99738206,433],[8.60888845,46.99734673,433],[8.60877546,46.99720174,432.91],[8.60874746,46.99716508,432.89],[8.6087198,46.99712775,432.86],[8.60869247,46.99709009,432.85],[8.60866548,46.99705143,432.82],[8.60863915,46.99701277,432.81],[8.60861482,46.99697311,432.8],[8.60856816,46.99689279,432.75],[8.60854483,46.99685246,432.75],[8.6085235,46.99681147,432.74],[8.60850451,46.99677081,432.72],[8.60848552,46.99673048,432.7],[8.60846386,46.99669049,432.7],[8.60844353,46.99665183,432.69],[8.60842487,46.99661317,432.69],[8.60840754,46.99657484,432.7],[8.60839188,46.99653618,432.73],[8.60837855,46.99649785,432.75],[8.60836689,46.99646019,432.77],[8.60829627,46.99621155,433.28],[8.60828694,46.99617655,433.31],[8.60827894,46.99614122,433.23],[8.60827261,46.99610689,433.16],[8.60826828,46.99607356,433.1],[8.60826295,46.99604156,433.03],[8.60825662,46.99601057,432.96],[8.60824296,46.99595125,432.84],[8.6082373,46.99592292,432.78],[8.60823297,46.99589459,432.74],[8.60822731,46.9958396,432.74],[8.60822365,46.99581327,432.74],[8.60820401,46.99568363,432.7],[8.60820068,46.9956583,432.67],[8.60819968,46.99563231,432.65],[8.60820067,46.99558199,432.61],[8.60820034,46.99555533,432.6],[8.60819901,46.995528,432.59],[8.60819668,46.9955,432.59],[8.60819402,46.99547234,432.59],[8.60818903,46.99538635,432.62],[8.60818637,46.99535602,432.65],[8.60818238,46.99532602,432.67],[8.60817472,46.99529569,432.68],[8.60816639,46.9952647,432.69],[8.60816006,46.99523437,432.72],[8.6081534,46.99520371,432.73],[8.60814207,46.99517238,432.75],[8.60812674,46.99514105,432.77],[8.60810674,46.99510872,432.78],[8.60808275,46.99507539,432.78],[8.60805642,46.99504073,432.79],[8.60802709,46.99500607,432.77],[8.60799843,46.99497041,432.73],[8.60796777,46.99493575,432.69],[8.60793611,46.99490242,432.64],[8.60790578,46.99486843,432.6],[8.60786812,46.99483844,432.55],[8.60781979,46.99481545,432.53],[8.60776513,46.99479612,432.52],[8.60770647,46.99478112,432.54],[8.60764547,46.99477113,432.55],[8.60758148,46.99476613,432.56],[8.60751682,46.99476613,432.54],[8.60738449,46.99477012,432.51],[8.60731816,46.99477245,432.5],[8.6072525,46.99477378,432.52],[8.60718684,46.99477312,432.53],[8.60712084,46.99477146,432.54],[8.60698919,46.99476514,432.49],[8.60692353,46.99476215,432.46],[8.6068582,46.99476082,432.44],[8.60679454,46.99475882,432.43],[8.60673221,46.99475549,432.43],[8.60667088,46.99475216,432.45],[8.60661122,46.99475016,432.47],[8.60655356,46.99474783,432.49],[8.6064969,46.99474484,432.5],[8.60644024,46.99474051,432.53],[8.60638558,46.99474051,432.55],[8.60628292,46.9947425,432.62],[8.60623459,46.99474316,432.63],[8.60618993,46.99474216,432.68],[8.6061496,46.9947415,432.71],[8.6061146,46.99474316,432.76],[8.60608961,46.99474482,432.81],[8.60606929,46.99474715,433.05],[8.60604763,46.99478048,433.05],[8.60605329,46.99479914,433.02],[8.60606528,46.99482047,433.08],[8.60608194,46.99484447,433.13],[8.60609994,46.99487146,433.15],[8.60618825,46.99501643,433.14],[8.60621391,46.99505776,433.16],[8.6062699,46.99513908,433.15],[8.6062979,46.99517974,433.13],[8.60632556,46.9952214,433.13],[8.60635422,46.99526373,433.13],[8.60641721,46.99535039,433.11],[8.60644887,46.99539438,433.1],[8.6064802,46.99543971,433.08],[8.60651153,46.99548471,433.06],[8.60662551,46.99565836,433.03],[8.60665284,46.99570069,433.02],[8.60667884,46.99574269,433.02],[8.60678716,46.99591168,433.15],[8.60681315,46.99595401,433.14],[8.60686548,46.996035,433.15],[8.60689214,46.99607433,433.14],[8.60692014,46.99611266,433.15],[8.60695013,46.99615066,433.17],[8.60704845,46.99625865,433.14],[8.60707845,46.99629531,433.12],[8.60710578,46.99633131,433.11],[8.6071561,46.99640529,433.1],[8.60718243,46.99644195,433.1],[8.60721009,46.99647794,433.1],[8.60725908,46.99653927,433.17],[8.60727941,46.9965646,433.23],[8.60737239,46.99667524,433.42],[8.60740139,46.99670724,433.45],[8.60743338,46.9967399,433.48],[8.60746804,46.99677356,433.5],[8.60758135,46.99687288,433.58],[8.60761934,46.99690721,433.6],[8.60765833,46.9969412,433.62],[8.60769766,46.9969742,433.65],[8.60777531,46.99703585,433.66],[8.60781464,46.99706484,433.63],[8.60785164,46.9970945,433.6],[8.6078863,46.99712483,433.58],[8.60792196,46.99715382,433.56],[8.60795795,46.99717982,433.55],[8.60799461,46.99720448,433.52],[8.60802994,46.99722747,433.51],[8.60806127,46.99724913,433.5],[8.6080826,46.99727213,433.53],[8.6080936,46.99729612,433.55],[8.60809626,46.99731978,433.58],[8.60809393,46.99734144,433.6],[8.6080876,46.99736077,433.61],[8.60807927,46.99737743,433.63],[8.60806961,46.99739176,433.64],[8.60805595,46.99740642,433.66],[8.60803696,46.99742175,433.68],[8.60801563,46.99743708,433.69],[8.60799397,46.99745308,433.63],[8.60797564,46.99746974,433.57],[8.60796164,46.99748807,433.51],[8.60795165,46.9975074,433.47],[8.60794432,46.99752739,433.46],[8.60793733,46.99754705,433.46],[8.60791469,46.99762069,433.51],[8.60791003,46.99763702,433.52],[8.60790737,46.99765368,433.53],[8.60790638,46.99768634,433.48],[8.60790405,46.99770167,433.47],[8.60789906,46.99771567,433.46],[8.6078934,46.99772933,433.44],[8.60788674,46.99774299,433.44],[8.60788008,46.99775665,433.45],[8.60787475,46.99776998,433.45],[8.60787109,46.99778397,433.45],[8.60786543,46.99779763,433.48],[8.60785744,46.99780796,433.5],[8.60784711,46.99781095,433.53],[8.60783978,46.99780529,433.56],[8.60783912,46.99779129,433.58],[8.60784645,46.99777063,433.61],[8.60785711,46.99774397,433.65],[8.60786977,46.99771231,433.69],[8.60788477,46.99767765,433.72],[8.60790143,46.99763965,433.75],[8.60791643,46.99760132,433.83],[8.60792976,46.99756199,433.9],[8.60794542,46.99752233,433.96],[8.60796241,46.99748467,434.01],[8.60798074,46.99744834,434.03],[8.6079994,46.99741435,434.02],[8.60801573,46.99738336,433.96],[8.60802539,46.99735403,433.93],[8.60802206,46.99732837,433.93],[8.60800606,46.99730571,433.92],[8.60797973,46.99728505,433.89],[8.60794707,46.99726172,433.89],[8.60791041,46.99723772,433.9],[8.60787075,46.99721206,433.88],[8.6077921,46.99715707,433.87],[8.6077521,46.99712974,433.86],[8.60771411,46.99710174,433.84],[8.60767578,46.99707508,433.83],[8.60763945,46.99704908,433.83],[8.60760645,46.99702442,433.82],[8.60757679,46.99700142,433.81],[8.60613379,46.99494776,433.85],[8.60610646,46.99490676,433.93],[8.60608113,46.9948661,434],[8.60603414,46.99478444,434.2],[8.60600581,46.99474478,434.31],[8.60594249,46.99466345,434.5],[8.60590749,46.99462145,434.58],[8.60587083,46.99457979,434.65],[8.60579184,46.99449347,434.65],[8.60575318,46.99444948,434.61],[8.60571719,46.99440382,434.51],[8.60568319,46.99435716,434.43],[8.60565186,46.99430917,434.37],[8.60562453,46.99426017,434.33],[8.6056002,46.99421151,434.29],[8.60557687,46.99416385,434.27],[8.60555488,46.99411719,434.25],[8.60553522,46.99407186,434.25],[8.60551856,46.99402587,434.27],[8.6055059,46.99398021,434.29],[8.60549424,46.99393421,434.3],[8.60548458,46.99388955,434.3],[8.60547625,46.99384522,434.23],[8.60546992,46.99380322,434.17],[8.60546693,46.99376256,434.08],[8.60546427,46.99372523,433.98],[8.60546061,46.9936919,433.91],[8.60545595,46.99366324,433.88],[8.60544962,46.99363858,433.87],[8.60543996,46.99361659,433.9],[8.60541764,46.99358027,434],[8.60541131,46.99356694,434.07],[8.60541098,46.99355761,434.13],[8.60541664,46.99355361,434.19],[8.60542764,46.99355295,434.24],[8.60544263,46.99355561,434.29],[8.60545629,46.99356227,434.32],[8.60546529,46.9935706,434.35],[8.60546728,46.99358193,434.37],[8.60546129,46.99359326,434.38],[8.60544896,46.99360492,434.4],[8.60543097,46.99361625,434.41],[8.60540797,46.99362725,434.42],[8.60538031,46.99363891,434.45],[8.60534831,46.99365157,434.49],[8.60531298,46.9936639,434.53],[8.60527332,46.9936729,434.55],[8.60522999,46.99367723,434.56],[8.60518533,46.99367856,434.59],[8.60514067,46.99367723,434.61],[8.60505101,46.99367158,434.68],[8.60500735,46.99366925,434.74],[8.60496535,46.99366759,434.83],[8.60492535,46.99366726,434.92],[8.60488869,46.99366726,435.1],[8.60485936,46.9936626,435.26],[8.60484137,46.99365227,435.39],[8.60483437,46.99363894,435.49],[8.60483404,46.99362561,435.52],[8.6048387,46.99361395,435.52],[8.60484902,46.99359763,435.47],[8.60485035,46.9935933,435.43],[8.60502235,46.99365563,437.59],[8.60508266,46.99367328,437.62],[8.60511065,46.99368094,437.62],[8.60514198,46.99368794,437.61],[8.60517664,46.99369493,437.61],[8.6052133,46.99370093,437.61],[8.60525129,46.99370792,437.62],[8.60529029,46.99371758,437.63],[8.60533029,46.99372658,437.65],[8.60537095,46.99373691,437.64],[8.60541328,46.99374557,437.6],[8.60545828,46.99374823,437.56],[8.60550361,46.99374457,437.5],[8.6055496,46.99373558,437.43],[8.6055966,46.99372359,437.39],[8.60564526,46.99371226,437.35],[8.60569525,46.99370293,437.32],[8.60574658,46.9936946,437.38],[8.60579958,46.99368761,437.42],[8.60585391,46.99368061,437.45],[8.60601556,46.99366297,437.52],[8.60606622,46.99365598,437.53],[8.60616221,46.99363765,437.53],[8.60621154,46.99362732,437.51],[8.6062592,46.99361533,437.52],[8.60630486,46.99360133,437.51],[8.60643418,46.99355634,437.54],[8.60647317,46.99354268,437.58],[8.60664648,46.99347904,437.85],[8.60667647,46.99347038,437.91],[8.6067068,46.99346238,438.01],[8.6067348,46.99345572,438.12],[8.60678846,46.99344106,438.37],[8.60681379,46.9934344,438.47],[8.60686078,46.99342007,438.71],[8.60688578,46.99341341,438.85],[8.60693911,46.99340042,439.07],[8.6069681,46.99339376,439.18],[8.60699843,46.99338777,439.28],[8.60702843,46.99338277,439.38],[8.6071514,46.99335712,439.86],[8.60718273,46.99335113,439.96],[8.60721372,46.99334647,440.06],[8.60724538,46.99334147,440.16],[8.60727671,46.99333548,440.29],[8.6073067,46.99332882,440.42],[8.60733536,46.99332016,440.57],[8.60736302,46.9933105,440.73],[8.60741668,46.99328951,440.99],[8.60744201,46.99327851,441.13],[8.60746634,46.99326785,441.25],[8.60748934,46.99325652,441.37],[8.607511,46.99324486,441.47],[8.60752933,46.9932312,441.63],[8.60754766,46.99321887,441.79],[8.60756332,46.99320354,441.96],[8.60757798,46.99318655,442.1],[8.60759364,46.99317022,442.22],[8.6076103,46.99315456,442.34],[8.60762763,46.9931389,442.43],[8.6077266,46.99306092,442.95],[8.6077466,46.99304426,443.05],[8.60776659,46.9930256,443.05],[8.60780858,46.99297995,443.35],[8.60782957,46.99295762,443.47],[8.6078519,46.99293863,443.56],[8.60787456,46.99292363,443.66],[8.60789856,46.9929103,443.76],[8.60792589,46.99290031,443.86],[8.60797988,46.99288465,444.07],[8.60800588,46.99287699,444.18],[8.60803287,46.99287066,444.27],[8.60806287,46.992864,444.35],[8.60809453,46.99285801,444.41],[8.60812586,46.99285101,444.48],[8.60815685,46.99284402,444.55],[8.60818751,46.99283669,444.63],[8.60824817,46.99282003,444.89],[8.60827883,46.9928117,445.04],[8.60833782,46.99279338,445.29],[8.60836648,46.99278372,445.38],[8.60839314,46.99277173,445.49],[8.6084178,46.99275874,445.62],[8.6084388,46.99274341,445.75],[8.60845713,46.99272708,445.88],[8.60851477,46.99267943,446.22],[8.6085341,46.99266277,446.3],[8.60855309,46.99264378,446.37],[8.60857242,46.99262478,446.46],[8.60861375,46.99258712,446.61],[8.60863475,46.99256812,446.67],[8.60865475,46.99254846,446.75],[8.60867341,46.99252813,446.86],[8.6086904,46.99250647,446.95],[8.60870739,46.99248447,447.03],[8.60872372,46.99246247,447.11],[8.60874005,46.99243914,447.19],[8.60879137,46.99237149,447.39],[8.60880737,46.9923505,447.46],[8.60884702,46.99228751,447.71],[8.60886001,46.99226752,447.81],[8.60888834,46.99222853,448.02],[8.60890167,46.99220953,448.15],[8.60891333,46.9921892,448.26],[8.60892599,46.99216921,448.38],[8.60893899,46.99214922,448.5],[8.60895132,46.99212856,448.61],[8.60896331,46.99210823,448.73],[8.60898796,46.99206858,448.9],[8.60900129,46.99204759,448.96],[8.60901462,46.9920276,449.03],[8.60902862,46.99200761,449.1],[8.60904495,46.99198895,449.19],[8.60907594,46.9919513,449.44],[8.60909227,46.99193264,449.55],[8.6091106,46.99191398,449.65],[8.60913093,46.99189532,449.74],[8.60915192,46.99187766,449.82],[8.60917358,46.99185967,449.89],[8.60919791,46.99184234,449.99],[8.60922257,46.99182501,450.06],[8.60927356,46.99179136,450.25],[8.60929922,46.99177437,450.34],[8.6094032,46.99171273,450.65],[8.60942986,46.9916974,450.72],[8.60950418,46.99165142,450.98],[8.60952918,46.99163609,451.07],[8.60955251,46.99162009,451.19],[8.60957484,46.9916031,451.29],[8.60959617,46.99158577,451.39],[8.60961816,46.99156844,451.51],[8.60966215,46.99153545,451.74],[8.60968315,46.99151912,451.87],[8.6097488,46.99147247,452.21],[8.6097718,46.99145814,452.31],[8.60988778,46.99139716,452.84],[8.60990911,46.9913855,453.21],[8.60995644,46.99135785,453.3],[8.60997644,46.99134585,453.3],[8.61000209,46.9913292,453.61],[8.61001109,46.99132421,453.87],[8.61003242,46.99131955,453.97],[8.61006408,46.99131556,454.06],[8.61011008,46.99131323,454.14],[8.61014374,46.99129923,454.26],[8.61016674,46.99127823,454.38],[8.61016241,46.99122824,454.38],[8.61015641,46.99117624,454.63],[8.61015941,46.99109858,454.74],[8.6101674,46.99106892,454.84],[8.61018073,46.99104459,454.92],[8.61019506,46.99102326,455.03],[8.61021205,46.9910046,455.16],[8.61023104,46.9909886,455.25],[8.61025037,46.99097494,455.37],[8.61028603,46.99095261,455.62],[8.61030136,46.99094228,455.73],[8.61031802,46.99092629,456],[8.61036735,46.99088863,456],[8.61037801,46.99087463,456.68],[8.61039,46.99085797,456.75],[8.61040233,46.99083931,456.81],[8.61041432,46.99081832,456.93],[8.61042631,46.99079699,457.04],[8.6104363,46.99077466,457.17],[8.61044496,46.990752,457.34],[8.61045262,46.99072934,457.51],[8.61045928,46.99070601,457.65],[8.61046727,46.99068302,457.79],[8.61047427,46.99065969,457.91],[8.61048227,46.99063703,458.07],[8.61051792,46.99054872,458.69],[8.61052558,46.99052806,458.83],[8.61053258,46.99050606,459.01],[8.61053791,46.99048307,459.2],[8.61054257,46.99045907,459.39],[8.61054723,46.99043608,459.58],[8.61055323,46.99041442,459.76],[8.61055856,46.99039109,459.77],[8.61057788,46.99032311,460.31],[8.61058387,46.99030111,460.47],[8.61058853,46.99027945,460.65],[8.61059352,46.99025712,460.8],[8.61060451,46.99021213,461.11],[8.61061017,46.99019014,461.27],[8.61064748,46.99010616,461.99],[8.61065681,46.99008383,462.13],[8.61066914,46.99006084,462.26],[8.6106818,46.99003785,462.38],[8.61069413,46.99001352,462.49],[8.61070813,46.98998886,462.6],[8.61077845,46.98988288,462.9],[8.61079744,46.98985289,462.94],[8.61081477,46.98982223,462.97],[8.61083276,46.98979157,463],[8.61090641,46.98966726,463.07],[8.61092474,46.98963693,463.09],[8.61094307,46.9896076,463.13],[8.61096206,46.98957894,463.17],[8.61099938,46.98952428,463.3],[8.61101804,46.98949728,463.37],[8.6110357,46.98947029,463.45],[8.61105236,46.98944363,463.51],[8.61106836,46.9894163,463.56],[8.61108402,46.9893883,463.64],[8.61112967,46.98930531,463.91],[8.61114467,46.98927765,464.04],[8.61117732,46.98922466,464.27],[8.61119265,46.98919733,464.37],[8.61122197,46.989142,464.58],[8.61123663,46.98911467,464.72],[8.61126729,46.98905934,465.02],[8.61128329,46.98903101,465.13],[8.61129962,46.98900235,465.25],[8.61133195,46.98894869,465.51],[8.61134828,46.98892136,465.69],[8.61137827,46.98886437,465.97],[8.61139426,46.98883671,466.08],[8.61144424,46.98875372,466.44],[8.61145957,46.98872639,466.55],[8.61150322,46.98864041,466.97],[8.61151755,46.98861175,467.11],[8.61153221,46.98858375,467.24],[8.61154754,46.98855709,467.38],[8.61156187,46.98852976,467.53],[8.61160219,46.9884481,467.93],[8.61161552,46.9884211,468.07],[8.61162751,46.98839377,468.2],[8.6116395,46.98836644,468.35],[8.61166249,46.98830879,468.61],[8.61167315,46.98828013,468.74],[8.61169813,46.98819082,469.08],[8.61170579,46.98816116,469.22],[8.61172278,46.98810517,469.49],[8.61173011,46.98807717,469.64],[8.61173677,46.98804917,469.81],[8.6117421,46.98802084,469.97],[8.61175076,46.98796418,470.24],[8.61175476,46.98793752,470.36],[8.61175775,46.98791186,470.5],[8.61176141,46.9878872,470.62],[8.6117664,46.98786254,470.78],[8.61177139,46.98783755,470.91],[8.61177505,46.98781289,471.03],[8.61177838,46.98778789,471.14],[8.6117797,46.9877359,471.36],[8.61178003,46.98771091,471.51],[8.61178669,46.98763492,471.94],[8.61178935,46.98760926,472.09],[8.61179235,46.98758293,472.23],[8.61179634,46.98755727,472.39],[8.61179934,46.98753194,472.52],[8.611801,46.98750661,472.66],[8.61180832,46.98743128,473],[8.61181165,46.98740628,473.14],[8.61181598,46.98738128,473.29],[8.61182031,46.98735562,473.44],[8.61183197,46.9873043,473.68],[8.6118373,46.98727797,473.77],[8.61184129,46.98725164,473.89],[8.61184728,46.98720032,474.12],[8.61185194,46.98717566,474.26],[8.61187526,46.98707534,474.71],[8.61188059,46.98704934,474.82],[8.61188492,46.98702368,474.93],[8.61188892,46.98699702,475.02],[8.61189158,46.98696969,475.12],[8.61189358,46.9869427,475.23],[8.6119059,46.98686438,475.58],[8.61190923,46.98683838,475.71],[8.61191156,46.98681239,475.83],[8.61191356,46.98678706,475.96],[8.61191422,46.98670841,476.27],[8.61191455,46.98668142,476.4],[8.61191853,46.98660076,476.85],[8.61191919,46.9865741,476.97],[8.6119182,46.98651944,477.23],[8.61191754,46.98649178,477.36],[8.61191323,46.9863818,477.94],[8.6119129,46.9863538,478.08],[8.6119139,46.98632647,478.22],[8.61191755,46.98627181,478.48],[8.61191988,46.98624482,478.65],[8.61192087,46.98621782,478.8],[8.61192153,46.9861625,479.09],[8.61192219,46.9861345,479.2],[8.61192418,46.98607817,479.44],[8.61192518,46.98604951,479.57],[8.61192518,46.98602151,479.71],[8.61192518,46.98599318,479.85],[8.61192717,46.98596485,479.95],[8.6119285,46.98593652,480.05],[8.6119285,46.98587853,480.29],[8.6119285,46.98584954,480.44],[8.61192784,46.98581988,480.62],[8.61192751,46.98579022,480.78],[8.61192784,46.98576189,480.94],[8.61192751,46.98573256,481.09],[8.6119285,46.98570457,481.24],[8.61192983,46.98567624,481.36],[8.61193348,46.98561925,481.62],[8.61193548,46.98559059,481.78],[8.61194113,46.98553226,482.03],[8.61194479,46.9855036,482.17],[8.6119721,46.98536462,482.78],[8.61197743,46.98533629,482.91],[8.61198642,46.98528096,483.14],[8.61199141,46.98525363,483.26],[8.61199474,46.9852243,483.38],[8.61199673,46.9851943,483.48],[8.61199806,46.98516497,483.56],[8.61199839,46.98510565,483.78],[8.61199839,46.98507565,483.9],[8.61199773,46.98504565,484.05],[8.6119974,46.98501499,484.18],[8.61199441,46.98498466,484.29],[8.61198942,46.98495367,484.43],[8.61197676,46.98489268,484.72],[8.61197077,46.98486402,484.86],[8.61196244,46.98483536,484.93],[8.61195311,46.98480736,484.99],[8.61194378,46.98477936,485.04],[8.61193712,46.98475203,485.08],[8.61193112,46.9847247,485.15],[8.61191646,46.98467104,485.34],[8.61190946,46.98464438,485.42],[8.61189081,46.98456706,485.62],[8.61188515,46.9845434,485.67],[8.61188049,46.98452107,485.74],[8.6118755,46.98450141,485.8],[8.61186718,46.98447808,485.89],[8.61186452,46.98447375,485.92],[8.61186585,46.98444709,485.92],[8.61186419,46.98443343,485.73],[8.61185086,46.9843911,485.76],[8.6118462,46.98436577,485.77],[8.61184387,46.98433977,485.79],[8.61184288,46.98431544,485.8],[8.61184255,46.98429344,485.8],[8.61184421,46.98427311,485.8],[8.61185154,46.98423445,485.81],[8.6118562,46.98421712,485.8],[8.61187019,46.98418447,485.79],[8.61188019,46.98416648,485.79],[8.61189285,46.98414815,485.78],[8.61190984,46.98413349,485.76],[8.61193017,46.98412583,485.74],[8.61194816,46.98412649,485.72],[8.61196349,46.98413082,485.7],[8.61202348,46.98416015,485.7],[8.61204081,46.98416248,485.51],[8.6120598,46.98416514,485.47],[8.61207946,46.9841688,485.44],[8.61209279,46.98417213,485.41],[8.61214578,46.98419546,485.38],[8.61219744,46.98421612,485.23],[8.61222777,46.98422678,485.17],[8.61226143,46.98423311,485.17],[8.61229542,46.98423278,485.17],[8.61232675,46.98422612,485.3],[8.61235141,46.98421479,485.49],[8.61237007,46.98420046,485.71],[8.61238473,46.9841848,485.95],[8.61239672,46.98416714,486.22],[8.61240538,46.98414881,486.48],[8.61241338,46.98412948,486.81],[8.61242137,46.98411015,487.16],[8.61245769,46.98400918,488.76],[8.61246535,46.98398919,489.08],[8.61247068,46.9839692,489.36],[8.61247701,46.98394987,489.66],[8.61248367,46.98393154,489.95],[8.61249166,46.98391388,490.24],[8.61249965,46.98389689,490.53],[8.61250931,46.98387923,490.81],[8.61251964,46.98386257,491.09],[8.61253097,46.98384591,491.37],[8.61254263,46.98382925,491.62],[8.61255562,46.98381325,491.89],[8.61256861,46.98379792,492.16],[8.61258261,46.98378259,492.41],[8.61259627,46.98376726,492.68],[8.61262592,46.98373927,493.19],[8.61264025,46.98372594,493.43],[8.61265358,46.98371194,493.64],[8.61266791,46.98369828,493.85],[8.61269823,46.98367429,494.29],[8.61271422,46.98366163,494.52],[8.61272922,46.9836473,494.74],[8.61274355,46.98363231,494.95],[8.61275688,46.98361631,495.18],[8.61276854,46.98359965,495.41],[8.61280019,46.98354533,496.14],[8.61281018,46.98352767,496.37],[8.61281884,46.98350967,496.61],[8.61282584,46.98349168,496.84],[8.61283783,46.98345636,497.3],[8.61284349,46.98343903,497.54],[8.61284715,46.98342037,497.76],[8.61285181,46.98340137,497.97],[8.61285647,46.98338271,498.18],[8.61286113,46.98336472,498.41],[8.61286679,46.98334739,498.63],[8.61287245,46.98333006,498.88],[8.61288644,46.98329907,499.35],[8.6128931,46.98328341,499.58],[8.61291209,46.98323542,500.25],[8.61291842,46.98321976,500.5],[8.61292575,46.98320443,500.75],[8.61293408,46.9831891,500.95],[8.61295474,46.98315978,501.41],[8.61296473,46.98314578,501.59],[8.61297539,46.98313212,501.79],[8.61299938,46.98310446,502.22],[8.61301204,46.9830918,502.41],[8.61302703,46.98307914,502.59],[8.61304236,46.98306581,502.78],[8.61305602,46.98305248,502.95],[8.61307001,46.98303948,503.15],[8.61308534,46.98302749,503.32],[8.61310167,46.98301649,503.48],[8.61311767,46.98300516,503.65],[8.61317699,46.98295351,504.35],[8.61319232,46.98294051,504.52],[8.61323997,46.98290586,505.03],[8.61325663,46.98289353,505.2],[8.61330328,46.98285588,505.74],[8.61331794,46.98284255,505.9],[8.61334293,46.98281456,506.22],[8.61335426,46.98279923,506.38],[8.61336392,46.98278424,506.54],[8.61337125,46.98276891,506.73],[8.61337658,46.98275525,506.89],[8.61338058,46.98274125,507.06],[8.61338657,46.98271026,507.43],[8.61338923,46.98269327,507.58],[8.61339123,46.98267528,507.74],[8.61339189,46.98265695,507.93],[8.61339123,46.98263862,508.11],[8.6133879,46.98262062,508.28],[8.61338391,46.98260229,508.45],[8.61337958,46.98258363,508.61],[8.61337358,46.98256597,508.75],[8.61336525,46.98254831,508.89],[8.61335492,46.98253098,509.02],[8.61334359,46.98251365,509.2],[8.61333326,46.98249666,509.36],[8.61332393,46.98248,509.53],[8.6133136,46.98246334,509.68],[8.61330194,46.98244635,509.83],[8.61328828,46.98243035,510],[8.61327362,46.98241502,510.15],[8.61325796,46.98240036,510.3],[8.61324196,46.98238603,510.45],[8.61320831,46.9823597,510.73],[8.61319098,46.98234704,510.93],[8.61317365,46.98233571,511.1],[8.61315565,46.98232372,511.27],[8.61313532,46.98231206,511.43],[8.61309366,46.98229007,511.85],[8.61307333,46.98227841,512.02],[8.613052,46.98226841,512.16],[8.61303034,46.98225975,512.32],[8.61300934,46.98225042,512.46],[8.61299035,46.98224009,512.64],[8.61297136,46.98222943,512.81],[8.61295403,46.98221677,512.94],[8.6129377,46.98220277,513.09],[8.61292171,46.98218744,513.25],[8.61290705,46.98217178,513.38],[8.61289339,46.98215578,513.51],[8.61288206,46.98213879,513.65],[8.6128724,46.98212113,513.79],[8.61286474,46.98210347,513.91],[8.61285941,46.98208547,514.02],[8.61285575,46.98206581,514.13],[8.61285409,46.98204615,514.28],[8.61285409,46.98202716,514.4],[8.61285642,46.98200683,514.57],[8.61286108,46.98198684,514.75],[8.61287008,46.98196784,514.91],[8.61288141,46.98195018,515.05],[8.6128934,46.98193152,515.06],[8.61290673,46.98191419,515.28],[8.61292273,46.98189753,515.39],[8.61294139,46.98188254,515.51],[8.61296338,46.98186954,515.63],[8.61298671,46.98185788,515.75],[8.61300904,46.98184655,515.87],[8.61303203,46.98183589,516.01],[8.61305603,46.98182623,516.19],[8.61307936,46.98181757,516.33],[8.61310502,46.98181058,516.49],[8.61313068,46.98180558,516.63],[8.61318433,46.98180026,516.94],[8.61321066,46.98179893,517.09],[8.61323632,46.98179926,517.24],[8.61326098,46.98180226,517.39],[8.61328664,46.98180592,517.54],[8.61331197,46.98181092,517.71],[8.61333697,46.98181725,517.88],[8.61336063,46.98182491,518.06],[8.61338296,46.98183424,518.24],[8.61340496,46.98184457,518.38],[8.61342629,46.98185557,518.54],[8.61344562,46.98186723,518.69],[8.61346461,46.98187989,518.86],[8.61348394,46.98189322,519.01],[8.6135016,46.98190722,519.14],[8.61351726,46.98192221,519.32],[8.61353226,46.98193754,519.47],[8.61354659,46.98195253,519.62],[8.61355892,46.98196786,519.78],[8.61357325,46.98198386,519.97],[8.61358858,46.98199952,520.13],[8.61361856,46.98203218,520.5],[8.61363322,46.98204851,520.67],[8.61364688,46.98206517,520.86],[8.61366154,46.9820815,521.09],[8.6137032,46.98213348,521.71],[8.6137172,46.98215081,521.92],[8.61376019,46.98220213,522.55],[8.61377385,46.98221979,522.77],[8.61378884,46.98223712,522.94],[8.6138045,46.98225345,523.2],[8.6138185,46.98226945,523.41],[8.61383149,46.98228578,523.6],[8.61384348,46.98230277,523.84],[8.61385581,46.98231943,524.04],[8.61391279,46.98238707,524.98],[8.61392679,46.98240406,525.21],[8.61394045,46.98242172,525.48],[8.61399143,46.9824917,526.4],[8.61400209,46.98250703,526.66],[8.61401642,46.98252136,526.87],[8.61403242,46.98253536,527.11],[8.61404841,46.98254969,527.34],[8.61406341,46.98256569,527.54],[8.61407741,46.98258268,527.74],[8.61410173,46.982618,528.2],[8.61411306,46.98263599,528.44],[8.61413105,46.98267164,528.88],[8.61413971,46.98268963,529.11],[8.61414771,46.98270762,529.32],[8.61415437,46.98272662,529.51],[8.6141597,46.98274528,529.68],[8.61416369,46.98276428,529.9],[8.61416669,46.98278227,530.08],[8.61416835,46.9828006,530.27],[8.61416901,46.98281826,530.47],[8.61416768,46.98283625,530.64],[8.61416568,46.98285424,530.86],[8.61416135,46.98287224,531.03],[8.61415469,46.9828899,531.22],[8.61414469,46.98290723,531.42],[8.61413203,46.98292422,531.61],[8.61410471,46.98295754,532.02],[8.61408971,46.98297554,532.17],[8.61407371,46.9829932,532.37],[8.61405605,46.98301053,532.56],[8.61403739,46.98302686,532.76],[8.61399607,46.98305718,533.14],[8.61397741,46.98307217,533.31],[8.61394442,46.98310382,533.7],[8.61392776,46.98311948,533.88],[8.61391043,46.98313348,534.09],[8.6138941,46.98314781,534.27],[8.61386211,46.98317813,534.67],[8.61384578,46.98319412,534.83],[8.61382979,46.98321012,535.01],[8.61381646,46.98322678,535.19],[8.6138038,46.98324244,535.36],[8.61379214,46.9832591,535.51],[8.61378115,46.98327609,535.67],[8.61377249,46.98329275,535.89],[8.61376516,46.98331008,536.08],[8.61375517,46.98334573,536.44],[8.61375084,46.98336439,536.63],[8.61374818,46.98338305,536.9],[8.61374652,46.98340238,537.1],[8.61374652,46.98342171,537.12],[8.61374652,46.98344104,537.62],[8.61374553,46.98345903,537.88],[8.61374387,46.98347669,538.1],[8.61373988,46.98351067,538.52],[8.61373755,46.98352766,538.75],[8.61373622,46.98354432,538.94],[8.61373422,46.98356098,539.11],[8.61373056,46.98357764,539.13],[8.61372557,46.9835943,539.32],[8.61371857,46.98361029,539.49],[8.61370891,46.98362595,539.67],[8.61369858,46.98364194,539.86],[8.61368758,46.9836576,540.01],[8.61366393,46.98368893,540.31],[8.61365227,46.98370493,540.42],[8.61362895,46.98373792,540.74],[8.61361762,46.98375391,540.9],[8.6135923,46.98378557,541.21],[8.6135793,46.9838019,541.39],[8.61356531,46.98381756,541.59],[8.61353898,46.98384989,541.93],[8.61352798,46.98386622,542.11],[8.61351865,46.98388222,542.27],[8.61351032,46.98389888,542.44],[8.61350366,46.98391654,542.61],[8.613498,46.98393353,542.76],[8.61349267,46.98395119,542.92],[8.61348901,46.98396919,543.07],[8.61348668,46.98398718,543.24],[8.61348435,46.98402518,543.58],[8.61348402,46.98404417,543.74],[8.61348468,46.9840635,543.94],[8.61349033,46.98410049,544.33],[8.61349266,46.98411949,544.5],[8.61349565,46.98413782,544.67],[8.61350697,46.98419314,545.11],[8.61351063,46.9842118,545.28],[8.61351362,46.98423013,545.49],[8.61351661,46.98424846,545.67],[8.61352826,46.98430211,546.24],[8.61353226,46.98432011,546.4],[8.61353758,46.98435677,546.78],[8.61354024,46.9843751,546.94],[8.6135439,46.98439276,547.09],[8.61354823,46.98441142,547.2],[8.61355755,46.98444741,547.56],[8.61356221,46.98446607,547.73],[8.61356587,46.98448407,547.91],[8.61357453,46.98453839,548.45],[8.61357786,46.98455672,548.61],[8.61359518,46.98463236,549.25],[8.61359951,46.98465102,549.43],[8.61360484,46.98466968,549.61],[8.61361017,46.98468868,549.78],[8.61361317,46.98470767,549.92],[8.61361517,46.984727,550.12],[8.6136155,46.984745,550.27],[8.61361583,46.98476266,550.48],[8.6136145,46.98477865,550.68],[8.6136125,46.98479398,550.89],[8.6136125,46.98481064,551.05],[8.61361383,46.98482797,551.23],[8.61361549,46.98484596,551.24],[8.61361782,46.98486396,551.57],[8.61362182,46.98488262,551.58],[8.61362748,46.98490128,551.88],[8.61363414,46.98491961,552.03],[8.61363913,46.9849376,552.21],[8.61364113,46.98495526,552.36],[8.61364179,46.98497359,552.52],[8.6136408,46.98499158,552.7],[8.61364113,46.98501058,552.9],[8.6136398,46.98502924,553.08],[8.61363947,46.98510423,553.73],[8.61363814,46.98512356,553.9],[8.61361982,46.98521987,554.72],[8.61361616,46.98523953,554.85],[8.6136135,46.98525919,554.96],[8.61361051,46.98527918,555.14],[8.61360652,46.98531784,555.45],[8.61360319,46.98533717,555.59],[8.61357988,46.9854338,556.4],[8.61357655,46.98545379,556.57],[8.61357622,46.98547512,556.73],[8.61357688,46.98549611,556.9],[8.61357356,46.98555676,557.36],[8.61357323,46.98557776,557.5],[8.61357523,46.98559742,557.64],[8.61358454,46.98565639,558.08],[8.61358854,46.98567672,558.25],[8.61359853,46.98571771,558.54],[8.61360486,46.98573804,558.67],[8.61361985,46.98577936,559.05],[8.61362751,46.98579969,559.29],[8.61363651,46.98582069,559.5],[8.61364617,46.98584135,559.68],[8.6136575,46.98586101,559.84],[8.61366916,46.98588001,559.98],[8.61368815,46.98592033,560.32],[8.61369881,46.98593966,560.52],[8.61371047,46.98595866,560.68],[8.61372113,46.98597732,560.83],[8.61374312,46.98601031,561.2],[8.61375378,46.98602631,561.39],[8.61376277,46.98604197,561.55],[8.61377277,46.98605796,561.72],[8.61378143,46.98607362,561.85],[8.61378976,46.98609028,561.97],[8.61379642,46.98610761,562.05],[8.61380508,46.9861246,562.19],[8.61381674,46.98614226,562.38],[8.61388438,46.98623424,563.22],[8.61389838,46.98625357,563.4],[8.61393804,46.98630989,563.96],[8.61395037,46.98632888,564.12],[8.6139607,46.98634821,564.25],[8.61396836,46.98636754,564.43],[8.61397335,46.9863872,564.59],[8.61397735,46.98640719,564.79],[8.61398001,46.98642785,564.94],[8.61398167,46.98644818,565.1],[8.61398134,46.98646851,565.25],[8.61397868,46.9864885,565.4],[8.61396803,46.98652982,565.69],[8.61396137,46.98655148,565.83],[8.61395271,46.98657347,565.98],[8.61394338,46.98659613,566.15],[8.61393239,46.98661779,566.31],[8.61391939,46.98663879,566.49],[8.6139074,46.98666012,566.66],[8.61389707,46.98668078,566.81],[8.61388041,46.9867231,567.13],[8.61387208,46.98674409,567.32],[8.61386308,46.98676442,567.49],[8.61385275,46.98678475,567.66],[8.61384076,46.98680408,567.83],[8.61378344,46.98688107,568.59],[8.61377011,46.98690006,568.78],[8.61375778,46.98691872,568.97],[8.61374579,46.98693738,569.14],[8.61369281,46.9870127,569.77],[8.61367948,46.98703236,569.91],[8.61366815,46.98705269,570.05],[8.61366016,46.98707368,570.21],[8.61365583,46.98709501,570.36],[8.61365749,46.98711634,570.51],[8.61366615,46.98713567,570.66],[8.61368215,46.987153,570.84],[8.61370581,46.987165,571.04],[8.61373481,46.98717166,571.27],[8.61376347,46.987171,571.54],[8.6137898,46.98716334,571.82],[8.6138108,46.98715201,572.12],[8.61382913,46.98713868,572.42],[8.61384379,46.98712369,572.68],[8.61385678,46.98710836,572.92],[8.61386778,46.9870917,573.18],[8.61387844,46.9870757,573.39],[8.61388943,46.98706037,573.64],[8.61390076,46.98704438,573.86],[8.61391009,46.98702739,574.07],[8.61392075,46.9870104,574.24],[8.61393008,46.98699374,574.44],[8.61394041,46.98697675,574.67],[8.61395007,46.98695942,574.9],[8.61395907,46.98694243,575.12],[8.61396906,46.98692577,575.31],[8.61398005,46.98690878,575.52],[8.61399805,46.98687412,575.96],[8.61400838,46.98685779,576.17],[8.61403037,46.9868268,576.6],[8.61404137,46.98681081,576.84],[8.61407668,46.98676316,577.48],[8.61408867,46.98674716,577.7],[8.61413332,46.98668152,578.65],[8.61414531,46.98666486,578.88],[8.61415564,46.9866482,579.1],[8.61416697,46.98663121,579.37],[8.61417997,46.98661288,579.64],[8.61419163,46.98659455,579.85],[8.61420263,46.98657689,580.1],[8.6142506,46.98650891,581.08],[8.61426226,46.98649158,581.35],[8.61429324,46.98644227,582.06],[8.6143039,46.98642627,582.31],[8.61431256,46.98640894,582.57],[8.61434121,46.98636228,583.35],[8.61435054,46.98634695,583.61],[8.6143602,46.98633229,583.86],[8.61437053,46.98631696,584.12],[8.61439518,46.9862893,584.6],[8.61440617,46.98627497,584.87],[8.61443183,46.98624664,585.34],[8.61444516,46.98623365,585.58],[8.61446848,46.98620699,586.08],[8.61448014,46.98619366,586.34],[8.61449913,46.986167,586.83],[8.61450979,46.98615367,587.1],[8.61451812,46.98613967,587.35],[8.61452778,46.98612534,587.58],[8.61453844,46.98611201,587.79],[8.61458276,46.98606337,588.6],[8.61459342,46.98605138,588.82],[8.61460441,46.98603972,589.05],[8.61461707,46.98602806,589.25],[8.61462906,46.98601573,589.46],[8.61464039,46.9860024,589.67],[8.61465139,46.98598907,589.87],[8.61471837,46.98590409,591.29],[8.61472703,46.98589076,591.55],[8.61474235,46.9858611,592.06],[8.61474968,46.98584677,592.32],[8.61476533,46.98581878,592.81],[8.61477332,46.98580412,593.07],[8.61479165,46.98577612,593.55],[8.61480131,46.98576113,593.77],[8.6148353,46.98570015,594.74],[8.61484263,46.98568482,594.99],[8.61486029,46.98565583,595.49],[8.61486995,46.9856405,595.72],[8.6149066,46.98557685,596.67],[8.6149156,46.98556052,596.9],[8.61492359,46.98554386,597.15],[8.61493025,46.9855272,597.4],[8.61493658,46.9855112,597.64],[8.61494424,46.98549654,597.9],[8.61495157,46.98548154,598.15],[8.6149579,46.98546655,598.39],[8.6149649,46.98545089,598.63],[8.61497056,46.98543523,598.86],[8.61497655,46.98542023,599.1],[8.61498155,46.98540424,599.35],[8.61498654,46.98538824,599.58],[8.6149992,46.98535658,600.09],[8.61500586,46.98534025,600.36],[8.61501186,46.98532292,600.58],[8.61501719,46.98530593,600.84],[8.61502385,46.98528993,601.06],[8.61503617,46.98525528,601.52],[8.6150425,46.98523695,601.76],[8.61504983,46.98521829,602.04],[8.61505749,46.9852013,602.31],[8.61506448,46.98518431,602.57],[8.61507081,46.98516765,602.83],[8.61507681,46.98515099,603.08],[8.61508713,46.98511933,603.61],[8.61509179,46.98510367,603.84],[8.61510012,46.98507168,604.37],[8.61510578,46.98505469,604.59],[8.61511178,46.98503836,604.86],[8.61511777,46.98502203,605.09],[8.6151251,46.98500603,605.35],[8.61513776,46.98497371,605.84],[8.61514442,46.98495771,606.08],[8.61515407,46.98492638,606.54],[8.6151594,46.98491105,606.83],[8.61516373,46.98489505,607.08],[8.61516839,46.98487905,607.3],[8.61517472,46.98486372,607.53],[8.61517971,46.98484739,607.79],[8.61518471,46.98483073,608.06],[8.6151917,46.98481473,608.31],[8.6151977,46.98479874,608.54],[8.61521368,46.98475108,609.33],[8.61521901,46.98473575,609.55],[8.61522567,46.98472042,609.82],[8.615233,46.98470576,610.08],[8.61524066,46.98469176,610.36],[8.61526531,46.98463078,611.41],[8.61527264,46.98461478,611.67],[8.61529062,46.98456647,612.51],[8.61529628,46.98455014,612.78],[8.61530328,46.98453448,613.05],[8.61531061,46.98451915,613.32],[8.6153186,46.98450382,613.58],[8.61532659,46.98448849,613.84],[8.61533225,46.9844735,614.11],[8.61533825,46.98445917,614.35],[8.61534724,46.98442985,614.8],[8.61535123,46.98441552,615.01],[8.61536022,46.9843882,615.48],[8.61536488,46.9843732,615.74],[8.61537852,46.98430956,616.69],[8.61538185,46.9842929,616.9],[8.61539018,46.98425958,617.43],[8.61539351,46.98424358,617.7],[8.61539484,46.98422692,617.96],[8.6153955,46.98419526,618.48],[8.6153955,46.98418027,618.72],[8.61539151,46.98414961,619.22],[8.61539018,46.98413361,619.46],[8.61539018,46.9840643,620.5],[8.61539018,46.98404697,620.77],[8.61539316,46.98399599,621.47],[8.61539217,46.98397866,621.73],[8.61538984,46.98396233,621.97],[8.61538685,46.98394534,622.23],[8.61538152,46.98392835,622.49],[8.61537786,46.98391136,622.74],[8.61537553,46.9838947,622.98],[8.6153742,46.98387804,623.21],[8.61537321,46.98384539,623.73],[8.61537155,46.98382906,623.96],[8.61536822,46.9838124,624.2],[8.6153629,46.98377775,624.65],[8.61535991,46.98375975,624.87],[8.61534227,46.98367078,625.94],[8.61533894,46.98365278,626.17],[8.61532162,46.98358246,627.09],[8.61531829,46.98356513,627.33],[8.61531596,46.9835478,627.54],[8.6153123,46.98352981,627.75],[8.61530897,46.98351248,627.98],[8.61530332,46.98347716,628.38],[8.61530033,46.9834595,628.59],[8.61529267,46.98342351,629.09],[8.61528901,46.98340518,629.33],[8.61527936,46.9833322,630.22],[8.61527637,46.98331387,630.43],[8.61527204,46.98329554,630.68],[8.61526671,46.98327655,630.91],[8.61525505,46.98323889,631.37],[8.61524939,46.98322056,631.58],[8.61524706,46.98320357,631.77],[8.6152444,46.98318591,631.98],[8.61524107,46.98316892,632.19],[8.61523874,46.98315193,632.42],[8.61523709,46.98311927,632.85],[8.61523509,46.98310261,633.04],[8.61522344,46.98303762,633.81],[8.61522011,46.98302129,634.03],[8.61521845,46.98300396,634.25],[8.61521579,46.9829863,634.44],[8.61521313,46.98296831,634.65],[8.61521014,46.98295032,634.84],[8.61520614,46.98293266,635.05],[8.61520315,46.98291467,635.26],[8.61519683,46.98286202,635.88],[8.61519417,46.98284469,636.08],[8.61518851,46.98279237,636.71],[8.61518718,46.98277471,636.92],[8.61518718,46.98275738,637.13],[8.61518718,46.98273972,637.32],[8.61518784,46.98272306,637.51],[8.61518984,46.98270706,637.72],[8.61519217,46.9826914,637.92],[8.61519483,46.98267674,638.12],[8.61519849,46.98266208,638.3],[8.61520315,46.98264642,638.46],[8.61520881,46.98263042,638.62],[8.6152148,46.98261409,638.73],[8.61523446,46.9825671,639.1],[8.61524079,46.98255177,639.25],[8.61524945,46.98253577,639.38],[8.6153021,46.98246213,639.96],[8.61531209,46.98244847,640.08],[8.61532142,46.98243514,640.17],[8.61533042,46.98242248,640.24],[8.61533908,46.98240883,640.43],[8.61529109,46.98241349,640.61],[8.61539542,46.98235549,641.89],[8.61541142,46.98233916,641.95],[8.61542708,46.98232217,642.01],[8.61544308,46.98230384,642.06],[8.61545941,46.98228484,642.14],[8.6154914,46.98224585,642.29],[8.61550773,46.98222619,642.39],[8.61553939,46.98218487,642.54],[8.61555505,46.98216287,642.64],[8.6155847,46.98211921,642.85],[8.6155977,46.98209755,642.94],[8.61560969,46.98207522,643.06],[8.61563168,46.98203056,643.29],[8.61564201,46.98200757,643.39],[8.61564934,46.98198457,643.49],[8.61565367,46.98196291,643.58],[8.615657,46.98194091,643.7],[8.615661,46.98191792,643.79],[8.61566366,46.98189492,643.92],[8.61566599,46.98184593,644.16],[8.61566698,46.9818216,644.3],[8.61566632,46.98179694,644.42],[8.61566399,46.98177361,644.53],[8.61564337,46.98161465,645.41],[8.61564071,46.98159166,645.54],[8.61563905,46.98156766,645.67],[8.61564104,46.98151867,645.95],[8.61564403,46.98149467,646.07],[8.61564869,46.98147168,646.21],[8.61565535,46.98144902,646.34],[8.61566468,46.98142603,646.5],[8.61567634,46.9814037,646.62],[8.61568934,46.98138137,646.75],[8.61570367,46.98135971,646.87],[8.61573699,46.98131839,647.06],[8.61575432,46.98129839,647.18],[8.61577398,46.98127906,647.26],[8.61579498,46.98126073,647.35],[8.61581864,46.9812434,647.43],[8.61584397,46.98122674,647.54],[8.61589563,46.98119441,647.76],[8.61592363,46.98118008,647.88],[8.61595229,46.98116675,647.98],[8.61600962,46.98114176,648.22],[8.61603861,46.98112977,648.33],[8.61606861,46.98111944,648.46],[8.61609927,46.98110878,648.56],[8.6161306,46.98109879,648.66],[8.61616126,46.98109013,648.77],[8.61619292,46.98108414,648.88],[8.61629423,46.98107216,649.23],[8.61632656,46.9810695,649.33],[8.61635922,46.98106851,649.4],[8.61639288,46.98106785,649.47],[8.61642721,46.98106818,649.52],[8.61646187,46.98106917,649.55],[8.6164952,46.98107083,649.56],[8.61652853,46.98107349,649.56],[8.61659519,46.98108015,649.56],[8.61662918,46.98108348,649.56],[8.61669917,46.9810918,649.71],[8.61673417,46.98109513,649.83],[8.61676917,46.98109713,649.97],[8.61683849,46.98109978,650.22],[8.61687249,46.98110111,650.31],[8.61700415,46.98111375,650.54],[8.61703648,46.98111741,650.64],[8.61710047,46.98112807,650.89],[8.6171318,46.9811344,651],[8.61719345,46.98114906,651.19],[8.61722478,46.98115739,651.26],[8.61728844,46.98117072,651.38],[8.61732043,46.98117638,651.48],[8.61735376,46.98118171,651.54],[8.61738842,46.98118704,651.59],[8.6175594,46.98121035,652.12],[8.61759373,46.98121468,652.26],[8.61766372,46.98122567,652.53],[8.61770038,46.98123133,652.67],[8.61773837,46.98123866,652.78],[8.6177757,46.98124732,652.92],[8.61781269,46.98125832,653.02],[8.61785035,46.98127165,653.11],[8.61788701,46.98128631,653.19],[8.617923,46.98130164,653.26],[8.61795766,46.98131763,653.31],[8.61799132,46.98133529,653.34],[8.61812729,46.9814096,653.38],[8.61816195,46.98142893,653.37],[8.61819628,46.98144959,653.34],[8.6182666,46.98149024,653.24],[8.61830193,46.9815109,653.17],[8.61833659,46.98153189,653.11],[8.61837058,46.98155322,653.03],[8.61840491,46.98157321,652.97],[8.6184739,46.98161154,652.91],[8.61850756,46.98162887,652.91],[8.61854189,46.9816452,652.96],[8.61857588,46.98166119,653.18],[8.61860954,46.98167319,653.27],[8.61863954,46.98168119,653.35],[8.61866453,46.98168418,653.35],[8.61868352,46.98168185,653.48],[8.61869485,46.98167419,653.48],[8.61869885,46.98166119,653.54],[8.61870051,46.98164153,653.58],[8.61870484,46.98161554,653.56],[8.61871817,46.98158455,653.48],[8.61874283,46.98155022,653.4],[8.61877916,46.98151289,653.21],[8.61882482,46.9814729,652.94],[8.61888148,46.98143124,652.66],[8.61895014,46.98138958,652.38],[8.61903147,46.98134758,652.14],[8.61912213,46.98130658,651.82],[8.61921846,46.98126725,651.34],[8.61931845,46.98123026,650.71],[8.61942045,46.98119427,650.17],[8.61952078,46.98115794,649.72],[8.61961878,46.98111994,649.37],[8.61971211,46.98107928,648.99],[8.61979844,46.98103495,648.74],[8.61987677,46.98098762,648.53],[8.61994743,46.98093796,648.35],[8.62000643,46.98088563,648.31],[8.62004909,46.98083197,648.3],[8.62007209,46.98077798,648.42],[8.62007575,46.98072732,648.61],[8.62006342,46.98068232,648.92],[8.62004142,46.98064299,649.19],[8.62001476,46.98060766,649.41],[8.61998876,46.980576,649.63],[8.61996377,46.98054767,649.8],[8.61993978,46.98052201,650],[8.61984414,46.98042903,650.92],[8.61982048,46.98040603,651.15],[8.61977249,46.98036171,651.63],[8.61974883,46.98033905,651.92],[8.61966353,46.9802554,653.22],[8.61964354,46.98023607,653.5],[8.61962488,46.98021707,653.77],[8.61960622,46.98019841,654.03],[8.61956756,46.98016109,654.6],[8.61954923,46.98014276,654.88],[8.61953223,46.98012443,655.16],[8.6195159,46.9801061,655.48],[8.61950224,46.98008644,655.79],[8.61949191,46.98006478,656.11],[8.61948458,46.98004145,656.41],[8.61947892,46.98001779,656.74],[8.61947459,46.97999346,657],[8.61946894,46.9799448,657.57],[8.61946661,46.97992014,657.82],[8.61946395,46.97987482,658.27],[8.61946229,46.97985449,658.47],[8.61946196,46.9798355,658.76],[8.61946529,46.97979984,659.2],[8.61946729,46.97978118,659.36],[8.61946828,46.97976285,659.52],[8.61946961,46.97974519,659.69],[8.61947293,46.97970853,660.01],[8.61947359,46.97968987,660.2],[8.61947293,46.97967221,660.41],[8.61946994,46.97965555,660.65],[8.61946461,46.97963955,660.87],[8.61945995,46.97962322,661.15],[8.61945662,46.97960589,661.41],[8.61945462,46.9795889,661.63],[8.61945495,46.97957224,661.86],[8.61945628,46.97955558,662.07],[8.61945661,46.97953958,662.3],[8.61945261,46.97951059,662.71],[8.61945162,46.9794986,662.87],[8.61945228,46.97948727,663.02],[8.61945461,46.97947661,663.14],[8.61945827,46.97946361,663.27],[8.6194596,46.97944895,663.38],[8.61945827,46.97943362,663.48],[8.61945294,46.97941896,663.57],[8.61944328,46.97940563,663.71],[8.61942928,46.97939397,663.84],[8.61941362,46.97938464,663.95],[8.61939629,46.97937498,664.1],[8.61937696,46.97936565,664.23],[8.61935763,46.97935632,664.36],[8.6193393,46.97934666,664.46],[8.61932097,46.979336,664.6],[8.61930264,46.97932534,664.77],[8.61928631,46.97931401,664.91],[8.61927098,46.97930135,665.02],[8.61925532,46.97928835,665.14],[8.61923833,46.97927569,665.13],[8.61922033,46.97926503,665.28],[8.61920167,46.97925537,665.49],[8.61918168,46.97924604,665.7],[8.61916169,46.97923638,665.88],[8.61914169,46.97922605,666.04],[8.6191217,46.97921605,666.3],[8.6191017,46.97920506,666.51],[8.61908171,46.97919473,666.69],[8.61904139,46.97917774,667],[8.61902206,46.97916875,667.14],[8.61896641,46.97913943,667.55],[8.61894841,46.97913077,667.72],[8.61893175,46.97912078,667.88],[8.61891575,46.97910945,668.02],[8.61890109,46.97909645,668.18],[8.61886177,46.9790538,668.64],[8.61884844,46.9790398,668.78],[8.61883444,46.97902614,668.94],[8.61880379,46.97900082,669.28],[8.61878913,46.97898816,669.44],[8.6187768,46.97897517,669.56],[8.61874248,46.97893418,670.07],[8.61873148,46.97892085,670.22],[8.61872315,46.97890652,670.37],[8.6187065,46.97886954,670.86],[8.61869984,46.97885655,670.99],[8.61869151,46.97884355,671.1],[8.61868218,46.97883122,671.21],[8.61867352,46.97881889,671.35],[8.61864821,46.97877924,671.76],[8.61864022,46.97876591,671.9],[8.61863356,46.97875191,672.02],[8.61862091,46.97872159,672.29],[8.61861358,46.97870726,672.45],[8.61860425,46.97869326,672.62],[8.61859325,46.97868026,672.78],[8.61858092,46.9786676,672.93],[8.61856792,46.97865627,673.13],[8.61855626,46.97864394,673.29],[8.61854726,46.97863128,673.46],[8.6185406,46.97861928,673.61],[8.61853561,46.97860862,673.76],[8.61853295,46.97859996,673.94],[8.61852995,46.97859363,674.11],[8.61852196,46.97858164,674.39],[8.61851796,46.97857531,674.5],[8.61850997,46.97855965,674.69],[8.61850464,46.97855132,674.83],[8.61849831,46.97854299,674.95],[8.61849131,46.978536,675.09],[8.61848498,46.97853067,675.21],[8.61847466,46.97851802,675.52],[8.61815433,46.97802169,675.67],[8.618153,46.97800903,684.94],[8.61814934,46.9779957,684.94],[8.6181267,46.97793372,684.94],[8.6181227,46.97791906,685.37],[8.61811637,46.9779024,685.4],[8.61810804,46.9778844,685.42],[8.61809838,46.97786574,685.52],[8.61808938,46.97784574,685.62],[8.61808105,46.97782441,685.7],[8.61805874,46.97773676,686.22],[8.61805208,46.9777151,686.32],[8.6180271,46.97764811,686.62],[8.61801844,46.97762512,686.73],[8.61799745,46.97755681,687.14],[8.61799012,46.97753382,687.3],[8.61796014,46.97744317,687.91],[8.61795215,46.97741951,688.09],[8.6179265,46.97732686,688.72],[8.61792017,46.97730453,688.9],[8.61791551,46.97728253,689.05],[8.61791351,46.97726053,689.21],[8.61791251,46.97723854,689.4],[8.61790752,46.97721621,689.54],[8.61789953,46.97719355,689.68],[8.61787854,46.97714889,689.97],[8.61786888,46.97712656,690.14],[8.61785223,46.97708057,690.45],[8.61784557,46.97705758,690.59],[8.61784024,46.97703425,690.74],[8.61783691,46.97701092,690.87],[8.61783458,46.97698759,690.98],[8.61782693,46.97694093,691.28],[8.6178236,46.97691827,691.43],[8.61782327,46.97689528,691.59],[8.61782659,46.97685062,691.93],[8.61782825,46.97682796,692.06],[8.61782924,46.97680596,692.16],[8.61782924,46.9767833,692.28],[8.61782858,46.9767613,692.42],[8.61782159,46.97669398,692.8],[8.61781926,46.97667165,692.94],[8.61781793,46.97664866,693.06],[8.61781693,46.97662567,693.17],[8.61781726,46.97660268,693.26],[8.61781726,46.97657935,693.35],[8.61781957,46.97648871,693.8],[8.6178199,46.97646638,693.92],[8.61782389,46.97642039,694.18],[8.61782522,46.9763974,694.3],[8.61782489,46.97635108,694.54],[8.61782456,46.97632775,694.67],[8.61782357,46.97630375,694.77],[8.61782324,46.97628009,694.89],[8.61782357,46.97625643,695],[8.61782324,46.9762331,695.1],[8.61781926,46.97616278,695.39],[8.6178186,46.97613945,695.51],[8.6178186,46.97611612,695.62],[8.61781959,46.97609279,695.76],[8.61781992,46.97606946,695.91],[8.61782158,46.9760468,696.06],[8.61782524,46.97602381,696.22],[8.6178309,46.97600148,696.39],[8.61784289,46.97595982,696.77],[8.61784822,46.97593983,696.99],[8.61785155,46.9759205,697.19],[8.61785521,46.97590051,697.35],[8.61785987,46.97588218,697.53],[8.6178642,46.97586452,697.68],[8.61786919,46.97582254,698.08],[8.61786985,46.97581655,698.21],[8.61787584,46.97578789,698.55],[8.6178805,46.97577256,698.59],[8.61788516,46.97575356,698.57],[8.61788849,46.97573057,698.55],[8.61789082,46.97570557,698.53],[8.61789248,46.97567724,698.49],[8.61789514,46.97564558,698.41],[8.61790647,46.97553227,698.08],[8.6179108,46.97548794,697.94],[8.61791846,46.97543928,697.76],[8.61793312,46.97538762,697.49],[8.61795545,46.97533229,697.17],[8.61798278,46.97527329,696.85],[8.61801244,46.97521063,696.5],[8.61804243,46.97514463,696.12],[8.61807209,46.97507597,695.77],[8.61810675,46.97500564,695.2],[8.61815108,46.97493665,695.19],[8.61820341,46.97487265,694.72],[8.61825874,46.97481399,694.11],[8.6183134,46.97476099,693.95],[8.61836506,46.97471266,693.81],[8.61841072,46.97466733,693.74],[8.61845138,46.97462567,693.68],[8.61848904,46.97458734,693.67],[8.61855769,46.97452069,693.77],[8.61858702,46.97449236,693.75],[8.61861101,46.97446736,693.87],[8.61863067,46.97444503,694.05],[8.61866299,46.97440371,694.46],[8.61867865,46.97438372,694.65],[8.61869198,46.97436206,694.84],[8.61870264,46.97433973,695],[8.61870964,46.97431707,695.14],[8.61871397,46.97429508,695.29],[8.61871597,46.97427375,695.48],[8.61871829,46.97423409,695.78],[8.61871796,46.97421509,695.93],[8.6187143,46.97419676,696.08],[8.61870797,46.97418076,696.23],[8.61870031,46.97416443,696.34],[8.61869232,46.9741491,696.5],[8.61868399,46.97413477,696.64],[8.61867666,46.97412011,696.83],[8.61866933,46.97410611,697.02],[8.61865401,46.97407812,697.33],[8.61864601,46.97406346,697.49],[8.61862136,46.9740238,698.03],[8.61861236,46.97401181,698.18],[8.61859937,46.97398849,698.55],[8.61859271,46.97397716,698.71],[8.61858305,46.97396483,698.9],[8.61857272,46.9739535,699.04],[8.61855972,46.97394284,699.18],[8.61853073,46.97392318,699.42],[8.61851707,46.97391385,699.58],[8.61850441,46.97390352,699.76],[8.61849175,46.97389286,699.94],[8.61845644,46.97385587,700.48],[8.61844411,46.97384288,700.68],[8.6183918,46.97379223,701.47],[8.61837814,46.97377957,701.68],[8.61836515,46.97376557,701.88],[8.61835349,46.97375157,702.07],[8.61833083,46.97372091,702.51],[8.61831884,46.97370658,702.78],[8.61830418,46.97369258,702.98],[8.61827386,46.97366759,703.41],[8.61825853,46.97365393,703.63],[8.61820088,46.97359894,704.46],[8.61818622,46.97358461,704.64],[8.61812391,46.97352828,705.5],[8.61810925,46.97351428,705.75],[8.61809392,46.97350128,706.02],[8.61807726,46.97348962,706.25],[8.6180606,46.97347829,706.49],[8.61804394,46.97346763,706.71],[8.61802794,46.97345664,706.94],[8.61801261,46.97344464,707.17],[8.61797929,46.97342165,707.66],[8.61796263,46.97341032,707.89],[8.61793098,46.97338634,708.45],[8.61791499,46.97337434,708.75],[8.617882,46.97335035,709.29],[8.61786534,46.97333835,709.58],[8.61783335,46.97331269,710.13],[8.61781769,46.97329903,710.4],[8.61780303,46.9732847,710.66],[8.61778937,46.97327004,710.91],[8.61777671,46.97325604,711.16],[8.61776438,46.97324171,711.48],[8.61773139,46.97320039,712.26],[8.61771973,46.97318706,712.53],[8.6177094,46.97317273,712.79],[8.61770074,46.9731584,713.05],[8.61769341,46.97314374,713.3],[8.61768508,46.97312841,713.54],[8.61766742,46.97309875,714.03],[8.61766009,46.97308409,714.28],[8.61765443,46.97306843,714.5],[8.61764111,46.97303744,714.99],[8.61763411,46.97302111,715.26],[8.61762079,46.97298812,715.73],[8.6176148,46.97297212,715.96],[8.6176108,46.97295613,716.17],[8.61760747,46.97294047,716.39],[8.61760614,46.97292514,716.6],[8.61760481,46.97290981,716.84],[8.61760015,46.97288682,717.28],[8.61759982,46.97288083,717.48],[8.61760415,46.9728555,718.62],[8.61760415,46.97283584,718.66],[8.61760481,46.97282484,718.69],[8.61760547,46.97281318,718.73],[8.6176058,46.97276421,719.11],[8.6176058,46.97275188,719.21],[8.61760646,46.97273989,719.33],[8.61760745,46.97272723,719.5],[8.61760945,46.97271457,719.65],[8.61761443,46.97266359,720.26],[8.61761576,46.97265159,720.41],[8.61761708,46.97261561,720.86],[8.61761741,46.97260361,721.03],[8.61761675,46.97259162,721.2],[8.61761509,46.97257963,721.38],[8.61761243,46.97256797,721.54],[8.61760977,46.97255697,721.69],[8.61760744,46.97253364,721.97],[8.61760678,46.97252231,722.08],[8.61760778,46.97251165,722.23],[8.61761144,46.97248766,722.47],[8.6176131,46.97247533,722.46],[8.6176161,46.972464,722.77],[8.61761943,46.97245334,722.9],[8.61762609,46.97242169,723.28],[8.61762809,46.97241369,723.41],[8.61762975,46.97240903,723.56],[8.61763175,46.97240604,723.81],[8.61763341,46.97240538,724.04],[8.61763507,46.97240604,724.22],[8.61762707,46.97200538,728.68],[8.61761508,46.97196739,728.97],[8.61761308,46.97195473,729.09],[8.61761142,46.9719414,729.19],[8.61760976,46.97192907,729.33],[8.61760579,46.97186942,730.02],[8.61760513,46.97185842,730.17],[8.61760214,46.97183477,730.48],[8.61760148,46.97182311,730.68],[8.61760214,46.97181145,730.86],[8.6176028,46.97179979,731.06],[8.61760413,46.97178813,731.28],[8.61760479,46.9717758,731.48],[8.61760645,46.97176381,731.65],[8.61760744,46.97175182,731.81],[8.61760645,46.97172783,732.07],[8.61760678,46.9717155,732.2],[8.61760877,46.97169051,732.45],[8.61760943,46.97167852,732.6],[8.61761309,46.97165487,732.83],[8.61761409,46.97164254,732.95],[8.61761675,46.97163121,733.07],[8.61761974,46.97161888,733.16],[8.6176234,46.97160755,733.26],[8.61762939,46.97158356,733.45],[8.61763205,46.9715719,733.54],[8.61764502,46.97151126,734.17],[8.61764801,46.97149893,734.32],[8.61764967,46.97148627,734.45],[8.61765233,46.97147428,734.58],[8.61765899,46.97145129,734.82],[8.61766232,46.97143963,734.94],[8.61766631,46.9714283,735.13],[8.61766997,46.97141597,735.33],[8.61767297,46.97140298,735.52],[8.6176753,46.97139065,735.71],[8.61767596,46.97137799,735.86],[8.61767662,46.97136599,736],[8.61767662,46.971354,736.15],[8.61767629,46.97134134,736.28],[8.6176753,46.97132834,736.4],[8.61767431,46.97131534,736.53],[8.61767231,46.97130301,736.69],[8.61766965,46.97129001,736.83],[8.61766666,46.97127768,736.99],[8.617654,46.97124136,737.53],[8.61765,46.9712297,737.66],[8.61764434,46.97121937,737.8],[8.61763834,46.97120871,737.93],[8.61761136,46.97116605,738.51],[8.61760303,46.97115606,738.65],[8.61759337,46.97114606,738.76],[8.61758237,46.97113673,738.89],[8.61756971,46.97112774,739.02],[8.61754272,46.97111208,739.28],[8.61753073,46.97110509,739.4],[8.6175194,46.97109743,739.55],[8.61748842,46.9710731,739.98],[8.61747809,46.97106544,740.12],[8.61746776,46.97105878,740.25],[8.6174591,46.97105345,740.38],[8.61745244,46.97105046,740.48],[8.61744645,46.97104647,740.59],[8.61744012,46.97104081,740.68],[8.61741148,46.97101116,741.07],[8.61726649,46.97083716,743.54],[8.6172615,46.97082683,743.71],[8.61725684,46.97081717,743.7],[8.61725251,46.97081018,743.87],[8.61700985,46.97016152,752.6],[8.6170032,46.97013953,752.86],[8.61699954,46.9701282,753.03],[8.61699688,46.97011654,753.17],[8.61699389,46.97010588,753.33],[8.61698458,46.97005123,754.05],[8.61698258,46.97004124,754.21],[8.61698192,46.97003058,754.38],[8.61698225,46.97001925,754.53],[8.61698358,46.97000859,754.71],[8.61699023,46.96998626,755.05],[8.61699256,46.96997493,755.22],[8.61699456,46.96996393,755.4],[8.61699788,46.96993528,755.95],[8.61699921,46.96992695,756.1],[8.61699888,46.96988631,756.82],[8.61704354,46.96976898,758.68],[8.6170512,46.96975999,758.8],[8.61705853,46.96974966,758.93],[8.61706553,46.96973966,759.07],[8.61708584,46.96971601,759.51],[8.6170885,46.96971335,759.5],[8.61714582,46.96968302,760.44],[8.61715715,46.96967669,760.53],[8.61750948,46.96961736,764.4],[8.61752181,46.96961936,764.56],[8.61753214,46.96962202,764.72],[8.61756579,46.96963233,765.12],[8.61773512,46.96968466,766.87],[8.61774878,46.96968666,767.02],[8.61775544,46.96968699,767.16],[8.61779843,46.96968666,768.03],[8.61783842,46.96968732,768.19],[8.61785942,46.96968765,768.3],[8.61790374,46.96968699,768.52],[8.61792707,46.96968599,768.66],[8.6179494,46.96968333,768.78],[8.61797073,46.96967834,768.89],[8.61799072,46.96967168,769.01],[8.61801005,46.96966469,769.16],[8.61802938,46.96965736,769.33],[8.61805004,46.9696497,769.52],[8.6180697,46.96964104,769.7],[8.61812501,46.96961406,770.26],[8.61814101,46.96960373,770.45],[8.61815367,46.96959073,770.62],[8.61816333,46.96957607,770.78],[8.61816999,46.96956141,770.94],[8.61817699,46.96954608,771.11],[8.61820164,46.96949976,771.66],[8.61820797,46.96948376,771.9],[8.6182123,46.9694671,772.1],[8.61821496,46.96945077,772.29],[8.61821529,46.96943444,772.5],[8.61821529,46.96941844,772.72],[8.61821895,46.96938678,773.14],[8.61822028,46.96937112,773.36],[8.61821928,46.96935513,773.59],[8.61821728,46.96933913,773.81],[8.61821395,46.96932313,774.08],[8.61821195,46.96930714,774.34],[8.61820795,46.96929081,774.61],[8.61820462,46.96927348,774.88],[8.61820029,46.96925615,775.14],[8.61819863,46.96923949,775.38],[8.61819797,46.96922416,775.65],[8.61819498,46.96920783,775.88],[8.61818999,46.96919117,776.12],[8.61818299,46.96917384,776.32],[8.61817599,46.96915751,776.57],[8.61816433,46.96912518,777.09],[8.618161,46.96910952,777.39],[8.61816166,46.96909353,777.68],[8.61816598,46.96906154,778.26],[8.61816864,46.96904488,778.55],[8.61816964,46.96902822,778.8],[8.61816931,46.96901122,779.08],[8.61817064,46.96899589,779.37],[8.61817962,46.96895158,780.11],[8.61818195,46.96893758,780.35],[8.61818527,46.96890726,780.76],[8.6181866,46.96889226,780.99],[8.61818693,46.96887727,781.21],[8.6181866,46.96886294,781.42],[8.61818527,46.96884961,781.65],[8.61818461,46.96883695,781.88],[8.61818593,46.96881829,782.32],[8.61818793,46.96881296,782.51],[8.61813127,46.96845663,787.69],[8.61812894,46.96844664,787.82],[8.61812561,46.96843664,787.97],[8.61811562,46.96841099,788.44],[8.61811362,46.96840566,788.62],[8.61811196,46.96840267,788.8],[8.6176953,46.96790234,798.09],[8.61768064,46.96789068,798.23],[8.61766531,46.96787702,798.38],[8.61764832,46.96786403,798.53],[8.61762999,46.96785103,798.69],[8.61761033,46.9678387,798.87],[8.61759,46.96782637,799.05],[8.61754801,46.96780371,799.47],[8.61752635,46.96779271,799.68],[8.6174617,46.96776372,800.34],[8.61743937,46.96775473,800.55],[8.61741604,46.96774874,800.78],[8.61739305,46.96774241,801.01],[8.61737039,46.96773741,801.28],[8.61734773,46.96773241,801.61],[8.6173264,46.96772608,801.88],[8.61730474,46.96771975,802.17],[8.61728441,46.96771109,802.46],[8.61726575,46.96770176,802.75],[8.61724842,46.9676911,803.02],[8.61723276,46.96767844,803.29],[8.61721777,46.96766444,803.55],[8.61718977,46.96763512,804.12],[8.61717778,46.96762046,804.44],[8.61715579,46.96758814,805.05],[8.61714713,46.96757148,805.33],[8.61713281,46.96753716,805.89],[8.61712648,46.96752083,806.16],[8.61712149,46.96750384,806.45],[8.61711816,46.96748718,806.7],[8.6171145,46.96747085,806.97],[8.61711184,46.96745452,807.25],[8.61711018,46.96743886,807.54],[8.61710918,46.9674232,807.82],[8.61711051,46.96740854,808.07],[8.6171155,46.96738021,808.53],[8.6171175,46.96736621,808.74],[8.61711883,46.96735155,808.94],[8.61711916,46.96732322,809.33],[8.61711783,46.96730856,809.49],[8.61711517,46.96729323,809.65],[8.61711151,46.9672779,809.85],[8.6170912,46.96721859,810.66],[8.61708654,46.96720393,810.89],[8.61708288,46.96718894,811.12],[8.61707955,46.96717395,811.37],[8.61707489,46.96715929,811.63],[8.61707123,46.96714496,811.87],[8.6170689,46.9671303,812.13],[8.6170689,46.96711564,812.41],[8.61706857,46.96710064,812.7],[8.61706691,46.96708598,812.97],[8.61706458,46.96707099,813.21],[8.61706058,46.96705666,813.47],[8.61705458,46.967042,813.74],[8.61704725,46.967028,813.99],[8.61703892,46.96701434,814.27],[8.61703026,46.96700001,814.52],[8.61702326,46.96698535,814.81],[8.61701726,46.96697036,815.11],[8.61701193,46.96695503,815.37],[8.61700627,46.9669397,815.64],[8.61698896,46.96688172,816.8],[8.61698297,46.96686772,817],[8.61697564,46.96685406,817.22],[8.61696631,46.9668404,817.4],[8.61695632,46.96682674,817.62],[8.61694466,46.96681341,817.8],[8.61693267,46.96679875,817.97],[8.61690635,46.96677075,818.33],[8.61689302,46.96675675,818.52],[8.61686336,46.96672809,818.98],[8.6168487,46.96671476,819.18],[8.61681604,46.96668844,819.67],[8.61679871,46.96667578,819.92],[8.61678305,46.96666279,820.17],[8.61676905,46.96664979,820.42],[8.61675739,46.9666368,820.64],[8.6167474,46.96662214,820.87],[8.61673807,46.96660681,821.11],[8.61672874,46.96659215,821.32],[8.61671009,46.96656449,821.7],[8.61670243,46.9665495,821.88],[8.61669677,46.96653384,822.05],[8.61666379,46.96647052,822.56],[8.61665679,46.96645453,822.65],[8.61663813,46.96640222,822.88],[8.6166328,46.96638389,822.95],[8.61662814,46.96636589,823],[8.61662115,46.96632824,823.11],[8.61661715,46.96630891,823.2],[8.61661416,46.96629025,823.25],[8.61661117,46.96624893,823.36],[8.61661117,46.96622693,823.4],[8.61661616,46.96615828,823.43],[8.61661816,46.96613528,823.43],[8.61662415,46.96608963,823.3],[8.61662815,46.96606597,823.21],[8.61663747,46.96601965,823.01],[8.6166428,46.96599666,822.93],[8.61665512,46.96595367,822.72],[8.61666078,46.96593301,822.64],[8.61667011,46.96589569,822.5],[8.6166731,46.96588103,822.42],[8.61667177,46.96586937,822.32],[8.61666611,46.96586237,822.35],[8.61665945,46.96585904,822.17],[8.61665479,46.96585638,822.13],[8.61665146,46.96585539,822.09],[8.61665013,46.96584506,822.01],[8.62084179,46.9611214,800.09],[8.62084146,46.96111907,799.92],[8.62084146,46.96111808,799.9],[8.62084014,46.96111708,799.84],[8.62083948,46.96111708,799.82],[8.62164381,46.96049909,786.56],[8.62164315,46.96049809,786.41],[8.62164547,46.9604961,786.17],[8.62164846,46.9604941,786.09],[8.62165212,46.9604901,786.02],[8.62165711,46.96048544,785.97],[8.62167242,46.96046813,785.63],[8.62167875,46.9604618,785.5],[8.62171706,46.96042617,784.46],[8.62172339,46.96042018,784.26],[8.62172905,46.96041352,784.05],[8.62173505,46.96040653,783.87],[8.62174537,46.96039254,783.47],[8.62175036,46.96038521,783.24],[8.62176534,46.9603569,782.36],[8.621768,46.96035091,782.17],[8.62177499,46.96033859,781.76],[8.62200465,46.95996393,781.52],[8.62201064,46.9599486,773.45],[8.62201797,46.95993127,773.41],[8.62204195,46.95987696,772.93],[8.62205028,46.9598573,772.78],[8.62205928,46.95983731,772.6],[8.62206794,46.95981732,772.42],[8.62208626,46.959778,772.01],[8.62209359,46.95976201,771.8],[8.62209925,46.95974801,771.6],[8.62210458,46.95973668,771.38],[8.62210924,46.95972435,771.16],[8.62211323,46.95971035,770.97],[8.62211889,46.95969436,770.81],[8.62213855,46.95965804,770.47],[8.62215155,46.95963704,770.29],[8.62216588,46.95961471,770.08],[8.62218321,46.95958905,769.89],[8.62222286,46.95953506,769.51],[8.62224219,46.95950806,769.33],[8.62226252,46.95948173,769.16],[8.62228185,46.95945607,768.97],[8.62229985,46.95943141,768.76],[8.62231884,46.95940708,768.58],[8.6223395,46.95938175,768.38],[8.62236216,46.95935542,768.19],[8.62238615,46.95932876,768.03],[8.62241148,46.95930143,767.88],[8.62243648,46.95927544,767.73],[8.62246147,46.95924878,767.57],[8.62251113,46.95919812,767.26],[8.62253512,46.95917446,767.12],[8.62255678,46.9591538,766.98],[8.62257511,46.95913614,766.8],[8.62259144,46.95911948,766.66],[8.62260777,46.95910315,766.52],[8.62265643,46.95905716,766.14],[8.62266976,46.95904383,766.03],[8.62268275,46.95903217,765.94],[8.62272907,46.95899453,765.54],[8.62274106,46.9589842,765.47],[8.62280638,46.95893856,765.23],[8.62282537,46.95892556,765.17],[8.62286636,46.95889924,765.05],[8.62288736,46.95888524,765],[8.62293268,46.95885725,764.8],[8.62295667,46.95884292,764.7],[8.62297867,46.95882892,764.58],[8.622998,46.95881626,764.43],[8.62303433,46.95879394,764.16],[8.62305199,46.95878294,764.04],[8.62307098,46.95877161,763.92],[8.62308997,46.95875995,763.79],[8.6231103,46.95874862,763.69],[8.62312963,46.95873762,763.59],[8.62314829,46.95872629,763.5],[8.62316528,46.9587163,763.43],[8.62318261,46.95870764,763.36],[8.62320094,46.95869964,763.28],[8.62322093,46.95869164,763.23],[8.62324226,46.95868465,763.17],[8.62326359,46.95867732,763.12],[8.62328558,46.95867166,763.07],[8.62330757,46.95866733,763.02],[8.62332823,46.95866467,762.97],[8.62334856,46.95866533,762.92],[8.62336855,46.95866766,762.87],[8.62338688,46.95867099,762.78],[8.62340354,46.95867432,762.69],[8.62342053,46.95867831,762.59],[8.62343653,46.95868164,762.45],[8.62348717,46.9586883,762.08],[8.6235045,46.95869063,761.9],[8.62352183,46.95869096,761.72],[8.62353849,46.9586903,761.55],[8.62355382,46.9586893,761.39],[8.62356848,46.95868731,761.22],[8.62359013,46.95868233,760.77],[8.62403813,46.95848533,734.81],[8.62401114,46.95847267,734.52],[8.62399881,46.95846601,734.41],[8.62396317,46.95844302,734.11],[8.62395084,46.95843502,734.01],[8.62392785,46.95841737,733.81],[8.62391619,46.95840937,733.69],[8.62390686,46.95840137,733.55],[8.62389687,46.95839404,733.4],[8.62388754,46.95838638,733.27],[8.62387121,46.95837105,732.95],[8.62386222,46.95836372,732.8],[8.62385289,46.95835672,732.66],[8.6238429,46.95834973,732.48],[8.62382324,46.9583374,732.08],[8.62381291,46.95833141,731.88],[8.62380191,46.95832608,731.69],[8.62379058,46.95832275,731.47],[8.62377992,46.95832142,731.25],[8.62376959,46.95832175,731.01],[8.62375993,46.95832308,730.77],[8.62375027,46.95832374,730.55],[8.62374161,46.95832308,730.34],[8.62373395,46.95832308,730.12],[8.62372662,46.95832075,729.91],[8.62371896,46.95831876,729.66],[8.62331563,46.9581271,722.8],[8.62330497,46.9581201,722.67],[8.62328631,46.95810545,722.41],[8.62327598,46.95809845,722.31],[8.62326399,46.95809212,722.21],[8.62325066,46.95808646,722.12],[8.62323666,46.9580818,722.03],[8.62322233,46.95807747,721.96],[8.62320767,46.95807414,721.87],[8.62319301,46.95807181,721.76],[8.62317868,46.95807015,721.62],[8.62312303,46.95806817,721],[8.62311003,46.95806684,720.87],[8.62309704,46.95806451,720.7],[8.62308371,46.95806118,720.56],[8.62307138,46.95805785,720.4],[8.62304806,46.95805019,720.1],[8.6223834,46.95792186,708.86],[8.62233974,46.95792053,708.35],[8.62232474,46.95792086,708.15],[8.62220508,46.95790753,706.66],[8.6221661,46.95790021,706.18],[8.62214677,46.95789722,705.9],[8.62204114,46.95788726,704.32],[8.62202215,46.9578856,704.06],[8.62200216,46.9578846,703.76],[8.62198116,46.9578846,703.5],[8.62195983,46.9578866,703.26],[8.6219395,46.95788993,703.02],[8.6219195,46.95789393,702.82],[8.62189984,46.95789892,702.61],[8.62188151,46.95790525,702.41],[8.62186518,46.95791224,702.16],[8.62185019,46.95792123,701.95],[8.62183586,46.95793123,701.75],[8.62173723,46.9580022,700.53],[8.62171524,46.9580162,700.29],[8.62169158,46.9580302,700.08],[8.62166692,46.9580442,699.86],[8.62164192,46.95805686,699.67],[8.62161626,46.95806819,699.49],[8.62158993,46.95807785,699.29],[8.6215646,46.95808651,699.13],[8.62153994,46.95809384,698.95],[8.62151628,46.95810017,698.69],[8.6214593,46.95811249,697.94],[8.6214433,46.95811548,697.69],[8.62142797,46.95811714,697.45],[8.62139465,46.95811846,697.02],[8.62137932,46.95811879,696.79],[8.62134833,46.95811646,696.36],[8.621338,46.95811513,696.15],[8.62133035,46.95811247,695.72],[8.62034636,46.95846247,679.61],[8.62031072,46.95848779,678.94],[8.62029873,46.95849645,678.72],[8.6202734,46.95851311,678.35],[8.62026074,46.95852177,678.13],[8.62020975,46.95855342,677.26],[8.62019709,46.95856108,677.05],[8.6201851,46.95856908,676.86],[8.62017377,46.95857741,676.66],[8.62013746,46.95859906,675.89],[8.62012547,46.95860606,675.66],[8.62011247,46.95861272,675.45],[8.62009914,46.95861938,675.2],[8.62006948,46.9586327,674.78],[8.62005482,46.95863936,674.55],[8.6200125,46.95865734,673.83],[8.62000017,46.95866367,673.56],[8.61996085,46.95867999,672.96],[8.61994819,46.95868499,672.8],[8.61992287,46.95869865,672.55],[8.61990821,46.95870564,672.46],[8.61989322,46.95871064,672.39],[8.61987989,46.95871197,672.32],[8.61986989,46.95871031,672.27],[8.61985524,46.958704,672.13],[8.61985091,46.95870566,672.1],[8.61984492,46.95871232,672.12],[8.61982226,46.95875665,672.5],[8.61982792,46.95876264,672.55],[8.61983125,46.95877064,672.57],[8.61980692,46.95881297,672.75],[8.61978859,46.95883097,672.81],[8.61976759,46.9588503,672.86],[8.61974659,46.95887129,672.92],[8.61969361,46.95893228,673.55],[8.61967795,46.95894861,673.73],[8.61966395,46.95896161,673.86],[8.61965162,46.95896927,673.94],[8.61964363,46.9589726,674],[8.61969729,46.95893927,674.71],[8.61971695,46.95892327,674.69],[8.61973661,46.95890294,674.54],[8.6197546,46.95888161,674.37],[8.61977126,46.95885995,674.19],[8.61978592,46.95884129,673.88],[8.61979958,46.9588253,673.55],[8.61981157,46.95881097,673.24],[8.6198219,46.95879764,672.98],[8.61983256,46.95878565,672.77],[8.61987021,46.958735,672.12],[8.61987587,46.95872267,671.98],[8.61987521,46.95871068,671.83],[8.61987022,46.95870102,671.65],[8.61986822,46.95869436,671.48],[8.61987055,46.95868903,671.35],[8.61988788,46.95867338,671.18],[8.61989521,46.95866338,671.09],[8.61989821,46.95865505,670.98],[8.6198992,46.9586474,670.59],[8.61986954,46.95833607,665.54],[8.61990353,46.95827874,664.89],[8.61992052,46.95824508,664.61],[8.61993285,46.95820742,664.27],[8.61993884,46.95816776,663.92],[8.61994317,46.9581271,663.55],[8.61995116,46.95808744,663.22],[8.61996449,46.95804845,662.87],[8.61998315,46.95800745,662.5],[8.62003214,46.95791179,661.57],[8.62005847,46.95785613,660.97],[8.62008146,46.95779747,660.36],[8.62010079,46.95773981,659.72],[8.62011745,46.95768381,659],[8.62013711,46.95763081,658.21],[8.62016477,46.95758215,657.45],[8.62020477,46.95753916,656.68],[8.6202591,46.95750016,655.91],[8.62032609,46.95746516,655.1],[8.62039675,46.9574335,654.19],[8.6205884,46.95735319,651.48],[8.62065273,46.95732786,650.59],[8.62072672,46.95730253,649.79],[8.62081105,46.95727687,648.97],[8.62090371,46.95725121,648.22],[8.62100137,46.95722788,647.52],[8.62109936,46.95720855,646.71],[8.62119402,46.95719289,645.84],[8.62128435,46.95718089,644.86],[8.62137368,46.95717289,643.84],[8.62146467,46.95717023,642.81],[8.621555,46.95717223,641.83],[8.62164333,46.95717323,640.91],[8.62173166,46.95717057,639.9],[8.62182532,46.95716557,638.87],[8.62192565,46.95716524,637.89],[8.62203431,46.9571729,636.93],[8.62215164,46.95718823,635.97],[8.6222733,46.95720756,634.99],[8.62261761,46.95726788,631.89],[8.62272161,46.95728388,630.75],[8.62281594,46.95729621,629.6],[8.6228946,46.95730554,628.52],[8.62295326,46.95731053,627.42],[8.62299559,46.95731086,626.38],[8.62302559,46.95730753,625.39],[8.62304692,46.95730287,624.52],[8.62306658,46.95729754,623.72],[8.62309024,46.95729254,623.02],[8.62311857,46.95728721,622.37],[8.62330888,46.95725424,619.49],[8.62335054,46.95724658,618.92],[8.62339254,46.95723725,618.35],[8.6234372,46.95722759,617.8],[8.62348286,46.95721826,617.26],[8.62352719,46.95721026,616.71],[8.62357085,46.9572026,616.18],[8.62361018,46.9571976,615.65],[8.62364184,46.95719494,615.14],[8.6236675,46.95719395,614.65],[8.62369216,46.95719494,614.24],[8.62371915,46.95719694,613.81],[8.62374715,46.95719993,613.38],[8.62377881,46.95720459,613],[8.6238128,46.95720725,612.55],[8.62385013,46.95720625,612.16],[8.62389046,46.95720226,611.79],[8.62392945,46.9571966,611.4],[8.62396411,46.95719061,610.98],[8.62399477,46.95718428,610.64],[8.62401976,46.95717562,610.34],[8.62403675,46.95716729,610.08],[8.62404708,46.95716463,609.84],[8.62405174,46.9571633,609.64],[8.6240574,46.95713097,609.05],[8.62405873,46.95711931,608.99],[8.62405873,46.95710465,609.02],[8.62406006,46.95708799,608.98],[8.62406105,46.95707,608.92],[8.62406105,46.957052,608.85],[8.62405972,46.95703434,608.77],[8.62405406,46.95701601,608.65],[8.62404473,46.95699602,608.49],[8.62403173,46.95697502,608.3],[8.6240194,46.95695302,608.12],[8.62400807,46.95693036,607.92],[8.62399374,46.95690803,607.68],[8.62397775,46.95688537,607.46],[8.62396242,46.95686271,607.14],[8.62393543,46.95681706,606.58],[8.6239271,46.9567984,606.27],[8.62392244,46.95678174,605.92],[8.62391911,46.95676575,605.54],[8.62391578,46.95674809,605.22],[8.62390679,46.95671077,604.6],[8.62390046,46.95669044,604.27],[8.6238928,46.95666944,603.95],[8.62387281,46.95662478,603.33],[8.62386382,46.95660278,603.01],[8.62385816,46.95658112,602.66],[8.62385383,46.95656113,602.29],[8.6238485,46.9565428,601.97],[8.6238415,46.95652347,601.67],[8.6238325,46.95650481,601.27],[8.62382184,46.95648548,600.88],[8.62380751,46.95646582,600.55],[8.62379018,46.95644682,600.15],[8.62376918,46.95642749,599.77],[8.62372452,46.95639117,599.03],[8.62370186,46.95637451,598.64],[8.62367353,46.95635651,598.31],[8.62363754,46.95633585,597.9],[8.62360355,46.95631419,597.47],[8.62357455,46.9562912,597.08],[8.62355456,46.95626754,596.66],[8.62354923,46.95624054,596.25],[8.62356523,46.95621088,595.8],[8.62360356,46.95617989,595.39],[8.62366022,46.95614723,594.91],[8.62381122,46.95607524,594.17],[8.62389755,46.95603291,593.73],[8.62398821,46.95598692,593.29],[8.62407821,46.95593893,592.69],[8.62416187,46.95588593,592.01],[8.6242382,46.95583027,591.22],[8.62430653,46.95577228,590.44],[8.62436619,46.95571262,589.61],[8.62441752,46.95565163,588.69],[8.62445685,46.95559097,587.76],[8.62448318,46.95552931,586.81],[8.62449617,46.95546365,585.81],[8.62449617,46.95539299,584.86],[8.62449051,46.95531566,583.95],[8.62448718,46.95523267,583.12],[8.62449017,46.95514367,582.25],[8.62449917,46.95504901,581.35],[8.62452482,46.95485469,579.36],[8.62453648,46.95476269,578.32],[8.62454447,46.95467369,577.19],[8.62454348,46.95458436,575.98],[8.62453048,46.95449337,574.57],[8.62450748,46.95440337,573.15],[8.62446949,46.95431804,571.72],[8.62441683,46.95423538,570.48],[8.6243545,46.95415272,569.44],[8.62428884,46.95406839,568.39],[8.62422551,46.95398506,567.21],[8.62417118,46.95390373,565.91],[8.62412952,46.95382573,564.53],[8.62410486,46.95375073,563.19],[8.62408987,46.9536804,561.88],[8.62407754,46.95361707,560.64],[8.62406155,46.95356308,559.42],[8.62403122,46.95352508,558.29],[8.62398523,46.95350775,557.22],[8.62393424,46.95350409,556.23],[8.62389158,46.95351575,555.24],[8.62386625,46.95354641,554.33],[8.62385559,46.95359974,553.46],[8.62384127,46.95376773,551.9],[8.62383128,46.95387206,551.07],[8.62381528,46.95398205,550.23],[8.62378895,46.95409071,550.18],[8.62375096,46.95419837,548.37],[8.62370297,46.95430437,547.45],[8.62365231,46.95440603,547.41],[8.62360465,46.95450036,545.21],[8.62355832,46.95458235,545.17],[8.62351433,46.95465134,542.55],[8.623469,46.95471367,541.36],[8.62342001,46.95477533,540.2],[8.62336302,46.95483999,539.17],[8.62329369,46.95490599,538.24],[8.62321003,46.95496765,537.28],[8.6231137,46.95502198,536.24],[8.62301404,46.95506931,535.16],[8.62291971,46.9551103,533.96],[8.62283338,46.95514496,532.91],[8.62275538,46.95516962,531.59],[8.62268639,46.95518028,531.55],[8.62263173,46.95517562,529.45],[8.6225994,46.95515329,528.52],[8.62259274,46.95511729,527.61],[8.62261073,46.95507763,526.74],[8.62264973,46.95503597,525.94],[8.62270239,46.95498831,525.18],[8.62275372,46.95492898,524.48],[8.62279805,46.95485598,523.84],[8.62283205,46.95477165,523.09],[8.62285238,46.95468165,522.19],[8.62286071,46.95459232,521.38],[8.62285338,46.95450733,520.71],[8.62283805,46.95443,520],[8.62282139,46.95435667,519.02],[8.62280606,46.95428534,517.92],[8.6227954,46.95421401,517.88],[8.62279041,46.95413901,515.69],[8.62278975,46.95405968,514.69],[8.62278975,46.95397368,513.68],[8.62278642,46.95388302,512.62],[8.62277909,46.95378603,511.58],[8.62276776,46.95368503,510.52],[8.6227531,46.9535837,509.46],[8.62273577,46.95348637,508.24],[8.62271577,46.95339471,506.97],[8.62269678,46.95330738,505.62],[8.62267645,46.95322272,504.28],[8.62265245,46.95314039,502.91],[8.62262046,46.9530614,501.52],[8.6225788,46.95298741,500.13],[8.62252847,46.95291841,498.83],[8.62247881,46.95285508,497.56],[8.62243848,46.95279375,496.28],[8.62241149,46.95273109,495.04],[8.62239516,46.95266276,493.87],[8.62238883,46.9525891,492.8],[8.62239382,46.95251277,491.66],[8.62241381,46.95235645,489.33],[8.62242414,46.95227979,488.12],[8.62243147,46.95220713,486.92],[8.62243613,46.9521358,485.72],[8.62244212,46.95206414,484.62],[8.62245445,46.95198981,483.56],[8.62247511,46.95191115,482.55],[8.62250211,46.95182749,481.47],[8.6225291,46.95173849,480.39],[8.62254943,46.95164383,479.35],[8.62256009,46.95154917,478.27],[8.62257508,46.95137484,475.81],[8.62258341,46.95129585,474.61],[8.62259274,46.95121952,473.46],[8.6226034,46.95114386,472.34],[8.62261639,46.95106787,471.22],[8.62263772,46.95098954,470.09],[8.62267038,46.95090854,469.1],[8.62271538,46.95082788,468.06],[8.62276904,46.95075155,467],[8.62282637,46.95068256,465.9],[8.62288303,46.9506209,464.69],[8.62293469,46.95056624,463.47],[8.62297469,46.95051658,462.36],[8.62299735,46.95047059,461.29],[8.62300068,46.95042993,460.3],[8.62298435,46.9503956,459.32],[8.62294636,46.95037094,459.28],[8.6228867,46.95036128,457.53],[8.6228137,46.95036761,456.75],[8.62273271,46.95038527,456.01],[8.62264605,46.95041327,455.28],[8.62255672,46.95044793,454.58],[8.62246573,46.95048626,453.98],[8.62220442,46.95060024,451.73],[8.62212909,46.95063223,450.72],[8.62206076,46.95065889,449.82],[8.62199943,46.95068155,448.92],[8.6219461,46.95070021,448.13],[8.6219021,46.95071621,447.45],[8.62182179,46.95074186,445.7],[8.62181279,46.95074585,445.21],[8.62180579,46.95072186,442.63],[8.62179546,46.95071453,442.63],[8.62176681,46.95070187,442.57],[8.62175381,46.95069387,442.58],[8.62174548,46.95068454,442.62],[8.62174115,46.95067488,442.65],[8.62173915,46.95066755,442.67],[8.62175181,46.95061689,442.72],[8.62175747,46.95059623,442.75],[8.62176647,46.95057324,442.8],[8.6217758,46.95054725,442.81],[8.62178513,46.95051925,442.85],[8.62179512,46.95048959,442.9],[8.62180412,46.95045926,442.93],[8.62181411,46.95042827,443.03],[8.62182477,46.95039794,443.15],[8.62186041,46.95030496,443.49],[8.62187174,46.95027397,443.57],[8.6218824,46.95024264,443.63],[8.62189239,46.95021098,443.69],[8.62190339,46.95017932,443.73],[8.62191439,46.95014866,443.77],[8.62193538,46.950086,443.88],[8.62194638,46.95005501,443.94],[8.62195771,46.95002402,444],[8.6219697,46.94999236,444.07],[8.62201967,46.94986538,444.37],[8.62202833,46.94983538,444.42],[8.62203466,46.94980605,444.49],[8.62204065,46.94977639,444.63],[8.62205131,46.9497164,444.87],[8.62205731,46.94968541,444.94],[8.62206397,46.94965408,445],[8.62207929,46.9495901,445.09],[8.62208662,46.94955944,445.16],[8.62210428,46.94949945,445.27],[8.62211427,46.94946812,445.31],[8.62212293,46.94943546,445.35],[8.62213159,46.94940346,445.33],[8.62213859,46.94937213,445.32],[8.62215025,46.94931114,445.42],[8.62215725,46.94928181,445.46],[8.6222009,46.94912683,445.87],[8.62221023,46.94909317,445.97],[8.62223221,46.94899186,446.23],[8.62224021,46.94895787,446.3],[8.62227186,46.94885188,446.37],[8.62228019,46.94881589,446.35],[8.62228518,46.94878123,446.35],[8.62228684,46.9487469,446.35],[8.62228717,46.94871324,446.35],[8.62228451,46.94867958,446.45],[8.62227851,46.94864725,446.61],[8.62227018,46.94861659,446.77],[8.62225185,46.9485556,447.06],[8.62224052,46.94852494,447.23],[8.62222819,46.94849461,447.39],[8.62221453,46.94846428,447.55],[8.62217287,46.94837563,447.89],[8.62215954,46.94834563,447.97],[8.62214788,46.94831497,448.06],[8.62212856,46.94825431,448.24],[8.6221189,46.94822431,448.24],[8.62209825,46.94816432,448.37],[8.62208792,46.94813399,448.59],[8.62207659,46.948104,448.69],[8.62206426,46.94807334,448.77],[8.62205093,46.94804301,448.84],[8.6220376,46.94801202,448.92],[8.62200861,46.9479497,448.99],[8.62199161,46.94791804,449.01],[8.62197262,46.94788671,449.02],[8.62195263,46.94785505,448.99],[8.62191097,46.94779173,449.05],[8.62188964,46.9477594,449.12],[8.62186698,46.94772741,449.2],[8.62184232,46.94769608,449.32],[8.62181499,46.94766542,449.45],[8.62178666,46.94763509,449.53],[8.62172901,46.94757544,449.7],[8.62170068,46.94754578,449.75],[8.62158637,46.94743046,450.01],[8.62155904,46.9474028,450.06],[8.62153105,46.94737547,450.17],[8.6214454,46.94729649,450.47],[8.62141774,46.94727016,450.58],[8.62133875,46.94718884,450.9],[8.62131242,46.94716185,451.03],[8.62128742,46.94713485,451.17],[8.62126276,46.94710719,451.28],[8.62121677,46.9470532,451.54],[8.62119478,46.94702621,451.63],[8.62117312,46.94699888,451.72],[8.62115312,46.94697188,451.77],[8.62113346,46.94694489,451.83],[8.62111547,46.94691723,451.86],[8.62109814,46.94689023,451.95],[8.62105148,46.94680525,452.26],[8.62103615,46.94677559,452.37],[8.62090082,46.9461856,456.81],[8.62081849,46.94581627,456.95],[8.62076749,46.94555027,457.32],[8.62069251,46.94517595,457.64],[8.62067985,46.94511062,457.73],[8.62066219,46.94500896,457.9],[8.62065519,46.94496563,458.01],[8.62064753,46.94492564,458.14],[8.62063853,46.94488798,458.31],[8.62062687,46.94485065,458.43],[8.62061354,46.94481399,458.57],[8.62059721,46.94477833,458.69],[8.62058022,46.94474333,458.8],[8.6205259,46.94464668,459.08],[8.62050924,46.94461502,459.14],[8.62038891,46.94410636,463.82],[8.62028758,46.94370637,464.74],[8.62020258,46.94345937,465],[8.62012192,46.94330271,465.17],[8.62005826,46.94320072,465.34],[8.62000626,46.94313039,465.47],[8.6199536,46.94308106,465.64],[8.61990194,46.94304306,465.83],[8.61985395,46.94301173,465.98],[8.61980929,46.94298473,466.11],[8.61976963,46.9429594,466.24],[8.61973364,46.94293341,466.37],[8.61970131,46.94290708,466.48],[8.61967265,46.94288142,466.66],[8.61964965,46.94285476,466.82],[8.61963032,46.94282643,466.97],[8.61959566,46.94276744,467.21],[8.61957867,46.94273811,467.35],[8.61952935,46.94265079,467.71],[8.61951169,46.94262079,467.83],[8.6194917,46.94259213,467.92],[8.61946937,46.94256447,467.99],[8.61944637,46.94253781,468.09],[8.61942171,46.94251115,468.18],[8.61939638,46.94248449,468.27],[8.61936905,46.94245916,468.35],[8.61933972,46.94243416,468.44],[8.61930906,46.94240983,468.5],[8.6192794,46.94238584,468.61],[8.61922141,46.94233652,468.72],[8.61919142,46.94231186,468.77],[8.61916009,46.9422882,468.82],[8.61912743,46.94226554,468.89],[8.6190931,46.94224321,468.96],[8.61905777,46.94222055,469.04],[8.61902111,46.94219822,469.12],[8.61898445,46.94217556,469.19],[8.61887613,46.94210758,469.53],[8.61883947,46.94208492,469.62],[8.61880181,46.94206359,469.75],[8.61876181,46.94204193,469.82],[8.61867815,46.94199894,469.92],[8.61863616,46.94197694,469.95],[8.6185545,46.94193629,470.01],[8.61851684,46.94191696,470.08],[8.61848151,46.94189796,470.13],[8.61844818,46.94187997,470.21],[8.61831252,46.94181598,470.6],[8.61827753,46.94179865,470.71],[8.61824187,46.94177999,470.79],[8.61816922,46.94174001,470.96],[8.61812956,46.94172135,471.1],[8.6180869,46.94170469,471.2],[8.61804357,46.9416887,471.32],[8.61795458,46.94165771,471.55],[8.61791159,46.94164205,471.66],[8.61786959,46.94162439,471.76],[8.61782693,46.9416074,471.88],[8.61778427,46.94159107,471.99],[8.61774061,46.94157641,472.14],[8.61756396,46.94151975,472.75],[8.61751963,46.94150509,472.91],[8.61743131,46.94147376,473.17],[8.61738731,46.94145743,473.33],[8.61734465,46.94144044,473.47],[8.61726166,46.94140512,473.71],[8.617221,46.94138646,473.83],[8.617182,46.94136713,473.96],[8.61714601,46.94134613,474.1],[8.61711368,46.9413238,474.23],[8.61708635,46.94129947,474.4],[8.61706236,46.94127314,474.56],[8.61704137,46.94124514,474.57],[8.61702304,46.94121648,474.74],[8.61700638,46.94118648,475.01],[8.61699105,46.94115649,475.15],[8.61697739,46.94112649,475.27],[8.61696206,46.94109716,475.41],[8.61694606,46.9410675,475.53],[8.61692973,46.94103851,475.63],[8.61689807,46.94097752,475.8],[8.61687674,46.94094786,475.91],[8.61685141,46.9409192,476.04],[8.61682375,46.94089287,476.14],[8.61665546,46.94074223,476.91],[8.61663013,46.94071924,477.07],[8.6166068,46.94069558,477.2],[8.61658814,46.94066992,477.33],[8.61657348,46.94064259,477.44],[8.61656349,46.9406136,477.57],[8.61655816,46.9405836,477.69],[8.61655849,46.94055294,477.82],[8.61656515,46.94052161,477.95],[8.61657781,46.94049095,478.08],[8.61659547,46.94046062,478.23],[8.61661613,46.94043029,478.37],[8.61663979,46.94039996,478.49],[8.61666478,46.94037063,478.59],[8.61669078,46.94034164,478.69],[8.61676977,46.94025865,478.94],[8.61679377,46.94022999,479.05],[8.6168151,46.94019933,479.15],[8.6168311,46.940168,479.25],[8.61684009,46.94013634,479.35],[8.61684275,46.94010435,479.42],[8.61684042,46.94007202,479.5],[8.61683409,46.94004003,479.6],[8.61682676,46.9400087,479.73],[8.6168181,46.93997804,479.85],[8.61680877,46.93994871,479.96],[8.61679444,46.93989206,480.17],[8.61679111,46.93986406,480.26],[8.61679277,46.93983507,480.36],[8.61680043,46.93980641,480.48],[8.61681376,46.93977742,480.61],[8.61683176,46.93974909,480.73],[8.61685509,46.93972143,480.86],[8.61688242,46.93969443,480.97],[8.61691308,46.93966777,481.07],[8.61694841,46.93964077,481.17],[8.61702707,46.93958478,481.35],[8.61706773,46.93955579,481.47],[8.61715272,46.93949746,481.72],[8.61719438,46.93946813,481.87],[8.61731303,46.93937781,482.25],[8.61735269,46.93934881,482.39],[8.61739202,46.93932148,482.4],[8.61746834,46.93927016,482.64],[8.61750234,46.9392435,482.77],[8.61753133,46.93921617,482.88],[8.61755566,46.93918851,482.98],[8.61757599,46.93915985,483.13],[8.61758832,46.93913019,483.25],[8.61758898,46.93910086,483.37],[8.61758032,46.93907187,483.46],[8.61756599,46.93904321,483.6],[8.617547,46.93901455,483.78],[8.61752367,46.93898622,483.94],[8.61749834,46.93895923,484.13],[8.61746968,46.9389329,484.31],[8.61743902,46.93890724,484.47],[8.61737869,46.93885392,484.76],[8.61734936,46.93882659,484.88],[8.6173217,46.93879793,484.98],[8.61729437,46.93876827,485.1],[8.61726904,46.93873794,485.23],[8.61724638,46.93870695,485.33],[8.61722638,46.93867496,485.44],[8.61720939,46.9386423,485.51],[8.6171944,46.93860831,485.59],[8.61713875,46.93847234,485.83],[8.61712509,46.93843901,485.86],[8.6171131,46.93840568,485.9],[8.61710211,46.93837268,485.96],[8.6170718,46.93827369,486.06],[8.61706047,46.93824103,486.09],[8.61704747,46.93820803,486.14],[8.61703481,46.9381757,486.24],[8.61702015,46.93814304,486.31],[8.61700482,46.93811071,486.39],[8.61698849,46.93807872,486.45],[8.6169535,46.93801506,486.53],[8.61693684,46.93798373,486.54],[8.61692084,46.93795174,486.56],[8.61690451,46.93792008,486.57],[8.61688718,46.93788842,486.69],[8.61686919,46.93785709,486.86],[8.6168502,46.93782709,487],[8.6168142,46.93776644,487.21],[8.61679521,46.93773611,487.24],[8.61675456,46.93767679,487.28],[8.61673423,46.93764813,487.3],[8.61671257,46.93762047,487.35],[8.61668657,46.93759448,487.45],[8.61665457,46.93757048,487.54],[8.61661891,46.93754848,487.61],[8.61657825,46.93753015,487.68],[8.61653492,46.93751415,487.71],[8.61649059,46.93750082,487.74],[8.6164446,46.93748816,487.73],[8.61635094,46.9374665,487.71],[8.61630328,46.93745617,487.7],[8.6161623,46.93742819,487.86],[8.61611697,46.93741919,487.92],[8.61607231,46.93740953,487.98],[8.61602765,46.93740054,488.06],[8.61593333,46.93738521,488.28],[8.615885,46.93737788,488.41],[8.61578735,46.93736422,488.62],[8.61573935,46.93735589,488.71],[8.61569369,46.93734589,488.84],[8.61565236,46.93733189,488.98],[8.61561837,46.9373119,489.1],[8.61559037,46.93728791,489.22],[8.61556971,46.93726125,489.32],[8.61555405,46.93723292,489.41],[8.61554339,46.93720326,489.49],[8.61553773,46.93717227,489.58],[8.6155354,46.93714027,489.66],[8.61553407,46.93710761,489.77],[8.61552842,46.93704295,490.04],[8.61552709,46.93701129,490.15],[8.61552775,46.93694864,490.41],[8.61552775,46.93691831,490.52],[8.61552675,46.93688798,490.61],[8.61552442,46.93685765,490.73],[8.61552009,46.93682765,490.83],[8.61551443,46.93679766,490.95],[8.61550743,46.936769,491.06],[8.61549977,46.936741,491.17],[8.61549144,46.936713,491.28],[8.61548044,46.93668601,491.39],[8.61546711,46.93666068,491.51],[8.61545045,46.93663602,491.6],[8.61543179,46.93661203,491.7],[8.6154118,46.93658837,491.78],[8.61535148,46.93652139,492.03],[8.61533315,46.93650106,492.14],[8.61529649,46.93646307,492.32],[8.61527816,46.93644374,492.39],[8.61526117,46.93642441,492.44],[8.61524551,46.93640641,492.5],[8.61522952,46.93638942,492.53],[8.61521452,46.93637276,492.59],[8.61519387,46.93633843,492.67],[8.61518254,46.9363221,492.72],[8.61517221,46.9363111,492.75],[8.61516622,46.9363051,492.85],[8.61515556,46.93629511,493.05],[8.61513757,46.93627678,493.07],[8.61509558,46.93622846,493.1],[8.61507159,46.93620147,493.15],[8.61499394,46.93611615,493.37],[8.61496728,46.93608682,493.46],[8.61485629,46.93596617,493.82],[8.61482863,46.93593617,493.92],[8.6148013,46.93590584,494.04],[8.6147753,46.93587518,494.16],[8.61474864,46.93584485,494.32],[8.61472331,46.93581386,494.48],[8.61467432,46.93575088,494.78],[8.61465099,46.93571822,494.94],[8.61460701,46.93565156,495.25],[8.61458501,46.9356179,495.42],[8.61456402,46.93558391,495.58],[8.61454469,46.93554925,495.72],[8.61452869,46.93551459,495.87],[8.61451469,46.93547926,496],[8.61450403,46.93544326,496.11],[8.6144947,46.93540693,496.25],[8.61448704,46.9353706,496.36],[8.61447672,46.93529761,496.6],[8.61447106,46.93526028,496.73],[8.61445874,46.93518529,496.99],[8.61445441,46.93514829,497.11],[8.61445041,46.93507297,497.32],[8.61444875,46.93503497,497.41],[8.61444143,46.93492099,497.62],[8.6144391,46.93488366,497.68],[8.61443844,46.934846,497.74],[8.61443678,46.93480867,497.75],[8.61443245,46.93473535,497.83],[8.61443046,46.93469902,497.91],[8.61442946,46.93466302,497.98],[8.6144278,46.93462702,498.06],[8.61441781,46.93443905,498.36],[8.61441515,46.93440005,498.47],[8.61441382,46.93436106,498.56],[8.61441283,46.9342834,498.7],[8.61441217,46.93424374,498.78],[8.61441051,46.93420474,498.88],[8.61440851,46.93416541,498.96],[8.61440785,46.93396909,499.39],[8.61440619,46.93392976,499.47],[8.61440286,46.93388977,499.53],[8.61439553,46.93384978,499.58],[8.61438253,46.93381045,499.65],[8.61436587,46.93377079,499.71],[8.61434654,46.93373013,499.77],[8.61432554,46.9336898,499.81],[8.61430221,46.93364981,499.83],[8.61427455,46.93361115,499.83],[8.61424189,46.93357382,499.85],[8.61420256,46.93354082,499.89],[8.61415923,46.93351282,499.96],[8.6141119,46.93348816,500.07],[8.61406424,46.93346417,500.2],[8.61401824,46.93343851,500.29],[8.61397591,46.93341018,500.38],[8.61393992,46.93338152,500.47],[8.61391026,46.93335119,500.55],[8.61388726,46.93332053,500.62],[8.6138716,46.93328887,500.67],[8.6138626,46.93325654,500.74],[8.61386127,46.93322721,500.81],[8.6138666,46.93320055,500.89],[8.61387626,46.93317622,500.99],[8.61388559,46.93315089,501.12],[8.61388792,46.93312256,501.23],[8.61387959,46.93308923,501.33],[8.61386326,46.93305357,501.38],[8.61384293,46.93301591,501.39],[8.6138216,46.93297625,501.34],[8.6137986,46.93293492,501.29],[8.61377494,46.93289359,501.24],[8.61374994,46.93285193,501.2],[8.61372495,46.93280993,501.2],[8.61370095,46.93276793,501.22],[8.61367896,46.93272594,501.26],[8.6136583,46.93268361,501.32],[8.61363931,46.93264128,501.4],[8.61362198,46.93259929,501.47],[8.61360699,46.93255696,501.55],[8.61359333,46.9325133,501.62],[8.61358167,46.9324693,501.68],[8.61356501,46.93237564,501.77],[8.61355668,46.93232798,501.79],[8.61352104,46.93213834,501.91],[8.61351438,46.93209101,501.93],[8.61351038,46.93204401,501.97],[8.61350772,46.93199602,502],[8.61350772,46.93194836,502.03],[8.61350905,46.93190037,502.05],[8.61350938,46.93185271,502.08],[8.61350206,46.93175972,502.11],[8.61349906,46.93171373,502.14],[8.61349773,46.93166907,502.19],[8.6134964,46.93162407,502.25],[8.61349374,46.93158007,502.33],[8.61348608,46.93153741,502.41],[8.61347342,46.93149642,502.49],[8.61345742,46.93145709,502.56],[8.61343876,46.93141976,502.66],[8.61341843,46.9313831,502.77],[8.6133961,46.93134711,502.84],[8.61332744,46.93124479,503.17],[8.61330578,46.93121146,503.26],[8.61328245,46.93117747,503.4],[8.61326179,46.93114314,503.52],[8.61324446,46.93110848,503.61],[8.61322847,46.93107315,503.69],[8.61321347,46.93103649,503.77],[8.61320081,46.93099916,503.86],[8.61318815,46.93096016,503.95],[8.61317816,46.93092017,504.04],[8.61316916,46.93087951,504.11],[8.6131635,46.93083751,504.15],[8.61315917,46.93079385,504.19],[8.61315618,46.93074885,504.22],[8.61315485,46.93070319,504.25],[8.61315485,46.93056653,504.26],[8.61315019,46.93051854,504.23],[8.61314053,46.93046921,504.18],[8.61312953,46.93041888,504.15],[8.61311287,46.93036722,504.11],[8.61309887,46.93031623,504.07],[8.61308054,46.9302649,504.05],[8.61304122,46.93016224,504.01],[8.61301923,46.93011058,503.98],[8.61299424,46.93006058,503.97],[8.61296558,46.93001092,503.96],[8.61293459,46.92996192,503.95],[8.61290059,46.92991359,503.96],[8.61286426,46.9298676,503.96],[8.61282593,46.92982227,503.97],[8.6127846,46.92977927,503.96],[8.61274127,46.92973828,503.97],[8.61269661,46.92969829,503.97],[8.61265195,46.92965963,504.02],[8.61260629,46.92962163,504.13],[8.6125603,46.92958497,504.24],[8.61246664,46.92951332,504.44],[8.61241898,46.92947799,504.55],[8.61231899,46.92941067,504.79],[8.61227066,46.92937501,504.94],[8.61222767,46.92933635,505.06],[8.61219067,46.92929469,505.18],[8.61216134,46.92925103,505.27],[8.61214134,46.92920403,505.36],[8.61212868,46.92915504,505.44],[8.61212269,46.92910504,505.51],[8.61212136,46.92905438,505.61],[8.61212269,46.92900272,505.72],[8.61212568,46.92895106,505.8],[8.61212867,46.9288994,505.87],[8.61213233,46.92884774,505.94],[8.61213733,46.92879541,506.01],[8.61214299,46.92874308,506.06],[8.61215032,46.92869109,506.14],[8.61216132,46.92864076,506.21],[8.61217665,46.9285901,506.28],[8.61219798,46.9285401,506.37],[8.61222264,46.92849144,506.49],[8.6122503,46.92844278,506.58],[8.61228129,46.92839445,506.68],[8.61231728,46.92834679,506.75],[8.61235694,46.92829946,506.8],[8.61240127,46.92825247,506.86],[8.61244926,46.92820481,506.93],[8.61250159,46.92815915,507.01],[8.61255192,46.92811215,507.08],[8.61260125,46.92806482,507.14],[8.61264724,46.92801583,507.19],[8.61268957,46.9279655,507.21],[8.61272823,46.92791417,507.17],[8.61276356,46.92786117,507.18],[8.61279589,46.92780884,507.15],[8.61282488,46.92775618,507.12],[8.61285021,46.92770385,507.09],[8.61287187,46.92765185,507.11],[8.61289053,46.92759919,507.14],[8.61290553,46.92754619,507.2],[8.61291652,46.92749453,507.27],[8.61292452,46.92744354,507.34],[8.61293051,46.92739288,507.39],[8.6129355,46.92734322,507.36],[8.61294848,46.9271579,507.4],[8.61295081,46.9271129,507.49],[8.61296213,46.92698091,507.7],[8.61296512,46.92693792,507.73],[8.61296413,46.92689426,507.76],[8.6129568,46.92684893,507.74],[8.61294214,46.92680294,507.72],[8.61292181,46.92675661,507.71],[8.61289881,46.92670995,507.7],[8.61287382,46.92666362,507.69],[8.61284549,46.92661763,507.69],[8.61281316,46.92657197,507.68],[8.6127785,46.92652731,507.68],[8.6127415,46.92648398,507.63],[8.61270217,46.92644132,507.6],[8.61262018,46.926361,507.54],[8.61258518,46.92632134,507.54],[8.61256019,46.92628034,507.56],[8.61254586,46.92623901,507.63],[8.6125422,46.92619968,507.69],[8.61254853,46.92616335,507.83],[8.61256486,46.92613069,507.93],[8.61258986,46.92610269,508.03],[8.61262052,46.92607636,508.09],[8.61265618,46.9260527,508.14],[8.61269684,46.92603104,508.17],[8.61274017,46.92600938,508.19],[8.61283049,46.92596572,508.2],[8.61287749,46.92594306,508.19],[8.61308113,46.92584941,508.19],[8.61313246,46.92582475,508.19],[8.61317879,46.92579809,508.2],[8.61321478,46.9257671,508.19],[8.61323544,46.9257291,508.2],[8.6132451,46.92568844,508.22],[8.61325009,46.92564678,508.27],[8.61325509,46.92560478,508.34],[8.61326741,46.92552312,508.69],[8.61327407,46.92548212,508.87],[8.6132824,46.92544079,509.04],[8.61329506,46.92539946,509.21],[8.61331472,46.9253598,509.4],[8.61334138,46.92532214,509.55],[8.61337237,46.92528681,509.69],[8.61340803,46.92525248,509.8],[8.61344736,46.92521982,509.9],[8.61352434,46.92515183,510.03],[8.61356367,46.92511817,510.07],[8.61367999,46.92501419,510.1],[8.61371898,46.92497986,510.08],[8.61375797,46.92494686,510.05],[8.61379663,46.92491386,510.04],[8.61382762,46.9248892,510.03],[8.61385362,46.92486787,510.04],[8.61387595,46.92484821,510.08],[8.61388995,46.92483588,510.08],[8.61414228,46.92472155,510.02],[8.61424027,46.92467455,509.95],[8.61440926,46.92458756,509.61],[8.61447059,46.92455623,509.43],[8.61487759,46.92424057,507.05],[8.61514225,46.92403791,506.88],[8.61532324,46.92390225,506.7],[8.6155499,46.92372793,506.35],[8.61563256,46.92366494,506.18],[8.61570722,46.92361128,505.91],[8.61577822,46.92356229,505.68],[8.61584788,46.92351763,505.45],[8.61591987,46.92347497,505.21],[8.6159922,46.92343331,505],[8.61606453,46.92339098,504.8],[8.61620519,46.92330766,504.39],[8.61627218,46.92326866,504.18],[8.61633751,46.923233,503.97],[8.61640084,46.92319734,503.67],[8.61652583,46.92313235,503.06],[8.61658849,46.92309902,502.63],[8.61665148,46.92306369,502.26],[8.61671648,46.92302769,501.93],[8.61692513,46.9229157,500.87],[8.61699813,46.92287704,500.48],[8.61707313,46.92284004,500.11],[8.61715112,46.92280371,499.67],[8.61723045,46.92276905,499.28],[8.61731178,46.92273706,498.85],[8.61739544,46.9227074,498.5],[8.6174781,46.92267874,498.16],[8.6175621,46.92265475,497.85],[8.61764609,46.92263709,497.59],[8.61773142,46.9226241,497.41],[8.61781775,46.92261344,497.25],[8.61946441,46.92195578,483.67],[8.62051907,46.92150979,483.26],[8.6211884,46.92121713,483.1],[8.62162606,46.92101647,482.95],[8.62192339,46.92086948,482.84],[8.62213605,46.92075549,482.73],[8.62229871,46.92066116,482.65],[8.62243037,46.92057716,482.64],[8.62254036,46.9204965,482.64],[8.62263402,46.92041717,482.64],[8.62271335,46.92033718,482.65],[8.62277901,46.92025685,482.54],[8.622831,46.92017352,482.34],[8.622871,46.92008853,481.97],[8.622899,46.92000153,481.63],[8.62291433,46.91991353,481.26],[8.62291732,46.91982587,480.85],[8.62290733,46.91973854,480.52],[8.622886,46.91965321,480.19],[8.62285667,46.91957122,479.9],[8.62282367,46.91948989,479.48],[8.62279134,46.91940889,479.11],[8.62276235,46.91932789,478.72],[8.62273969,46.91924523,478.41],[8.62272603,46.91916157,478.09],[8.6227227,46.91907791,477.71],[8.62272869,46.91899525,477.35],[8.62274402,46.91891226,477.03],[8.62277202,46.91883027,476.67],[8.62281168,46.91874994,476.34],[8.62286334,46.91867228,476.07],[8.62292634,46.91859795,475.77],[8.62299934,46.91852729,475.48],[8.623081,46.91846063,475.21],[8.623171,46.9183973,474.94],[8.62326633,46.91833764,474.68],[8.62336533,46.91827898,474.41],[8.62356899,46.91816066,473.66],[8.62366899,46.91809867,473.28],[8.62376498,46.91803434,472.92],[8.62385664,46.91796834,472.54],[8.62394463,46.91790134,472.13],[8.62402896,46.91783268,471.77],[8.62410896,46.91776135,471.47],[8.62418429,46.91768869,471.1],[8.62425762,46.91761503,470.77],[8.62432795,46.9175407,470.46],[8.62439661,46.91746571,470.14],[8.6244616,46.91738972,469.8],[8.62452593,46.91731439,469.51],[8.62459159,46.91723973,469.26],[8.62466125,46.91716774,469.06],[8.62473425,46.91709708,468.8],[8.62480958,46.91702775,468.57],[8.62488657,46.91695842,468.32],[8.6249649,46.91688976,468.1],[8.62504256,46.91682043,467.87],[8.62511655,46.91674777,467.54],[8.62518421,46.91667244,467.15],[8.62524221,46.91659411,466.79],[8.6252882,46.91651278,466.44],[8.62532053,46.91642812,466.1],[8.62533853,46.91634212,465.76],[8.62534252,46.91625579,465.46],[8.62533319,46.91617046,465.12],[8.62530886,46.91608813,464.81],[8.6252702,46.91601013,464.55],[8.62521887,46.91593713,464.27],[8.62516221,46.91586814,463.99],[8.62510222,46.91580214,463.75],[8.62504156,46.91573848,463.47],[8.62498256,46.91567615,463.21],[8.62486657,46.91555649,462.79],[8.62481091,46.9154985,462.66],[8.62475758,46.91544084,462.55],[8.62470525,46.91538318,462.44],[8.62465659,46.91532518,462.36],[8.62461293,46.91526485,462.26],[8.62456927,46.91520552,462.12],[8.62452328,46.91514786,462.01],[8.62447495,46.91509186,461.92],[8.62442496,46.91503787,461.83],[8.62437397,46.91498454,461.66],[8.62432197,46.91493188,461.51],[8.62421598,46.91482755,461.11],[8.62416332,46.91477622,460.94],[8.62411132,46.91472356,460.81],[8.62405999,46.9146709,460.66],[8.623949,46.91456024,460.21],[8.623891,46.91450325,459.95],[8.62383267,46.91444392,459.69],[8.62377401,46.91438292,459.47],[8.62371268,46.91432026,459.22],[8.62351736,46.91412561,458.09],[8.62344936,46.91405795,457.74],[8.6233787,46.91398862,457.34],[8.62330637,46.91391896,456.96],[8.62323404,46.91384797,456.61],[8.62316471,46.91377531,456.23],[8.62310171,46.91370065,455.86],[8.62304738,46.91362232,455.48],[8.62300005,46.91354199,455.1],[8.62295772,46.91346033,454.72],[8.62291839,46.91337834,454.37],[8.62280408,46.91313236,453.57],[8.62276675,46.91305103,453.24],[8.62273042,46.9129697,452.92],[8.62269543,46.91288904,452.65],[8.62266143,46.91280805,452.36],[8.62262877,46.91272672,452.03],[8.62252779,46.91248541,450.69],[8.62249513,46.91240508,450.29],[8.6224648,46.91232509,449.98],[8.62244047,46.91224443,449.75],[8.62242514,46.9121631,449.61],[8.62241748,46.91208177,449.51],[8.62241548,46.91200044,449.42],[8.62241881,46.91191878,449.28],[8.62242981,46.91183779,449.1],[8.62244814,46.91175679,448.88],[8.6224718,46.91167546,448.62],[8.62249946,46.91159313,448.4],[8.62253012,46.91151047,448.12],[8.62256245,46.91142748,447.89],[8.62259644,46.91134448,447.71],[8.62270076,46.91109483,447.13],[8.62273542,46.9110115,446.93],[8.62280274,46.91084584,446.53],[8.6228354,46.91076351,446.3],[8.62286673,46.91068085,446.09],[8.62293106,46.91051552,445.67],[8.62296305,46.91043252,445.5],[8.62299404,46.91035019,445.31],[8.6230247,46.91026886,445.04],[8.62314768,46.90994687,443.67],[8.62317834,46.90986754,443.33],[8.62321,46.90978921,443.05],[8.623243,46.90971155,442.81],[8.623278,46.90963422,442.61],[8.62331499,46.90955722,442.42],[8.62335599,46.90948156,442.27],[8.62340265,46.90940823,442.1],[8.62345364,46.9093369,441.94],[8.62350864,46.90926757,441.8],[8.6235673,46.90920058,441.66],[8.62362929,46.90913492,441.54],[8.62369329,46.90907026,441.43],[8.62375829,46.9090076,441.32],[8.62382462,46.90894561,441.18],[8.62389228,46.90888461,441.08],[8.62396094,46.90882561,440.93],[8.62402927,46.90876661,440.77],[8.62409793,46.90870862,440.56],[8.62416493,46.90865096,440.36],[8.62423059,46.9085933,440.19],[8.62429392,46.90853397,439.94],[8.62435325,46.90847364,439.72],[8.62440958,46.90841165,439.44],[8.62446391,46.90834899,439.16],[8.62451657,46.908286,438.9],[8.62456757,46.908223,438.69],[8.62461556,46.90815934,438.46],[8.62466022,46.90809434,438.22],[8.62470221,46.90802868,437.99],[8.62474154,46.90796235,437.79],[8.62477854,46.90789569,437.51],[8.62481253,46.90782869,437.23],[8.62484419,46.90776136,437.23],[8.62487352,46.9076937,437],[8.62490018,46.90762537,436.77],[8.62492651,46.90755738,436.32],[8.62495084,46.90748905,436.12],[8.62497417,46.90742072,435.94],[8.6249975,46.90735273,435.94],[8.62501949,46.9072844,435.63],[8.62503915,46.90721707,435.52],[8.62505781,46.90715107,435.53],[8.6250748,46.90708541,435.44],[8.62509046,46.90702075,435.36],[8.62510446,46.90695709,435.31],[8.62512545,46.90683277,435],[8.62513611,46.90677244,434.85],[8.62514777,46.90671344,434.77],[8.6251581,46.90665544,434.69],[8.6251751,46.90654345,434.59],[8.62518209,46.90648879,434.54],[8.62518809,46.90643546,434.5],[8.62519375,46.90638313,434.47],[8.6252034,46.90628247,434.38],[8.62521006,46.90623281,434.35],[8.62521839,46.90618315,434.32],[8.62523772,46.90608516,434.23],[8.62524338,46.9060365,434.18],[8.62524637,46.90598751,434.12],[8.62524936,46.90593785,434.1],[8.62526034,46.9057892,433.95],[8.62526433,46.90574054,433.9],[8.62526733,46.90569255,433.86],[8.62526999,46.90564356,433.84],[8.62527198,46.9055949,433.77],[8.62527464,46.90554691,433.72],[8.62528363,46.90545093,433.64],[8.62528829,46.90540194,433.59],[8.62529228,46.90535328,433.57],[8.62529628,46.90530495,433.53],[8.62529927,46.90525662,433.52],[8.62530227,46.90520796,433.55],[8.62530393,46.90515963,433.56],[8.62530526,46.9051113,433.59],[8.62530592,46.90506297,433.6],[8.62530625,46.90501531,433.62],[8.62530592,46.90496665,433.69],[8.62530426,46.90491832,433.74],[8.62530127,46.90486966,433.81],[8.62529694,46.90482266,433.86],[8.62529228,46.90477533,433.89],[8.62528695,46.90472667,433.92],[8.62528095,46.90467901,433.95],[8.62527395,46.90463035,433.96],[8.62526596,46.90458102,434.03],[8.6252563,46.90453136,434.09],[8.62523464,46.90443137,433.92],[8.62522365,46.90438104,434.01],[8.62518266,46.90422773,434.08],[8.625169,46.90417674,434.08],[8.62515434,46.90412608,434.08],[8.62512335,46.90402576,433.86],[8.62510836,46.9039751,433.74],[8.62507437,46.90387411,433.72],[8.62505771,46.90382411,433.7],[8.62504138,46.90377312,433.72],[8.62501039,46.90367147,433.77],[8.62499506,46.90362114,433.78],[8.62497906,46.90357114,433.81],[8.62496306,46.90352015,433.82],[8.62492908,46.90341816,433.84],[8.62491242,46.90336717,433.86],[8.62489909,46.90331651,433.89],[8.62488976,46.90326551,433.91],[8.6248841,46.90321352,433.98],[8.62488643,46.90316086,434.04],[8.62490009,46.90310953,434.09],[8.62492908,46.9030632,434.03],[8.62496941,46.9030242,433.97],[8.62501441,46.90299054,433.92],[8.62505874,46.90296188,433.86],[8.62510207,46.90293688,433.81],[8.62514406,46.90291422,433.77],[8.62525571,46.90285957,433.73],[8.62529004,46.90284524,433.75],[8.62532437,46.90283424,433.75],[8.6253567,46.90282324,433.72],[8.62538736,46.90281158,433.71],[8.62541469,46.90279859,433.69],[8.62543835,46.90278659,433.7],[8.62545901,46.90278093,433.7],[8.62547134,46.90278359,433.69],[8.62547233,46.90279192,433.66],[8.62546234,46.90279858,433.62],[8.62544701,46.90280357,433.59],[8.62542968,46.90280557,433.58],[8.62541335,46.90280557,433.56],[8.62539969,46.90280224,433.51],[8.6253847,46.90279525,433.48],[8.62538004,46.90279292,433.49],[8.62545737,46.90280391,433.49],[8.62549669,46.90278592,433.57],[8.62552802,46.90277526,433.57],[8.62555768,46.9027586,433.57],[8.62558501,46.90273627,433.58],[8.62560767,46.90270794,433.56],[8.62562666,46.90267561,433.56],[8.62564299,46.90264028,433.58],[8.62565699,46.90260395,433.6],[8.62567098,46.90256729,433.62],[8.62568431,46.90253063,433.63],[8.62570863,46.90245631,433.64],[8.62571996,46.90241898,433.62],[8.62573229,46.90238365,433.61],[8.62574062,46.90234632,433.61],[8.62575528,46.90231266,433.61],[8.62576661,46.902278,433.68],[8.62577161,46.902241,433.73],[8.62577227,46.90220301,433.78],[8.62576961,46.90216602,433.81],[8.62576261,46.90213002,433.78],[8.62575295,46.90209436,433.74],[8.62573929,46.90206037,433.78],[8.62572363,46.90202638,433.83],[8.62570697,46.90199338,433.81],[8.62569364,46.90196172,433.85],[8.62568431,46.90192739,433.88],[8.62567598,46.9018934,433.92],[8.62567065,46.90186107,433.96],[8.62566865,46.90182974,433.98],[8.62567198,46.90179808,434.01],[8.62568131,46.90176642,434],[8.62569497,46.90173342,433.99],[8.6257263,46.90166277,433.96],[8.6257393,46.90162611,433.94],[8.62575063,46.90158811,433.94],[8.62575796,46.90154912,433.91],[8.62576162,46.90151046,433.9],[8.62575963,46.9014728,433.87],[8.6257533,46.90143481,433.81],[8.62574497,46.90139581,433.73],[8.62573298,46.90135648,433.68],[8.62570066,46.90127716,433.65],[8.62568533,46.9012375,433.69],[8.62565833,46.90115818,433.74],[8.625645,46.90111852,433.74],[8.62563267,46.90107886,433.8],[8.62562101,46.90103787,433.86],[8.62561235,46.90099554,433.88],[8.62560602,46.90095388,433.93],[8.62560103,46.90091122,433.96],[8.6255977,46.90086856,434.01],[8.62559671,46.9008289,434.01],[8.6255997,46.90074991,434.04],[8.62560269,46.90071092,434.06],[8.62560635,46.90067292,434.06],[8.625616,46.9005996,434.05],[8.62562,46.90056194,434.01],[8.62562066,46.90052428,433.97],[8.625616,46.90044396,433.87],[8.62560767,46.90040196,433.84],[8.62559334,46.90036096,433.8],[8.62557301,46.90032163,433.78],[8.62552503,46.90024697,433.72],[8.62549837,46.90021131,433.71],[8.62546871,46.90017798,433.68],[8.62543405,46.90014665,433.73],[8.62539805,46.90011632,433.77],[8.62536306,46.90008566,433.8],[8.62529574,46.90002334,433.86],[8.62526241,46.89999168,433.88],[8.62523041,46.89995935,433.9],[8.62519842,46.89992735,433.92],[8.6251091,46.89983371,433.99],[8.6250811,46.89980272,434.01],[8.62502545,46.89974573,434.08],[8.62500945,46.89972073,434.1],[8.62500579,46.8996974,434.14],[8.62500513,46.89967274,434.16],[8.62500014,46.89964541,434.17],[8.62498182,46.89958642,434.21],[8.62497183,46.89955443,434.22],[8.62496317,46.89952044,434.25],[8.62495617,46.89948611,434.29],[8.62495151,46.89945145,434.29],[8.62494785,46.89941545,434.29],[8.62494619,46.89937812,434.32],[8.62494619,46.89934079,434.3],[8.62494785,46.89930279,434.29],[8.62495085,46.8992648,434.28],[8.62495551,46.89922547,434.27],[8.62496217,46.89918581,434.27],[8.6249695,46.89914581,434.28],[8.62500248,46.8989835,434.33],[8.62501181,46.8989425,434.37],[8.62503213,46.89886085,434.43],[8.62504279,46.89881885,434.46],[8.62505445,46.89877719,434.49],[8.62508044,46.89869387,434.51],[8.62509177,46.89865154,434.55],[8.62510043,46.89860821,434.56],[8.62511043,46.89856488,434.55],[8.62512309,46.89852222,434.54],[8.62513742,46.89848056,434.52],[8.62515342,46.8984389,434.48],[8.62518808,46.89835491,434.4],[8.62520507,46.89831291,434.37],[8.62522473,46.89827025,434.35],[8.62524573,46.89822659,434.33],[8.62528938,46.89813793,434.32],[8.62531238,46.89809394,434.32],[8.62536003,46.89800495,434.33],[8.62538469,46.89796095,434.34],[8.62543934,46.89787329,434.38],[8.62546634,46.8978293,434.44],[8.62557431,46.89765165,434.64],[8.6256013,46.89760665,434.66],[8.62574295,46.89738066,434.73],[8.62577095,46.89733566,434.73],[8.62579961,46.89729133,434.74],[8.62582827,46.897246,434.76],[8.62585793,46.89720167,434.77],[8.62588593,46.89715767,434.8],[8.62591393,46.89711301,434.85],[8.62596425,46.89702335,434.93],[8.62598991,46.89697936,434.97],[8.62601591,46.89693603,434.96],[8.62604257,46.8968937,434.96],[8.62606823,46.89685137,434.98],[8.62609289,46.89680937,434.99],[8.62611722,46.89676804,434.99],[8.62614322,46.89672805,434.99],[8.62617122,46.89668939,434.98],[8.62620288,46.89665373,434.99],[8.62623787,46.8966214,434.99],[8.62627553,46.89659207,435],[8.62631553,46.89656641,435.03],[8.62635752,46.89654508,435.05],[8.62640118,46.89652775,435.09],[8.62644551,46.89651175,435.12],[8.62649084,46.89649576,435.15],[8.62653584,46.89647743,435.17],[8.6265795,46.8964571,435.17],[8.62662183,46.89643477,435.18],[8.62666116,46.89641077,435.15],[8.62669749,46.89638511,435.11],[8.62673049,46.89635711,435.09],[8.62675848,46.89632612,435.06],[8.62678181,46.89629379,435.1],[8.62680247,46.89625946,435.11],[8.62683813,46.89619113,435.14],[8.62685546,46.8961578,435.14],[8.62687346,46.89612547,435.14],[8.62689079,46.89609381,435.15],[8.62692644,46.89603515,435.18],[8.6269441,46.89600515,435.16],[8.62695976,46.89597249,435.12],[8.62697442,46.89593683,435.08],[8.62698942,46.89589717,435.01],[8.62700308,46.89585451,434.85],[8.62701374,46.89580718,434.67],[8.6270224,46.89575619,434.52],[8.62702539,46.89570186,434.31],[8.62702273,46.89564386,434.04],[8.62701507,46.89558286,433.76],[8.62700107,46.8955212,433.36],[8.62697275,46.89541821,432.7],[8.62691742,46.89521155,432.04],[8.62690776,46.89513756,432.09],[8.62689943,46.8950739,432.11],[8.62689843,46.8950149,432.21],[8.62690243,46.89495824,432.42],[8.62690809,46.89490491,432.69],[8.62691975,46.89481226,433.11],[8.62692474,46.89476927,433.37],[8.62693073,46.89472828,433.61],[8.62696971,46.89453563,434.66],[8.62697637,46.89449597,434.85],[8.62698203,46.89445631,435.01],[8.62699135,46.89437399,435.22],[8.62699701,46.89433199,435.34],[8.62700401,46.89428999,435.45],[8.62701134,46.89424866,435.55],[8.62703166,46.89412167,435.78],[8.62703832,46.89407901,435.85],[8.62706164,46.89394869,435.96],[8.62706897,46.89390536,435.99],[8.62708129,46.8938187,436.06],[8.62708762,46.89377604,436.1],[8.62709528,46.89373371,436.13],[8.62711394,46.89364905,436.23],[8.6271236,46.89360606,436.27],[8.62714059,46.89351941,436.34],[8.62715058,46.89347508,436.32],[8.62716224,46.89343109,436.31],[8.6271759,46.89338743,436.3],[8.62719423,46.89334444,436.3],[8.62721322,46.89330145,436.31],[8.62723055,46.89325812,436.31],[8.62724621,46.89321446,436.33],[8.62726054,46.8931698,436.35],[8.62727354,46.8931258,436.36],[8.62728453,46.89308247,436.38],[8.62729386,46.89303814,436.39],[8.62730918,46.89295315,436.35],[8.62731751,46.89291182,436.34],[8.62732717,46.89287183,436.37],[8.62733817,46.89283117,436.43],[8.6273655,46.89275185,436.52],[8.62738016,46.89271052,436.55],[8.62741115,46.89262586,436.61],[8.62742781,46.89258353,436.64],[8.62744614,46.8925422,436.61],[8.6274658,46.89250221,436.59],[8.62748746,46.89246288,436.58],[8.62751346,46.89242655,436.56],[8.62757145,46.8923599,436.51],[8.62759345,46.89232657,436.48],[8.62760811,46.89229291,436.45],[8.62762476,46.89222559,436.45],[8.62763742,46.89219093,436.47],[8.62765408,46.89215394,436.5],[8.62767241,46.89211594,436.55],[8.62769074,46.89207694,436.6],[8.62771107,46.89203761,436.66],[8.62777972,46.89191729,436.8],[8.62780305,46.89187663,436.82],[8.6278507,46.89179597,436.83],[8.62787503,46.89175497,436.83],[8.62790036,46.89171464,436.84],[8.62792669,46.89167498,436.83],[8.62795435,46.89163565,436.8],[8.62798334,46.89159765,436.79],[8.62810132,46.89144967,436.74],[8.62812931,46.89141401,436.73],[8.6282133,46.89130036,436.72],[8.62824296,46.8912617,436.75],[8.62830128,46.89118137,436.79],[8.62833128,46.89114038,436.84],[8.62839593,46.89106039,436.87],[8.62842859,46.89101973,436.9],[8.62852725,46.89089908,436.92],[8.62856025,46.89085909,436.91],[8.62862924,46.8907801,436.92],[8.62866357,46.8907401,436.92],[8.6286979,46.89070177,436.97],[8.62873456,46.89066411,436.96],[8.62877189,46.89062545,436.96],[8.62880922,46.89058745,436.99],[8.62892453,46.89047481,437.09],[8.62896252,46.89043782,437.11],[8.62903751,46.8903675,437.11],[8.62906817,46.89033351,437.11],[8.62909016,46.89030051,437.1],[8.62910316,46.89026852,437.12],[8.62910982,46.89023686,437.16],[8.62911315,46.89020353,437.2],[8.62911881,46.8901702,437.26],[8.62913181,46.89013787,437.33],[8.62915214,46.89010621,437.39],[8.62917847,46.89007555,437.44],[8.62920813,46.89004422,437.49],[8.62924146,46.89001256,437.53],[8.62927746,46.88998056,437.54],[8.62939711,46.88988325,437.58],[8.62943744,46.88985025,437.57],[8.62951777,46.8897826,437.51],[8.6295591,46.88974927,437.48],[8.6296011,46.88971594,437.44],[8.62964376,46.88968261,437.43],[8.62968809,46.88964995,437.42],[8.62973209,46.88961629,437.45],[8.62977508,46.88958129,437.5],[8.62981874,46.8895463,437.54],[8.6299094,46.88947598,437.61],[8.62995539,46.88943965,437.63],[8.63000172,46.88940432,437.63],[8.63004805,46.88936832,437.59],[8.63014238,46.889297,437.52],[8.63019004,46.88926101,437.49],[8.63033402,46.88915402,437.47],[8.63038268,46.88911802,437.48],[8.6307893,46.88883005,437.65],[8.63083996,46.88879372,437.65],[8.63094295,46.88872172,437.64],[8.63099294,46.88868539,437.7],[8.63104194,46.88864806,437.73],[8.6310916,46.88861107,437.76],[8.63124191,46.88850109,437.81],[8.63129257,46.88846443,437.83],[8.63149054,46.88831612,438.09],[8.63153954,46.88827979,438.17],[8.63158854,46.88824446,438.22],[8.6316382,46.88820913,438.25],[8.63183151,46.88806648,438.3],[8.63188017,46.88803082,438.29],[8.6319275,46.88799483,438.3],[8.63197549,46.88795917,438.33],[8.63235911,46.88767754,438.57],[8.63240644,46.88764288,438.61],[8.63249877,46.88757222,438.74],[8.63254543,46.88753789,438.77],[8.63259309,46.88750356,438.8],[8.63264009,46.88746923,438.8],[8.63273574,46.88740158,438.8],[8.63278307,46.88736792,438.79],[8.63292239,46.8872676,438.85],[8.63296838,46.88723494,438.93],[8.63305937,46.88716795,439.11],[8.63310503,46.88713529,439.15],[8.63319602,46.88706797,439.22],[8.63324035,46.88703464,439.23],[8.63332934,46.88696666,439.28],[8.63337334,46.88693267,439.34],[8.63350633,46.88683268,439.55],[8.63354932,46.88680002,439.63],[8.63359265,46.88676869,439.68],[8.63363564,46.88673703,439.75],[8.63384562,46.8865804,439.92],[8.63388628,46.88655007,439.97],[8.63396894,46.88648975,440.06],[8.63401027,46.88645975,440.13],[8.63405093,46.88642876,440.21],[8.63413292,46.8863681,440.38],[8.63417391,46.88633777,440.47],[8.63425523,46.88628011,440.7],[8.63429523,46.88625178,440.81],[8.63437355,46.88619446,440.96],[8.63441288,46.8861658,441.01],[8.63445288,46.88613747,441.04],[8.63449188,46.88610881,441.05],[8.63452987,46.88607982,441.1],[8.63460386,46.88602049,441.14],[8.63464052,46.8859915,441.16],[8.63467651,46.88596217,441.21],[8.63471151,46.88593184,441.24],[8.63474717,46.88590218,441.28],[8.63478383,46.88587319,441.34],[8.63489814,46.88579187,441.6],[8.63493647,46.88576487,441.72],[8.63501313,46.88571255,441.91],[8.63505279,46.88568655,441.98],[8.63509445,46.88566322,442.04],[8.63518177,46.88561922,442.16],[8.63522443,46.88559689,442.24],[8.63526576,46.88557323,442.3],[8.63530642,46.8855499,442.36],[8.63534475,46.88552524,442.4],[8.63538241,46.88549891,442.44],[8.6354204,46.88547258,442.47],[8.63545773,46.88544559,442.55],[8.63549472,46.88541726,442.62],[8.63556704,46.8853606,442.74],[8.63560237,46.8853316,442.78],[8.6356377,46.88530194,442.83],[8.63567336,46.88527261,442.9],[8.63584968,46.88512297,443.21],[8.63588468,46.88509297,443.29],[8.63592101,46.88506364,443.36],[8.63595667,46.88503331,443.44],[8.63599367,46.88500398,443.53],[8.63603033,46.88497432,443.62],[8.63610298,46.88491467,443.81],[8.63613864,46.88488534,443.9],[8.6362083,46.88482669,444.06],[8.63624229,46.88479736,444.15],[8.63634395,46.88471404,444.36],[8.63637694,46.88468671,444.42],[8.63641027,46.88466072,444.5],[8.63647526,46.88460773,444.73],[8.63650726,46.8845804,444.82],[8.63654059,46.88455374,444.9],[8.63657458,46.88452741,444.95],[8.63660958,46.88450175,444.99],[8.63664391,46.88447576,445.01],[8.63671223,46.88442177,445.06],[8.63674689,46.88439511,445.08],[8.63678288,46.88436878,445.11],[8.63681921,46.88434212,445.12],[8.6368922,46.88428779,445.18],[8.63692953,46.88426013,445.25],[8.63696619,46.88423213,445.31],[8.63700319,46.8842038,445.36],[8.63703918,46.88417547,445.41],[8.63707418,46.88414648,445.44],[8.63711017,46.88411915,445.48],[8.6371455,46.88409149,445.58],[8.63717949,46.8840635,445.75],[8.63721249,46.88403617,445.87],[8.6373058,46.88395419,446.07],[8.63733446,46.88392586,446.1],[8.63738579,46.8838682,446.21],[8.63741112,46.88383954,446.27],[8.63743545,46.88381121,446.31],[8.63745944,46.88378321,446.37],[8.63748377,46.88375588,446.47],[8.6375071,46.88372889,446.55],[8.63755009,46.88367756,446.77],[8.63757275,46.8836529,446.89],[8.63759708,46.8836299,446.96],[8.63762308,46.88360657,447.03],[8.63769974,46.88353059,447.2],[8.63772673,46.88350493,447.25],[8.63775473,46.88348093,447.3],[8.63778473,46.88345727,447.37],[8.63781639,46.88343494,447.44],[8.63784772,46.88341561,447.51],[8.63788072,46.88339895,447.57],[8.63791671,46.88338196,447.64],[8.63795337,46.8833653,447.69],[8.63799136,46.88334897,447.79],[8.63803169,46.88333397,447.89],[8.63811568,46.88330531,448.11],[8.63815867,46.88329131,448.25],[8.63820233,46.88327865,448.36],[8.63824633,46.88326732,448.36],[8.63829032,46.88325699,448.55],[8.63837498,46.88324033,448.72],[8.63841364,46.883233,448.79],[8.6384503,46.88322801,448.85],[8.63847963,46.88322801,448.89],[8.63849229,46.88323567,448.92],[8.63848563,46.88324533,448.92],[8.63846063,46.88325333,448.95],[8.63842364,46.88325599,448.95],[8.63837831,46.88325299,448.96],[8.63833098,46.883244,448.96],[8.63829065,46.88322767,448.98],[8.63826432,46.88320468,449],[8.63824933,46.88317802,449.02],[8.638245,46.88315102,449.02],[8.63824833,46.88312336,449.04],[8.63825699,46.88309536,449.06],[8.63826698,46.88306737,449.1],[8.63827864,46.88303904,449.14],[8.63833928,46.88292939,449.45],[8.63835427,46.88290373,449.53],[8.63838759,46.88285241,449.65],[8.63840458,46.88282675,449.7],[8.63843923,46.88277642,449.77],[8.63845556,46.88275176,449.8],[8.63848522,46.88270411,449.87],[8.63849955,46.88268078,449.93],[8.63852821,46.88263312,450.08],[8.63854287,46.88260846,450.14],[8.6385592,46.88258513,450.21],[8.63857619,46.88256247,450.25],[8.63859352,46.88253914,450.3],[8.63866584,46.88243482,450.47],[8.63868684,46.88240682,450.55],[8.63870583,46.88237749,450.62],[8.63872549,46.88234783,450.69],[8.63874549,46.8823195,450.77],[8.63876582,46.8822925,450.84],[8.63878948,46.8822675,450.92],[8.63884013,46.88222118,451.14],[8.63886412,46.88219752,451.24],[8.63888378,46.88217319,451.32],[8.63889944,46.88214886,451.43],[8.63891577,46.8821262,451.52],[8.63893543,46.8821072,451.61],[8.63895976,46.88209354,451.71],[8.63901742,46.88207022,451.97],[8.63904608,46.88205889,452.11],[8.63907208,46.88205623,452.22],[8.63909007,46.88206256,452.3],[8.6390934,46.88207622,452.37],[8.63908074,46.88208788,452.41],[8.63905308,46.88209488,452.45],[8.63901709,46.88209654,452.47],[8.63897809,46.88209321,452.49],[8.63893676,46.88208521,452.48],[8.63889543,46.88207322,452.44],[8.63885443,46.88205756,452.4],[8.63881477,46.8820399,452.38],[8.63877544,46.88202224,452.38],[8.63873778,46.88200291,452.39],[8.63862913,46.88193926,452.43],[8.63859347,46.88191693,452.48],[8.63855881,46.88189293,452.51],[8.63852381,46.88186727,452.59],[8.63848682,46.88184128,452.68],[8.63844816,46.88181562,452.8],[8.63840683,46.88178962,452.92],[8.63823685,46.88167697,453.12],[8.63819352,46.88164764,453.13],[8.63814886,46.88161998,453.15],[8.63810387,46.88159365,453.2],[8.63806021,46.88156632,453.24],[8.63793256,46.88148867,453.35],[8.6378909,46.88146334,453.39],[8.63784791,46.88143868,453.4],[8.63780425,46.88141535,453.39],[8.63775925,46.88139336,453.36],[8.63771292,46.88137303,453.3],[8.63766726,46.8813527,453.16],[8.6375816,46.88131071,452.92],[8.63754094,46.88129005,452.85],[8.63750261,46.88126872,452.8],[8.63746961,46.88124606,452.76],[8.63744762,46.8812214,452.8],[8.63743596,46.88119574,452.84],[8.63743163,46.88117175,452.86],[8.63743563,46.88114842,452.89],[8.63744662,46.88112542,452.91],[8.63746262,46.88110076,452.94],[8.63748295,46.88107676,452.93],[8.63751028,46.8810561,452.94],[8.63754561,46.88104144,452.95],[8.63758594,46.88102778,453.02],[8.63762893,46.88101278,453.07],[8.63771792,46.88097913,453.29],[8.63776425,46.88096447,453.4],[8.63780991,46.88095148,453.52],[8.6378559,46.88093982,453.62],[8.63790223,46.88092816,453.71],[8.63794856,46.88091517,453.77],[8.63799522,46.88090084,453.84],[8.63804088,46.88088684,453.91],[8.63808654,46.88087218,453.98],[8.63812987,46.88085752,454.06],[8.63817053,46.88084286,454.14],[8.63820886,46.8808292,454.25],[8.63827551,46.88080655,454.41],[8.63830517,46.88079756,454.47],[8.63833316,46.8807899,454.57],[8.63835849,46.88078424,454.64],[8.63837949,46.88078158,454.71],[8.63839349,46.88078524,454.76],[8.63839615,46.8807949,454.77],[8.63838616,46.88080789,454.85],[8.63836417,46.88082222,454.9],[8.63833251,46.88083688,454.93],[8.63829418,46.88085254,454.98],[8.63825052,46.8808692,455.01],[8.63820286,46.8808872,455.04],[8.63810121,46.88092686,455.04],[8.63804588,46.88094652,455],[8.63798688,46.88096485,454.93],[8.63792622,46.88098385,454.86],[8.63786322,46.88100451,454.8],[8.63779856,46.88102484,454.74],[8.63766657,46.88106383,454.58],[8.63759924,46.88108316,454.46],[8.63753225,46.88110416,454.36],[8.63746592,46.88112582,454.26],[8.63740026,46.88114848,454.1],[8.63733593,46.88117214,453.99],[8.63721127,46.88121979,453.77],[8.63715261,46.88124012,453.67],[8.63709895,46.88125645,453.59],[8.63705195,46.88126478,453.42],[8.63701462,46.88126378,453.25],[8.63698862,46.88125712,453.14],[8.63697129,46.88124779,453.06],[8.63695963,46.88123746,452.95],[8.6369523,46.88122747,452.9],[8.6369483,46.88122081,452.85],[8.6369463,46.88121748,452.79],[8.6369423,46.88118482,452.55],[8.63693297,46.88116249,452.48],[8.63691964,46.88113583,452.45],[8.63690398,46.88110583,452.31],[8.63686465,46.8810355,452.06],[8.63684299,46.88099551,451.85],[8.636823,46.88095485,451.67],[8.63680734,46.88091519,451.53],[8.63679901,46.88087686,451.41],[8.63679735,46.88083753,451.33],[8.63679835,46.8807982,451.25],[8.63679968,46.88075787,451.18],[8.63679802,46.88071821,451.12],[8.63679269,46.88067855,451.07],[8.63678503,46.88063889,451.04],[8.63677304,46.8805989,451.07],[8.63675704,46.88055824,451.12],[8.63673505,46.88051991,451.18],[8.63670572,46.88048492,451.22],[8.63667206,46.88045192,451.26],[8.63663407,46.88042126,451.27],[8.63659241,46.88039393,451.3],[8.63654708,46.88036927,451.32],[8.63649808,46.88034861,451.35],[8.63644675,46.88033062,451.36],[8.63639275,46.88031596,451.39],[8.63633642,46.88030596,451.38],[8.6362221,46.8802923,451.37],[8.63616744,46.8802843,451.38],[8.63611511,46.88027231,451.37],[8.63606511,46.88025631,451.38],[8.63601712,46.88023798,451.38],[8.63597046,46.88021865,451.38],[8.63592413,46.88019799,451.37],[8.63588014,46.88017733,451.37],[8.63583681,46.880156,451.37],[8.63571115,46.88009034,451.41],[8.63566949,46.88006901,451.43],[8.63558917,46.88002602,451.49],[8.63555084,46.88000536,451.5],[8.63551451,46.8799847,451.52],[8.63547885,46.87996637,451.53],[8.63544119,46.87995138,451.54],[8.63540086,46.87993972,451.55],[8.6353592,46.87992906,451.59],[8.63531754,46.8799164,451.61],[8.63527688,46.87990274,451.66],[8.63523555,46.87988741,451.69],[8.63519356,46.87987008,451.73],[8.63515023,46.87985108,451.75],[8.6351069,46.87983042,451.76],[8.63506291,46.87980842,451.77],[8.63501925,46.87978476,451.75],[8.63497626,46.8797581,451.73],[8.63493327,46.87972977,451.71],[8.63484528,46.87967578,451.62],[8.63480329,46.87964979,451.55],[8.63476196,46.87962279,451.43],[8.63468097,46.87956813,451.2],[8.63464097,46.87954147,451.11],[8.63445567,46.87941484,451.02],[8.63442034,46.87939151,451.02],[8.63438301,46.87936785,451.03],[8.63430635,46.87932119,451.03],[8.63426802,46.87929786,451.03],[8.63423036,46.87927386,451.04],[8.63419437,46.8792492,451.02],[8.63415838,46.8792252,451.02],[8.63396441,46.87910956,451.08],[8.63392608,46.87908623,451.15],[8.63385242,46.87903824,451.22],[8.63381509,46.87901458,451.24],[8.63366712,46.8789236,451.17],[8.63363379,46.8789026,451.12],[8.63357313,46.87886228,451.05],[8.63354414,46.87884395,451.06],[8.63351581,46.87882662,451.12],[8.63343382,46.8787813,451.29],[8.63340916,46.87876597,451.33],[8.63338616,46.87875064,451.38],[8.63336717,46.87873565,451.41],[8.63335451,46.87872032,451.45],[8.63334352,46.878703,451.53],[8.63334252,46.87870001,451.56],[8.63338218,46.87872601,451.82],[8.63348782,46.87880366,451.84],[8.63352015,46.87882732,451.85],[8.63355581,46.87885165,451.88],[8.6335938,46.87887531,451.9],[8.63363313,46.87890031,451.92],[8.63367246,46.8789273,451.92],[8.63379778,46.87900929,451.92],[8.63383978,46.87903729,451.91],[8.63387944,46.87906628,451.92],[8.63391977,46.87909461,451.95],[8.63396276,46.87912327,451.96],[8.63400776,46.87915093,451.99],[8.63414541,46.87923125,452],[8.63419007,46.87925891,452],[8.63427973,46.8793169,452.04],[8.63432473,46.87934656,452.06],[8.63445838,46.87943089,452.08],[8.63450404,46.87945889,452.11],[8.63473068,46.87960686,452.2],[8.63477601,46.87963585,452.21],[8.634867,46.87969185,452.27],[8.634913,46.87971951,452.3],[8.63495866,46.87974684,452.37],[8.63500399,46.8797725,452.42],[8.63504965,46.8797965,452.48],[8.63513664,46.87984149,452.51],[8.63518063,46.87986115,452.51],[8.63522662,46.87987781,452.54],[8.63527395,46.87989314,452.51],[8.63532261,46.87990947,452.51],[8.63537161,46.87992713,452.5],[8.63541927,46.87994646,452.51],[8.63546427,46.87996846,452.5],[8.6355086,46.87999145,452.52],[8.63555393,46.88001444,452.54],[8.63560126,46.8800371,452.58],[8.63564892,46.88006009,452.61],[8.63574625,46.88010508,452.49],[8.63579525,46.88012874,452.39],[8.63584324,46.8801534,452.3],[8.6358909,46.88017906,452.17],[8.63593789,46.88020439,452.11],[8.63603354,46.88025472,451.85],[8.6360842,46.88027672,451.77],[8.63613853,46.88029371,451.71],[8.63619519,46.88030504,451.67],[8.63625252,46.88031403,451.65],[8.63631051,46.88032136,451.63],[8.63636784,46.88033035,451.61],[8.63642483,46.88034101,451.59],[8.63648016,46.88035501,451.59],[8.63653282,46.88037267,451.58],[8.63658382,46.88039433,451.58],[8.63663115,46.88041966,451.65],[8.63667481,46.88044666,451.72],[8.63671214,46.88047699,451.77],[8.63674414,46.88051132,451.75],[8.6367718,46.88054698,451.73],[8.63679379,46.88058598,451.69],[8.63680845,46.88062597,451.66],[8.63681644,46.8806673,451.64],[8.63681877,46.8807093,451.62],[8.63681677,46.88075196,451.71],[8.63681144,46.88079462,451.79],[8.63680745,46.88083761,451.83],[8.63681011,46.88088094,451.88],[8.63682077,46.88092294,451.9],[8.63683777,46.8809626,451.94],[8.6368581,46.88099993,452.04],[8.63689875,46.88106691,452.24],[8.63691808,46.88109724,452.38],[8.63693408,46.8811259,452.51],[8.63694907,46.8811519,452.64],[8.6369654,46.88117556,452.8],[8.63698206,46.88119622,452.93],[8.63700072,46.88121321,453.06],[8.63702172,46.88122754,453.21],[8.63704305,46.88123887,453.35],[8.63706638,46.88124753,453.49],[8.63709304,46.88125086,453.61],[8.6371207,46.8812462,453.73],[8.63714903,46.8812352,453.85],[8.63718169,46.88122287,453.95],[8.63721835,46.88121187,454.05],[8.63725835,46.88120488,454.14],[8.63729968,46.88119988,454.22],[8.63734034,46.88119822,454.29],[8.637381,46.88120055,454.36],[8.63742066,46.88120855,454.46],[8.63746099,46.88122054,454.55],[8.63750198,46.88123587,454.67],[8.63754398,46.8812532,454.76],[8.63758564,46.88127219,454.84],[8.63762597,46.88129352,454.9],[8.63766563,46.88131718,454.97],[8.63770463,46.88134184,455.01],[8.63774496,46.8813675,455.06],[8.63778562,46.8813925,455.09],[8.63782661,46.88141783,455.12],[8.63786594,46.88144416,455.11],[8.6379036,46.88147216,455.13],[8.63794293,46.88149949,455.13],[8.63802392,46.88155348,455.16],[8.63806625,46.88158048,455.19],[8.63815558,46.8816328,455.31],[8.63819991,46.88165979,455.33],[8.6382859,46.88171645,455.36],[8.63832823,46.88174478,455.36],[8.63837156,46.88177244,455.38],[8.63841555,46.88179944,455.38],[8.63850087,46.88185443,455.37],[8.63854186,46.88188109,455.36],[8.63858219,46.88190609,455.34],[8.63862252,46.88192975,455.34],[8.63870151,46.88197841,455.59],[8.63874151,46.88200274,455.69],[8.63878217,46.8820264,455.73],[8.63882516,46.88204873,455.79],[8.63887249,46.88206673,455.82],[8.63892282,46.88207972,455.86],[8.63897481,46.88208638,455.88],[8.63902814,46.88209071,455.88],[8.6390808,46.88209404,455.87],[8.63913313,46.8820987,455.87],[8.63918446,46.8821067,455.88],[8.63923379,46.88211736,455.93],[8.63928312,46.88213136,455.96],[8.63933178,46.88214702,456.03],[8.63937944,46.88216435,456.14],[8.63942777,46.88218401,456.23],[8.63947577,46.882204,456.31],[8.63952343,46.88222433,456.37],[8.63957143,46.88224566,456.42],[8.63961942,46.88226666,456.49],[8.63966741,46.88228899,456.57],[8.63971707,46.88231032,456.65],[8.6397674,46.88233032,456.71],[8.6398184,46.88235098,456.77],[8.63991939,46.88239263,456.86],[8.63997005,46.88241262,456.93],[8.64002205,46.88243095,457.01],[8.64017937,46.88248127,457.15],[8.6402297,46.8824976,457.2],[8.64040067,46.88255625,457.39],[8.640439,46.88256924,457.42],[8.64047599,46.8825799,457.43],[8.64054665,46.88259556,457.43],[8.64058531,46.88260155,457.4],[8.64062697,46.88260488,457.37],[8.6406713,46.88260654,457.35],[8.64071529,46.8826082,457.34],[8.64075762,46.8826122,457.34],[8.64079461,46.8826202,457.35],[8.64085993,46.88263652,457.39],[8.64089193,46.88264518,457.45],[8.64092359,46.88265651,457.5],[8.64102091,46.88269549,457.65],[8.6410529,46.88270815,457.7],[8.64108423,46.88271981,457.73],[8.64111223,46.88272981,457.78],[8.64113522,46.8827408,457.81],[8.64115522,46.88275313,457.86],[8.64116955,46.88276946,457.93],[8.64117688,46.88278912,457.99],[8.64117854,46.88281211,458.05],[8.64117887,46.8828381,458.1],[8.64118253,46.88286476,458.15],[8.64118919,46.88289176,458.19],[8.64119785,46.88291775,458.24],[8.64121551,46.88296407,458.36],[8.64122184,46.88298506,458.41],[8.6412275,46.88300505,458.44],[8.64123516,46.88304203,458.65],[8.64123615,46.88304602,458.71],[8.64121882,46.88301403,458.85],[8.64122015,46.88299704,458.85],[8.64122281,46.88297771,458.88],[8.64122947,46.88295871,458.89],[8.64124146,46.88294038,458.91],[8.64125579,46.88292305,458.92],[8.64127278,46.88290639,458.91],[8.64129078,46.88289206,458.88],[8.64130944,46.88288073,458.86],[8.64132877,46.8828724,458.84],[8.64134576,46.8828674,458.83],[8.64135976,46.88286574,458.82],[8.64137309,46.88286707,458.83],[8.64138375,46.88287006,458.83],[8.64139141,46.88287339,458.84],[8.6413964,46.88287805,458.85],[8.64157706,46.88302038,458.85],[8.64198939,46.88284638,459.85],[8.64180739,46.88280272,459.53],[8.6416954,46.88276906,459.22],[8.6416464,46.88274273,458.93],[8.64162774,46.8827244,458.65],[8.64162974,46.88271207,458.4],[8.6416454,46.88270341,458.13],[8.64166973,46.88269408,457.87],[8.64170106,46.88268575,457.62],[8.64173772,46.88267909,457.37],[8.64177772,46.88267276,457.13],[8.64181838,46.88266577,457.21],[8.64190137,46.88264845,457.35],[8.64194336,46.88263845,457.4],[8.64202968,46.88262413,457.5],[8.64207201,46.88261647,457.55],[8.642113,46.88260748,457.62],[8.64215233,46.88259648,457.68],[8.64218999,46.88258415,457.73],[8.64222499,46.88256982,457.81],[8.64225932,46.88255482,457.9],[8.64229198,46.88253683,458.01],[8.64232297,46.88251817,458.13],[8.64235297,46.88249851,458.24],[8.64240829,46.88245853,458.47],[8.64243595,46.88243854,458.56],[8.64246261,46.88241855,458.65],[8.64248927,46.88239922,458.74],[8.6425126,46.88237656,458.81],[8.64253793,46.88235456,458.9],[8.64258992,46.88231157,459.09],[8.64261725,46.88229057,459.21],[8.64264525,46.88227191,459.34],[8.64267558,46.88225458,459.51],[8.64270558,46.88223892,459.64],[8.64273524,46.88222159,459.78],[8.64276223,46.88220226,459.91],[8.64278989,46.88218493,460.03],[8.64284855,46.88215127,460.25],[8.64288288,46.88213494,460.34],[8.64291954,46.88211961,460.43],[8.64295553,46.88210528,460.52],[8.64302919,46.88207695,460.72],[8.64306585,46.88206296,460.81],[8.64310251,46.88204796,460.9],[8.64313984,46.8820323,461],[8.64317817,46.88201864,461.06],[8.64321817,46.88200598,461.16],[8.64325716,46.88199165,461.25],[8.64329582,46.88197599,461.33],[8.64337147,46.88194234,461.49],[8.64340913,46.88192668,461.58],[8.64355977,46.88186771,461.87],[8.64359543,46.88185338,461.95],[8.64366376,46.88182273,462.09],[8.64369676,46.88180873,462.16],[8.64372842,46.8817934,462.22],[8.64375875,46.88177641,462.29],[8.64379108,46.88176008,462.34],[8.64382674,46.88174542,462.41],[8.6438584,46.88172609,462.45],[8.64389073,46.88170809,462.48],[8.64392672,46.88169243,462.55],[8.64403737,46.88165177,462.85],[8.64407203,46.88163978,463],[8.64410569,46.88163012,463.13],[8.64413769,46.88161979,463.26],[8.64416802,46.88160879,463.38],[8.64419701,46.88159813,463.5],[8.64422501,46.88158713,463.62],[8.644278,46.88156348,463.84],[8.64430566,46.88155282,463.93],[8.64433432,46.88154316,464.03],[8.64436365,46.88153483,464.13],[8.64439198,46.88152584,464.23],[8.64441998,46.88151651,464.31],[8.64444831,46.88150818,464.42],[8.64447664,46.88149919,464.53],[8.64450764,46.88149119,464.64],[8.64460296,46.88146455,465.02],[8.64463329,46.88145556,465.13],[8.64466162,46.88144556,465.23],[8.64470928,46.88142423,465.48],[8.64473194,46.88141524,465.62],[8.64477827,46.88139958,465.9],[8.64479993,46.88138592,466.04],[8.64482026,46.88137192,466.16],[8.64484025,46.88135826,466.27],[8.64488225,46.88133193,466.46],[8.64490224,46.88131893,466.54],[8.64492157,46.88130493,466.62],[8.6449419,46.88129127,466.69],[8.64496056,46.88127694,466.79],[8.64497522,46.88126128,466.88],[8.64498488,46.88124429,466.97],[8.64499121,46.88122629,467.05],[8.6449962,46.8811923,467.21],[8.64499321,46.88117697,467.3],[8.64498688,46.88116431,467.38],[8.64497822,46.88115298,467.44],[8.64496656,46.88114332,467.51],[8.64495356,46.88113432,467.57],[8.6449399,46.88112566,467.64],[8.6449259,46.88111367,467.69],[8.64491257,46.88110067,467.76],[8.64489724,46.88108667,467.8],[8.64486292,46.88106135,467.91],[8.64484459,46.88104836,467.96],[8.64482593,46.88103603,468.01],[8.64480127,46.88102504,468.04],[8.64477694,46.88101471,468.07],[8.64475428,46.88100371,468.08],[8.64471329,46.88098205,468.1],[8.64469696,46.88096939,468.08],[8.64468563,46.88095539,468.06],[8.64467963,46.88094073,468.08],[8.64467996,46.8809254,468.09],[8.64468162,46.88091074,468.14],[8.64468195,46.88089541,468.18],[8.64468029,46.88088208,468.21],[8.64467363,46.88087075,468.25],[8.64466464,46.88086209,468.24],[8.64465098,46.88086043,468.23],[8.64463632,46.88086342,468.21],[8.64462199,46.88086742,468.2],[8.64460866,46.88087275,468.21],[8.64457935,46.8808864,468.27],[8.64457669,46.8808874,468.34],[8.64460568,46.88092106,468.45],[8.644638,46.88094439,468.45],[8.64465766,46.88095705,468.45],[8.64470498,46.88098071,468.48],[8.64472998,46.88099404,468.49],[8.6447833,46.88101802,468.55],[8.64480896,46.88103035,468.57],[8.64493861,46.88109433,468.56],[8.6449606,46.88110533,468.57],[8.64498393,46.88111432,468.58],[8.64500792,46.88111731,468.62],[8.64503258,46.88111532,468.65],[8.64505524,46.88110766,468.71],[8.64507723,46.88109567,468.82],[8.64509856,46.88108101,468.9],[8.64512022,46.88106502,468.98],[8.64514088,46.88104836,469.07],[8.64516087,46.88103137,469.13],[8.64517953,46.88101404,469.18],[8.64519852,46.88099871,469.25],[8.64521418,46.88098172,469.31],[8.64522984,46.88096739,469.38],[8.64524617,46.8809554,469.53],[8.6452605,46.8809444,469.65],[8.64527316,46.88093407,469.76],[8.64528549,46.88092341,469.84],[8.64529549,46.88091175,469.93],[8.64530348,46.88090075,469.98],[8.64530814,46.88089142,470.03],[8.64531047,46.88088309,470.04],[8.64531113,46.88087576,470.07],[8.6453108,46.88086843,470.09],[8.6453128,46.88086343,470.12],[8.64531713,46.88085843,470.2],[8.64532446,46.88085344,470.27],[8.64533346,46.88084911,470.33],[8.64534512,46.88084578,470.37],[8.64535778,46.88084312,470.41],[8.64537277,46.88083979,470.41],[8.64471011,46.88138412,467.68],[8.64467345,46.88139812,467.74],[8.64463479,46.88141712,467.79],[8.64459313,46.88143878,467.83],[8.6445468,46.88146077,467.82],[8.64449781,46.8814801,467.78],[8.64444681,46.88149576,467.71],[8.64439615,46.88151176,467.63],[8.64434449,46.88152542,467.5],[8.64429549,46.88153975,467.37],[8.6442495,46.88155541,467.24],[8.64420517,46.88157074,467.09],[8.64409718,46.88161307,466.73],[8.64406785,46.8816254,466.65],[8.64404152,46.8816384,466.6],[8.64401719,46.88165206,466.56],[8.64399519,46.88166905,466.5],[8.64397453,46.88168771,466.4],[8.64395187,46.88170637,466.32],[8.64392721,46.8817247,466.26],[8.64390188,46.88174203,466.2],[8.64387488,46.88175803,466.15],[8.64384322,46.88177436,466.11],[8.64380956,46.88178969,466.05],[8.64377523,46.88180202,466.01],[8.64371391,46.88181935,465.93],[8.64369258,46.88182735,465.87],[8.64367858,46.88183535,465.82],[8.64367192,46.88184234,465.78],[8.64366859,46.88184567,465.75],[8.64362093,46.88185733,465.4],[8.64356628,46.88187599,465.36],[8.64353195,46.88188665,465.32],[8.6434533,46.88190864,465.26],[8.64341231,46.88191997,465.22],[8.64337365,46.8819323,465.19],[8.64333832,46.88194429,465.17],[8.64330532,46.88195629,465.14],[8.64324166,46.88198162,465.09],[8.643208,46.88199395,465.06],[8.64310201,46.88203594,464.97],[8.64306501,46.8820506,464.94],[8.64302535,46.88206393,464.91],[8.64298702,46.88207926,464.83],[8.64295103,46.88209459,464.76],[8.6429137,46.88210492,464.7],[8.64287271,46.88210658,464.67],[8.64282805,46.88209892,464.64],[8.64278239,46.88208359,464.63],[8.64273773,46.88206326,464.61],[8.64269307,46.8820396,464.6],[8.64260441,46.88198528,464.57],[8.64255941,46.88195728,464.55],[8.64251408,46.88193062,464.48],[8.64246942,46.88190329,464.42],[8.6423361,46.8818203,464.3],[8.64229144,46.88179297,464.33],[8.64206812,46.88165933,464.07],[8.64202246,46.88163267,464],[8.6418418,46.88152269,463.98],[8.64179614,46.88149469,463.98],[8.64174915,46.88146703,463.95],[8.64170182,46.88143937,463.94],[8.64165549,46.88141071,463.94],[8.64146784,46.88129072,464.01],[8.64142051,46.88126072,464.03],[8.64127886,46.88117506,464.04],[8.64123253,46.88114673,464.02],[8.64113921,46.88109107,463.97],[8.64109255,46.88106307,463.91],[8.64104656,46.88103474,463.83],[8.6410009,46.88100608,463.77],[8.64090991,46.88094776,463.67],[8.64086291,46.8809181,463.64],[8.64076859,46.88086044,463.72],[8.64072159,46.88083145,463.76],[8.64062626,46.88077213,463.78],[8.64057827,46.88074213,463.77],[8.64048062,46.88068348,463.74],[8.64043129,46.88065382,463.73],[8.64033163,46.88059583,463.72],[8.64028197,46.8805665,463.71],[8.64023297,46.88053684,463.64],[8.64018431,46.88050718,463.57],[8.64003799,46.88041652,463.52],[8.63998933,46.88038553,463.56],[8.63993867,46.88035654,463.61],[8.63988634,46.88032688,463.65],[8.63978168,46.88026856,463.73],[8.63972935,46.8802389,463.79],[8.63967802,46.88020824,463.84],[8.63962669,46.88017791,463.89],[8.63957436,46.88014858,463.9],[8.63946871,46.88009259,463.92],[8.63941638,46.88006459,463.92],[8.63921273,46.8799526,463.66],[8.6391614,46.8799246,463.51],[8.63900508,46.87984029,463.34],[8.63895242,46.87981196,463.31],[8.63884776,46.87975431,463.26],[8.6387951,46.87972498,463.26],[8.63868878,46.87966732,462.9],[8.63863579,46.87963866,462.9],[8.63853213,46.87958167,462.84],[8.6384818,46.87955401,462.92],[8.63843214,46.87952802,463.03],[8.63838381,46.87950269,463.13],[8.63833615,46.87947669,463.21],[8.63828816,46.87945036,463.01],[8.63823817,46.8794247,462.84],[8.63818651,46.87939937,462.65],[8.63813518,46.87937338,462.46],[8.63808485,46.87934505,462.31],[8.63803619,46.87931472,462.18],[8.63798753,46.87928406,462.07],[8.63793687,46.87925373,461.97],[8.63788554,46.8792234,461.89],[8.63767156,46.87910442,461.73],[8.63761823,46.87907509,461.72],[8.63745691,46.87898476,461.68],[8.63740292,46.87895477,461.66],[8.63718527,46.87883079,461.57],[8.63713028,46.87879946,461.47],[8.63701762,46.87873847,461.25],[8.63696096,46.87870847,461.16],[8.63679431,46.87861715,460.91],[8.63673865,46.87858682,460.83],[8.63646668,46.87843484,460.63],[8.63641268,46.87840484,460.62],[8.63635969,46.87837551,460.62],[8.63630703,46.87834652,460.61],[8.63625404,46.87831852,460.53],[8.63620238,46.87829019,460.47],[8.63609906,46.87823253,460.32],[8.63604673,46.8782042,460.26],[8.63588974,46.87811588,460.18],[8.63583574,46.87808555,460.11],[8.63578075,46.87805589,460.04],[8.63572576,46.8780259,459.99],[8.63556011,46.87793325,459.83],[8.63550478,46.87790259,459.77],[8.63528614,46.87777895,460.01],[8.63523148,46.87774862,459.92],[8.63507016,46.87765631,459.64],[8.63501683,46.87762565,459.51],[8.63490817,46.87756433,459.27],[8.63485351,46.87753367,459.17],[8.63474219,46.87747268,459.09],[8.63468586,46.87744235,459.1],[8.63451887,46.8773487,459],[8.63446321,46.87731771,458.9],[8.63429656,46.87722606,458.64],[8.63424057,46.87719573,458.53],[8.63407226,46.87710208,458.26],[8.63401527,46.87707042,458.19],[8.63373395,46.87691112,457.79],[8.63367762,46.87687912,457.64],[8.63362063,46.87684746,457.51],[8.63356364,46.87681647,457.41],[8.63339433,46.87672215,457.06],[8.63333734,46.87669049,456.94],[8.63305171,46.87652851,456.49],[8.63299371,46.87649551,456.38],[8.63293505,46.87646351,456.29],[8.6327594,46.87636519,456.14],[8.63270107,46.87633253,456.11],[8.63264207,46.87630087,455.88],[8.63258474,46.87626887,455.69],[8.63237042,46.8761519,455.1],[8.63232776,46.8761299,455],[8.63229343,46.87611457,454.91],[8.63226743,46.87610424,454.84],[8.63223744,46.87609525,454.71],[8.63223245,46.87609392,454.66],[8.63229044,46.87614025,454.6],[8.63231044,46.87615224,454.05],[8.6323291,46.87616723,454.08],[8.63234276,46.87618556,454.1],[8.63235042,46.87620455,454.08],[8.63235108,46.87622288,454.07],[8.63234542,46.87623888,454.07],[8.63233576,46.87625387,454.07],[8.63232443,46.8762692,454.19],[8.63230045,46.87629919,454.44],[8.63229112,46.87631418,454.55],[8.63229145,46.87632984,454.64],[8.63230278,46.87634584,454.62],[8.63231911,46.87636283,454.61],[8.63233944,46.87637816,454.6],[8.63235777,46.87639416,454.61],[8.63237276,46.87641049,454.67],[8.63238476,46.87642615,454.73],[8.63239442,46.87644115,454.79],[8.63240308,46.87645648,454.83],[8.63241374,46.87647181,454.88],[8.6324284,46.87648647,454.88],[8.63244506,46.87649913,454.94],[8.63246239,46.87651079,454.96],[8.63247938,46.87652112,454.99],[8.63249704,46.87653045,455.05],[8.63251504,46.87653545,455.13],[8.63253037,46.87653412,455.24],[8.63254036,46.87652612,455.34],[8.63254202,46.87651512,455.45],[8.63253603,46.87650246,455.45],[8.6325217,46.87649013,455.56],[8.63250037,46.87648013,455.66],[8.63247371,46.87647414,455.72],[8.63241372,46.87646782,455.8],[8.63238639,46.87646416,455.81],[8.63236373,46.8764585,455.81],[8.63234907,46.8764535,455.81],[8.63234141,46.8764515,455.8],[8.63232041,46.87640251,455.78],[8.63231508,46.87638552,455.36],[8.63230842,46.87636853,455.39],[8.63229976,46.87635453,455.39],[8.63229176,46.8763432,455.38],[8.63228777,46.87633587,455.36]]}}]}