{"type":"FeatureCollection","features":[{"type":"Feature","properties":{"name":"20260417 Cicloturismo","time":"2026-04-17T07:28:05Z"},"geometry":{"type":"LineString","coordinates":[[12.61048466,56.81678766,1.2],[12.6107273,56.81677536,1.6],[12.61077496,56.81677103,1.66],[12.61110826,56.81672938,2.33],[12.61115225,56.81672605,2.4],[12.61137023,56.8167377,2.73],[12.61141523,56.81674303,2.8],[12.61145989,56.81675169,2.8],[12.61150255,56.81676502,2.8],[12.61174885,56.81687299,2.46],[12.61179451,56.81688765,2.4],[12.61277741,56.81714423,3.06],[12.61282007,56.81715489,3.13],[12.61306938,56.8172382,3.26],[12.61310737,56.81725353,3.26],[12.61395657,56.81769475,4],[12.61399157,56.81771408,4],[12.6146858,56.81805264,6.2],[12.61471979,56.8180693,6.33],[12.61513472,56.81829323,7.4],[12.61516305,56.81830822,7.53],[12.61532302,56.81837453,8.2],[12.61535335,56.81838819,8.33],[12.61540201,56.81841985,8.6],[12.61542367,56.81843684,8.73],[12.61551832,56.81852382,9],[12.61553931,56.81853648,9],[12.61624786,56.81891535,11.73],[12.61627152,56.81892834,11.93],[12.61695073,56.81933087,14.06],[12.61698006,56.8193482,14.13],[12.61805422,56.82000932,16.2],[12.61808422,56.82002798,16.26],[12.61821453,56.8200943,16.6],[12.61824819,56.82011063,16.73],[12.61832685,56.82013262,17],[12.61837018,56.82013695,17.13],[12.61841551,56.82013828,17.26],[12.6184615,56.82013662,17.4],[12.61866882,56.82010498,17.79],[12.61870415,56.82009665,17.93],[12.61956074,56.81983239,22.13],[12.6196004,56.81982239,21.93],[12.61976872,56.81978542,21.4],[12.61981338,56.81977809,21.26],[12.62008037,56.81974845,21],[12.62012403,56.81973912,21],[12.62077095,56.81955886,20.26],[12.62082728,56.81954353,20.2],[12.62124357,56.81945692,20],[12.62127723,56.81944826,20],[12.62136455,56.81942261,20],[12.62138288,56.81941628,20],[12.62140552,56.81939797,20.2],[12.62140486,56.81939531,20.26],[12.62155919,56.81936765,20.33],[12.62160552,56.81935565,20.4],[12.62436027,56.81858751,22.4],[12.6244186,56.81857085,22.26],[12.62459526,56.8185172,21.86],[12.62465426,56.81849687,21.8],[12.62488258,56.81840156,21.26],[12.62494424,56.81837923,21.2],[12.62520688,56.81829893,21],[12.62527521,56.8182796,21.06],[12.62577517,56.81816598,21.26],[12.62584683,56.81814865,21.2],[12.62644612,56.8179927,20.6],[12.62651012,56.8179747,20.53],[12.62657045,56.81795671,20.46],[12.62662144,56.81793505,20.46],[12.6266581,56.81790739,20.46],[12.6266781,56.81787406,20.6],[12.62668443,56.8178384,20.73],[12.62667211,56.81776408,21],[12.62665645,56.81772608,21.13],[12.62650182,56.81745578,22],[12.62647949,56.81741512,22.06],[12.62616922,56.81680318,21.2],[12.62614856,56.81675719,21.06],[12.62609358,56.81661454,20.66],[12.62607858,56.81656588,20.53],[12.62605459,56.81641989,20.26],[12.62605525,56.81637256,20.2],[12.62607756,56.81618492,20],[12.62608489,56.81613893,20],[12.62615984,56.81579197,19.53],[12.62616884,56.81574697,19.53],[12.62621182,56.81546434,19.53],[12.62622115,56.81541635,19.53],[12.62628213,56.81523237,19.79],[12.62630112,56.81518804,19.86],[12.62639009,56.8150214,20.06],[12.62641509,56.81498074,20.13],[12.62647708,56.81490242,20.26],[12.62651608,56.81486609,20.33],[12.62660974,56.81479976,20.46],[12.62666107,56.8147691,20.6],[12.62692171,56.81463247,21.26],[12.62695437,56.81459881,21.4],[12.62696836,56.81456248,21.6],[12.6269667,56.81452482,21.73],[12.62692639,56.8144075,22.13],[12.62690906,56.8143685,22.26],[12.62663949,56.81380725,22.13],[12.62661883,56.81376626,22.06],[12.62490853,56.81040497,29.66],[12.62488654,56.81036031,29.8],[12.624275,56.80919876,31.26],[12.62424501,56.80915077,31.2],[12.62413835,56.80900612,31.4],[12.62409769,56.80895746,31.33],[12.62395671,56.80880948,30.93],[12.62390338,56.80875915,30.8],[12.62372606,56.8086085,30.4],[12.62366173,56.80855717,30.26],[12.62303577,56.80807521,29.66],[12.62297211,56.80801755,29.6],[12.62285413,56.80789756,28.8],[12.62279714,56.80783623,28.53],[12.62258415,56.80758158,26.93],[12.62253316,56.80751525,26.33],[12.62208887,56.80687295,21.93],[12.62203987,56.80680096,21.6],[12.62042569,56.80437212,17.93],[12.62038436,56.80430646,18.33],[12.6202727,56.80411048,19.2],[12.62024337,56.80404515,19.4],[12.62019471,56.8039135,19.73],[12.62017438,56.80384784,19.86],[12.62014439,56.80371485,20.13],[12.62013673,56.80364785,20],[12.62013339,56.80351486,19.73],[12.62013739,56.80344953,19.53],[12.62017471,56.80325721,18.79],[12.62019271,56.80319522,18.53],[12.62023936,56.80307423,18.2],[12.62026769,56.80301557,18],[12.62041002,56.8027896,17.26],[12.62045301,56.80273561,17.13],[12.62059766,56.80257829,17],[12.62064999,56.8025273,17],[12.62099396,56.80222534,17.46],[12.62105129,56.80217368,17.53],[12.62119994,56.80201836,17.86],[12.6212506,56.80197037,17.93],[12.62162657,56.80165974,18.33],[12.62167823,56.80161508,18.33],[12.6227958,56.80062586,18.66],[12.62284713,56.80057887,18.73],[12.62319109,56.80025258,19.4],[12.62323875,56.80020758,19.33],[12.6236487,56.79979329,17.93],[12.6236907,56.79974863,17.6],[12.62414196,56.79922303,17.33],[12.62418329,56.79917437,17.53],[12.62701129,56.7957714,23.2],[12.62705395,56.79571874,23],[12.62793316,56.79468084,17.33],[12.62796982,56.79463818,17.53],[12.62813913,56.79441821,18.53],[12.62816913,56.79437355,18.73],[12.62833143,56.79409726,19.46],[12.62835276,56.79404993,19.6],[12.6284634,56.79370832,19.46],[12.62847539,56.79365933,19.4],[12.62851137,56.7933727,18.26],[12.6285147,56.79332604,18],[12.62851236,56.79313441,17],[12.62850603,56.79308608,16.86],[12.62843905,56.79284478,16.4],[12.62841772,56.79279645,16.46],[12.62828142,56.79255814,17.06],[12.62824742,56.79251115,17.2],[12.62813744,56.79237316,18.2],[12.62809945,56.79232816,18.6],[12.62778581,56.79198052,22.66],[12.62775515,56.79193652,23.26],[12.62773382,56.79189219,23.86],[12.62772216,56.79184753,24.46],[12.62771817,56.79175787,25.4],[12.62771284,56.79171354,25.73],[12.62768186,56.79162688,26.4],[12.62765487,56.79158555,26.73],[12.62745823,56.79136758,27.73],[12.62742824,56.79133559,27.8],[12.62708797,56.79099097,28.2],[12.62706731,56.79096831,28.13],[12.62672873,56.79051473,30.06],[12.62670273,56.7904854,30.46],[12.62603518,56.78982016,33.2],[12.62599985,56.7897825,33],[12.6255876,56.78926923,29.4],[12.62555527,56.7892339,29.13],[12.62541596,56.78909592,28.33],[12.62537897,56.78906059,28.2],[12.62511567,56.78883696,28.53],[12.62507034,56.7887933,28.46],[12.62474438,56.788449,28.33],[12.62469672,56.78840001,28.26],[12.62444508,56.78816236,28.8],[12.62439575,56.78811503,29.06],[12.62421144,56.78791971,30],[12.62416578,56.78786872,30.2],[12.62382782,56.78744743,29.26],[12.62379082,56.7873931,28.93],[12.62365584,56.78717312,27.6],[12.62362551,56.78711912,27.33],[12.62352019,56.78691015,26.26],[12.62349953,56.78685949,26],[12.62344289,56.78664818,24.86],[12.62343523,56.78659485,24.53],[12.62342424,56.78648386,23.86],[12.62342258,56.78642553,23.6],[12.62342857,56.78624054,22.6],[12.62343523,56.78617621,22.4],[12.62347054,56.78596822,21.8],[12.6234862,56.78589522,21.66],[12.6236085,56.78538525,20.33],[12.62362583,56.78531359,20.2],[12.6240847,56.78353373,18.4],[12.62409736,56.7834694,18.33],[12.624146,56.78315809,18.13],[12.62415,56.7830961,18.2],[12.62415366,56.7827868,18.33],[12.62415233,56.78272614,18.33],[12.62413102,56.78248183,18.86],[12.62412336,56.78242184,19],[12.62406704,56.78217853,19.6],[12.62404704,56.78211654,19.73],[12.62397973,56.7819299,20.06],[12.62395507,56.78186724,20.2],[12.62384875,56.78162326,20.26],[12.62382609,56.78156327,20.2],[12.6237821,56.78138229,19.73],[12.62376877,56.78132296,19.53],[12.62372778,56.78120664,19.13],[12.62369878,56.78115064,19],[12.62357047,56.78099232,18.2],[12.62352381,56.78094099,17.86],[12.62331783,56.78073268,16.79],[12.62326883,56.78068102,16.53],[12.62309352,56.78042171,15.53],[12.62304886,56.78037238,15.33],[12.62299087,56.78032272,15.26],[12.62270089,56.78013141,14.73],[12.62264923,56.78007508,14.53],[12.62260824,56.78001509,14.33],[12.62257458,56.77995243,14.2],[12.6222943,56.77936348,13.13],[12.6222553,56.77929749,13.06],[12.62195801,56.77887753,13.46],[12.62191702,56.7788272,13.53],[12.62187502,56.77877854,13.6],[12.62183203,56.77873188,13.6],[12.6215134,56.77842258,13.53],[12.62148474,56.77838492,13.53],[12.62137977,56.77818894,13.26],[12.62136278,56.77815028,13.4],[12.62129547,56.77795297,14.06],[12.62128414,56.77791331,14.2],[12.6212225,56.77768467,15.13],[12.6212135,56.77764801,15.33],[12.62118386,56.77745771,15.8],[12.62118053,56.77741805,15.86],[12.62116158,56.77706609,16],[12.62116191,56.77702576,16],[12.62116689,56.77690378,16.06],[12.62116955,56.77686245,16.13],[12.6211962,56.77665381,16.46],[12.62120186,56.77661181,16.53],[12.62136712,56.77573589,16.93],[12.62137645,56.77568923,17],[12.62145175,56.7754116,17],[12.62146141,56.7753666,17],[12.62151371,56.77501363,17],[12.62152504,56.77496063,17],[12.62162101,56.77465433,16.73],[12.62164067,56.77460433,16.66],[12.62170799,56.77445368,16.46],[12.62173099,56.77440435,16.4],[12.62181198,56.7742567,16.2],[12.62184331,56.7742077,16.13],[12.62191496,56.77411205,16.06],[12.62195496,56.77406505,16.06],[12.62209094,56.77393106,15.93],[12.6221426,56.77388973,15.93],[12.62225193,56.77381074,15.93],[12.62230926,56.77377208,15.93],[12.62267822,56.77354277,16.06],[12.62273821,56.77350344,15.93],[12.6228492,56.77341978,15.93],[12.62290086,56.77337545,16.06],[12.62309917,56.77318581,16.13],[12.62314716,56.77313648,16.2],[12.62345913,56.77279985,16.26],[12.62350679,56.77275352,16.33],[12.62382409,56.77248421,16.53],[12.62387642,56.77244021,16.53],[12.62409473,56.77227123,16.53],[12.62414406,56.77222757,16.53],[12.62440403,56.77195427,16.53],[12.62444202,56.77190961,16.6],[12.62493796,56.77123734,18.33],[12.62496895,56.77119501,18.2],[12.62523458,56.77085573,16.4],[12.62527491,56.77081274,16.06],[12.62546255,56.77063809,14.86],[12.62551688,56.77059343,14.46],[12.62579686,56.77041711,12.93],[12.62586152,56.77036345,12.73],[12.62600518,56.77018146,12.2],[12.62605718,56.77011947,11.93],[12.62617784,56.76999382,11.73],[12.6262445,56.76993016,11.66],[12.62660348,56.76961119,11.06],[12.62667281,56.76954719,11],[12.62844767,56.76788068,10.13],[12.62850066,56.76783035,10],[12.62867231,56.76768304,9.6],[12.62873464,56.76763505,9.46],[12.62893796,56.76749539,8.66],[12.62901262,56.76745139,8.46],[12.62925394,56.76733006,8],[12.62933827,56.76729307,7.86],[12.62985357,56.76710077,7.6],[12.6299339,56.76706911,7.66],[12.63023488,56.76693679,8],[12.63031054,56.76690446,7.93],[12.6313475,56.7664922,8.93],[12.6314205,56.76646321,9.06],[12.6314935,56.76643521,9.2],[12.63156783,56.76640988,9.33],[12.63195013,56.76629957,9.13],[12.63202179,56.76627691,9],[12.63223778,56.76624792,8.73],[12.63230244,56.76623893,8.66],[12.63235677,56.76622194,8.6],[12.63244009,56.76617095,8.46],[12.63246975,56.76613729,8.39],[12.63251741,56.76605997,8.13],[12.63253907,56.76601731,8],[12.63263172,56.76577867,7.4],[12.63264871,56.76572534,7.26],[12.63271002,56.76549836,6.33],[12.63272435,56.76544036,6.2],[12.63282832,56.76496241,5.73],[12.63284198,56.76489841,5.73],[12.63292496,56.76458677,6.26],[12.63293995,56.76452744,6.33],[12.63295795,56.76446811,6.4],[12.63298028,56.76440945,6.53],[12.63303694,56.7642978,6.8],[12.63307127,56.76424481,6.93],[12.6331436,56.76414149,7.2],[12.63318259,56.76409216,7.33],[12.63344489,56.76379252,8.73],[12.63348055,56.76375286,8.93],[12.6340758,56.7631606,11.86],[12.63410713,56.7631216,12],[12.63419679,56.76300461,12.4],[12.63422178,56.76296261,12.53],[12.63430143,56.76274964,12.93],[12.63432443,56.76270798,13],[12.63440741,56.76258099,13.2],[12.63443807,56.76253899,13.26],[12.63457239,56.76237234,13.53],[12.63461038,56.76233235,13.6],[12.63475036,56.76222003,13.8],[12.63480169,56.76218437,13.86],[12.63544428,56.76175845,13.4],[12.63549561,56.76171979,13.4],[12.63558993,56.76163813,13.33],[12.63563493,56.76159514,13.26],[12.63576025,56.76146181,13.13],[12.63579858,56.76141581,13.13],[12.63589189,56.76127449,13],[12.63591889,56.76122583,13],[12.63631015,56.76045957,13],[12.63633581,56.76041058,13.06],[12.63663309,56.75989329,14.46],[12.63665675,56.75984696,14.53],[12.63682271,56.75949967,15],[12.6368417,56.75945934,15.06],[12.636931,56.7592137,15.46],[12.63694933,56.75917337,15.53],[12.63723758,56.75859012,16.2],[12.63725691,56.75855112,16.2],[12.63753649,56.75794253,16.53],[12.63755782,56.75789587,16.6],[12.63768744,56.75745358,17.46],[12.6377001,56.75740659,17.53],[12.63777738,56.75696729,19.33],[12.63778438,56.7569333,19.6],[12.63788965,56.75652438,23.6],[12.63789631,56.75649572,23.73],[12.63810054,56.75594014,23.86],[12.63811087,56.75591448,23.93],[12.63819351,56.75578517,24.26],[12.6382095,56.75575918,24.2],[12.63826913,56.75563753,24],[12.63828046,56.75561653,24],[12.63834477,56.75552424,23.33],[12.6383501,56.75551524,23.2],[12.63836608,56.75544127,23.26],[12.63836475,56.75543861,23.13],[12.63840874,56.75539196,23],[12.6384204,56.7553753,23],[12.63874,56.75489004,22.6],[12.63876866,56.75484838,22.6],[12.63897129,56.75459741,22.6],[12.63900129,56.75455442,22.6],[12.63904761,56.75446743,22.53],[12.6390676,56.75442444,22.4],[12.63914959,56.75421379,22.2],[12.63916359,56.75417213,22.26],[12.63920123,56.75396416,22.6],[12.63920589,56.7539225,22.66],[12.6392019,56.75375752,23],[12.63919791,56.75371719,23.13],[12.63910796,56.75327192,23.46],[12.63910063,56.75323059,23.46],[12.639015,56.75287663,23.53],[12.63901301,56.75283863,23.6],[12.63901967,56.75264966,23.93],[12.639025,56.752612,24],[12.63907731,56.75242836,24.33],[12.63909097,56.75239237,24.4],[12.63922693,56.75211442,25.33],[12.63924426,56.75207976,25.46],[12.63941389,56.75176782,25.8],[12.63943288,56.75173349,25.66],[12.63951852,56.75159385,25.4],[12.63954218,56.75155719,25.33],[12.63965616,56.75140621,25],[12.63968815,56.75136788,24.86],[12.63975481,56.75129189,24.6],[12.63978981,56.75125523,24.46],[12.63987114,56.75118458,24.46],[12.6399158,56.75114992,24.4],[12.64020377,56.75094995,24],[12.6402541,56.75091762,24],[12.64041908,56.75082797,24],[12.64046341,56.75079531,24],[12.6404824,56.75075998,24],[12.64047674,56.75072732,23.93],[12.64042409,56.75067733,23.86],[12.64039909,56.75065334,23.86],[12.64039043,56.75062668,23.86],[12.64040476,56.75060035,23.86],[12.64048075,56.75055369,23.86],[12.64053041,56.75053236,23.86],[12.64167365,56.75011178,24],[12.64173598,56.75008779,24],[12.64214362,56.7499095,23.66],[12.64219795,56.74988217,23.6],[12.6424496,56.7497242,23.26],[12.64249626,56.74968921,23.2],[12.64304921,56.74922626,22.6],[12.64310254,56.74918893,22.6],[12.64327252,56.74908128,22.6],[12.64333252,56.74904795,22.6],[12.64358883,56.74892397,22.8],[12.64365516,56.74889531,22.86],[12.64408646,56.74874102,23.13],[12.64416179,56.74871836,23.2],[12.64591231,56.7482168,21.06],[12.64599564,56.7481918,20.86],[12.64640262,56.74804016,20.26],[12.64647928,56.74800483,20.2],[12.64669761,56.74788884,20],[12.6467656,56.74784585,20],[12.6481005,56.74696729,21.26],[12.64816183,56.74692496,21.26],[12.64890208,56.74637235,20],[12.64895874,56.74633102,19.93],[12.64977763,56.74576778,20.6],[12.64980796,56.74574645,20.6],[12.65020257,56.74545316,20.2],[12.65024223,56.7454205,20.2],[12.65056719,56.74511121,20.73],[12.65060652,56.74506921,20.8],[12.65078783,56.74485391,20.93],[12.65082216,56.74481025,20.86],[12.65098446,56.74458694,20.6],[12.65101846,56.74454128,20.53],[12.65127276,56.74422131,20.2],[12.65131176,56.74417531,20.2],[12.65179839,56.7436857,20.06],[12.65184372,56.7436407,20],[12.65213104,56.74337272,19.93],[12.6521807,56.74332806,19.93],[12.65243601,56.74311341,19.46],[12.65248834,56.74307108,19.4],[12.65280931,56.74282377,19.33],[12.65286097,56.74278211,19.33],[12.65334026,56.74234282,19.53],[12.65338959,56.74229883,19.46],[12.6536459,56.74208719,19.06],[12.65370023,56.74204653,18.93],[12.65434118,56.74159692,17.66],[12.65440551,56.74155893,17.53],[12.65474381,56.74137463,17.66],[12.6548128,56.74133863,17.73],[12.65620637,56.74062771,18.79],[12.65627037,56.74059405,18.79],[12.65702762,56.74013646,19.93],[12.65708595,56.74010046,20.26],[12.6576209,56.73972317,21.86],[12.65767689,56.73968584,21.93],[12.65802153,56.73946688,21.66],[12.65807953,56.73943022,21.66],[12.65875946,56.73897297,21.06],[12.65880879,56.73893931,20.93],[12.65968403,56.73838074,20.66],[12.65973703,56.73834608,20.66],[12.66009967,56.73809477,20.6],[12.66015233,56.73805911,20.6],[12.66048131,56.73784846,20.93],[12.6605353,56.7378128,21],[12.66064063,56.73774081,21.06],[12.66069096,56.73770382,21.06],[12.66119494,56.73730722,21.26],[12.6612396,56.73727189,21.26],[12.66317007,56.73563148,23],[12.6632094,56.73559582,23.06],[12.66366233,56.73523322,23.8],[12.66370032,56.73520156,23.86],[12.66389529,56.73500593,24],[12.66393229,56.7349746,24],[12.66431523,56.73467232,24.26],[12.66435389,56.73464133,24.33],[12.66495381,56.73413307,26.46],[12.66499514,56.73409974,26.6],[12.66525078,56.73385678,27.2],[12.66528744,56.73382279,27.26],[12.6655214,56.73363082,27.66],[12.66555906,56.73359849,27.73],[12.66590667,56.73326987,27.33],[12.66595133,56.73322787,27.2],[12.66637894,56.73284992,26.2],[12.6664376,56.73279859,26],[12.66718388,56.73217565,22.86],[12.66725921,56.73211332,22.53],[12.66773451,56.73173468,21],[12.6678095,56.73167269,20.8],[12.66805747,56.73141772,20.33],[12.66812313,56.73135872,20.2],[12.66881075,56.73080544,18.93],[12.66886508,56.73076178,18.79],[12.66932403,56.73033283,18.26],[12.66936803,56.73029083,18.26],[12.66955367,56.73009619,17.13],[12.66958566,56.73006186,16.66],[12.66968998,56.72993655,15.33],[12.66970664,56.72991122,15],[12.66971797,56.72988789,14.66],[12.66972263,56.72986823,14.33],[12.66971197,56.72984557,13.73],[12.66970731,56.72984191,13.4],[12.67208531,56.72870558,13.13],[12.67241396,56.72864894,13.4],[12.67249295,56.72862928,13.46],[12.67306558,56.72847464,13.66],[12.67314924,56.72845064,13.73],[12.67339222,56.72836965,13.8],[12.67346888,56.72833932,13.8],[12.67649,56.72697654,12.73],[12.67656533,56.72694288,12.8],[12.67723229,56.72662125,13.2],[12.67730928,56.72658626,13.26],[12.67779026,56.7263903,13.4],[12.67787326,56.72635964,13.4],[12.67866021,56.72612469,13.53],[12.67874987,56.72610036,13.46],[12.68071976,56.72558883,12.86],[12.68081042,56.7255655,12.86],[12.68239734,56.72516725,12.73],[12.682486,56.72514526,12.73],[12.68293031,56.72504061,12.8],[12.68302197,56.72502195,12.86],[12.68368293,56.72492566,13],[12.68377359,56.724907,13],[12.68385925,56.72488401,13.06],[12.68393725,56.72485401,13.13],[12.68406591,56.72477935,13],[12.68412924,56.72474136,13.06],[12.68427956,56.7246837,13.2],[12.68436555,56.72466737,13.33],[12.68445621,56.72466071,13.46],[12.68474253,56.72466936,13.86],[12.68484119,56.72466637,13.93],[12.6854395,56.72459974,14.6],[12.68554083,56.72458941,14.66],[12.68585248,56.72456576,14.6],[12.68595714,56.72456043,14.6],[12.68701877,56.7245305,14.8],[12.68712677,56.72452717,14.8],[12.6879604,56.72451986,14.6],[12.6880624,56.72451953,14.6],[12.68989234,56.72454578,14.73],[12.689993,56.72454844,14.66],[12.69196655,56.72464667,14],[12.69206688,56.72464966,14],[12.69277052,56.72465331,13.93],[12.69286785,56.72465364,13.86],[12.69333015,56.724608,13.66],[12.69342348,56.72460634,13.66],[12.69380846,56.72463232,13.66],[12.69390512,56.72463831,13.66],[12.69449076,56.72464795,13.93],[12.69458942,56.72465028,13.93],[12.69570637,56.72469586,13.2],[12.6958087,56.72469985,13.13],[12.69686998,56.7247268,12.33],[12.69698097,56.72473046,12.2],[12.69832925,56.72474375,11.66],[12.69844691,56.72474375,11.73],[12.69925923,56.72472279,12.26],[12.69937089,56.72471646,12.33],[12.69969488,56.72468815,12.33],[12.69979921,56.72467649,12.2],[12.70019219,56.72461917,11.66],[12.70028552,56.72460317,11.6],[12.70106347,56.72444889,11.13],[12.70115013,56.72443156,11.13],[12.70424096,56.72386809,11.93],[12.70433862,56.72384943,11.93],[12.70578619,56.7235375,12.26],[12.70587652,56.72351617,12.2],[12.70605418,56.72347084,12.06],[12.70614051,56.72344685,11.93],[12.70645915,56.72334553,11.4],[12.70653281,56.72331787,11.26],[12.70690711,56.72311357,10.73],[12.70697311,56.72308124,10.66],[12.70784205,56.72268764,10.6],[12.70791438,56.72265298,10.6],[12.70846533,56.72235636,11.06],[12.70853166,56.72231837,11.13],[12.70903296,56.72200141,11.6],[12.70909229,56.72195975,11.66],[12.70932194,56.7217901,12.13],[12.70937827,56.72174744,12.2],[12.70964258,56.72152779,12.93],[12.70969191,56.72148313,13.13],[12.71019352,56.72094252,15.86],[12.71023385,56.72089786,15.93],[12.71048782,56.72057189,15.86],[12.71051981,56.7205239,15.8],[12.71068813,56.72022626,15.13],[12.71071212,56.72017693,15.06],[12.71112038,56.71928171,14.26],[12.71114604,56.71923305,14.13],[12.71128934,56.71899609,13.8],[12.71132067,56.71894943,13.73],[12.71152497,56.7186748,14.06],[12.71156197,56.71862881,14.2],[12.71180761,56.71835484,16.06],[12.71185094,56.71831085,16.46],[12.71225422,56.71793923,20.53],[12.71229955,56.71790023,20.86],[12.71279682,56.71750962,23.13],[12.71283848,56.71747829,23.13],[12.71315412,56.71726565,22.4],[12.71320012,56.71723599,22.06],[12.71359341,56.71700868,20.26],[12.71364374,56.71698135,20.06],[12.71403805,56.71679038,19.53],[12.71409971,56.71676172,19.46],[12.71543628,56.7162198,20.8],[12.71550594,56.7161908,20.73],[12.71645556,56.71576753,20.93],[12.71651822,56.71573753,21],[12.71657655,56.71570454,21.06],[12.71662821,56.71566888,21.06],[12.71683552,56.71547857,20.86],[12.71689085,56.71545057,20.8],[12.71695485,56.71543124,20.86],[12.71717683,56.71540126,21],[12.71725183,56.7153876,21.06],[12.71739315,56.71534727,21.06],[12.71746081,56.71532327,21.06],[12.71798145,56.71511665,21.4],[12.71804511,56.71509032,21.33],[12.71857608,56.7148397,21.46],[12.71864708,56.71480537,21.46],[12.71942534,56.71438743,21.53],[12.71947734,56.71435144,21.6],[12.71952234,56.71431311,21.66],[12.71955967,56.71427211,21.66],[12.719588,56.71422878,21.66],[12.71964066,56.71409446,21.86],[12.71966299,56.71405047,21.93],[12.71969599,56.71400781,22],[12.71974465,56.71396948,22],[12.71980931,56.71393749,22],[12.71988997,56.71391083,22],[12.71998263,56.71389217,22],[12.72008529,56.71388484,22],[12.72019129,56.71388984,22],[12.72030029,56.7139035,22],[12.72071661,56.71399282,22.2],[12.72080694,56.71399615,22.26],[12.72088694,56.71398849,22.33],[12.72101793,56.71395616,22.46],[12.72107359,56.7139365,22.4],[12.72112358,56.71391551,22.33],[12.72117024,56.71389285,22.26],[12.72129389,56.71381619,22.06],[12.72133255,56.71378786,21.93],[12.72142587,56.71368688,21.4],[12.7214502,56.71364822,21.2],[12.72163816,56.71323793,19.86],[12.72166249,56.71318894,19.73],[12.72189445,56.71279265,19.33],[12.72192411,56.71274399,19.33],[12.72205775,56.712547,19.06],[12.72209408,56.71249701,19.06],[12.72236838,56.71214172,19.86],[12.72240837,56.71209206,20],[12.72414917,56.71012292,20.93],[12.7241905,56.71007559,21],[12.72511903,56.70905973,21.53],[12.72515402,56.7090204,21.66],[12.72630186,56.70770157,21.4],[12.72633985,56.70765924,21.4],[12.72718173,56.70674701,21.8],[12.72721872,56.70670501,22],[12.72747268,56.70645937,23.33],[12.72751734,56.70642037,23.53],[12.72767366,56.70631472,24.13],[12.72773799,56.70628539,24.33],[12.72804897,56.70619441,24.86],[12.72812897,56.70616908,24.93],[12.72834095,56.70607809,25],[12.72839628,56.70604476,25],[12.72848461,56.7059731,25.26],[12.72851794,56.70593444,25.4],[12.72861592,56.70576646,25.66],[12.72865125,56.70572713,25.8],[12.72869391,56.7056908,25.93],[12.72874357,56.70565714,26.13],[12.72885155,56.70559415,26.53],[12.72890888,56.70556316,26.73],[12.72921552,56.70541486,26.93],[12.72927918,56.70538686,27],[12.73013579,56.70502825,26.2],[12.73020578,56.70500159,26.2],[12.73072575,56.70482896,26],[12.73080375,56.7048063,26],[12.73135773,56.704668,26.2],[12.73143806,56.70465134,26.26],[12.7326,56.70443673,26.66],[12.73268433,56.7044274,26.66],[12.73285765,56.70442373,26.66],[12.73294898,56.70443039,26.66],[12.73324764,56.70446938,26.66],[12.7333563,56.70447771,26.73],[12.73356662,56.70446838,26.86],[12.73366095,56.70445305,26.93],[12.73389727,56.70439107,27],[12.73396727,56.70436474,27],[12.73425457,56.70419176,26.73],[12.7343229,56.70416043,26.66],[12.73439823,56.70413377,26.6],[12.73447856,56.70411044,26.6],[12.73473188,56.70405312,26.6],[12.73481854,56.70403579,26.6],[12.73781006,56.70352526,25.13],[12.73790505,56.70350927,25.13],[12.73799971,56.70349461,25.2],[12.73809537,56.70348228,25.26],[12.73867967,56.70343664,26.2],[12.73877933,56.70342364,26.4],[12.74110489,56.70303575,26.8],[12.74119855,56.70301976,26.8],[12.74129055,56.70300143,26.8],[12.74137988,56.7029791,26.8],[12.74161986,56.70288745,26.8],[12.74170085,56.70285779,26.73],[12.74187151,56.70280913,26.6],[12.74196184,56.7027898,26.53],[12.74534765,56.70219936,26.66],[12.74544398,56.70218203,26.66],[12.74698523,56.70185945,25.93],[12.74707989,56.70183812,25.86],[12.74765252,56.70170247,25.53],[12.74774885,56.70167981,25.4],[12.74840981,56.70150717,24.73],[12.74850514,56.70148184,24.6],[12.75342923,56.70014176,21.26],[12.75351056,56.70011877,21.26],[12.75464648,56.69975786,22.8],[12.75472648,56.6997312,22.86],[12.75568642,56.69938624,22.46],[12.75576708,56.69935558,22.26],[12.75664869,56.69900631,20.13],[12.75672635,56.69897365,20.13],[12.75711234,56.69880732,20.06],[12.75718867,56.69877366,20.06],[12.75792695,56.69843404,20],[12.75799795,56.69840104,20],[12.75905918,56.6978598,20],[12.75912251,56.69782581,20.06],[12.75988845,56.69739821,22.33],[12.75995411,56.69736088,22.33],[12.76020376,56.6972089,22.4],[12.76026542,56.69716991,22.26],[12.76099435,56.6966863,21.6],[12.76105234,56.6966463,21.53],[12.76203523,56.69593474,20.73],[12.76208989,56.69589641,20.66],[12.76214822,56.69585908,20.66],[12.76220988,56.69582442,20.66],[12.7625592,56.69565978,20.86],[12.76261986,56.69562178,20.86],[12.76267086,56.69558112,20.86],[12.76271352,56.69553879,20.93],[12.7628725,56.69531848,20.93],[12.76291249,56.69527648,20.86],[12.76326512,56.69499985,20.53],[12.76331845,56.69495986,20.53],[12.76375774,56.69464956,20.86],[12.7638134,56.6946119,20.8],[12.76439301,56.69425695,20],[12.76444734,56.69421896,19.93],[12.76501529,56.69378534,19.66],[12.76506662,56.69374668,19.53],[12.76611521,56.69297778,19.26],[12.76616854,56.69293812,19.06],[12.76817836,56.69151094,22.53],[12.76823169,56.69147294,22.33],[12.77114308,56.68935486,23],[12.77119307,56.68931653,22.93],[12.77136139,56.68921721,22.8],[12.77142205,56.68919055,22.73],[12.7716637,56.68909591,22.73],[12.77172603,56.68907325,22.73],[12.772118,56.68894228,23],[12.77218399,56.68892195,23.13],[12.77257029,56.68881665,24.13],[12.77263395,56.68880199,24.33],[12.77321458,56.68869702,25.26],[12.77327924,56.68868736,25.26],[12.776606,56.68828024,24.8],[12.77669399,56.68826991,24.8],[12.77977778,56.68786109,26.6],[12.77983578,56.68785343,26.6],[12.77992443,56.6878181,26.66],[12.77994509,56.68779144,26.73],[12.77994542,56.68776411,26.8],[12.77992409,56.68774112,26.8],[12.7798821,56.68772746,26.8],[12.77982777,56.6877228,26.8],[12.7794318,56.68778576,27.2],[12.77935847,56.68779742,27.26],[12.77928281,56.68780508,27.33],[12.77920481,56.68780641,27.4],[12.77912915,56.68779841,27.46],[12.77906382,56.68778042,27.53],[12.77901349,56.68775342,27.6],[12.77897649,56.68772143,27.73],[12.7789285,56.68765311,28],[12.77891284,56.68761978,28],[12.77887519,56.68750513,28],[12.77887186,56.68748147,28],[12.77887086,56.68746014,28],[12.77887286,56.68744214,28],[12.77890551,56.68740482,28],[12.77892251,56.68737516,28],[12.77889452,56.6873605,27.86],[12.77887352,56.6873605,27.73],[12.77885319,56.6873655,27.6],[12.77883686,56.6873765,27.53],[12.77882254,56.68743149,27.33],[12.77882854,56.68745482,27.26],[12.77896649,56.68769144,26.86],[12.77898949,56.68772343,26.93],[12.77901882,56.68775476,27],[12.77905815,56.68778209,26.93],[12.77910814,56.68780242,26.86],[12.7791658,56.68781408,26.8],[12.77928912,56.68781375,26.66],[12.77935178,56.68780842,26.6],[12.77970274,56.68776611,26.6],[12.7797594,56.68776245,26.6],[12.77981206,56.68776278,26.6],[12.77985739,56.68776811,26.6],[12.78003905,56.68780776,26.86],[12.78009438,56.6878061,26.93],[12.78086964,56.6876885,27.2],[12.78092064,56.68767984,27.13],[12.78457528,56.68697148,25.86],[12.78464128,56.68695915,25.86],[12.7876494,56.68635599,23.53],[12.78774506,56.686337,23.4],[12.7998118,56.68396801,21.53],[12.79990013,56.68395068,21.6],[12.80007346,56.68391203,21.6],[12.80015345,56.68388837,21.6],[12.80052576,56.6837594,21.33],[12.80060375,56.68373741,21.26],[12.8012847,56.68358445,20.93],[12.80137536,56.68356512,20.86],[12.80491451,56.68281363,21.06],[12.80500517,56.6827953,21.13],[12.80536181,56.68272465,21.13],[12.80545214,56.68270932,21.06],[12.80602245,56.68264168,20.73],[12.80611578,56.68262435,20.73],[12.8067594,56.68248338,20.53],[12.80685006,56.68246405,20.53],[12.8087366,56.68207782,21.13],[12.80883159,56.68205816,21.2],[12.80999852,56.68179524,21.53],[12.81008718,56.68177491,21.46],[12.81405029,56.68094017,21.13],[12.81412229,56.68092484,21.06],[12.81418762,56.68090451,21],[12.81424128,56.68087685,20.93],[12.81427961,56.68084352,20.86],[12.81430127,56.68080686,20.8],[12.8143076,56.6807682,20.66],[12.81429927,56.68072787,20.46],[12.81428028,56.68068687,20.26],[12.81425428,56.68064554,20.13],[12.81406298,56.68038423,19.46],[12.81403065,56.68033957,19.4],[12.81391567,56.68015859,19.13],[12.81388867,56.68011459,19.06],[12.81368671,56.67975128,18.66],[12.81366238,56.67970628,18.6],[12.8134921,56.67933532,18.26],[12.8134701,56.67928666,18.26],[12.81321886,56.67849874,19.73],[12.81320486,56.67845341,19.79],[12.81311325,56.67810978,19.73],[12.81310092,56.67806878,19.66],[12.81308926,56.67798612,19.6],[12.81309859,56.67794579,19.6],[12.81312459,56.67790846,19.6],[12.81316725,56.6778758,19.6],[12.81322191,56.67784781,19.6],[12.81334924,56.67780015,19.6],[12.81341724,56.67777882,19.6],[12.81369321,56.67770351,19.93],[12.8137622,56.67768585,20.06],[12.81493745,56.67740592,21.8],[12.81500845,56.67739059,21.93],[12.81607937,56.677197,23],[12.8161517,56.67718434,23],[12.81756093,56.67698609,23],[12.81764459,56.6769761,23],[12.81815056,56.67692547,23],[12.81823489,56.67691814,23],[12.81960814,56.67681591,22.33],[12.81969047,56.67681191,22.33],[12.82041574,56.67680161,23],[12.82050807,56.6768066,23.13],[12.82070206,56.67682593,23.53],[12.82080339,56.67684126,23.66],[12.82141503,56.67695456,23.86],[12.82149769,56.67697089,23.93],[12.82186,56.67706852,23.66],[12.82190933,56.67708885,23.53],[12.82208965,56.67720217,23.2],[12.82213565,56.6772335,23.06],[12.8222643,56.67733516,22.8],[12.82230196,56.67737416,22.73],[12.82236862,56.67745548,22.66],[12.82239928,56.67749781,22.66],[12.82248527,56.67763014,22.8],[12.82251127,56.67767514,22.86],[12.8225596,56.67776847,23.13],[12.82258193,56.67781613,23.33],[12.82272124,56.67814709,24.4],[12.82274323,56.67819209,24.53],[12.82281522,56.6783254,24.8],[12.82284455,56.67836973,24.93],[12.82292155,56.67845472,25.2],[12.82297088,56.67849372,25.2],[12.8230862,56.67856338,25.2],[12.82315086,56.67859504,25.2],[12.82329418,56.67864936,25.2],[12.82337118,56.67867102,25.2],[12.8235345,56.67870467,25.33],[12.82362049,56.67871633,25.4],[12.82388381,56.67872932,25.73],[12.82397347,56.67872399,25.73],[12.82423612,56.67868433,26.06],[12.82431711,56.678667,26.2],[12.82557237,56.6783694,25.73],[12.82565136,56.67835107,25.6],[12.82990473,56.67739834,29.06],[12.82998472,56.67738068,29.13],[12.83126797,56.67710344,29.26],[12.8313453,56.67708744,29.2],[12.83163928,56.67703845,29],[12.83169994,56.67702745,29.06],[12.83174494,56.67701012,29.13],[12.8317706,56.67698879,29.2],[12.83177993,56.67696413,29.26],[12.8317786,56.67693814,29.33],[12.83175828,56.67688515,29.46],[12.83175828,56.67685749,29.53],[12.83177727,56.6768315,29.6],[12.83185926,56.67678751,29.73],[12.83191392,56.67676885,29.73],[12.83203825,56.67674053,29.73],[12.83210591,56.67672953,29.73],[12.83255089,56.67667256,28.93],[12.83262755,56.67665856,28.8],[12.83404812,56.67631498,28.2],[12.83412711,56.67629698,28.13],[12.83692694,56.67573184,27.93],[12.83700694,56.67571251,27.93],[12.83746825,56.67559021,27.66],[12.83754191,56.67556755,27.6],[12.83860317,56.67519629,27.46],[12.8386815,56.67516996,27.46],[12.83972211,56.67486067,26.4],[12.83981077,56.67484068,26.26],[12.83999576,56.67480769,25.86],[12.84009042,56.67479336,25.66],[12.84089772,56.67469607,23.46],[12.84099838,56.67467974,23.06],[12.84339761,56.67425855,16.33],[12.84344961,56.67425055,16.2],[12.84353694,56.67424788,15.86],[12.84357694,56.67425687,15.66],[12.8436416,56.67429553,15.2],[12.84367326,56.67431819,14.93],[12.84376226,56.67434751,14.26],[12.84381759,56.67434851,13.8],[12.84495851,56.67416091,10.4],[12.84503117,56.67415192,10.26],[12.84510083,56.67414859,10.13],[12.84516349,56.67415325,10],[12.84526715,56.67418924,10],[12.84532648,56.67421324,10],[12.84548447,56.67424223,10.06],[12.8455788,56.67424423,10.13],[12.84612644,56.67418292,9.73],[12.84624277,56.67416992,9.66],[12.84655208,56.6741466,9.53],[12.84662807,56.67413727,9.39],[12.84688873,56.67407995,8.8],[12.84695206,56.67406362,8.6],[12.84771632,56.67385435,10.93],[12.84777532,56.67384002,11.53],[12.84832026,56.67373573,15.2],[12.84837226,56.67372507,15.33],[12.84842192,56.67371008,15.46],[12.84846791,56.67369009,15.6],[12.84854157,56.67363944,14.93],[12.8485689,56.67360911,14.4],[12.84892114,56.67303888,7.2],[12.84893547,56.67300888,7.13],[12.84896712,56.67292156,6.93],[12.84897478,56.67289023,7.06],[12.8490154,56.67264459,7.6],[12.84902106,56.67261026,7.53],[12.84905003,56.67240462,7.06],[12.84905269,56.67237863,7.06],[12.84904138,56.67227431,7.46],[12.84904271,56.67227132,7.53],[12.8490597,56.67228298,7.6],[12.84915435,56.6722873,7.6],[12.84919768,56.67228996,7.6],[12.84953531,56.67228565,7.4],[12.8495983,56.67228565,7.4],[12.85198914,56.67234016,10.86],[12.85205713,56.67234249,10.93],[12.85218979,56.67235781,11.13],[12.85225412,56.67236947,11.26],[12.85268244,56.67246643,9.6],[12.85274277,56.67247542,9.2],[12.8531914,56.67249139,6.66],[12.85324973,56.67249772,6.53],[12.8534767,56.6725517,6.06],[12.85353436,56.6725657,6.13],[12.85369234,56.67262801,6.46],[12.85374967,56.67264301,6.6],[12.853811,56.67265,6.73],[12.85387299,56.67265,6.86],[12.85417997,56.67261336,7.53],[12.85424163,56.6726097,7.8],[12.85435695,56.67262202,8.26],[12.85440328,56.67264068,8.46],[12.85447093,56.67269334,8.8],[12.85449426,56.67272334,8.93],[12.85460255,56.6729403,10.53],[12.85461188,56.67296496,10.66],[12.85467585,56.67314958,11.46],[12.85468184,56.67317657,11.53],[12.85468051,56.67331555,11.46],[12.85468884,56.67334421,11.4],[12.85484312,56.67366884,10.33],[12.85485145,56.6736915,10.26],[12.85487709,56.67380414,10],[12.85488109,56.67382947,10],[12.85492972,56.67396378,10.13],[12.85493938,56.67399211,10.2],[12.85498769,56.67419807,10.8],[12.85499569,56.67422807,10.93],[12.85506034,56.6744257,11.8],[12.85506833,56.67444836,12],[12.85508199,56.67446569,12.2],[12.85509999,56.67447735,12.4],[12.85513531,56.67448935,12.8],[12.85514497,56.67449034,12.93],[12.85518562,56.67453065,13.33],[12.85519028,56.67454298,13.53],[12.85518895,56.6745723,13.93],[12.85519095,56.67458963,14.13],[12.85527091,56.67483126,14.86],[12.85528024,56.67486459,14.93],[12.85533387,56.67511489,15],[12.85534453,56.67514222,15],[12.85540884,56.67528352,15.33],[12.85542017,56.67530418,15.33],[12.85543683,56.67532184,15.33],[12.85545849,56.67533584,15.33],[12.85552315,56.67534949,15.2],[12.85556414,56.67535115,15.13],[12.8567047,56.67520023,14.86],[12.8567557,56.67519357,14.93],[12.85684502,56.67517091,14.93],[12.85687801,56.67515058,14.86],[12.85690101,56.67512558,14.8],[12.856917,56.67507326,14.66],[12.856913,56.67504927,14.6],[12.85682837,56.67483699,12.46],[12.85681871,56.67481266,12.2],[12.85675874,56.6746097,10.26],[12.85675141,56.67458171,10.13],[12.85674676,56.67452705,10.06],[12.85674343,56.67450205,9.93],[12.85675808,56.6744534,9.66],[12.85677774,56.67443074,9.53],[12.8568784,56.67437509,9.33],[12.8569234,56.6743631,9.39],[12.85739637,56.67430848,11.13],[12.85745336,56.67430649,11.66],[12.85762401,56.67430516,13.33],[12.85767934,56.67430582,13.73],[12.85827329,56.67433177,16],[12.85832295,56.67432911,15.6],[12.85886159,56.67429014,8.86],[12.85892992,56.67428481,8.13],[12.8591889,56.67424716,6],[12.85924889,56.67423816,5.66],[12.85959285,56.67421486,5.33],[12.85964851,56.67420986,5.4],[12.86033979,56.67413326,5.86],[12.86038645,56.6741186,5.8],[12.86042145,56.67409727,5.73],[12.86044745,56.67407261,5.66],[12.86049211,56.67401828,5.53],[12.86051577,56.67398895,5.46],[12.86061309,56.67382365,5.33],[12.86062375,56.67378899,5.33],[12.86068502,56.67335438,6.13],[12.86068635,56.67332339,6.4],[12.86066337,56.67324674,7.6],[12.86065937,56.67324108,8],[12.86062739,56.67324042,9.2],[12.86062473,56.67324042,9.6],[12.86505341,56.67322041,9.53],[12.86505407,56.67322041,9.46],[12.8650787,56.67321445,8.6],[12.86507936,56.67321445,8.53],[12.86513168,56.67316081,7.8],[12.86515167,56.67315015,7.73],[12.86530299,56.6731055,7.66],[12.86535565,56.67309417,7.66],[12.86541298,56.67308351,7.8],[12.86547031,56.67307418,7.93],[12.86576129,56.67305587,8.26],[12.86582195,56.67305054,8.46],[12.86625824,56.67298925,9.86],[12.8663149,56.67297392,10],[12.86640789,56.67292793,10.26],[12.86644822,56.67290027,10.53],[12.86666751,56.67271498,11.73],[12.8667085,56.67268798,11.93],[12.86690948,56.67258234,12.6],[12.86695947,56.67256701,12.66],[12.8670818,56.67255736,12.8],[12.86715013,56.67256269,12.86],[12.86792708,56.67267199,12.93],[12.86798608,56.67266799,12.8],[12.86802974,56.67265166,12.66],[12.86805774,56.67262666,12.53],[12.8680964,56.67251366,12.13],[12.86811173,56.67247067,12],[12.8682287,56.67224069,11.6],[12.86825103,56.67219403,11.66],[12.86829901,56.67205504,11.6],[12.86831467,56.67200738,11.6],[12.86852862,56.67155242,11.6],[12.86854795,56.67151243,11.46],[12.86861027,56.67140344,11.46],[12.86862726,56.67136778,11.46],[12.86864892,56.67133645,11.46],[12.86867791,56.67131012,11.46],[12.86879323,56.67126346,11.4],[12.86882722,56.67124847,11.33],[12.86892387,56.67118382,11.06],[12.86897086,56.67116516,10.93],[12.86902852,56.6711555,10.8],[12.86915518,56.67116548,10.66],[12.86922084,56.67118114,10.6],[12.87010243,56.67144507,9.06],[12.87016876,56.67146473,9],[12.87030241,56.67149605,8.86],[12.8703674,56.67151371,8.8],[12.87079203,56.671653,8.8],[12.87085169,56.671667,8.93],[12.87090868,56.67167433,9.06],[12.87095967,56.67167034,9.2],[12.871001,56.67165534,9.26],[12.87105966,56.67160668,9.39],[12.87107766,56.67157502,9.46],[12.87115131,56.67134704,10.4],[12.8711593,56.67130771,10.6],[12.87117428,56.6711394,11.46],[12.87118161,56.67109541,11.73],[12.8712499,56.67078476,13.4],[12.87125623,56.67074377,13.6],[12.87125123,56.67067078,13.66],[12.87123123,56.67064145,13.66],[12.87114391,56.67060746,13.53],[12.87108592,56.67059813,13.4],[12.87037863,56.67052617,10.8],[12.8702923,56.67051751,10.6],[12.86975966,56.67044955,9.2],[12.869689,56.67043655,9],[12.86962034,56.67042122,9],[12.86955668,56.67040256,9],[12.86929338,56.67029325,9],[12.86924505,56.67027559,9],[12.86910007,56.67024795,8.73],[12.86907841,56.67024196,8.66],[12.86906708,56.67023363,8.6],[12.86906941,56.67021765,8.46],[12.8690714,56.67021432,8.39],[12.86997466,56.66987805,10.26],[12.87005132,56.66984805,10.26],[12.87058062,56.6696054,9.86],[12.87065961,56.6695724,9.8],[12.87291647,56.66865822,11.46],[12.8729938,56.66862689,11.33],[12.87332078,56.66852658,10.53],[12.87340411,56.66850092,10.4],[12.87356143,56.66844193,10.13],[12.87363509,56.66841194,10],[12.87383674,56.6683243,9.73],[12.87389507,56.66829764,9.73],[12.87404804,56.668217,9.93],[12.87404638,56.668216,9.93],[12.8742327,56.66814402,9.6],[12.87428203,56.66812369,9.6],[12.87489263,56.66785175,10],[12.87496662,56.66781975,10.06],[12.87623587,56.66723585,10.13],[12.87630786,56.66720285,10.13],[12.87794044,56.66647799,9.26],[12.87802377,56.666441,9.13],[12.87864106,56.66621337,8.26],[12.87872072,56.66617871,8.2],[12.87915869,56.6659504,8.06],[12.87923268,56.66591507,8.06],[12.88098222,56.6651345,8.73],[12.88106888,56.66509617,8.8],[12.88173885,56.66482089,9.6],[12.88181751,56.66478623,9.66],[12.88248646,56.6644576,9],[12.88256512,56.66441994,8.86],[12.88420601,56.66367672,8.06],[12.88428534,56.66364039,7.93],[12.88471164,56.66343409,7.2],[12.88476897,56.66340543,7.13],[12.88488929,56.66334077,7],[12.88491429,56.66332477,7],[12.88493262,56.66331244,7],[12.88494295,56.66330444,7],[12.88494362,56.66329312,7.06],[12.88494229,56.66329279,7.06],[12.88509794,56.66322147,7.2],[12.8851506,56.66319714,7.26],[12.88583555,56.66290586,7.86],[12.88591088,56.66287453,7.93],[12.88682848,56.66246692,8.53],[12.88691047,56.66243059,8.6],[12.89022031,56.66092675,7.86],[12.89030697,56.66088709,7.86],[12.89110959,56.66053579,7.86],[12.89120492,56.66049446,7.86],[12.89188387,56.66015984,8],[12.89189153,56.66015618,8],[12.89257981,56.65985524,8.2],[12.89265781,56.65982024,8.2],[12.89771417,56.65752788,7.6],[12.8977855,56.65749588,7.53],[12.89821179,56.65730691,7.46],[12.89828345,56.65727592,7.46],[12.89878808,56.65707162,7.53],[12.89885774,56.65704229,7.6],[12.89920172,56.65687799,7.8],[12.89927871,56.65684866,7.86],[12.89943836,56.656797,8],[12.89952069,56.65677601,8.06],[12.89979001,56.65674369,8.13],[12.899883,56.65673503,8.13],[12.90012898,56.65667338,8.13],[12.90019964,56.65664205,8.13],[12.9002633,56.65660506,8.13],[12.90031763,56.6565644,8.13],[12.90035829,56.65652041,8.06],[12.90041328,56.65642609,7.93],[12.90044561,56.65637976,7.93],[12.90048961,56.65633643,7.93],[12.90054527,56.65629644,7.93],[12.90074792,56.65618779,7.93],[12.90082058,56.65615346,7.93],[12.90166485,56.65576786,8.06],[12.90174384,56.6557332,8.13],[12.90222447,56.65554855,8.53],[12.90231547,56.65551989,8.53],[12.90241413,56.65549456,8.53],[12.90252079,56.6554739,8.53],[12.90286945,56.65543024,8.46],[12.90298844,56.65541025,8.39],[12.90310544,56.65538359,8.26],[12.90321877,56.65535126,8.33],[12.90354109,56.65524395,8.53],[12.90363742,56.65520396,8.6],[12.90385307,56.65508098,8.86],[12.90390207,56.65504198,8.93],[12.90445665,56.65450908,9.39],[12.90448931,56.65448342,9.2],[12.90461395,56.65441243,8.73],[12.90466228,56.6543881,8.66],[12.90552152,56.65401049,8.46],[12.90557985,56.65398783,8.39],[12.90584149,56.65389452,8.13],[12.90592348,56.65387352,7.93],[12.90664646,56.6537369,6.46],[12.90675812,56.65370824,6.4],[12.90687078,56.65367591,6.33],[12.90698178,56.65363958,6.2],[12.90752842,56.65343694,5.8],[12.90762975,56.65340828,5.86],[12.90772208,56.65339862,6],[12.90778674,56.65341728,6.13],[12.90783273,56.65345194,6.26],[12.90810301,56.65382989,7.53],[12.90812434,56.65386255,7.6],[12.90818333,56.6539602,7.8],[12.90820132,56.65399153,7.86],[12.90825364,56.65411417,8],[12.90826297,56.6541425,8],[12.90828262,56.65421549,8],[12.90828428,56.65423548,8],[12.90825833,56.65492864,9],[12.908253,56.65495797,9],[12.90823968,56.65501463,9],[12.90823135,56.65504296,9],[12.90817871,56.65515428,9],[12.90816672,56.65518061,9],[12.90801144,56.65538854,9],[12.90800878,56.65539253,9],[12.90801344,56.65543686,9],[12.90801544,56.65545485,9],[12.90800411,56.65549784,9],[12.90798712,56.65552284,9],[12.90780515,56.65569449,9.13],[12.90776916,56.65572848,9.06],[12.90740852,56.65611579,9.2],[12.90736719,56.65615679,9.26],[12.90732886,56.65619945,9.33],[12.9072982,56.65624344,9.53],[12.90728121,56.65628877,10],[12.9072862,56.65633043,10.46],[12.90731586,56.65636509,10.93],[12.90736352,56.65638842,11.4],[12.90742018,56.65639808,11.8],[12.90747684,56.65639609,12.2],[12.90786147,56.65630513,14.93],[12.90789746,56.65631112,15],[12.90798011,56.65637411,14.8],[12.90801544,56.65639911,14.73],[12.90820874,56.65647542,14.4],[12.9082514,56.65649641,14],[12.90839871,56.65661472,13.33],[12.90843937,56.65664405,13.4],[12.908727,56.65678968,13.13],[12.908771,56.65681434,13.06],[12.90881933,56.656834,13],[12.90887232,56.65684433,13],[12.90904129,56.65683335,13.06],[12.90900629,56.65685201,13.13],[12.90896698,56.65686399,13.26],[12.90894499,56.65686765,13.2],[12.90888034,56.65686432,12.66],[12.90884034,56.65685699,12.4],[12.9086657,56.65679535,11.26],[12.9086207,56.65677669,10.93],[12.90851938,56.65675637,10.26],[12.90846972,56.65676236,9.93],[12.90838306,56.65679535,9.39],[12.9083414,56.65681701,9.2],[12.90779582,56.65715062,8.86],[12.90776149,56.65717095,8.8],[12.90762351,56.65723759,8.53],[12.90758085,56.65724192,8.46],[12.90753519,56.65723959,8.39],[12.90744853,56.6572106,8.26],[12.90740853,56.65718494,8.2],[12.90711289,56.65693364,7.73],[12.9070719,56.65689564,7.73],[12.90697491,56.65677165,7.73],[12.90695325,56.65672632,7.73],[12.90693459,56.65663133,7.86],[12.90693958,56.65658467,8],[12.90695458,56.65653867,8.06],[12.90697757,56.65649401,8.2],[12.90703423,56.65640669,8.46],[12.90706656,56.65636403,8.6],[12.90725487,56.65615839,8.93],[12.90729486,56.6561184,9],[12.90775748,56.6556861,9],[12.90780014,56.65564577,9],[12.90796779,56.65547112,9],[12.90800812,56.65542546,9],[12.9081861,56.65519415,8.86],[12.9082151,56.65514982,8.8],[12.90832741,56.65492518,8.46],[12.90834107,56.65487885,8.39],[12.9083684,56.65473987,8.2],[12.90837373,56.65469388,8.13],[12.90838505,56.65455156,7.8],[12.90838838,56.65450423,7.73],[12.90838605,56.65431459,7.33],[12.90837172,56.6542716,7.2],[12.90814843,56.65390164,6],[12.90811777,56.65385831,5.86],[12.90779416,56.65347368,5.6],[12.90776317,56.65342635,5.66],[12.90775018,56.65337869,5.73],[12.90776484,56.65333403,5.8],[12.90780483,56.65329437,5.86],[12.90786249,56.65326071,5.93],[12.90792749,56.65323172,6],[12.90814048,56.65315707,6.13],[12.90821381,56.65313141,6.2],[12.90854279,56.65304243,6.2],[12.90863279,56.6530221,6.2],[12.90902843,56.65295345,6.4],[12.90913642,56.65293746,6.4],[12.90935974,56.65290947,6.4],[12.90945407,56.65289914,6.33],[12.9096524,56.65288848,6.2],[12.90976273,56.65288715,6.2],[12.90988172,56.65289181,6.2],[12.91009537,56.6529268,6.2],[12.9101847,56.65295279,6.2],[12.91070866,56.65317375,6],[12.91078365,56.65320308,6],[12.91109163,56.65329939,6],[12.91116963,56.65331972,6],[12.91132662,56.65335771,6],[12.91140595,56.6533727,6],[12.91148628,56.6533797,6],[12.91156461,56.65337737,5.93],[12.91163661,56.65336304,5.86],[12.91169927,56.65333938,5.8],[12.91180226,56.65327573,5.66],[12.91184726,56.6532404,5.6],[12.91232088,56.65283278,5.8],[12.91237188,56.65279245,5.93],[12.91263086,56.6526328,6.46],[12.91270419,56.6525938,6.53],[12.91368446,56.65212121,7.8],[12.91374346,56.65209488,7.93],[12.9144124,56.65185727,9.46],[12.9144754,56.65182861,9.6],[12.9145364,56.65179795,9.86],[12.91459306,56.65176629,10.13],[12.91485536,56.65159565,11.33],[12.91489569,56.65157365,11.46],[12.91585627,56.65109678,15.2],[12.91589627,56.65107712,15.4],[12.91606459,56.65100648,16.06],[12.91610858,56.65099015,16.13],[12.91634521,56.65091551,16.53],[12.91639154,56.65089951,16.6],[12.91652052,56.65084353,16.79],[12.91655985,56.65082087,16.79],[12.91698113,56.65047092,17.86],[12.91701846,56.65043959,17.93],[12.91715977,56.65030328,18.26],[12.91720176,56.65027029,18.26],[12.91739142,56.65015097,18.4],[12.91743675,56.65011964,18.46],[12.91765038,56.64995866,18.73],[12.91769471,56.64992566,18.73],[12.91829165,56.64947273,18.79],[12.91833731,56.64943707,18.73],[12.91850829,56.64928341,18.4],[12.91855528,56.64924508,18.26],[12.91876459,56.6490991,17.73],[12.91881592,56.64906111,17.6],[12.91911289,56.6488308,16.73],[12.91916088,56.64879281,16.6],[12.91930086,56.64867815,16.33],[12.91934752,56.64863882,16.26],[12.91970482,56.64831385,16.79],[12.91975782,56.64827886,16.93],[12.91988081,56.64823654,17.06],[12.91994747,56.64823254,17.13],[12.92023379,56.64825852,17.13],[12.92030945,56.64826751,17.06],[12.92044011,56.64826851,16.93],[12.9204731,56.64825418,16.79],[12.92048276,56.64823885,16.66],[12.92046943,56.64822585,16.53],[12.92043677,56.64821652,16.4],[12.92010979,56.64817054,15.8],[12.9200188,56.64815521,15.66],[12.91963149,56.64806922,15.13],[12.91952916,56.64805056,14.93],[12.91921917,56.64801324,14.26],[12.91912051,56.64799758,14],[12.91865254,56.64788927,12.46],[12.91855454,56.64786861,12.26],[12.91802657,56.6477733,11],[12.91791557,56.64775297,10.8],[12.91748527,56.64766266,10.33],[12.91737927,56.64763733,10.26],[12.91718194,56.64757167,10.13],[12.91709695,56.64753467,10.06],[12.91703929,56.64749401,10],[12.91702196,56.64744968,10],[12.91703229,56.64740435,10],[12.91705962,56.64735902,10],[12.91713261,56.64726936,10],[12.91717794,56.64722603,10],[12.91745226,56.64702206,9.73],[12.91750059,56.64697907,9.66],[12.91771056,56.64675009,9.33],[12.91774889,56.64670276,9.26],[12.91789353,56.64650244,9],[12.91792519,56.64644944,9],[12.91806117,56.64617246,9],[12.91809583,56.6461188,9],[12.91878109,56.64520789,9.46],[12.91882108,56.64515323,9.53],[12.91907803,56.64476893,9.33],[12.91911902,56.6447146,9.26],[12.91968195,56.64404034,9.73],[12.91972528,56.64398935,9.8],[12.92054586,56.64304279,9.2],[12.92058786,56.64299279,9.13],[12.92114877,56.64223452,9.66],[12.92119077,56.64217886,9.73],[12.92141007,56.64190856,9.86],[12.9214544,56.64185523,9.86],[12.92169304,56.64158327,10.26],[12.92174004,56.64152861,10.33],[12.922012,56.64117599,10.86],[12.92204466,56.64113633,10.93],[12.92217164,56.64100002,11.13],[12.92219964,56.64096669,11.2],[12.92235429,56.64073139,11.6],[12.92238862,56.64069206,11.66],[12.92242661,56.64065473,11.73],[12.92246827,56.6406184,11.8],[12.9226726,56.64049309,12],[12.92272093,56.6404621,12],[12.92296557,56.64028213,12],[12.92300423,56.6402508,12],[12.92408679,56.63929358,11.2],[12.92413012,56.63925558,11.26],[12.92434776,56.63904294,11.66],[12.92439009,56.63899528,11.8],[12.92463673,56.63867498,12.8],[12.92467472,56.63862399,12.93],[12.92482137,56.63839801,13.6],[12.92484136,56.63835901,13.73],[12.92493332,56.63808803,13.73],[12.92494531,56.63804837,13.73],[12.92503527,56.63768342,13.26],[12.92504726,56.63764209,13.2],[12.92506092,56.63760143,13.2],[12.92507792,56.6375611,13.2],[12.92512924,56.63748311,13.2],[12.92516224,56.63744545,13.13],[12.9252869,56.6373388,12.8],[12.92533789,56.63730681,12.73],[12.92551021,56.63722016,12.53],[12.92556454,56.63719483,12.46],[12.92578884,56.63710054,12.53],[12.9258235,56.63706955,12.6],[12.92625777,56.63690761,12.2],[12.92632576,56.63688061,12.13],[12.92699572,56.63660332,12.06],[12.92708538,56.63656766,12.06],[12.92760135,56.63637836,11.86],[12.92767201,56.63634437,11.8],[12.92784599,56.63623105,11.6],[12.92789598,56.63618972,11.4],[12.92809228,56.63596309,10.4],[12.92813661,56.63591343,10.26],[12.92817894,56.6358591,10.13],[12.92821127,56.63579977,9.86],[12.92826425,56.63553879,9.13],[12.92828858,56.63547346,8.93],[12.92845856,56.63514849,8.8],[12.92849889,56.63508283,8.8],[12.92873087,56.63475785,9.06],[12.92877886,56.63469385,9.13],[12.92915349,56.63422489,9.8],[12.92919515,56.63416789,9.8],[12.92995472,56.63305962,8.13],[12.92999305,56.63300429,8.26],[12.9304843,56.63231635,8.26],[12.93052029,56.63226469,8.2],[12.93064893,56.63205771,8.33],[12.93067692,56.63200505,8.39],[12.93113583,56.63099646,7.46],[12.93116183,56.63094046,7.46],[12.93124915,56.63072048,7.4],[12.93126714,56.63066815,7.33],[12.93131478,56.63041685,7],[12.93131977,56.63036719,7],[12.93133706,56.62996723,7.8],[12.93134172,56.62991823,7.93],[12.93134872,56.6298689,8.06],[12.93136138,56.6298189,8.2],[12.93138371,56.62977057,8.33],[12.93142071,56.62972424,8.46],[12.93159036,56.62959825,9.06],[12.93165535,56.62956026,9.26],[12.93353417,56.62853378,11.26],[12.93358216,56.62850112,11.2],[12.93366082,56.6284298,11.13],[12.93368682,56.62839114,11.13],[12.9337538,56.62818716,11],[12.93377513,56.62814683,11],[12.93380279,56.6281075,11.06],[12.93383579,56.62806917,11.06],[12.93392278,56.62799652,11.06],[12.93397611,56.62796319,11.06],[12.93514234,56.62731794,10],[12.935207,56.62728395,10],[12.93606261,56.62688968,10.4],[12.93611027,56.62684868,10.46],[12.9361356,56.62680335,10.53],[12.93614159,56.62675602,10.6],[12.93613026,56.62670769,10.66],[12.93609627,56.62666603,10.73],[12.93604927,56.62662637,10.8],[12.93599228,56.62658938,10.86],[12.93570664,56.6264894,11.13],[12.93564598,56.6264664,11.2],[12.93519035,56.62627012,11.8],[12.93515169,56.62624946,11.86],[12.93497939,56.62613216,12.06],[12.93495173,56.6261055,12.13],[12.93490407,56.62604951,12.26],[12.93488541,56.62602052,12.33],[12.93486041,56.62595887,12.46],[12.93485175,56.62592688,12.53],[12.93484542,56.62589488,12.6],[12.93484142,56.62586255,12.66],[12.93485041,56.62579556,12.86],[12.93486574,56.62576256,13],[12.9349384,56.62566592,13.33],[12.9349614,56.62563292,13.33],[12.93537363,56.62489102,13],[12.93539829,56.62484936,13],[12.9355446,56.62464338,13],[12.93558359,56.62460405,13],[12.93563092,56.62456872,13],[12.93568558,56.62453673,13],[12.93581157,56.62448241,13],[12.93588056,56.62445842,13],[12.93662251,56.62422047,12.86],[12.93670184,56.62419448,12.8],[12.93863106,56.62354794,10.33],[12.93871872,56.62351728,10.26],[12.93880238,56.62348462,10.2],[12.93887904,56.62344696,10.13],[12.93914835,56.62329465,9.86],[12.93921168,56.62325732,9.8],[12.93926901,56.62321733,9.73],[12.93931934,56.623176,9.66],[12.93939633,56.62308634,9.46],[12.93942399,56.62303901,9.33],[12.93956695,56.62268138,8.39],[12.93959028,56.62262838,8.33],[12.93966393,56.62246673,8.39],[12.93969059,56.62241107,8.46],[12.93975558,56.62230108,8.53],[12.93979524,56.62224808,8.73],[12.94021686,56.62183378,9.93],[12.94027086,56.62178245,10.06],[12.94078215,56.62134684,9.86],[12.94082048,56.62132051,9.8],[12.94089781,56.62130718,9.66],[12.94092014,56.62132084,9.6],[12.94091114,56.6213685,9.33],[12.94090181,56.62140016,9.2],[12.94090514,56.62143382,9.2],[12.94092447,56.62146715,9.2],[12.94096046,56.62149814,9.13],[12.94112412,56.62158246,8.93],[12.94118511,56.62161245,8.93],[12.94125244,56.62163911,8.93],[12.94132677,56.62165644,9],[12.9414041,56.62166077,9.06],[12.94154675,56.62163511,9.2],[12.94160675,56.62160745,9.33],[12.94234702,56.62112786,10.06],[12.94240535,56.6210892,10.06],[12.94460185,56.61957705,10.8],[12.94466085,56.61953606,10.86],[12.94584243,56.61873616,11.53],[12.94589942,56.61869683,11.53],[12.94622307,56.61845687,11.6],[12.94627373,56.61841587,11.66],[12.9465447,56.61816457,12],[12.94659736,56.61812724,12],[12.94665135,56.61809158,12],[12.94670701,56.61805825,12],[12.94689467,56.61796961,12.13],[12.94695933,56.61793961,12.2],[12.94713431,56.61783897,12.4],[12.9471903,56.61780298,12.46],[12.94799556,56.61726837,12.2],[12.94805222,56.61722971,12.13],[12.94864351,56.61681143,12.33],[12.94869517,56.61677277,12.4],[12.94919712,56.61637782,12.2],[12.94924545,56.61633949,12.13],[12.94962109,56.61602354,12.46],[12.94966775,56.61598421,12.53],[12.94971241,56.61594388,12.6],[12.94975107,56.61590222,12.66],[12.94980573,56.61581624,12.8],[12.94983706,56.61577624,12.86],[12.9500617,56.61560393,13],[12.95010269,56.61556694,13],[12.95059963,56.61508265,13.2],[12.95064062,56.61504165,13.26],[12.95112557,56.61454669,14.6],[12.9511669,56.61450336,14.66],[12.95157617,56.61405373,14.06],[12.9516165,56.6140104,13.93],[12.95198579,56.61366176,12.66],[12.95203178,56.61361643,12.53],[12.95416489,56.61144102,13.13],[12.95420922,56.61139469,13.06],[12.95436686,56.61121105,13],[12.95439819,56.61116372,13],[12.95445684,56.61095575,13],[12.9544595,56.61094109,13],[12.95447716,56.61091043,13],[12.95448649,56.6109011,13],[12.95470579,56.6107898,13.4],[12.95471545,56.61078614,13.46],[12.95483111,56.6107878,13.53],[12.95490477,56.61077514,13.66],[12.95494776,56.61076515,13.66],[12.95503909,56.61073549,13.66],[12.95508609,56.61071483,13.66],[12.95517475,56.6106605,13.46],[12.95521175,56.61062784,13.33],[12.95531973,56.6104842,12.73],[12.95534273,56.61044687,12.6],[12.95546036,56.61020191,11.6],[12.95548636,56.61015625,11.33],[12.95569733,56.60982429,9.46],[12.95572966,56.60977696,9.13],[12.95594196,56.60949665,8],[12.95597862,56.60944932,8.06],[12.95638824,56.60897271,8.6],[12.95643357,56.60892405,8.73],[12.9567132,56.60863775,9.26],[12.95676053,56.60859042,9.46],[12.95730216,56.6080748,12.13],[12.95735049,56.6080278,12.26],[12.95856234,56.60683192,16.79],[12.95860934,56.60678692,16.93],[12.95885132,56.60656961,17.46],[12.95890265,56.60652828,17.53],[12.95913429,56.60637196,17.79],[12.95919162,56.60633297,17.86],[12.95943693,56.60612233,18],[12.95948392,56.60607867,18],[12.96009819,56.60540576,18.73],[12.96014385,56.60535743,18.73],[12.96049447,56.60503147,18.4],[12.96054513,56.60498614,18.4],[12.96096707,56.60462984,18.2],[12.96102473,56.60458518,18.13],[12.96149203,56.60424189,18],[12.96155236,56.6041989,18],[12.96193334,56.60394492,18.13],[12.96199934,56.60390326,18.2],[12.96434484,56.6025001,20.33],[12.96440717,56.60246277,20.26],[12.96534943,56.60194283,19.53],[12.96542743,56.60189984,19.46],[12.96569074,56.60174086,19.2],[12.9657134,56.6017062,19.13],[12.96570174,56.60167787,19.06],[12.96566408,56.60165587,19],[12.96542143,56.60159255,19],[12.96535177,56.60157622,19],[12.95864094,56.60009134,17.13],[12.95857228,56.60007635,17.06],[12.95429589,56.59910162,14.06],[12.95421023,56.59908196,14],[12.95282299,56.5987797,15.93],[12.95274533,56.59876337,16],[12.95159572,56.59853413,14.33],[12.95151306,56.59851613,14.06],[12.95094544,56.59836018,12.4],[12.95086278,56.59833985,12.2],[12.94887559,56.59788698,11.6],[12.94880093,56.59786932,11.46],[12.94719238,56.59751844,11],[12.94713105,56.59750511,11],[12.94691074,56.59744214,11],[12.94688341,56.59742914,11],[12.94681543,56.59737516,11],[12.94681144,56.5973695,11],[12.94687077,56.59735217,11],[12.94697808,56.59727652,11],[12.94701507,56.59724852,11],[12.94740035,56.59690225,11],[12.94744168,56.59686325,11.06],[12.94963611,56.59466184,10.8],[12.9496871,56.59461518,10.6],[12.94979475,56.59452353,10.2],[12.94985208,56.59447787,10.13],[12.95225618,56.59265139,11.73],[12.95231184,56.59260806,11.8],[12.95272782,56.5922611,11.8],[12.95277681,56.59221877,11.8],[12.95281947,56.59217444,11.66],[12.95284413,56.59212811,11.53],[12.95284114,56.59208178,11.4],[12.95281181,56.59203978,11.33],[12.95276315,56.59200212,11.13],[12.95270249,56.59196746,10.93],[12.95223785,56.59177848,10],[12.95216052,56.59174515,9.86],[12.95208719,56.59170982,9.73],[12.95201753,56.59167216,9.6],[12.95182255,56.59155217,9.39],[12.95176355,56.59151017,9.26],[12.95006638,56.59010736,8.26],[12.95001539,56.5900647,8.13],[12.9498564,56.58994039,7.73],[12.94980141,56.58989973,7.6],[12.94962275,56.58978208,7.46],[12.94955842,56.58974475,7.46],[12.94928811,56.58960911,7.46],[12.94921945,56.58957645,7.46],[12.94886814,56.58942049,7.8],[12.94879815,56.58938916,7.86],[12.94858649,56.58929751,8],[12.94851616,56.58926818,8],[12.94815685,56.5891332,8],[12.94808486,56.58910887,7.93],[12.94779288,56.58902322,7.66],[12.94771788,56.58900489,7.6],[12.94714991,56.58889126,7.13],[12.94706425,56.58887293,7.06],[12.94657261,56.58874064,7],[12.94649628,56.58871264,7],[12.94622564,56.58857766,6.73],[12.94616631,56.58854033,6.66],[12.94605765,56.58846034,6.53],[12.94600732,56.58841901,6.53],[12.94587067,56.58829469,6.53],[12.94582201,56.58825503,6.53],[12.94576335,56.58822137,6.53],[12.94569402,56.58819571,6.53],[12.94561803,56.58818105,6.53],[12.94553703,56.58817806,6.6],[12.94505273,56.58825503,6.66],[12.94496874,56.58826269,6.6],[12.94471042,56.58825336,6.4],[12.94462376,56.58823903,6.4],[12.94345583,56.58793779,5.86],[12.94340984,56.5879258,5.93],[12.94226095,56.58761126,8.73],[12.94218395,56.58759127,8.2],[12.94191697,56.58753828,6.66],[12.94181397,56.58752395,6.2],[12.94170198,56.58751362,5.73],[12.94158165,56.58750663,5.33],[12.94132233,56.58750696,4.6],[12.94119233,56.58751529,4.26],[12.94095134,56.58754462,3.73],[12.94083901,56.58756395,3.46],[12.9403547,56.58766059,3],[12.94028137,56.58766858,3],[12.94015338,56.58765992,3],[12.94010505,56.58764326,3],[12.94007072,56.58761827,3.06],[12.94003639,56.58755495,3.2],[12.94003606,56.58752396,3.26],[12.94004672,56.5874963,3.33],[12.94006772,56.58747164,3.46],[12.9402037,56.58736498,4],[12.94024636,56.58733632,4.13],[12.94149858,56.58655208,8.53],[12.94154258,56.58652442,9],[12.94225149,56.58605316,12.93],[12.94229982,56.58601983,13],[12.94243448,56.58591551,12.66],[12.94247414,56.58588052,12.46],[12.9426531,56.58570022,11.26],[12.94268276,56.58566389,10.93],[12.94299471,56.58518394,8.13],[12.9430217,56.58514295,7.93],[12.94336397,56.58464901,7.4],[12.9433923,56.58460802,7.4],[12.94357227,56.58436704,7.53],[12.9435996,56.58432738,7.6],[12.94449311,56.58298956,8.86],[12.94451744,56.5829459,8.66],[12.94462375,56.58272759,8],[12.94464341,56.58268326,7.86],[12.94524856,56.58118607,9.66],[12.94526689,56.58114174,9.73],[12.94555245,56.58048681,9],[12.94557011,56.58044415,8.86],[12.94571707,56.58008053,7.93],[12.9457354,56.58003287,7.86],[12.94595466,56.57942261,7.53],[12.94597332,56.57937395,7.46],[12.94606363,56.57918031,7],[12.94608862,56.57913298,6.73],[12.94620194,56.578946,5.66],[12.94623227,56.57890067,5.4],[12.94651723,56.57850504,5.2],[12.94654956,56.57846004,5.33],[12.94704213,56.57771677,7.66],[12.94707246,56.57767144,7.8],[12.94717078,56.57754645,7.6],[12.94720744,56.57751079,7.53],[12.9472511,56.57748013,7.46],[12.9473031,56.5774548,7.2],[12.94736309,56.57743781,6.93],[12.94742842,56.57743048,6.53],[12.94764274,56.57744213,5.2],[12.94771273,56.57745079,4.8],[12.94803303,56.57752044,3.06],[12.94809036,56.57752443,2.8],[12.94814269,56.57751744,2.53],[12.94818269,56.57750211,2.26],[12.94820869,56.57747878,2.2],[12.94822235,56.57745078,2.13],[12.94823333,56.57705649,2.6],[12.948233,56.57701216,2.66],[12.94819511,56.57601194,6.6],[12.94818345,56.57596994,6.86],[12.94811679,56.57589862,7.33],[12.9480668,56.57587096,7.46],[12.94777051,56.57575665,8],[12.94771151,56.57573366,8],[12.94763152,56.57567901,8],[12.94762219,56.57564835,8],[12.94763519,56.57561669,8],[12.94769351,56.57554903,8],[12.94771917,56.57551237,8],[12.94775082,56.57539206,8],[12.94775315,56.5753504,8],[12.94773125,56.5744525,8.2],[12.94773059,56.5744105,8.33],[12.94774087,56.57388855,10.2],[12.9477412,56.57384422,10.2],[12.94770399,56.57251307,9.6],[12.94771032,56.57247574,9.53],[12.94772332,56.57243708,9.46],[12.94774531,56.57239875,9.39],[12.9477763,56.57236142,9.33],[12.9478163,56.57232609,9.26],[12.94821492,56.57212079,8.46],[12.94825825,56.5720838,8.6],[12.94829025,56.5720428,8.66],[12.94831258,56.57199947,8.73],[12.94833857,56.57190781,8.86],[12.94834357,56.57186048,8.93],[12.94834193,56.57157551,9.13],[12.94834127,56.57152818,9.2],[12.94830171,56.57051529,11.2],[12.94830038,56.57046796,11.26],[12.9483037,56.57003702,10.8],[12.94830237,56.56998903,10.73],[12.94824687,56.56815425,7.73],[12.94824554,56.56810525,7.66],[12.94822525,56.56773696,6.73],[12.94822359,56.5676943,6.6],[12.94822725,56.56760964,6.4],[12.94823291,56.56756798,6.4],[12.94827388,56.56735434,6.4],[12.94828554,56.56731268,6.6],[12.94835352,56.56714803,7.4],[12.94837751,56.5671077,7.6],[12.94853114,56.56689907,8.86],[12.94854847,56.56687407,9.06],[12.94861278,56.56676809,9.66],[12.94862844,56.56674609,9.66],[12.94867043,56.56670043,9.66],[12.94870609,56.56667777,9.8],[12.94888808,56.56662945,9.86],[12.94896608,56.56662179,9.86],[12.94958671,56.56661181,9.86],[12.9496747,56.56660182,9.93],[12.9497567,56.56658516,10],[12.94983003,56.56656183,10.06],[12.94989269,56.56653183,10],[12.94998802,56.56645717,10],[12.95002535,56.56641584,10],[12.95008834,56.56632852,9.93],[12.95011534,56.56628452,9.93],[12.9503053,56.56593621,10.53],[12.95032963,56.56589322,10.73],[12.95182406,56.56334185,13.2],[12.95185105,56.56329519,13.33],[12.95291951,56.56150337,9.6],[12.95294684,56.56145771,9.66],[12.95310681,56.56117708,10.4],[12.95313247,56.56113042,10.53],[12.95320645,56.56094711,10.73],[12.95321611,56.56090211,10.66],[12.95322077,56.56085711,10.6],[12.95322011,56.56081112,10.53],[12.95318879,56.56067047,10.26],[12.95317146,56.56062347,10.13],[12.95290854,56.56002252,9.39],[12.95288921,56.55997786,9.39],[12.95264863,56.55931926,12.66],[12.95263063,56.55927526,12.86],[12.95252433,56.55905828,13.73],[12.95249234,56.55901529,13.73],[12.95241468,56.55893264,13.73],[12.95237002,56.55889264,13.73],[12.95217304,56.55874099,13.8],[12.95212238,56.558705,13.73],[12.95133946,56.55817943,12.26],[12.95128613,56.55814544,12.06],[12.95095651,56.55797246,11.13],[12.95091485,56.55794547,11],[12.95086086,56.55788081,11],[12.95084187,56.55784448,11],[12.95080655,56.55776616,11],[12.95078889,56.5577255,10.93],[12.95077023,56.55763951,10.8],[12.9507689,56.55759685,10.73],[12.95077123,56.55755386,10.66],[12.95077789,56.55751086,10.6],[12.9508342,56.55729455,10.53],[12.95084053,56.55725122,10.53],[12.95081556,56.55690225,10.86],[12.95081855,56.55685992,10.86],[12.95084453,56.55673493,10.73],[12.95086119,56.55669427,10.66],[12.95096017,56.55653029,10.2],[12.95098383,56.5564873,10.06],[12.95101682,56.55639764,9.8],[12.95102748,56.55635264,9.8],[12.95104545,56.556127,10],[12.95104678,56.55608067,10.06],[12.9510378,56.55589336,10.66],[12.95102847,56.55584737,10.8],[12.95101547,56.55580237,10.93],[12.95099714,56.55575871,11.06],[12.95090082,56.55563806,11.2],[12.95085516,56.55560206,11.2],[12.9508015,56.55556773,11.2],[12.95074084,56.5555364,11.2],[12.95047319,56.55542475,11],[12.9504132,56.55539475,10.86],[12.95036187,56.55536209,10.73],[12.95032288,56.55532609,10.73],[12.95029755,56.55528676,10.73],[12.95028322,56.55524543,10.73],[12.95026357,56.55507211,10.46],[12.95025791,56.55502845,10.4],[12.95026225,56.55494046,10.26],[12.95027791,56.5548978,10.2],[12.95030324,56.5548558,10.2],[12.95033923,56.55481547,10.2],[12.95053821,56.55466316,10.06],[12.9505862,56.5546245,10.06],[12.95067152,56.55454351,10.2],[12.95070718,56.55450051,10.26],[12.95076083,56.55441285,10.4],[12.95077949,56.55436852,10.4],[12.95083879,56.5541842,10.4],[12.95086312,56.55413987,10.4],[12.95106608,56.55389156,10.2],[12.95108741,56.55384756,10.13],[12.95109774,56.55380223,10.06],[12.95109774,56.55375723,9.86],[12.95101214,56.55334828,9.06],[12.95099981,56.55330162,9],[12.95083785,56.55289433,9.33],[12.95082119,56.55285067,9.39],[12.95078587,56.55272335,9.6],[12.95078953,56.55268069,9.73],[12.95080753,56.55264003,9.86],[12.95098518,56.55243805,10.33],[12.95100884,56.55239472,10.26],[12.95112146,56.55205311,9.46],[12.95113945,56.55200978,9.26],[12.95127942,56.55175414,8.73],[12.95129742,56.55171315,8.8],[12.95133806,56.55155151,8.93],[12.95135872,56.55151085,9],[12.95139105,56.55147352,9],[12.95143571,56.55144152,9],[12.95149037,56.55141653,9],[12.95155203,56.55139653,9],[12.95234598,56.55123126,8.6],[12.95241597,56.55121293,8.6],[12.95304858,56.55100431,9.6],[12.95311091,56.55098365,9.8],[12.95353255,56.55083034,11.6],[12.95359121,56.55080501,11.8],[12.95444614,56.55037974,13.86],[12.9545108,56.55034741,13.93],[12.95617569,56.54954955,7.86],[12.95623568,56.54952089,7.4],[12.95825283,56.54853339,5.4],[12.95830916,56.54850473,5.46],[12.95864613,56.54833176,5.66],[12.95870046,56.54830143,5.66],[12.9600617,56.54751522,6.53],[12.96011403,56.54748423,6.66],[12.96034135,56.54736958,6.93],[12.96040368,56.54734525,7],[12.96060767,56.5472926,6.86],[12.96067867,56.5472786,6.8],[12.96237488,56.54697507,6.93],[12.96244621,56.54696207,7.06],[12.96400876,56.5466622,12.26],[12.96407075,56.54665054,12.6],[12.96458404,56.54654192,14.8],[12.96465004,56.54652659,14.93],[12.96508734,56.5464043,15.33],[12.96514634,56.5463853,15.33],[12.96543465,56.54627299,15.66],[12.96549164,56.54624833,15.66],[12.96581761,56.54608236,15.26],[12.96586861,56.5460527,15.2],[12.96601793,56.54596105,14.53],[12.96606559,56.54592939,14.2],[12.96624791,56.5457964,12.86],[12.96629257,56.54576307,12.53],[12.96645821,56.54562176,11.4],[12.96649287,56.54558377,11.13],[12.9665912,56.54546711,10.6],[12.96662086,56.54542845,10.46],[12.96669785,56.54530779,10.26],[12.96672084,56.54526746,10.2],[12.96690245,56.54483718,9.8],[12.96692011,56.54479285,9.73],[12.9670384,56.54444424,9.46],[12.96705573,56.54440191,9.46],[12.96716338,56.54419661,8.73],[12.96719138,56.54415528,8.6],[12.96722338,56.54411495,8.46],[12.96726071,56.54407495,8.33],[12.96734803,56.54399763,8.06],[12.96739936,56.54395997,7.86],[12.967671,56.54380966,7.06],[12.96774766,56.543769,7],[12.96787932,56.54367468,7],[12.96792365,56.54362202,7],[12.96795398,56.54356936,7],[12.96797431,56.5435177,7],[12.96818121,56.54289279,9],[12.96818854,56.5428718,9],[12.96821217,56.54274153,9.8],[12.96821184,56.54274153,9.86],[12.96824283,56.54266954,10],[12.96824949,56.54264521,10.06],[12.96831478,56.54235393,11.06],[12.96833478,56.54232193,11.2],[12.96839243,56.54226061,11.46],[12.96842842,56.54223128,11.6],[12.96866873,56.54207765,12.33],[12.96869572,56.54205265,12.33],[12.96889701,56.54183169,12.53],[12.96892067,56.54180303,12.53],[12.96902465,56.54163539,12.2],[12.96904064,56.5415954,12.13],[12.96904797,56.54155407,12.06],[12.96904664,56.54151274,12],[12.96903631,56.54147174,12],[12.96901632,56.54143241,12],[12.96898632,56.54139641,12],[12.96894966,56.54136275,11.93],[12.968825,56.5412741,11.73],[12.96878534,56.54124544,11.8],[12.96872735,56.54118112,11.93],[12.96870869,56.54114612,12],[12.96869237,56.5410728,12.26],[12.96868938,56.54103547,12.4],[12.9686864,56.54072451,12.86],[12.96868973,56.54068351,12.73],[12.9687407,56.54041953,11.93],[12.9687617,56.54037587,11.8],[12.96879269,56.54033654,11.66],[12.96883402,56.54030221,11.53],[12.96905534,56.54018456,10.93],[12.969097,56.54014623,10.8],[12.96912466,56.54010357,10.73],[12.96913965,56.54005758,10.66],[12.96915597,56.53996125,10.66],[12.9691673,56.53991026,10.66],[12.96918629,56.5398606,10.66],[12.96921429,56.53981127,10.66],[12.96925228,56.53976427,10.73],[12.96930128,56.53972094,10.8],[12.96947193,56.53959761,11.13],[12.96952293,56.53955162,11.4],[12.96956559,56.53950063,11.66],[12.96962158,56.53939098,11.93],[12.96963591,56.53933498,12],[12.96964391,56.53927865,12],[12.9696469,56.53922199,12],[12.96963958,56.53904034,11.93],[12.96963292,56.53897468,11.8],[12.96956161,56.53863871,10.8],[12.96955128,56.53858138,10.46],[12.96948032,56.5381101,9.2],[12.96947066,56.5380591,9.33],[12.9693917,56.5377638,10.4],[12.96937604,56.53771514,10.66],[12.96932505,56.53757216,11.46],[12.96930406,56.53752517,11.73],[12.96922407,56.53738086,12.6],[12.96919841,56.53733087,12.66],[12.96910609,56.53712789,12.66],[12.96908343,56.53707723,12.66],[12.9684839,56.53565607,9.86],[12.96846157,56.53560674,9.86],[12.96782507,56.53401556,7.86],[12.96780108,56.53395856,7.73],[12.96748082,56.53326029,5.26],[12.96745716,56.53320396,5],[12.96742217,56.53308963,4.46],[12.96741317,56.53302964,4.46],[12.96741117,56.53274633,4.86],[12.96740251,56.53270434,5],[12.96731453,56.53246938,6.66],[12.96729887,56.53243038,7],[12.96713124,56.53203743,9.26],[12.96710724,56.53199043,9.6],[12.9667976,56.53148416,12.93],[12.96676061,56.5314245,13.26],[12.96668396,56.53132084,13.26],[12.96664163,56.53127718,13.2],[12.96639999,56.53108222,13.2],[12.96638,56.53106789,13.13],[12.96617272,56.5309636,13.4],[12.96614239,56.53094827,13.53],[12.96597541,56.53080096,14.46],[12.96594342,56.5307733,14.66],[12.96575245,56.53062932,15.6],[12.96570912,56.53059966,15.8],[12.96550414,56.53049634,16.6],[12.96544314,56.53047801,16.79],[12.96538081,56.53046802,17],[12.96531782,56.53046602,17.06],[12.96519416,56.53047668,17.2],[12.96513383,56.53048468,17.26],[12.96438823,56.5306036,14.2],[12.96432757,56.5306136,14],[12.96348062,56.5307732,13.8],[12.96341329,56.53078653,13.8],[12.96270366,56.53094215,13.2],[12.96263033,56.53095815,13.06],[12.96196906,56.53107712,12.66],[12.96189706,56.53108978,12.66],[12.96156875,56.53113876,12.86],[12.96151342,56.53114376,12.93],[12.9613751,56.53115207,13],[12.9613401,56.5311524,13],[12.96121848,56.53114177,13],[12.96121815,56.53114177,13],[12.96122648,56.5311541,13],[12.96123814,56.53116043,13],[12.96132711,56.53118473,12.66],[12.96134444,56.53118672,12.6],[12.96151072,56.53116507,12.73],[12.96151272,56.5311654,12.8],[12.96146408,56.53120003,13],[12.96145175,56.53120136,13],[12.96131778,56.53117407,13],[12.96130678,56.53116907,13],[12.96123715,56.53109212,13],[12.96123582,56.53109146,13],[12.96127947,56.5311171,13],[12.96129846,56.53112376,13],[12.96137807,56.53112941,12.73],[12.96137906,56.53112941,12.6],[12.96133774,56.53114706,12.06],[12.96131475,56.53114939,11.8],[12.96096046,56.53112709,9.93],[12.9608898,56.53112709,9.73],[12.96047583,56.53114541,9.53],[12.9603885,56.53114774,9.53],[12.95996586,56.53114973,9.46],[12.95988853,56.5311484,9.39],[12.95961455,56.53113508,9],[12.95955555,56.53112575,8.86],[12.95950556,56.53110942,8.73],[12.9594369,56.53105876,8.6],[12.9594149,56.5310271,8.53],[12.95935525,56.53088479,8.26],[12.95934192,56.53084679,8.2],[12.95931127,56.53072347,8],[12.95930427,56.53067814,8],[12.95929595,56.53058648,8],[12.95929362,56.53054115,8],[12.95929328,56.53017985,8],[12.95929029,56.53013586,8],[12.95922602,56.52962191,7.86],[12.95922002,56.52957925,7.8],[12.95915938,56.52928262,7.33],[12.95915405,56.52923962,7.26],[12.95915037,56.52893298,7],[12.95914804,56.52888832,7],[12.95905514,56.5280084,9.39],[12.95905014,56.52796307,9.6],[12.95902518,56.52759478,10.66],[12.95902085,56.52754978,10.73],[12.95890027,56.52687484,9.6],[12.95889461,56.52683451,9.46],[12.95888895,56.52670685,9.26],[12.95888995,56.52666352,9.2],[12.95891592,56.52643921,8.66],[12.95891725,56.52639288,8.6],[12.95890661,56.5262139,8.13],[12.95890228,56.52617124,8],[12.95888462,56.52608792,7.73],[12.95887196,56.52604626,7.6],[12.95879731,56.52587728,7.26],[12.95878465,56.52583262,7.2],[12.95878631,56.52559897,7.66],[12.95878498,56.52555098,7.8],[12.95874736,56.525142,9],[12.95874336,56.52509667,9],[12.95874635,56.52487068,8.8],[12.95874369,56.52482402,8.73],[12.95873404,56.52472936,8.6],[12.95872671,56.5246817,8.53],[12.95868041,56.5244544,8.2],[12.95867675,56.52441007,8.13],[12.95868143,56.52383081,8.86],[12.95867877,56.52379682,8.93],[12.9586148,56.52356785,9],[12.95860481,56.52353052,9],[12.95853354,56.52318158,8.73],[12.9585352,56.52318191,8.73],[12.95837123,56.5231356,9.13],[12.95834924,56.52312894,9.26],[12.95855423,56.52314627,9.39],[12.95855423,56.5230423,10.06],[12.9585539,56.52301631,10.2],[12.958467,56.52248741,13.26],[12.95846267,56.52245808,13.6],[12.95845036,56.52222346,15.93],[12.95844803,56.52219247,16.46],[12.95842241,56.52199051,19.46],[12.95841808,56.52195952,20.13],[12.95840042,56.5218932,21.46],[12.95838743,56.5218582,22.06],[12.95830478,56.52167689,23.73],[12.95827878,56.52164456,24],[12.95819679,56.52159557,24.53],[12.95814413,56.52158257,24.8],[12.95783949,56.52154827,25.2],[12.95780883,56.52153328,25.26],[12.95779117,56.52151428,25.33],[12.95777984,56.52149295,25.4],[12.9577542,56.52139663,25.66],[12.95774787,56.5213743,25.73],[12.95774054,56.52120468,26.13],[12.95773521,56.52117535,26.2],[12.95772655,56.52114735,26.26],[12.95771255,56.52112169,26.33],[12.95769089,56.52109803,26.4],[12.95765789,56.52107737,26.33],[12.95755923,56.52104738,26.2],[12.95749757,56.52103872,26],[12.95714726,56.52101641,24.6],[12.95707726,56.52101175,24.2],[12.95663696,56.52096479,19.06],[12.9565603,56.5209588,18.26],[12.95631732,56.52095414,16.2],[12.95623232,56.52095614,15.8],[12.95579069,56.52098677,14.93],[12.95570236,56.52099177,15.06],[12.95518172,56.52100806,15.26],[12.95508972,56.52101339,15.06],[12.95406343,56.521087,11.6],[12.95395477,56.52109599,11.4],[12.95223919,56.52125189,10.6],[12.95216153,56.52125488,10.26],[12.9520852,56.52125355,9.93],[12.95201187,56.52124489,9.6],[12.95194787,56.52122823,9.39],[12.95189821,56.52120257,9.26],[12.95186255,56.52117124,9.26],[12.95183822,56.52113824,9.26],[12.95180957,56.52101126,9.26],[12.95180191,56.5209846,9.46],[12.95178658,56.52096394,9.66],[12.95176492,56.52095328,10.13],[12.95174559,56.52095594,10.6],[12.95173826,56.52096593,11.06],[12.95178224,56.52105191,12.86],[12.95179357,56.5210829,13.13],[12.95182155,56.52124954,14.46],[12.95182421,56.52127487,14.73],[12.95184819,56.52134452,14.46],[12.95185585,56.52135718,14.2],[12.95188983,56.52137883,13.13],[12.95191016,56.52137717,12.86],[12.95192282,56.52137318,12.6],[12.95193781,56.52136852,12.13],[12.95195847,56.5213442,11.2],[12.95195913,56.52132687,10.73],[12.95187848,56.52120456,9.2],[12.95186182,56.5211719,9],[12.9517079,56.52064164,8.66],[12.95170024,56.52059598,8.73],[12.95166828,56.52027101,9.46],[12.95166462,56.52022302,9.53],[12.9515721,56.51869353,8],[12.95156944,56.51864353,8],[12.95152315,56.51811192,8],[12.95151749,56.51806426,8.06],[12.95139589,56.517318,8.66],[12.95138856,56.51726867,8.66],[12.95112005,56.51582214,9.06],[12.95110506,56.51577248,8.93],[12.95108473,56.51572282,8.8],[12.9510584,56.51567349,8.73],[12.95094274,56.51553118,8.53],[12.95089441,56.51548485,8.46],[12.95057611,56.51520488,7.73],[12.95052378,56.51515888,7.6],[12.95024014,56.51488524,7.2],[12.95019381,56.51484324,7.13],[12.94991016,56.51467427,7.06],[12.9498705,56.51463594,7.13],[12.94980217,56.51455294,7.26],[12.94977151,56.51450895,7.33],[12.94969586,56.51437196,7.6],[12.94967453,56.51432463,7.6],[12.94963987,56.51422865,7.6],[12.94962954,56.51417999,7.66],[12.94961223,56.51392302,7.86],[12.94960224,56.51387269,7.86],[12.94939699,56.51304642,7.66],[12.94938133,56.51299543,7.66],[12.94893348,56.51172222,8],[12.94891482,56.51166756,8],[12.9485686,56.51055599,8],[12.94854961,56.51050033,8],[12.94776051,56.50831821,7.4],[12.94774152,56.50826388,7.33],[12.9473533,56.50712601,7.06],[12.94733531,56.50707301,7.06],[12.94720602,56.5066547,7.53],[12.94719236,56.50660304,7.6],[12.94715072,56.5062854,8],[12.94714706,56.50623074,8],[12.94710018,56.50484554,9.46],[12.94709752,56.50479321,9.46],[12.94707289,56.50441891,9.2],[12.94706923,56.50436492,9.06],[12.94703725,56.50415861,8.6],[12.94702259,56.50410895,8.53],[12.94697693,56.50400929,8.39],[12.9469476,56.5039593,8.33],[12.94684395,56.50380765,8.13],[12.94680529,56.50375632,8.06],[12.94633868,56.50321037,8],[12.94629869,56.50316271,8],[12.94567342,56.50238379,7.06],[12.94563442,56.50233546,7],[12.94538745,56.50205083,6.86],[12.94535479,56.50200117,6.8],[12.94521183,56.50170219,6.46],[12.94519017,56.50165253,6.46],[12.94504554,56.50125358,6.66],[12.94502688,56.50120492,6.73],[12.94475493,56.50055832,7.13],[12.94473193,56.50050832,7.13],[12.94469927,56.50046099,7.13],[12.94454729,56.50032867,7.06],[12.94450729,56.50028068,7.13],[12.94441898,56.5001277,7.33],[12.94439432,56.5000757,7.4],[12.944356,56.49997238,7.53],[12.94434401,56.49992072,7.6],[12.94434734,56.49972274,7.86],[12.94433934,56.49967408,7.93],[12.94432668,56.49962575,8],[12.94431035,56.49957742,8],[12.94414974,56.49918178,8],[12.94413341,56.49912978,8],[12.9440741,56.49891813,8.06],[12.94406211,56.4988648,8.13],[12.94403212,56.49865616,8.39],[12.94402613,56.49860417,8.46],[12.9440148,56.49839952,8.73],[12.94401979,56.49834819,8.8],[12.94404011,56.49824653,8.93],[12.9440531,56.49819587,9],[12.94410109,56.49804421,9],[12.94411575,56.49799321,9],[12.94413341,56.49788989,9],[12.94413774,56.49783789,8.93],[12.94413907,56.49778523,8.86],[12.94413707,56.49773257,8.8],[12.94411043,56.49751926,8.6],[12.94409977,56.49746693,8.6],[12.94407378,56.49736461,8.6],[12.94405778,56.49731362,8.6],[12.94368025,56.49619641,9.26],[12.94366392,56.49614641,9.2],[12.943418,56.49535782,9.13],[12.94340067,56.49530482,9.13],[12.94316641,56.49470123,9.46],[12.94314575,56.49465023,9.39],[12.9428258,56.49392229,8.8],[12.94280047,56.49386629,8.8],[12.94241653,56.49306968,9.53],[12.94239153,56.49301735,9.6],[12.94212459,56.49243574,10],[12.9421006,56.49238374,10],[12.94145237,56.49108286,9.2],[12.94142604,56.49102953,9.26],[12.94116109,56.49043326,10.33],[12.94113443,56.49037927,10.33],[12.94104545,56.49022195,10.33],[12.94101279,56.49017096,10.33],[12.94085914,56.48997398,10.2],[12.94081548,56.48992532,10.2],[12.93953795,56.48864544,10],[12.93949129,56.48859811,10.06],[12.93931731,56.48840713,10.2],[12.93927498,56.4883588,10.13],[12.93916566,56.48821115,10],[12.939133,56.48816182,9.73],[12.93816014,56.48658663,8.6],[12.93812681,56.4865333,8.6],[12.93620275,56.48350628,9.06],[12.93616875,56.48345229,9.06],[12.93461498,56.48107785,10.53],[12.93458198,56.48102752,10.53],[12.93408838,56.48025627,8.8],[12.93405472,56.48020428,8.53],[12.93377143,56.47978631,7.53],[12.93373877,56.47973532,7.4],[12.93348116,56.47927905,8.46],[12.93345983,56.47923872,8.46],[12.93330355,56.47891277,8.8],[12.93328589,56.47887711,8.8],[12.93282269,56.47797156,10.53],[12.93280269,56.4779319,10.6],[12.93248175,56.47741529,10.4],[12.93245942,56.47738063,10.46],[12.93214117,56.47691969,10.66],[12.93211384,56.47688136,10.6],[12.93153393,56.47612144,10.13],[12.93149827,56.47607511,10.13],[12.93122464,56.47569716,11],[12.93119131,56.4756505,11.13],[12.93022179,56.47419036,10.53],[12.93018713,56.47414237,10.53],[12.92937325,56.47312047,10.46],[12.92933659,56.47307248,10.46],[12.92874401,56.4722699,10.06],[12.92870868,56.47222257,10.06],[12.92834374,56.47169861,10.66],[12.92831241,56.47164895,10.73],[12.9280861,56.47124299,10.6],[12.92806177,56.471191,10.6],[12.92739892,56.46959352,11.13],[12.92737559,56.46954253,11.13],[12.92712196,56.46908192,11.4],[12.92709263,56.46903093,11.46],[12.92687502,56.46866797,11.8],[12.92684236,56.46861531,11.86],[12.92666839,56.46835134,12],[12.92663339,56.46829868,12],[12.92626878,56.46784974,11.93],[12.92622545,56.46779908,11.86],[12.92542887,56.46690415,11.06],[12.92538354,56.46685349,11.06],[12.9247826,56.46620688,11.13],[12.92473727,56.46615822,11.13],[12.92440031,56.46581191,11.06],[12.92435331,56.46576258,11.06],[12.92382437,56.46517798,11.4],[12.92378038,56.46512865,11.46],[12.92315611,56.46440238,11.06],[12.92311478,56.46435339,11],[12.92234454,56.46350981,11.6],[12.92230588,56.46346582,11.6],[12.92210591,56.46320251,11.8],[12.92207458,56.46315885,11.73],[12.9219516,56.46293888,11.4],[12.9219306,56.46289422,11.33],[12.92183929,56.46265025,11],[12.92182663,56.46259959,11],[12.92179531,56.46239695,11],[12.92179065,56.46234562,11],[12.92175306,56.46139339,10.66],[12.92175106,56.46134573,10.6],[12.92175538,56.46116874,10.4],[12.92176704,56.46112941,10.4],[12.9217917,56.46109242,10.4],[12.92182836,56.46105843,10.4],[12.92192968,56.46100377,10.4],[12.92197567,56.46097777,10.46],[12.92200233,56.46094811,10.53],[12.92200466,56.46091712,10.6],[12.92199,56.46088646,10.66],[12.92182836,56.46072816,10.93],[12.92179336,56.4606925,10.86],[12.92160573,56.46046118,10.6],[12.92157507,56.46042119,10.6],[12.92085552,56.45945029,10],[12.92082252,56.45940563,10],[12.92027626,56.45869969,10.2],[12.92024226,56.45865636,10.2],[12.91961135,56.45781309,10.13],[12.91957602,56.45776676,10.06],[12.91882613,56.45679953,11.26],[12.91878847,56.45674953,11.06],[12.91814824,56.45585297,11.13],[12.91811424,56.45580098,11.33],[12.91795358,56.455536,12.06],[12.91792492,56.455482,12.13],[12.91645486,56.45250128,10.13],[12.9164292,56.45245128,10.13],[12.91621559,56.45199765,9.73],[12.9161936,56.45194699,9.66],[12.91594098,56.45146569,9.93],[12.91590832,56.45142536,10.06],[12.91586499,56.4513897,10.2],[12.915808,56.45136237,10.33],[12.91574167,56.45134604,10.46],[12.91567101,56.45133771,10.6],[12.91559935,56.45133438,10.66],[12.91530904,56.45135802,10.86],[12.91523771,56.45136002,10.86],[12.91516805,56.45135469,10.86],[12.91510106,56.45134136,10.86],[12.91497307,56.45129637,10.6],[12.91491007,56.45126837,10.53],[12.91437378,56.45095374,9.46],[12.91431312,56.45091741,9.39],[12.91394749,56.45068544,9],[12.9138895,56.45064511,9],[12.91383517,56.45060445,9],[12.91378818,56.45056245,9],[12.91368852,56.45043513,9],[12.91366019,56.4503938,9],[12.91358153,56.45031947,9.06],[12.9135232,56.45029147,9.06],[12.91338155,56.45026648,9.06],[12.91330322,56.45026582,9.06],[12.91289624,56.45029913,8.8],[12.91281658,56.45030079,8.66],[12.91274292,56.4502938,8.6],[12.9126186,56.45025048,8.46],[12.9125646,56.45021882,8.39],[12.91201734,56.44977222,8.33],[12.91196801,56.44973089,8.33],[12.91137676,56.44921562,9.06],[12.9113311,56.44917229,9.2],[12.91121578,56.44903697,10.33],[12.91118578,56.44899098,10.73],[12.91109381,56.44880766,12.33],[12.91107448,56.448766,12.73],[12.91100384,56.44865501,15.33],[12.91097851,56.44862168,16.2],[12.91071722,56.44829674,21.46],[12.91068123,56.44825341,22.06],[12.9106419,56.44821141,22.66],[12.91059391,56.44817308,22.73],[12.91053525,56.44814109,22.86],[12.91046825,56.44811543,23],[12.90966297,56.44792481,25.53],[12.90958898,56.44790615,25.6],[12.90897002,56.4477302,25.46],[12.90888269,56.4477082,25.06],[12.90736311,56.44734531,17.86],[12.90727911,56.44732532,17.33],[12.90660115,56.44714969,12.8],[12.90651516,56.44712803,12.26],[12.90633884,56.44709337,12.06],[12.90624918,56.44708304,12],[12.90606919,56.44708071,11.93],[12.90598219,56.44708937,11.86],[12.90572121,56.44713602,11.8],[12.90563388,56.44715368,11.8],[12.90512424,56.44726464,11.93],[12.90504291,56.44728364,11.93],[12.90389666,56.44756923,12.66],[12.90382333,56.44758422,12.66],[12.90374967,56.44759455,12.66],[12.90368101,56.44759754,12.46],[12.90362102,56.44758721,12.26],[12.90357402,56.44756455,12.06],[12.90353636,56.44753356,11.86],[12.90318342,56.44710927,10.06],[12.90314876,56.44706894,10.26],[12.90277283,56.44666899,11.73],[12.9027345,56.44662966,11.93],[12.90244555,56.44624603,12.66],[12.90240689,56.44620403,12.8],[12.90155232,56.44540681,14.73],[12.90150899,56.44536748,14.46],[12.90057107,56.44453759,13.33],[12.90052741,56.44449826,13.33],[12.90033977,56.44434495,13.4],[12.90029377,56.44430595,13.26],[12.89987915,56.44391967,13.2],[12.89983649,56.44388001,13.26],[12.89942754,56.44352539,13.53],[12.89937854,56.44348606,13.4],[12.89889559,56.44314677,12.13],[12.89884159,56.44310978,12.13],[12.898009,56.44255821,14.26],[12.89795634,56.44252221,14.46],[12.89745672,56.44216559,13.93],[12.89741073,56.44212793,13.66],[12.89656384,56.4413527,11.8],[12.89652251,56.44131671,11.93],[12.89630255,56.44109374,12.13],[12.89626522,56.44105808,12.13],[12.89580796,56.44064816,12.4],[12.8957693,56.4406135,12.4],[12.89539601,56.44029754,12.06],[12.89535668,56.44026255,12],[12.89480875,56.43974928,11.86],[12.89477442,56.43971662,11.93],[12.89423216,56.43923304,12.2],[12.89419916,56.43920238,11.93],[12.89361725,56.43859613,10.6],[12.89358325,56.43855813,10.53],[12.89343795,56.43832116,10.46],[12.89341262,56.43828216,10.46],[12.89327663,56.43809052,11.13],[12.89324764,56.43805219,11.33],[12.89273772,56.43746359,13.86],[12.89270106,56.43742693,13.86],[12.89147488,56.43629042,10.53],[12.89143355,56.43625142,10.4],[12.89047201,56.43537519,10.6],[12.89042968,56.43533653,10.66],[12.89025103,56.43518955,10.46],[12.89021004,56.43515256,10.4],[12.8900634,56.43500158,10.26],[12.89002674,56.43496425,10.33],[12.88908353,56.43406506,10.8],[12.88904954,56.43403207,10.86],[12.88842529,56.43339151,9.46],[12.88839663,56.43336451,9.53],[12.88836397,56.43334085,9.6],[12.88832697,56.43332152,9.66],[12.88817133,56.43326854,9.86],[12.88816167,56.43326521,9.8],[12.88812801,56.43323388,9.73],[12.88811868,56.43322522,9.66],[12.88807903,56.43323322,9.46],[12.88808103,56.43324288,9.39],[12.88817266,56.43324821,9.26],[12.88819132,56.43325287,9.26],[12.88833996,56.43332085,9.33],[12.88837129,56.43333618,9.33],[12.88844728,56.4333515,9.33],[12.88848828,56.43334784,9.33],[12.88856893,56.43331751,9.26],[12.88859859,56.43329085,9.26],[12.88861458,56.43325819,9.26],[12.88861691,56.4332212,9.26],[12.88860291,56.43318287,9.33],[12.88857225,56.43314754,9.39],[12.88840994,56.43306456,9.66],[12.88835328,56.43303623,9.8],[12.88825996,56.43297091,10.06],[12.8882213,56.43293625,10.2],[12.88728844,56.43200637,11.2],[12.88725178,56.43197004,11.13],[12.88695349,56.43169675,10.8],[12.88691683,56.43166242,10.73],[12.88656153,56.43131314,10.06],[12.8865242,56.43127815,10],[12.88639922,56.43117583,10],[12.88635989,56.4311405,10],[12.88540134,56.43025024,10.26],[12.88536368,56.43021524,10.4],[12.88516738,56.43004759,10.73],[12.88512939,56.4300136,10.8],[12.88509373,56.42997927,10.86],[12.88506107,56.42994394,10.93],[12.88494976,56.42979929,10.6],[12.88491676,56.42976396,10.46],[12.88474612,56.42963164,9.93],[12.88470779,56.42959731,9.8],[12.88453315,56.42941766,9.46],[12.88450049,56.42938166,9.46],[12.88444217,56.42930701,9.53],[12.88441551,56.42926935,9.46],[12.88427754,56.42904404,9.06],[12.88425955,56.42900738,8.93],[12.88417358,56.42880642,7.8],[12.88416292,56.42877576,7.53],[12.88411795,56.42859712,7.26],[12.88410996,56.42856479,7.26],[12.88402432,56.42840281,7.6],[12.88401532,56.42837015,7.73],[12.88398268,56.42817118,8.6],[12.88397935,56.42813852,8.66],[12.88400699,56.42792754,9],[12.88400433,56.42789255,9],[12.88386714,56.42699734,10.53],[12.88386747,56.42696101,10.6],[12.88389112,56.42689435,10.6],[12.88391511,56.42686802,10.6],[12.8839871,56.42683136,10.6],[12.8840311,56.42682003,10.6],[12.88418675,56.42680371,10.4],[12.88424541,56.42680171,10.33],[12.88476337,56.42679939,10.13],[12.88482837,56.4267974,10.26],[12.88489203,56.42679107,10.4],[12.88494836,56.42677774,10.53],[12.88498869,56.42675708,10.66],[12.88501135,56.42673109,10.8],[12.88502134,56.42670043,10.93],[12.88501901,56.42666743,11.06],[12.88500035,56.42663577,11.2],[12.88496535,56.42661211,11.33],[12.88491936,56.42659845,11.46],[12.88475804,56.42658547,11.86],[12.88470638,56.42657781,12],[12.8845904,56.42652583,12],[12.88455374,56.4265095,12.06],[12.88444175,56.42647918,12.26],[12.88441609,56.42646485,12.33],[12.88438811,56.42641553,12.53],[12.88438312,56.42639987,12.6],[12.88435351,56.42620159,14.8],[12.88434852,56.42617826,15.2],[12.8843092,56.42608994,16.79],[12.88430254,56.42606794,17.2],[12.88430487,56.42600629,18.2],[12.88430054,56.42598729,18.6],[12.88422256,56.42587065,20.13],[12.88421523,56.42585099,20.26],[12.8842179,56.425813,20.53],[12.88422989,56.425795,20.66],[12.88430787,56.42575068,20.93],[12.8843412,56.42573502,21.13],[12.88446418,56.42569437,20.53],[12.88450751,56.42568204,20.33],[12.88480948,56.42560706,20.86],[12.88484347,56.4255904,20.86],[12.88487046,56.42557041,20.86],[12.88488779,56.42554808,21.06],[12.88489312,56.42552508,21.26],[12.88487614,56.42548575,21.66],[12.88485748,56.42547276,21.86],[12.8847715,56.42547043,21.93],[12.88473584,56.42547676,22.4],[12.88451522,56.42553671,26.2],[12.88450689,56.42553804,26.66],[12.88452855,56.42551471,27.13],[12.88454821,56.42550671,27.6],[12.8837006,56.42569633,27],[12.8836476,56.42570599,27],[12.88314131,56.42577094,28.26],[12.88308598,56.42577927,28.53],[12.88262536,56.42582523,32.4],[12.88257303,56.42583122,32.59],[12.88222706,56.42585252,32.93],[12.8821674,56.42585618,32.73],[12.8813438,56.42586915,31.6],[12.88128381,56.42586815,31.46],[12.88099518,56.42585419,29.46],[12.88093819,56.42584953,29],[12.88042423,56.42578992,29.73],[12.88036757,56.42578326,29.86],[12.87858238,56.42552807,26.4],[12.87852072,56.42551941,26.73],[12.87784814,56.42543879,28.33],[12.87778881,56.42543146,28.26],[12.87768215,56.42541047,28.26],[12.87763249,56.42539981,28.26],[12.87694987,56.42532053,29.4],[12.87688321,56.42531253,29.8],[12.87585096,56.42516728,33.46],[12.87578263,56.42515862,33.26],[12.87526167,56.42511432,31.66],[12.87520034,56.42510999,31.53],[12.87321446,56.42507614,35.13],[12.8731468,56.42507448,35.86],[12.87091295,56.42499968,45.66],[12.87086395,56.42499868,45.73],[12.8699597,56.42499471,46.2],[12.86990404,56.42499438,46.26],[12.86971873,56.42500668,46.33],[12.86970807,56.42500901,46.2],[12.86905345,56.42498841,44],[12.86898879,56.42498675,43.8],[12.86830951,56.42498411,42.2],[12.86823851,56.42498411,42],[12.86624433,56.42500334,40.73],[12.86617034,56.42500567,40.73],[12.86565272,56.42503463,42.6],[12.86558039,56.42503829,42.93],[12.86424148,56.42514953,45.53],[12.86416982,56.42515453,45.53],[12.86339155,56.42517351,45.66],[12.86332389,56.42517252,45.8],[12.86305324,56.42516088,46.06],[12.86298491,56.42515588,46],[12.86230795,56.42509126,44.66],[12.86224195,56.4250816,45.6],[12.86178531,56.4249983,49.86],[12.86172098,56.42498397,50.33],[12.86113836,56.42483202,51.66],[12.8610737,56.42481136,51.26],[12.86068774,56.42467105,49.86],[12.86062641,56.42464439,49.93],[12.86011413,56.42438976,46.4],[12.86006147,56.42436043,46.46],[12.85967218,56.42410713,44.73],[12.85962852,56.42407547,44.66],[12.85937423,56.42387251,44],[12.8593489,56.42385252,44],[12.85933324,56.4238292,44.4],[12.85933657,56.42382654,44.46],[12.85936422,56.42387051,44.73],[12.85937988,56.4238905,44.8],[12.85951486,56.42400914,46.8],[12.85954486,56.4240338,47.2],[12.85970684,56.42415144,48.66],[12.85973984,56.4241751,49],[12.8599528,56.42429941,50],[12.85997613,56.42431407,50],[12.85998945,56.42433406,49.66],[12.85998345,56.42433805,49.33],[12.85992884,56.42432641,46.66],[12.85992718,56.42432641,46.26],[12.85989385,56.42427608,45.86],[12.85987219,56.42425742,45.46],[12.85965922,56.42410578,42.73],[12.85961689,56.42407645,42.26],[12.85949624,56.42397781,40.4],[12.85945558,56.42394315,40],[12.85911898,56.42361654,35.59],[12.85909999,56.42359154,35.26],[12.85891504,56.42331492,33.2],[12.85889404,56.42328326,33.06],[12.85879407,56.42308562,32.66],[12.85878241,56.42305263,32.66],[12.85871511,56.42282799,33.06],[12.85870712,56.42279666,33.33],[12.8586655,56.42256902,35],[12.8586585,56.42253536,35.2],[12.8586062,56.42233672,37.59],[12.85859987,56.42230872,37.86],[12.85856925,56.42209144,40],[12.85856625,56.42206811,40],[12.85853727,56.42200445,41.6],[12.85853027,56.42198779,42.13],[12.85854792,56.42191516,45.93],[12.85854825,56.42191516,46],[12.85852459,56.42188617,46.06],[12.8585166,56.42186951,46.13],[12.8584733,56.42164121,44.53],[12.85846797,56.42160788,44.46],[12.85837935,56.4212716,49.13],[12.85836935,56.42123627,48.93],[12.85826072,56.4209073,46.73],[12.85824506,56.4208683,46.4],[12.85817208,56.42070898,44.2],[12.85815275,56.42066932,44.13],[12.85806443,56.42051734,43.86],[12.8580421,56.42047968,43.8],[12.85792347,56.42029438,42.73],[12.85789881,56.42025739,42.53],[12.8577835,56.42010841,42.66],[12.8577515,56.42007175,42.6],[12.85702627,56.41933218,44.4],[12.85699061,56.41929619,44.6],[12.85645602,56.41877261,46.33],[12.85642836,56.41874495,46.4],[12.85638937,56.41869062,46.53],[12.85637004,56.41866496,46.6],[12.85631938,56.41862397,46.73],[12.85630239,56.41860698,46.8],[12.85628341,56.41855199,47.4],[12.85626741,56.41852866,47.4],[12.85604947,56.41829336,47.26],[12.85602614,56.41826536,47.33],[12.85566589,56.41773179,50.33],[12.85564456,56.41769713,50.6],[12.85489839,56.41642863,53.33],[12.8548734,56.41638997,52.8],[12.85459711,56.41599937,49.4],[12.85456612,56.41595904,49.06],[12.85444015,56.41580171,48.8],[12.85440849,56.41576338,48.73],[12.85423819,56.41557742,50.2],[12.85420219,56.41554142,50.73],[12.85364859,56.41505652,59.4],[12.85360693,56.41502219,60.2],[12.85302566,56.41461694,66],[12.852978,56.41458761,65.66],[12.85185013,56.4139367,70.8],[12.85180113,56.41390904,70.19],[12.85121685,56.41355576,67.8],[12.85117319,56.41353043,68.4],[12.85078257,56.41331546,68.26],[12.85073957,56.4132908,69],[12.84929774,56.41244065,70.26],[12.84925941,56.41241865,70.93],[12.84854884,56.41201872,69.53],[12.84850751,56.41199639,69.13],[12.84795558,56.41172745,61.73],[12.84791058,56.41170812,61.06],[12.84753294,56.41155918,59.13],[12.84748461,56.41154119,58.8],[12.84722497,56.41145855,60.2],[12.84717231,56.41144089,60.6],[12.84693368,56.41134692,64.19],[12.84689469,56.41133059,64.86],[12.84632674,56.41118465,65.86],[12.84627474,56.41117199,65.93],[12.84565946,56.41104638,64.4],[12.84560046,56.41103572,64.33],[12.84408556,56.41078881,72.19],[12.8440189,56.41077648,72.93],[12.84361993,56.41069651,74.73],[12.84355294,56.41068185,74.8],[12.84314298,56.41058354,74.93],[12.84307665,56.41056621,75.13],[12.84269301,56.41044958,77.33],[12.84262935,56.41042858,77.4],[12.84200673,56.41020795,78.33],[12.8419434,56.41018562,78.86],[12.84124346,56.4099017,78.4],[12.84118347,56.40987904,78.13],[12.84069418,56.40969574,77.66],[12.84063485,56.40967341,77.46],[12.8400729,56.40948245,75.93],[12.84000924,56.40946145,75.73],[12.83950761,56.40931615,74.4],[12.83944228,56.40929849,75.06],[12.83747306,56.40879202,79.6],[12.83740807,56.40877536,79.06],[12.83616085,56.40843979,76.4],[12.83609952,56.40842346,75.66],[12.83555123,56.4083025,72.53],[12.83549057,56.40829117,72.66],[12.83201218,56.40766677,76.73],[12.83195452,56.40765578,76.4],[12.8317362,56.40760746,74.8],[12.83168554,56.4075928,74.4],[12.83151823,56.40752749,72.8],[12.83147857,56.40751683,72.19],[12.83143791,56.4075145,71.8],[12.83139792,56.40752116,71.4],[12.83125161,56.40756415,71.53],[12.83122161,56.40755949,71.53],[12.83082165,56.4074282,74.66],[12.83076899,56.40741254,75.19],[12.83006572,56.40722826,76.33],[12.83001106,56.40721193,76.33],[12.82880518,56.40683739,76.26],[12.82875052,56.40682106,76.13],[12.82779661,56.40657016,81.26],[12.82773795,56.40655783,81.06],[12.82726231,56.40646653,79.06],[12.82720032,56.40645587,78.86],[12.82543315,56.40621534,81.6],[12.82537449,56.40620734,81.6],[12.82445626,56.40606275,85.13],[12.8244026,56.40605376,85.6],[12.82422196,56.40602112,87.66],[12.82414597,56.40599779,87.6],[12.82385668,56.40595048,86.73],[12.82380702,56.40594215,86.53],[12.82253745,56.4057519,87.66],[12.82247345,56.40574257,87.73],[12.82131718,56.40558401,88.6],[12.82125185,56.40557468,88.8],[12.82055258,56.40546439,90.26],[12.82049058,56.40545473,90.06],[12.81717585,56.40487029,104.33],[12.81711119,56.40485896,104.26],[12.81602058,56.40465237,108.33],[12.81595592,56.40464038,108.46],[12.81407274,56.4043262,102.46],[12.81401541,56.4043162,102.33],[12.81300917,56.40412529,108.66],[12.81295517,56.40411529,109.13],[12.8117376,56.40391206,101.53],[12.81168494,56.4039034,102.4],[12.80929315,56.40346995,107.4],[12.80923849,56.40345995,107],[12.80870654,56.40335301,109],[12.80865321,56.40334301,109.93],[12.80793429,56.40317675,107.86],[12.80788529,56.40316476,107.93],[12.80695438,56.40292184,108.6],[12.80690338,56.40290818,107.6],[12.80640076,56.40275455,111.46],[12.80635043,56.40274055,111.86],[12.80536955,56.40249932,112.93],[12.80532322,56.40248799,113.73],[12.80247145,56.40170593,114],[12.80241646,56.40169093,114.86],[12.80181919,56.40153831,115.93],[12.80175786,56.40152431,114.66],[12.80087492,56.40134305,116.66],[12.80081259,56.40133172,117.26],[12.80068994,56.40131239,118.46],[12.80062928,56.40130339,118.66],[12.79943739,56.40117553,101.8],[12.79938073,56.40116887,101.53],[12.79866745,56.40112993,100.93],[12.79861146,56.40112793,101.2],[12.79827183,56.4011203,102.8],[12.79821417,56.40112096,103.06],[12.79744024,56.40114623,102.53],[12.79737858,56.40114789,102.46],[12.79617266,56.40116714,102.6],[12.79611267,56.40116847,102.73],[12.79568004,56.4011545,104.13],[12.79561904,56.40115017,104.33],[12.79524874,56.40111488,105.26],[12.79518774,56.40110789,105.4],[12.79469811,56.40103793,106.4],[12.79463578,56.40102693,106.46],[12.79439279,56.40097762,107.06],[12.79433546,56.40096329,107.2],[12.79379184,56.40081135,108.13],[12.79374018,56.40079702,108.26],[12.79338388,56.40067707,109.06],[12.79333222,56.40066107,109.26],[12.79258629,56.40045845,110.73],[12.79253496,56.40044412,110.66],[12.79163807,56.40017054,112.8],[12.79158874,56.40015654,112.86],[12.79114312,56.40000126,113.26],[12.79109779,56.39998526,113.33],[12.79057184,56.39976367,113.86],[12.79053118,56.39974268,113.8],[12.7901159,56.39948973,113],[12.79007957,56.3994674,113],[12.78994592,56.39937309,112.2],[12.78991292,56.3993491,111.93],[12.78975794,56.39921913,110.53],[12.78972728,56.39919113,110.2],[12.78954966,56.39901516,108.13],[12.789519,56.39898483,108],[12.7893807,56.39881987,107.33],[12.78935504,56.39878588,107.2],[12.78919509,56.39848993,106.73],[12.78917509,56.39845094,106.6],[12.78901314,56.39806831,105.6],[12.78899581,56.39803098,105.4],[12.78888617,56.39780234,105.6],[12.78886584,56.39776301,105.73],[12.78879552,56.39764502,106.53],[12.78877019,56.39760536,106.93],[12.78851422,56.39726675,109.46],[12.78848323,56.39722909,109.73],[12.78807962,56.39680482,108.93],[12.78804262,56.39676882,108.66],[12.78788397,56.3966255,107.33],[12.78784131,56.39658917,107.13],[12.78765299,56.39644585,106.46],[12.78760333,56.39641086,106.33],[12.78552721,56.39501943,107.13],[12.78547922,56.39498777,107.26],[12.78427068,56.39414924,107],[12.78422269,56.39411424,107],[12.78409237,56.39400526,106.86],[12.78405304,56.39396926,106.73],[12.78380641,56.39372129,106.33],[12.78376875,56.3936873,106.33],[12.78372776,56.39365497,106.33],[12.78368177,56.39362498,106.26],[12.78352278,56.39354733,105.86],[12.78347412,56.39351967,105.73],[12.7833588,56.39342402,105.53],[12.78332647,56.39339003,105.46],[12.78329547,56.39335604,105.4],[12.78326814,56.39332171,105.33],[12.78321849,56.39322173,105.13],[12.78320283,56.39319107,105.06],[12.78316117,56.39313741,105],[12.78314384,56.39311241,105],[12.78309988,56.39293878,104.53],[12.78308955,56.39291345,104.4],[12.78302256,56.3928268,104],[12.7830039,56.39279281,103.86],[12.78296525,56.39264583,103.4],[12.78295625,56.39260817,103.33],[12.78294892,56.39253118,103.2],[12.78294892,56.39249085,103.13],[12.78302753,56.3919329,104],[12.78303686,56.39188924,104.2],[12.78313448,56.39157794,105.6],[12.78315247,56.39153294,105.66],[12.78327945,56.3912563,105.73],[12.78330278,56.3912093,105.66],[12.78347339,56.39088668,104.86],[12.78350039,56.39084168,104.86],[12.78362837,56.39066169,105],[12.78366536,56.39061636,105.06],[12.78396534,56.39030337,105.33],[12.78401467,56.39025971,105.4],[12.7844853,56.38988007,105.06],[12.78453796,56.38984041,105.06],[12.78470328,56.38972043,105.06],[12.78476094,56.3896811,105.06],[12.7849526,56.38956811,105.13],[12.78502126,56.38953178,105.13],[12.78523224,56.38942814,104.66],[12.78530357,56.38939514,104.4],[12.7856722,56.3892445,103.4],[12.78574619,56.3892175,103.2],[12.7861045,56.38909019,102.2],[12.78617283,56.38906619,102],[12.7866128,56.38895489,101.6],[12.78669046,56.38893556,101.53],[12.78684845,56.38889757,101.4],[12.78692878,56.38888024,101.33],[12.78804005,56.38867197,100.8],[12.78812671,56.38865431,100.8],[12.78959295,56.38833907,102.8],[12.78968461,56.38831908,102.93],[12.79180417,56.38788322,101.8],[12.79190016,56.38786223,101.8],[12.79228448,56.38776758,101.8],[12.79238147,56.38774492,101.8],[12.79408805,56.38736866,99.93],[12.79416871,56.387349,99.8],[12.79470601,56.38719903,98.93],[12.794781,56.3871767,98.73],[12.7951363,56.38704906,97.86],[12.79520529,56.3870224,97.66],[12.79571859,56.38680945,96.33],[12.79577858,56.38678279,96.26],[12.79605122,56.3866398,96.2],[12.79610421,56.3866098,96.2],[12.79963923,56.38440375,90.13],[12.79970122,56.38436476,90.13],[12.80037516,56.38396315,88.4],[12.80043349,56.38392982,88.2],[12.80127776,56.38350654,86.86],[12.80134775,56.38347321,87],[12.80205337,56.38315759,87.86],[12.8021257,56.3831266,87.93],[12.80278398,56.38286231,87.8],[12.80285431,56.38283198,87.8],[12.80362925,56.38247737,87.2],[12.80369925,56.38244437,87.06],[12.80402856,56.38227606,86.66],[12.80409155,56.38224173,86.6],[12.80451952,56.3819811,86.2],[12.80458118,56.38194277,86.13],[12.80499948,56.38166113,86.46],[12.80505481,56.3816208,86.53],[12.80546242,56.38129451,86.33],[12.80550908,56.38125285,86.2],[12.80675729,56.38010766,86.73],[12.80680528,56.380064,86.6],[12.80807114,56.3789288,81.73],[12.80811413,56.37889014,81.66],[12.80864607,56.37837388,81.66],[12.80867973,56.37834122,81.73],[12.80975792,56.37736034,80.93],[12.80980091,56.37731968,81],[12.81010589,56.37705539,81.8],[12.81014622,56.37701973,81.73],[12.81203401,56.37527863,75.73],[12.81207767,56.37523963,75.6],[12.81227331,56.37504133,74.73],[12.81231464,56.37500267,74.53],[12.81305789,56.37433676,72.8],[12.81310922,56.3742921,72.73],[12.81392614,56.3736285,72.19],[12.8139788,56.37358617,72.19],[12.81480005,56.37295723,71.6],[12.81485271,56.37291657,71.73],[12.81571895,56.37226833,72.06],[12.81577561,56.37222633,72],[12.81720911,56.37120848,72.93],[12.81725344,56.37117649,73.13],[12.81749141,56.37098353,74.06],[12.81752707,56.3709522,74.13],[12.81768837,56.37079255,73.6],[12.8177177,56.37076089,73.33],[12.81791231,56.37049526,72.13],[12.81793464,56.37046193,72],[12.81799396,56.37036094,71.6],[12.81801295,56.37032661,71.46],[12.81807627,56.37018597,70.4],[12.81808893,56.37015097,70],[12.81818721,56.36972069,67.06],[12.81819121,56.3696797,67.06],[12.81818922,56.36954771,67.33],[12.81818522,56.36950205,67.46],[12.81815791,56.36930908,67.93],[12.81814858,56.36925942,68.06],[12.81802531,56.36867547,68.6],[12.81801231,56.36862781,68.66],[12.81794666,56.36843883,69.26],[12.81792633,56.36838984,69.46],[12.81780736,56.36813953,70.13],[12.81778037,56.36808987,70.06],[12.81768471,56.36793522,69.8],[12.81764805,56.36788256,69.6],[12.8175254,56.36772424,68.73],[12.81748174,56.36767191,68.26],[12.81739008,56.36756925,67.33],[12.81733975,56.36751959,66.86],[12.81717976,56.36738194,65.53],[12.81713177,56.36734061,65.19],[12.81705845,56.36726362,64.53],[12.81704545,56.36722763,64.26],[12.81705111,56.36719463,64],[12.8170751,56.3671643,63.73],[12.8171081,56.36713764,63.33],[12.81724275,56.36707298,62.93],[12.81728675,56.36705265,62.8],[12.81746505,56.36694567,62.33],[12.81749704,56.36690534,62.26],[12.81720875,56.36673938,61.4],[12.81715042,56.36670372,61.2],[12.81692744,56.36653141,60.33],[12.81688011,56.36648108,60.13],[12.81673413,56.3662571,58.86],[12.81670213,56.3661971,58.66],[12.8164995,56.36573847,57.06],[12.81647551,56.36567148,56.86],[12.81644119,56.36553516,56.4],[12.81642986,56.3654665,56.13],[12.81642153,56.36526318,55.73],[12.81642886,56.36519685,55.66],[12.81644252,56.36513119,55.66],[12.81646018,56.36506619,55.66],[12.81657981,56.3646909,56],[12.81659981,56.36462891,56.06],[12.81672745,56.3643136,56.6],[12.81675178,56.36424994,56.6],[12.81677643,56.36411862,56.6],[12.81677243,56.36405229,56.66],[12.81675577,56.36398563,56.6],[12.81669578,56.36385664,56.46],[12.81665545,56.36379431,56.4],[12.81655979,56.36367633,56.26],[12.81651046,56.36362133,56.2],[12.81631815,56.36342236,56.06],[12.81627616,56.3633737,56.06],[12.81624016,56.36332337,56.06],[12.81621683,56.36326971,56.06],[12.81620717,56.36321338,56],[12.81620783,56.36315438,56.06],[12.81621849,56.36309372,56.13],[12.81623615,56.36303473,56.2],[12.81635546,56.36270509,56.8],[12.81637512,56.36265076,56.93],[12.81654875,56.36222282,58.26],[12.81656574,56.36217882,58.4],[12.81672968,56.36172556,61.86],[12.81674368,56.36169323,62.13],[12.81677701,56.36163291,63.6],[12.81680134,56.36160491,64.33],[12.81692231,56.36149727,66.26],[12.81694897,56.36146994,66.6],[12.81705762,56.36133597,67.33],[12.81707161,56.36130998,67.33],[12.81708726,56.36120732,66.4],[12.81708759,56.36116799,65.93],[12.81707129,56.36096802,63.86],[12.81707262,56.36092469,64.26],[12.8171216,56.36073938,63.46],[12.81714193,56.36069072,63.4],[12.81716426,56.36064172,63.33],[12.81719026,56.36059206,63.06],[12.8173219,56.36040042,62.2],[12.81735423,56.36035376,62.13],[12.81746088,56.36016244,60],[12.81747954,56.36011278,59.86],[12.81749153,56.36006278,59.66],[12.81749853,56.36001212,59.46],[12.81750786,56.35980648,59.06],[12.81751852,56.35975582,59.06],[12.81759183,56.35955251,59.06],[12.81760749,56.35950052,59.13],[12.81772912,56.35898626,60.13],[12.81773245,56.35893493,60.26],[12.81772413,56.35873528,60.73],[12.81771947,56.35868495,60.8],[12.81766585,56.35828898,60.66],[12.81766119,56.35824099,60.66],[12.81763255,56.35789936,61.53],[12.81762922,56.35784936,61.86],[12.81762989,56.35774804,62.53],[12.81763955,56.35769671,62.86],[12.81769321,56.35760005,63.4],[12.81773687,56.35755606,63.66],[12.81813184,56.35727242,64.66],[12.8181855,56.35723076,64.66],[12.81823449,56.35718843,64.6],[12.81827782,56.3571451,64.53],[12.81834114,56.35706011,64.4],[12.81835813,56.35701912,64.26],[12.81836479,56.35698012,64.13],[12.8183468,56.35691112,63.86],[12.81832781,56.35688113,63.73],[12.81820617,56.35673715,63.06],[12.81817751,56.35670549,62.86],[12.81794354,56.35650618,61.66],[12.81790988,56.35647019,61.46],[12.81788422,56.35643219,61.26],[12.81786889,56.35639253,61.06],[12.81786523,56.35635287,60.86],[12.81787323,56.35631321,60.66],[12.81794655,56.35619823,60.33],[12.81797821,56.35615957,60.26],[12.81857012,56.35547298,59.6],[12.81860178,56.35543165,59.53],[12.81877041,56.35520068,59.2],[12.81880474,56.35515035,59.2],[12.81900704,56.35482205,58.86],[12.81903603,56.35477939,58.73],[12.81916001,56.35462341,58.46],[12.819187,56.35458675,58.4],[12.81924732,56.3544781,58.33],[12.81926132,56.35444144,58.33],[12.8192893,56.35422413,58.6],[12.81930663,56.35419214,58.66],[12.81933296,56.35416615,58.73],[12.81941028,56.35412949,58.86],[12.81945028,56.35411183,58.93],[12.81950393,56.3540685,59],[12.81951526,56.35404517,59],[12.81951093,56.35402184,59],[12.81941995,56.35393186,59],[12.81941029,56.35390653,59],[12.81939666,56.35366858,59],[12.81939367,56.35363525,59],[12.81937069,56.35350195,59],[12.81936469,56.35347062,59],[12.81933204,56.35338396,59],[12.81932104,56.3533573,59],[12.81925639,56.35323966,59],[12.81925039,56.35321733,59],[12.81926139,56.35317668,59],[12.81928239,56.35315768,59],[12.81934605,56.35311903,59],[12.81938138,56.35310237,59],[12.81946402,56.35307372,59],[12.81947735,56.35307172,59],[12.81947835,56.35303539,59],[12.81948034,56.35303672,59],[12.81948067,56.35303838,59],[12.81947134,56.35310704,59],[12.81944701,56.35313103,59],[12.81942435,56.35314469,58.93],[12.81935403,56.35316568,58.8],[12.81931337,56.35316834,58.73],[12.81923738,56.35315001,58.46],[12.81920272,56.35313168,58.26],[12.81917272,56.35310835,58.06],[12.81914739,56.35308135,57.86],[12.81907174,56.35298737,57],[12.81904541,56.35295404,56.66],[12.81888044,56.35271641,54.93],[12.81885011,56.35267075,54.66],[12.81882312,56.35262242,54.53],[12.81879946,56.35257309,54.4],[12.81872481,56.35237711,53.86],[12.81871415,56.35233112,53.8],[12.81864422,56.3517402,52.33],[12.81863556,56.35170354,52.26],[12.81860592,56.35160723,51.73],[12.81859326,56.35157657,51.6],[12.81849131,56.3513786,50.66],[12.81849131,56.35137161,50.46],[12.818429,56.35131728,49.6],[12.81840634,56.35128995,49.33],[12.81825803,56.35106166,46.8],[12.8182267,56.35101466,46.33],[12.81784109,56.3504817,43.73],[12.81780976,56.35043537,43.73],[12.81778477,56.35039004,43.73],[12.81776978,56.35034571,43.73],[12.81777645,56.35022072,43.73],[12.81776245,56.35017939,43.73],[12.81773245,56.35014273,43.8],[12.81764279,56.3500884,44.2],[12.81760279,56.35006107,44.4],[12.81757146,56.35003041,44.53],[12.81754546,56.34999741,44.66],[12.81726054,56.34953813,47.06],[12.81723954,56.34950614,47.33],[12.81717723,56.34937716,48.66],[12.81716557,56.34935516,49],[12.81701397,56.34910621,50.93],[12.81700497,56.34909021,51],[12.81694533,56.34897127,51],[12.81693833,56.34895461,51],[12.81693799,56.34887896,51],[12.81693865,56.34886596,51],[12.81698263,56.34884897,51],[12.81700596,56.34885063,51],[12.81706594,56.34886561,51.06],[12.8170776,56.34886927,51.13],[12.81711291,56.34889292,51.4],[12.81711824,56.34890025,51.4],[12.81710493,56.34892289,51.86],[12.8165646,56.34840589,51.93],[12.81653962,56.34827226,51.93],[12.81653029,56.34823893,51.93],[12.81645798,56.34814762,52],[12.81643532,56.34811563,52],[12.81639967,56.34804797,52],[12.81638701,56.34801264,52],[12.81637968,56.34797531,52],[12.81637835,56.34793765,51.93],[12.81640533,56.34782099,51.73],[12.81641032,56.34778166,51.66],[12.81642328,56.34754568,51.53],[12.81642661,56.34750735,51.53],[12.81646458,56.34721171,52.26],[12.81646791,56.34717072,52.4],[12.81647055,56.34673678,54.4],[12.81647488,56.34670412,54.6],[12.81651251,56.3464905,55.66],[12.81652017,56.34646084,55.8],[12.81667877,56.34599459,57.53],[12.81669176,56.34595993,57.66],[12.81684039,56.34567397,58.2],[12.81686072,56.34563764,58.2],[12.8169847,56.34545367,58.2],[12.81701469,56.34541601,58.13],[12.81714968,56.34526538,58.26],[12.81718567,56.34522772,58.33],[12.81745764,56.34499842,58.93],[12.81749563,56.34496509,59],[12.81763561,56.34483246,59.13],[12.81766861,56.34480013,59.13],[12.81769294,56.34476547,59.13],[12.81770493,56.34472981,59.13],[12.81770393,56.34469515,59.13],[12.81766794,56.34463383,59.13],[12.81763461,56.34460883,59.06],[12.81755195,56.34456818,59],[12.81750896,56.34454952,59.06],[12.81732433,56.34449988,59.2],[12.81732433,56.34448788,59.2],[12.81734166,56.34447855,59.2],[12.81737332,56.34447456,59.2],[12.81745631,56.34448889,59.2],[12.81750031,56.34450588,59.2],[12.81758897,56.34455253,59.2],[12.81762963,56.34457753,59.2],[12.81781092,56.34472051,58.73],[12.81784958,56.34474484,58.66],[12.81792024,56.34478416,58.6],[12.81795257,56.34480049,58.53],[12.81802156,56.34481681,58.4],[12.81805122,56.34481348,58.33],[12.81858382,56.34455589,57.66],[12.81864181,56.34453023,57.6],[12.81973441,56.34413563,56.66],[12.8198224,56.34409997,56.6],[12.81999739,56.34402198,56.33],[12.82008405,56.34397998,56.2],[12.8203347,56.34384233,55.86],[12.82041303,56.343792,55.73],[12.82056235,56.34368668,55.6],[12.82063368,56.34363202,55.53],[12.82083366,56.34346369,55.4],[12.82089732,56.3434077,55.33],[12.82333743,56.34116192,56.8],[12.82338943,56.34111193,57],[12.82370939,56.34077462,57.8],[12.82374738,56.34072962,57.93],[12.824122,56.34022399,58.8],[12.82415666,56.340176,58.93],[12.82430964,56.33998902,58.93],[12.82434997,56.33994302,59.06],[12.82448362,56.33980537,59.33],[12.82453161,56.33976004,59.4],[12.82473825,56.33958739,59.93],[12.82479391,56.33954539,60],[12.82497023,56.33942674,60.33],[12.82502956,56.33938874,60.46],[12.8253282,56.33921044,60.86],[12.82539019,56.33917645,60.93],[12.82640511,56.33867752,61.4],[12.82646644,56.33864686,61.46],[12.82695372,56.33838124,60.66],[12.82701505,56.33834525,60.53],[12.82968921,56.33666478,57.4],[12.8297642,56.33661445,57.2],[12.8302035,56.33629682,56.33],[12.83027549,56.33624116,56.2],[12.8312921,56.33542954,53.06],[12.83136576,56.33537021,52.73],[12.83165707,56.33512323,51.46],[12.8317274,56.33506023,51.2],[12.83221303,56.33460261,49.8],[12.83228836,56.33453595,49.53],[12.83236702,56.33446929,49.26],[12.83244868,56.33440463,49.26],[12.832712,56.33421798,49],[12.83280633,56.33415865,48.86],[12.83331531,56.33387935,48.26],[12.83341964,56.33382602,48.2],[12.8343526,56.33337905,47.93],[12.83445426,56.33333139,47.93],[12.83751044,56.33198685,43.73],[12.83761143,56.33194219,43.53],[12.83791008,56.33180454,42.93],[12.83800707,56.33175655,42.93],[12.83837172,56.33155557,42.86],[12.83845638,56.33150257,42.8],[12.83853771,56.33144891,42.73],[12.83861637,56.33139458,42.8],[12.83883535,56.33122525,42.86],[12.83890368,56.33116826,43],[12.83896934,56.33111026,43.13],[12.83903133,56.33105127,43.26],[12.83920031,56.33087062,43.4],[12.8392533,56.33081029,43.33],[12.83944394,56.33056232,43.26],[12.83948327,56.33049932,43.2],[12.8395536,56.33037233,43.13],[12.83958526,56.33030867,43.13],[12.83966224,56.33011702,42.53],[12.8396839,56.33005269,42.2],[12.83971855,56.3299237,41.53],[12.83973155,56.32985871,41.26],[12.8397692,56.3295264,39],[12.83977253,56.3294584,38.59],[12.83977221,56.32774487,30.33],[12.83977121,56.32765621,30],[12.83976822,56.32747822,29.4],[12.83976556,56.32738889,29.06],[12.83973991,56.32703191,28.06],[12.83973258,56.32694258,27.8],[12.83968529,56.32649661,26.4],[12.83967363,56.32640862,26.06],[12.83946673,56.3250307,22.86],[12.83945707,56.32496337,23],[12.8394241,56.32449575,23.4],[12.83941211,56.32444342,23.4],[12.83938978,56.32439876,23.33],[12.83935445,56.32435943,23.2],[12.83905547,56.32419112,22],[12.83900248,56.32414946,21.73],[12.83893383,56.32405314,21.2],[12.83892217,56.32400048,20.86],[12.83892516,56.32394649,20.53],[12.83893949,56.32389116,20.2],[12.83907447,56.32359785,18.53],[12.83909847,56.32353419,18.26],[12.83911813,56.3234692,18.06],[12.83913346,56.32340287,17.86],[12.83915245,56.32326921,17.6],[12.83915678,56.32320188,17.46],[12.83908949,56.32243792,16.73],[12.83908549,56.32236892,16.6],[12.83906724,56.32138298,17],[12.83906558,56.32131998,17.26],[12.83904328,56.32095035,18.46],[12.83904062,56.32089169,18.6],[12.83898502,56.32024809,19.73],[12.83898069,56.32020109,19.93],[12.83894208,56.31983846,21.13],[12.83893642,56.31979113,21.2],[12.83889811,56.31954515,21.2],[12.83888945,56.31949382,21.06],[12.83877851,56.31892088,19.6],[12.83876718,56.31886822,19.46],[12.83846898,56.317569,22.6],[12.83845799,56.31751767,22.53],[12.83837771,56.31706905,20.86],[12.83837138,56.31701839,20.86],[12.83835274,56.31681674,21],[12.83834908,56.31676541,21.13],[12.83830583,56.31582417,21.73],[12.8383035,56.31576818,21.53],[12.83828388,56.31504258,19.53],[12.83828222,56.31497858,19.46],[12.83827459,56.31415264,20],[12.83827625,56.31408998,20],[12.83828989,56.31384135,20],[12.83829589,56.31377869,19.93],[12.83833953,56.31347238,19.53],[12.83835052,56.31341338,19.4],[12.83870039,56.31180447,18.93],[12.83871272,56.31174581,18.93],[12.83877169,56.31151216,19.06],[12.83878769,56.31145383,19.13],[12.83898131,56.31085654,19.66],[12.83900164,56.31079588,19.66],[12.8395475,56.30920934,17.79],[12.83956783,56.30915068,17.73],[12.8403056,56.30691919,18.6],[12.84032526,56.30686086,18.66],[12.84050089,56.30629289,18],[12.84051522,56.30623523,17.93],[12.84057752,56.30589292,17.6],[12.84058518,56.30583659,17.6],[12.8406288,56.30526432,16.2],[12.84063046,56.30520733,16],[12.84062382,56.30475037,14.26],[12.84062016,56.30469304,14.13],[12.84056221,56.30417041,16.6],[12.84055321,56.30411242,17.13],[12.8404889,56.30382511,19.79],[12.84047324,56.30376845,20.33],[12.84032895,56.30332648,22.26],[12.84030795,56.30327249,22.33],[12.84013666,56.30290619,20.8],[12.84011066,56.3028552,20.46],[12.83986536,56.30241192,17.73],[12.83983803,56.30236393,17.73],[12.8395724,56.30193298,18.93],[12.83954207,56.30188532,19.06],[12.83897852,56.30105041,20.46],[12.83894619,56.30100508,20.53],[12.83865791,56.30054512,21.33],[12.83862958,56.30049913,21.26],[12.83839761,56.30016949,20.93],[12.83836128,56.30011516,20.86],[12.83656221,56.29733282,22.4],[12.83654155,56.29730249,22.53],[12.83629595,56.29687957,26.46],[12.83627762,56.29684624,26.86],[12.83614734,56.29656394,28],[12.83613201,56.29652861,28.06],[12.83609469,56.29642262,28.26],[12.83608236,56.29638662,28.4],[12.83600973,56.29613133,29.86],[12.83600007,56.29609534,30.13],[12.83594344,56.29581271,31.4],[12.83593444,56.29577805,31.46],[12.83585713,56.29557176,31.73],[12.83584313,56.29553776,31.8],[12.83555257,56.29496284,33.4],[12.83553591,56.29492951,33.46],[12.8352783,56.29447424,34],[12.83525797,56.29443791,34],[12.83493505,56.29382098,33.46],[12.83491439,56.29378199,33.46],[12.83475711,56.29343503,33.73],[12.83473645,56.29338704,33.73],[12.83457882,56.29299243,33.66],[12.83455949,56.29294144,33.66],[12.83411558,56.2915972,30.13],[12.83409859,56.29154554,30],[12.83349345,56.28982704,30.13],[12.83347579,56.28977305,30.06],[12.83340216,56.28949874,30],[12.83338983,56.28944341,30],[12.83336651,56.28927776,29.93],[12.83336285,56.2892221,29.93],[12.83336352,56.28905745,29.93],[12.83336718,56.28900245,29.93],[12.83339117,56.28884013,29.86],[12.8334025,56.28878614,29.8],[12.83344948,56.28862615,29.73],[12.83346881,56.28857315,29.73],[12.8335408,56.2884165,29.53],[12.83356813,56.28836417,29.53],[12.83363311,56.28825984,29.53],[12.8336691,56.28820785,29.53],[12.83382575,56.28800887,29.66],[12.83386775,56.28795988,29.73],[12.8340024,56.28781989,29.73],[12.8340484,56.28777556,29.73],[12.83427437,56.28757092,30],[12.83429236,56.28753459,30],[12.83428937,56.28750026,30],[12.83426738,56.28746893,30],[12.83419172,56.28741928,30],[12.83415239,56.28739495,30],[12.83410173,56.28734063,30],[12.83409874,56.28731264,30],[12.83411107,56.28728564,30],[12.83423906,56.28717033,30],[12.83426472,56.28713167,30],[12.83428072,56.28708834,30],[12.83427738,56.28699368,30.06],[12.83425772,56.28694635,30.13],[12.83419406,56.28685436,30.2],[12.8341564,56.2868087,30.2],[12.83394277,56.28659573,30.2],[12.83389944,56.28655574,30.2],[12.83339815,56.28615181,29.33],[12.83336882,56.28612681,29.26],[12.8332625,56.28600916,29],[12.83324051,56.28598917,29],[12.83283792,56.28566424,28.4],[12.83280059,56.28563291,28.33],[12.83226366,56.285149,28],[12.83223533,56.28512367,28],[12.83205603,56.28493304,28.46],[12.8320357,56.28490838,28.53],[12.83201737,56.28488005,28.6],[12.83200371,56.28484772,28.6],[12.83199805,56.28481106,28.66],[12.83200271,56.28477206,28.73],[12.83202104,56.28473373,28.8],[12.83205337,56.28469707,28.86],[12.83214803,56.28462741,28.93],[12.83220403,56.28459275,28.93],[12.83272766,56.28430379,29.66],[12.83277332,56.28427946,29.8],[12.83354921,56.2838299,32.53],[12.83358987,56.28380624,32.8],[12.83440474,56.28328999,35.4],[12.83445007,56.28326166,35.33],[12.83508302,56.28289406,35.8],[12.83513502,56.28286407,35.93],[12.83665819,56.28194993,31.33],[12.83670719,56.28192127,31.26],[12.8370275,56.28170699,31.4],[12.83707216,56.28167666,31.4],[12.83738244,56.2814307,31.53],[12.83742177,56.28139837,31.53],[12.83757274,56.28125473,31.6],[12.83761007,56.28121673,31.66],[12.83779571,56.28101575,31.86],[12.83783104,56.28097475,32],[12.838042,56.28068345,32.73],[12.83807299,56.28064445,32.86],[12.83830461,56.28038083,32.59],[12.83833761,56.28035184,32.53],[12.83840893,56.28029618,32.4],[12.83844826,56.28027052,32.4],[12.83873956,56.28009354,32.06],[12.83877755,56.28007021,32.06],[12.83897985,56.27996358,31.66],[12.83902551,56.27993625,31.53],[12.8394878,56.27963564,30.13],[12.83953879,56.27960398,30.13],[12.83998344,56.27936702,29.93],[12.84005344,56.27932636,29.8],[12.84078838,56.27887641,28.13],[12.84084871,56.27883675,28.06],[12.84089404,56.27879609,28],[12.84091803,56.27875643,28.06],[12.8409177,56.2787191,28.13],[12.84089137,56.27868711,28.2],[12.84080371,56.27862845,28.33],[12.84077105,56.27859379,28.4],[12.84075739,56.27855646,28.46],[12.84076172,56.27851713,28.53],[12.84078071,56.2784778,28.6],[12.84081037,56.27843947,28.66],[12.84103668,56.2782615,29.33],[12.84107634,56.27823217,29.4],[12.84125465,56.27813652,29.46],[12.84130098,56.27810919,29.46],[12.84199392,56.27764793,27.33],[12.84201658,56.2776156,27.06],[12.84201924,56.27758161,26.73],[12.84200025,56.27754895,26.4],[12.84196426,56.27751895,26.06],[12.84191693,56.27748962,25.73],[12.8402017,56.27667476,23.46],[12.84013237,56.2766391,23.46],[12.84006771,56.27660211,23.33],[12.84000871,56.27656412,23.2],[12.8398204,56.2764028,22.66],[12.83976507,56.27636647,22.46],[12.83876881,56.27589321,21.2],[12.83869881,56.27586088,21.2],[12.83846283,56.27571023,20.8],[12.83840317,56.27567457,20.73],[12.83835018,56.27563557,20.66],[12.83826985,56.27555224,20.53],[12.83823552,56.27551024,20.4],[12.83765264,56.27470765,19.73],[12.83762931,56.27467632,19.73],[12.83754066,56.27458533,19.4],[12.83750533,56.27455367,19],[12.83746467,56.27452101,18.46],[12.83741834,56.27448835,17.93],[12.83730668,56.27442403,16.86],[12.83724102,56.2743927,16.33],[12.83675338,56.27420239,12.53],[12.83667472,56.27416306,11.93],[12.83645274,56.27400341,10.8],[12.83640808,56.27397041,10.8],[12.83625878,56.27379777,10.73],[12.83629244,56.2738151,10.73],[12.83623881,56.27382575,9.93],[12.83623782,56.27382575,10.06],[12.83628681,56.27383241,10.2],[12.83629714,56.27382575,9.93],[12.8365181,56.27363614,9.93],[12.8365551,56.27360781,9.66],[12.83695805,56.2733122,8.46],[12.83700871,56.27327587,8.33],[12.83740368,56.2730089,8.26],[12.83746668,56.27297057,8.06],[12.83773099,56.27282458,7.66],[12.83779732,56.27278992,7.4],[12.83841593,56.27249164,6.13],[12.83848326,56.27245665,6.06],[12.8387199,56.27230133,5.93],[12.83877856,56.27226333,6],[12.83905555,56.27212836,6.2],[12.83912155,56.27208936,6.13],[12.8393742,56.27191771,6.06],[12.83944286,56.27187772,6.06],[12.84008782,56.27153376,5.53],[12.84016282,56.2714981,5.53],[12.84075444,56.27123947,5.2],[12.84082877,56.27121348,5.2],[12.84090543,56.27119315,5.2],[12.84098409,56.27118049,5.2],[12.84113908,56.27116983,5.26],[12.84121241,56.2711625,5.33],[12.84135006,56.27113418,5.4],[12.84141706,56.27111452,5.53],[12.84350557,56.27039531,5],[12.8435689,56.27037298,5],[12.84367189,56.27031866,5],[12.84370188,56.270285,5],[12.84371254,56.27024967,5],[12.84370422,56.27017401,5],[12.84370588,56.27013501,5],[12.84372987,56.27005602,5],[12.8437492,56.27001702,5],[12.84417714,56.26933611,4.6],[12.84420247,56.26929711,4.66],[12.84457008,56.26867916,3.33],[12.84459741,56.2686275,3.13],[12.84463707,56.26851885,2.73],[12.8446464,56.26846219,2.6],[12.84464073,56.26834486,2.4],[12.8446244,56.2682862,2.4],[12.84456507,56.26816921,2.46],[12.84452174,56.26811222,2.6],[12.84446841,56.26805723,2.73],[12.84440642,56.26800457,2.86],[12.8442631,56.26790625,3.13],[12.84418177,56.26786326,3.26],[12.84300051,56.26740002,3.13],[12.84294985,56.26738069,3.06],[12.84279687,56.2673307,3.26],[12.84274754,56.26731804,3.4],[12.84260389,56.26730439,3.8],[12.84256123,56.26730073,3.93],[12.84252724,56.26728973,4.06],[12.84249825,56.26724941,4.19],[12.84250258,56.26722442,4.33],[12.84254457,56.26717676,4.6],[12.8425779,56.26715476,4.73],[12.84267022,56.26712644,5],[12.84272488,56.26712311,5.06],[12.84382813,56.26725704,4.19],[12.84389079,56.26726437,4.13],[12.84395479,56.26726937,4],[12.84401812,56.2672717,3.86],[12.84412844,56.26725004,3.73],[12.8441631,56.26722338,3.66],[12.84418343,56.26719005,3.6],[12.84419409,56.26715272,3.53],[12.84422273,56.2669864,3.53],[12.84423772,56.2669444,3.53],[12.84432903,56.26678043,3.6],[12.84436002,56.26674243,3.66],[12.844523,56.26661178,3.8],[12.84456966,56.26658378,3.86],[12.8448093,56.26646348,3.86],[12.8448543,56.26643949,3.86],[12.84515626,56.2662662,4.13],[12.84519126,56.2662392,4.19],[12.84525158,56.26618354,4.33],[12.84527758,56.26615554,4.4],[12.84537189,56.26603157,4.73],[12.84538655,56.26601124,4.8],[12.84545984,56.2658323,5],[12.84546117,56.26582964,5],[12.84553282,56.26578565,4.86],[12.84554148,56.26577399,4.8],[12.84570606,56.26532539,3.06],[12.84571972,56.2652914,2.93],[12.84606197,56.26450623,4],[12.84607696,56.26447057,4],[12.84624057,56.26404928,4.4],[12.8462569,56.26400728,4.4],[12.84635086,56.2637993,4.26],[12.84636852,56.26375797,4.13],[12.84647315,56.26346332,3.53],[12.84648514,56.26342166,3.53],[12.84649147,56.26338067,3.53],[12.84649347,56.26334001,3.53],[12.84647882,56.26322002,3.6],[12.84646916,56.26318036,3.66],[12.84644517,56.26310071,3.8],[12.84643184,56.26306072,3.86],[12.84630355,56.26275043,4],[12.84629256,56.26271143,4],[12.84628723,56.2626731,4],[12.84629022,56.26263644,4],[12.84637885,56.26242346,4],[12.84638585,56.2623898,4],[12.84635788,56.26227816,4],[12.84635589,56.26227183,4],[12.8463159,56.26225684,4],[12.84630257,56.26226517,4],[12.8463129,56.26229716,4],[12.84633223,56.26231782,4],[12.84640055,56.26235547,4],[12.84644755,56.2623638,4],[12.84649921,56.26236047,4],[12.84682219,56.2622815,4],[12.84690385,56.2622705,4],[12.84698951,56.26226417,4],[12.84707684,56.26226084,4],[12.84743615,56.26226385,4],[12.84752081,56.26225785,4],[12.8477338,56.26221786,4],[12.84779213,56.26219987,4],[12.84789345,56.26215988,4],[12.84793578,56.26213755,4],[12.84800011,56.26208722,4],[12.84802277,56.26205889,4],[12.84807641,56.26193758,4.26],[12.84807841,56.26190692,4.33],[12.84800281,56.26155031,4.53],[12.84799882,56.26151998,4.46],[12.84799549,56.26146532,4.46],[12.84799848,56.26143966,4.53],[12.8480198,56.26135667,4.73],[12.84803046,56.26132301,4.8],[12.84852564,56.26015716,5.53],[12.8485413,56.26012283,5.66],[12.84874819,56.25957327,8.66],[12.84876185,56.25953794,8.39],[12.84883316,56.25939529,7.53],[12.84884949,56.25935896,7.46],[12.84898844,56.25900101,8.8],[12.8490001,56.25896568,8.93],[12.84908941,56.25878571,8.8],[12.84910474,56.25874838,8.53],[12.84918472,56.25852341,6.8],[12.84919905,56.25848608,6.6],[12.84940267,56.25799947,5.2],[12.84942133,56.25795214,5.2],[12.84974356,56.25709055,5.2],[12.84976022,56.25704622,5.2],[12.84993216,56.25662061,5.2],[12.84994882,56.25657828,5.13],[12.8503527,56.25564804,3.93],[12.8503697,56.25560838,4],[12.85062995,56.25508709,6.66],[12.85065028,56.25504443,6.8],[12.85098749,56.25425252,6.46],[12.85100648,56.25420886,6.33],[12.85108745,56.25396389,5.53],[12.85108978,56.25392656,5.46],[12.85108712,56.25385357,5.33],[12.85107979,56.25381691,5.26],[12.85104846,56.25375126,5.4],[12.8510338,56.25372227,5.46],[12.8510258,56.25366861,5.6],[12.85104313,56.25364595,5.66],[12.85111745,56.25361096,5.8],[12.85116878,56.2535983,5.86],[12.85134476,56.25357732,6],[12.85140576,56.25357732,6],[12.85181406,56.25361393,6.33],[12.85187172,56.25362059,6.4],[12.85222802,56.25367389,6.73],[12.85228435,56.25368322,6.73],[12.85276264,56.25373183,6.26],[12.85280964,56.25373782,6.2],[12.85293963,56.25376447,6],[12.85298296,56.2537708,6.06],[12.85311561,56.2537718,6.26],[12.85315961,56.25376447,6.33],[12.85322293,56.25373048,6.4],[12.85322459,56.25370848,6.4],[12.8531586,56.25367916,6.4],[12.85310527,56.25367283,6.4],[12.85248399,56.25363887,5.46],[12.85239199,56.25362954,5.26],[12.84995014,56.25335166,3.86],[12.84988548,56.25334433,3.93],[12.84876225,56.25320211,4.46],[12.84872426,56.25319678,4.53],[12.84724008,56.25304862,8.26],[12.84719508,56.25304329,8.06],[12.84710409,56.2530383,7.73],[12.84705876,56.25304196,7.6],[12.84693377,56.25308062,7.8],[12.84689111,56.25309195,7.86],[12.84679812,56.25309594,8.06],[12.84675112,56.25309195,8.2],[12.84670813,56.25308262,8.39],[12.84667447,56.25306662,8.6],[12.84662482,56.2530223,9],[12.84659649,56.25300031,9.13],[12.84652417,56.25296666,9.33],[12.84648284,56.252955,9.39],[12.84639018,56.25293801,9.39],[12.84634052,56.25293335,9.39],[12.84607322,56.25292903,9],[12.84601756,56.25293036,8.86],[12.84568026,56.25295233,8.33],[12.8456236,56.25295833,8.33],[12.84380008,56.25318847,6.4],[12.84374442,56.2531968,6.6],[12.84262352,56.25332002,8.86],[12.84257186,56.25332635,8.66],[12.84183994,56.25342395,7.13],[12.84178695,56.25343061,7.2],[12.83711669,56.25397316,5],[12.83705869,56.25397916,5],[12.83565751,56.25416803,4],[12.83560518,56.25417469,4],[12.83431367,56.2543279,3],[12.83426434,56.25433323,2.86],[12.83409035,56.25436554,2.6],[12.83405602,56.25437854,2.6],[12.83388407,56.25448384,3.6],[12.83388041,56.25448683,3.73],[12.83322875,56.25425683,3.86],[12.83294049,56.25421756,4],[12.83292183,56.25421357,4],[12.83335782,56.25375458,4],[12.83332683,56.25373992,4],[12.83330017,56.25372192,4],[12.83325685,56.25364994,4],[12.83325152,56.25362394,4],[12.83327748,56.25333299,4.13],[12.83327748,56.25330366,4.19],[12.8332685,56.25316001,4.53],[12.83326517,56.25313201,4.6],[12.83324585,56.25305569,5.33],[12.83324019,56.25302936,5.66],[12.83320756,56.25279707,8],[12.83320523,56.25276941,8.33],[12.83321155,56.25271775,9],[12.83321821,56.25269409,9.33],[12.83325053,56.25263011,9.53],[12.83325253,56.25260878,9.6],[12.83324353,56.25258978,9.66],[12.8332282,56.25257512,9.8],[12.83311824,56.25249516,10.13],[12.83306691,56.25246617,10.06],[12.83239102,56.25229094,8.26],[12.83236436,56.25228261,8.33],[12.83195375,56.25214301,9.86],[12.83191576,56.25213001,9.8],[12.83155149,56.25199073,8.6],[12.83151116,56.25197973,8.46],[12.83128785,56.25196176,8.13],[12.83125285,56.25195843,8.06],[12.83112321,56.25193046,7.93],[12.83108955,56.2519248,7.86],[12.8309419,56.25193645,7.53],[12.8309159,56.25193878,7.46],[12.83067959,56.25193081,6.73],[12.83064726,56.25192681,6.66],[12.83037999,56.25184286,6],[12.83035433,56.25183453,6],[12.8302047,56.25175489,6],[12.83017237,56.25173889,6],[12.83002873,56.25168691,6],[12.83000173,56.25168092,5.93],[12.82996007,56.25167393,5.8],[12.82995041,56.25167227,5.73],[12.82994841,56.25170393,5.66],[12.8299494,56.25170659,5.6],[12.82993843,56.25171123,5.26],[12.82993544,56.25171156,5.2],[12.82988378,56.25166956,5.13],[12.82958116,56.25167754,5.2],[12.82954916,56.25167853,5.26],[12.82941086,56.25166189,5.6],[12.82938687,56.25165656,5.66],[12.82934922,56.25163757,5.8],[12.82933522,56.25162391,5.86],[12.82923159,56.25150028,6],[12.82921659,56.25148628,6],[12.82913994,56.25143897,5.93],[12.82913495,56.25143631,5.86],[12.82905665,56.25143197,5.33],[12.82905565,56.25143197,5.2],[12.82902599,56.2514633,5.06],[12.82897002,56.25156825,5.66],[12.82896169,56.25158391,5.6],[12.8289557,56.25161655,5.2],[12.82895504,56.25161954,5.06],[12.82883172,56.25165284,4.4]]}}]}