{"type":"FeatureCollection","features":[{"type":"Feature","properties":{"name":"20260420 Cicloturismo","time":"2026-04-20T09:42:55Z"},"geometry":{"type":"LineString","coordinates":[[12.45310366,55.736343],[12.45308466,55.73634167],[12.45307066,55.73633834],[12.45304367,55.73632435],[12.45303601,55.73631402],[12.45305233,55.73622804],[12.45305899,55.73620471],[12.45332391,55.73554914],[12.4533389,55.73550714],[12.45339655,55.73538348],[12.45341321,55.73534415],[12.45355084,55.73498686],[12.4535665,55.73494687],[12.45371979,55.73457624],[12.45373245,55.73453358],[12.45373678,55.73449158],[12.45373112,55.73444892],[12.45371446,55.73440726],[12.45368846,55.73436793],[12.4536528,55.73433127],[12.45360814,55.73429761],[12.45355414,55.73426828],[12.45349048,55.73424495],[12.45341915,55.73422629],[12.45325649,55.73419164],[12.45316516,55.73417431],[12.45272751,55.73410799],[12.45260485,55.734087],[12.45235986,55.73402501],[12.45223853,55.73398501],[12.45199954,55.73389169],[12.45188021,55.7338397],[12.45079858,55.73334374],[12.45069225,55.73329441],[12.4503126,55.7331321],[12.45022494,55.73310144],[12.45013828,55.73307611],[12.44996629,55.73304212],[12.44988363,55.73303279],[12.44980464,55.73302713],[12.44972865,55.73302513],[12.44933933,55.73302813],[12.44929,55.7330168],[12.44924801,55.73299547],[12.44921401,55.73296547],[12.44918702,55.73293014],[12.44909704,55.7327675],[12.44907604,55.73272517],[12.44902238,55.73264284],[12.44898705,55.73260318],[12.44886373,55.73248953],[12.4488144,55.73245387],[12.44858442,55.73231723],[12.44851643,55.73228457],[12.44837111,55.73222125],[12.44829311,55.73219025],[12.44796247,55.7320746],[12.44787481,55.73204761],[12.4469562,55.73180867],[12.44689854,55.73179401],[12.44680922,55.73176436],[12.44676289,55.7317507],[12.44653458,55.73170072],[12.44647592,55.73168606],[12.44630827,55.73162841],[12.44625494,55.73160542],[12.44621028,55.73157809],[12.44617628,55.73154643],[12.44615362,55.7315121],[12.44614096,55.73147411],[12.44611465,55.73131014],[12.44611265,55.73126581],[12.44612797,55.73117615],[12.4461453,55.73113182],[12.44617063,55.73109083],[12.44619962,55.73105617],[12.4462756,55.73099552],[12.4463376,55.73097419],[12.44629961,55.73094086],[12.44627128,55.73092153],[12.44611798,55.73084021],[12.44607865,55.73082055],[12.44599768,55.73076891],[12.44600234,55.73074792],[12.44623999,55.73066162],[12.44629065,55.73063863],[12.44669461,55.73044265],[12.44675594,55.73041332],[12.44686926,55.73034933],[12.44690959,55.73031333],[12.44693358,55.730274],[12.4469449,55.73019234],[12.44693824,55.73015035],[12.44692358,55.73010802],[12.44690292,55.73006636],[12.44681394,55.7299477],[12.44679495,55.72990904],[12.44679495,55.72987104],[12.44681494,55.72983571],[12.4468516,55.72980438],[12.44689959,55.72977572],[12.44701692,55.72971973],[12.44708225,55.72969374],[12.44751322,55.7295411],[12.44758855,55.72951444],[12.4481105,55.72929915],[12.44818883,55.72926782],[12.44898711,55.72896186],[12.44906577,55.72893153],[12.44956207,55.72871956],[12.44963173,55.72869223],[12.44985305,55.72861524],[12.44992705,55.72858824],[12.4502357,55.72846893],[12.45031669,55.72843727],[12.45081433,55.72823762],[12.45089366,55.72820363],[12.45096899,55.72816863],[12.45103132,55.72812897],[12.45106931,55.72808331],[12.45107564,55.72803432],[12.45105331,55.72798699],[12.45101198,55.72794133],[12.45096098,55.727896],[12.45090399,55.72785067],[12.45029871,55.72738139],[12.45023172,55.72732806],[12.45010406,55.72722307],[12.45004307,55.72717108],[12.44992907,55.72706476],[12.44987508,55.72701077],[12.44982575,55.72695511],[12.44978075,55.72689812],[12.44969876,55.72678413],[12.44966243,55.72672847],[12.4496301,55.72667281],[12.44960277,55.72661815],[12.44956311,55.72651017],[12.44954845,55.72645751],[12.44952879,55.72635453],[12.44952446,55.72630387],[12.44953378,55.72615922],[12.44953811,55.72611422],[12.44953645,55.72589725],[12.44953645,55.72585492],[12.44954245,55.72577159],[12.44954478,55.72573026],[12.44952947,55.72548829],[12.44952781,55.72544763],[12.44952415,55.725146],[12.44952382,55.72509801],[12.44955243,55.72447973],[12.4495521,55.72442574],[12.44951847,55.72404944],[12.44951581,55.72399478],[12.44951115,55.72359615],[12.44951082,55.72353682],[12.44949551,55.72323885],[12.44949185,55.72317919],[12.44945686,55.72294253],[12.4494472,55.72288287],[12.44939223,55.72258888],[12.44938323,55.72252922],[12.44931061,55.72196793],[12.44930328,55.72191593],[12.449254,55.72143166],[12.44924867,55.72138567],[12.44921436,55.72114871],[12.44920937,55.72110038],[12.44921037,55.72096607],[12.4492237,55.72092707],[12.44925236,55.72089374],[12.44929869,55.72086974],[12.44935835,55.72085708],[12.44942501,55.72085442],[12.44949434,55.72085675],[12.44963667,55.72086774],[12.44970866,55.72087473],[12.4500083,55.72091205],[12.45008763,55.72092138],[12.4504956,55.72095736],[12.45057526,55.72096335],[12.45125355,55.72099262],[12.45132854,55.72099695],[12.45170218,55.72102992],[12.45177584,55.72103592],[12.4523968,55.72107089],[12.45247813,55.72107655],[12.45288577,55.7211142],[12.45296676,55.72112053],[12.45312675,55.72111686],[12.45320008,55.72110187],[12.45326141,55.72107654],[12.4533034,55.72104054],[12.4533274,55.72099688],[12.45334239,55.72095088],[12.45337771,55.72070391],[12.45338471,55.72065358],[12.45344869,55.72036128],[12.45345702,55.72031395],[12.45348499,55.72007797],[12.45349298,55.72003198],[12.45356162,55.71970401],[12.45357061,55.71965635],[12.4535966,55.71956103],[12.4536146,55.71951337],[12.45367059,55.71942338],[12.45371425,55.71938205],[12.45376824,55.71934339],[12.45382957,55.71930739],[12.45396689,55.71924174],[12.45404088,55.71921108],[12.45435052,55.7191051],[12.45442418,55.7190771],[12.45497716,55.71884879],[12.45521749,55.7187498],[12.45601745,55.71843515],[12.45609578,55.71840449],[12.4565304,55.71826019],[12.45659339,55.71823553],[12.45705802,55.71801823],[12.45710868,55.71798657],[12.457182,55.71791191],[12.45720833,55.71787058],[12.45733731,55.71761528],[12.45735897,55.71757262],[12.45751793,55.71723398],[12.45752793,55.71719532],[12.45752727,55.71715799],[12.45751327,55.71712633],[12.45748761,55.71710267],[12.45740596,55.71706735],[12.4573433,55.71704036],[12.45727131,55.71698738],[12.45724465,55.71696605],[12.457171,55.71689007],[12.45715901,55.71686074],[12.45716101,55.71683274],[12.457202,55.71677975],[12.45723099,55.71675209],[12.45726432,55.71672343],[12.45730365,55.7166941],[12.45740264,55.71664111],[12.45744864,55.71661012],[12.45748297,55.71657446],[12.45750363,55.71653347],[12.45757158,55.71602386],[12.45757924,55.7159792],[12.45758523,55.71579688],[12.45758224,55.71574988],[12.45757125,55.71565222],[12.45756359,55.71560289],[12.45754294,55.71550256],[12.45752894,55.7154519],[12.45733233,55.71496828],[12.457322,55.71493129],[12.457319,55.71490096],[12.45732866,55.71484931],[12.45732767,55.71482398],[12.45731035,55.71477365],[12.45729669,55.71474699],[12.45728036,55.71471733],[12.45726137,55.714684],[12.45720138,55.71460634],[12.45715805,55.71456401],[12.4568374,55.71433038],[12.4567764,55.71427772],[12.45673007,55.71422639],[12.45669941,55.7141754],[12.45668208,55.7141264],[12.45667909,55.71407874],[12.45669208,55.71403208],[12.45671908,55.71398775],[12.45675574,55.71394476],[12.45685406,55.71386577],[12.45690939,55.71382777],[12.45720504,55.7136418],[12.45726604,55.71360481],[12.45758268,55.71343417],[12.45764734,55.71340151],[12.45812764,55.71318487],[12.45820163,55.71315454],[12.45896691,55.71286093],[12.45904024,55.71283227],[12.45939822,55.7126863],[12.45946721,55.71265731],[12.45966186,55.71256799],[12.45972319,55.712538],[12.4599035,55.71244235],[12.45995983,55.71240836],[12.46006549,55.71233404],[12.46011015,55.71229371],[12.4601818,55.71220738],[12.46020879,55.71216205],[12.46023078,55.71211639],[12.46025011,55.71207106],[12.4602971,55.7119324],[12.46030876,55.71188607],[12.46031742,55.71183808],[12.46032208,55.71178942],[12.46032474,55.71169477],[12.46031508,55.71164944],[12.46029275,55.71160411],[12.46022076,55.71152079],[12.4601741,55.71148179],[12.45927251,55.71085223],[12.45922185,55.71081523],[12.45912753,55.71073991],[12.45908154,55.71070191],[12.45876791,55.71042893],[12.45872258,55.71039094],[12.45838928,55.71014364],[12.45834262,55.71010798],[12.45786668,55.7097297],[12.45782268,55.70969637],[12.45764369,55.70956606],[12.45759669,55.7095334],[12.45722272,55.70930377],[12.45717006,55.70926811],[12.45707074,55.70919245],[12.45702375,55.70915345],[12.45689077,55.70903414],[12.45684078,55.70899648],[12.45657081,55.70882184],[12.45651748,55.70878651],[12.45623351,55.70861287],[12.45617852,55.70857787],[12.45582622,55.70831858],[12.45578423,55.70827792],[12.45575857,55.70823492],[12.45575224,55.70819026],[12.45576524,55.7081476],[12.45579723,55.70810727],[12.45583923,55.70807028],[12.45588889,55.70803629],[12.45600354,55.7079793],[12.45606254,55.7079543],[12.45671547,55.70769101],[12.45676047,55.70767468],[12.45679747,55.70765535],[12.4568198,55.70763269],[12.45682046,55.7076077],[12.45676814,55.70754938],[12.45672481,55.70751772],[12.45655182,55.70741841],[12.45648616,55.70738442],[12.45529193,55.7068295],[12.45522027,55.7067905],[12.45515561,55.70674817],[12.45509928,55.70670384],[12.45495063,55.70655652],[12.45489297,55.70650753],[12.45482364,55.7064612],[12.45449799,55.70628823],[12.45441733,55.70624323],[12.45426934,55.70614658],[12.45420201,55.70609759],[12.45408002,55.70599726],[12.45402403,55.70594726],[12.45380406,55.70571962],[12.45379573,55.70570996],[12.45379074,55.70568297],[12.45371077,55.70555033],[12.45369311,55.705511],[12.45367778,55.70546801],[12.45366445,55.70542168],[12.45363746,55.70527036],[12.4536318,55.7052177],[12.4536042,55.70454943],[12.45360254,55.7044931],[12.45359192,55.70380849],[12.45358992,55.7037535],[12.45356361,55.70352485],[12.45355028,55.70346652],[12.45351796,55.70334919],[12.4534983,55.70328986],[12.45341765,55.70310621],[12.45338332,55.70304455],[12.45326434,55.70286123],[12.45322001,55.70280157],[12.45306703,55.70263292],[12.4530117,55.70257959],[12.45225145,55.70194169],[12.45221546,55.7019107],[12.45196849,55.70169175],[12.45194649,55.70167142],[12.45190352,55.70161944],[12.45190152,55.70161611],[12.45178286,55.70153813],[12.4517492,55.70151247],[12.45159422,55.70137549],[12.45155823,55.70134816],[12.45146124,55.70130184],[12.45140291,55.70128485],[12.45098027,55.70122521],[12.45090894,55.70120422],[12.45084161,55.70117689],[12.45077962,55.70114389],[12.45072196,55.70110623],[12.4506673,55.7010669],[12.45051465,55.70094759],[12.45046565,55.70090826],[12.44992404,55.70045832],[12.44987205,55.70041332],[12.44963707,55.70018166],[12.44959441,55.70013333],[12.44947743,55.69998701],[12.44944177,55.69993735],[12.44908717,55.69936875],[12.44905384,55.69931775],[12.44886853,55.69907778],[12.4488312,55.69903179],[12.44870755,55.6988998],[12.44866222,55.69885647],[12.4485669,55.69877048],[12.44851724,55.69872815],[12.44830426,55.69856652],[12.4482496,55.69852719],[12.44752699,55.69807125],[12.44746833,55.69803125],[12.44717336,55.69782627],[12.4471157,55.69778361],[12.44684472,55.6975603],[12.44679106,55.69751397],[12.44641976,55.69717835],[12.4463671,55.69713169],[12.44530888,55.6962048],[12.44525389,55.69615614],[12.44493326,55.69588684],[12.44488227,55.69584484],[12.44474195,55.69571886],[12.44469896,55.6956782],[12.44438634,55.69537391],[12.44435101,55.69533491],[12.44428668,55.69525559],[12.44425635,55.69521459],[12.44401906,55.69488263],[12.44398807,55.6948423],[12.44395474,55.69480164],[12.44391875,55.69476098],[12.44379843,55.694639],[12.44375277,55.69459934],[12.44360678,55.69447769],[12.44355445,55.69443636],[12.44326347,55.69423605],[12.44320114,55.69419639],[12.44313581,55.69415706],[12.44306815,55.69411906],[12.44257286,55.69385709],[12.4425042,55.6938171],[12.44223656,55.69365745],[12.44217123,55.69361579],[12.44198658,55.69348547],[12.44192858,55.69344147],[12.44105898,55.69274256],[12.44101599,55.6927079],[12.440934,55.69264424],[12.44089567,55.69261525],[12.44074102,55.69251193],[12.44070569,55.6924846],[12.44035576,55.69218532],[12.44032343,55.69215799],[12.44010946,55.6919967],[12.44007713,55.69197071],[12.43977717,55.69171475],[12.43974284,55.69168575],[12.43939222,55.69140212],[12.43933589,55.69135613],[12.43889159,55.6909825],[12.43882426,55.69092317],[12.43875793,55.69086218],[12.43869494,55.69080019],[12.43858129,55.6906792],[12.43852996,55.69062054],[12.43843997,55.69050822],[12.43839997,55.69045589],[12.43829966,55.69030858],[12.43826867,55.69026259],[12.43816668,55.69013194],[12.43813268,55.69008961],[12.43806235,55.69000662],[12.43802536,55.68996629],[12.43790738,55.6898513],[12.43786439,55.68981497],[12.4377204,55.68970932],[12.43766641,55.68967499],[12.43705114,55.68932271],[12.43699081,55.68928738],[12.43675583,55.68913973],[12.4366955,55.68910207],[12.43658151,55.68902441],[12.43652785,55.68898441],[12.43634086,55.68882143],[12.43630153,55.68878144],[12.43603424,55.68845915],[12.43600691,55.68842315],[12.43561332,55.68781387],[12.43558532,55.68777288],[12.43510509,55.68712563],[12.4350741,55.68708163],[12.4347755,55.68664901],[12.4347455,55.68660602],[12.4344602,55.68616406],[12.43443121,55.68611873],[12.43437522,55.68602873],[12.43435089,55.68598307],[12.43426192,55.68579909],[12.43424026,55.68575276],[12.43405698,55.68531581],[12.43403799,55.68527415],[12.43395401,55.68510782],[12.43393335,55.68506649],[12.4338567,55.68494584],[12.43382904,55.68490585],[12.43373238,55.68478853],[12.43369639,55.68474987],[12.43349509,55.68455389],[12.43345076,55.68451556],[12.43331211,55.68440257],[12.43326445,55.68436591],[12.43268517,55.68393264],[12.43264017,55.68389265],[12.43256152,55.68381032],[12.43252386,55.68376799],[12.43231822,55.68351868],[12.43228989,55.68347835],[12.43214526,55.68325705],[12.4321236,55.68322206],[12.43204795,55.68308074],[12.43202662,55.68304541],[12.43197529,55.68297743],[12.4319503,55.68294243],[12.43185665,55.68279613],[12.43183332,55.68275847],[12.43156474,55.68228553],[12.43154674,55.68225287],[12.43145609,55.6821209],[12.43143343,55.68208924],[12.43138145,55.68199326],[12.43136412,55.68196193],[12.43117351,55.68166296],[12.43114985,55.68162497],[12.43102255,55.68139067],[12.43100189,55.68135234],[12.43086561,55.68101538],[12.43084928,55.68097839],[12.43077097,55.68083141],[12.43075631,55.68079341],[12.43073299,55.68071975],[12.43072433,55.68068342],[12.4306887,55.68049912],[12.43068237,55.68046379],[12.43063073,55.68027914],[12.43061573,55.68024081],[12.43054809,55.68008317],[12.43052743,55.68004351],[12.43048477,55.67996452],[12.43046344,55.67992486],[12.43036546,55.67976655],[12.43033746,55.67972589],[12.43024214,55.67960457],[12.43020581,55.67956424],[12.43004783,55.67940659],[12.4300055,55.67936659],[12.42981819,55.67921127],[12.42976886,55.67917227],[12.42941822,55.6789023],[12.42936889,55.67886431],[12.4292339,55.67874699],[12.42919157,55.67870833],[12.42900326,55.67851103],[12.4289686,55.6784707],[12.42893461,55.67843004],[12.42890295,55.67838871],[12.42881729,55.67826139],[12.42879196,55.67821906],[12.42870132,55.67804708],[12.42867999,55.67800375],[12.42855269,55.67770178],[12.42853303,55.67765812],[12.42844405,55.67748147],[12.42842039,55.67743581],[12.42831507,55.67720283],[12.42829707,55.67715517],[12.42824109,55.67696253],[12.42822943,55.6769152],[12.42810884,55.67620862],[12.42809885,55.67616529],[12.42808552,55.67612296],[12.42807019,55.67608063],[12.42796055,55.67583066],[12.42794255,55.67579],[12.42783457,55.67557769],[12.42780757,55.67553369],[12.42761827,55.67526707],[12.42758794,55.67522141],[12.42739198,55.67489411],[12.42736398,55.67484812],[12.42716235,55.67458615],[12.42713102,55.67454349],[12.42704637,55.67441451],[12.42702004,55.67437051],[12.42692307,55.67418786],[12.42690207,55.67414053],[12.42688274,55.67409287],[12.42686541,55.67404388],[12.42682643,55.67389622],[12.42681477,55.67384756],[12.42678778,55.67369957],[12.42678345,55.67364824],[12.42677813,55.67337326],[12.42677912,55.6733156],[12.42685172,55.672461],[12.42685571,55.67241234],[12.42685903,55.67227435],[12.42685903,55.67222969],[12.42685138,55.67205371],[12.42684639,55.67200938],[12.42682174,55.67188006],[12.42681175,55.6718384],[12.42674511,55.6716351],[12.42673012,55.67159477],[12.42667447,55.67147445],[12.42665347,55.67143446],[12.42652251,55.67120015],[12.42650218,55.67116249],[12.4264292,55.67098051],[12.42641854,55.67094485],[12.42635759,55.67065288],[12.42634893,55.67061488],[12.42629267,55.67011095],[12.42629201,55.67007195],[12.42630566,55.66999563],[12.42632899,55.66996197],[12.42639831,55.66990464],[12.4264293,55.66987598],[12.42645296,55.66984632],[12.42647029,55.66981633],[12.42650961,55.66972868],[12.42652127,55.66969902],[12.42666388,55.66928776],[12.42667321,55.6692591],[12.42670286,55.66914246],[12.42670919,55.6691128],[12.42672184,55.66902481],[12.4267245,55.66899681],[12.42672385,55.6687675],[12.42672451,55.66873651],[12.42674847,55.66846521],[12.42675146,55.66842788],[12.42675013,55.66834823],[12.4267468,55.66830423],[12.42672049,55.66815658],[12.42670249,55.66810125],[12.42667983,55.66804325],[12.4266535,55.66798259],[12.42658885,55.66785693],[12.42654952,55.66779494],[12.42650386,55.66773628],[12.42644853,55.66768462],[12.42638587,55.66763929],[12.42632321,55.66759896],[12.42627288,55.66755796],[12.42623655,55.6675163],[12.42621022,55.66747364],[12.42617223,55.66738799],[12.42615623,55.66734399],[12.42606225,55.66702036],[12.42605026,55.66697303],[12.42601928,55.66683437],[12.42601129,55.66678804],[12.42600164,55.66664506],[12.42600197,55.6665964],[12.42600396,55.66654741],[12.42600862,55.66649908],[12.42604026,55.66631444],[12.42604592,55.66626811],[12.4260509,55.66608079],[12.4260549,55.66603246],[12.42609587,55.6656775],[12.4261012,55.66562584],[12.42612919,55.6654772],[12.42614785,55.66543254],[12.42617951,55.66539354],[12.42622584,55.66536154],[12.42628117,55.66533788],[12.42634283,55.66532222],[12.42640816,55.66531323],[12.42689646,55.66530227],[12.42696946,55.66530128],[12.4279704,55.665295],[12.42805239,55.66529334],[12.42880468,55.66526073],[12.42887234,55.66525907],[12.42980327,55.66524881],[12.42987793,55.66524815],[12.43009591,55.66525147],[12.4301559,55.66525048],[12.43025456,55.66523749],[12.43029422,55.66522616],[12.4304032,55.66516318],[12.43040353,55.66512152],[12.43035121,55.66502419],[12.43031588,55.66498886],[12.43027088,55.6649622],[12.43021788,55.66494554],[12.4301039,55.66492622],[12.43004524,55.66492256],[12.42950196,55.66497118],[12.42943796,55.66497451],[12.42701813,55.66503304],[12.42693313,55.66503503],[12.42652015,55.66504334],[12.42643849,55.66504467],[12.42636316,55.66504168],[12.4262995,55.66503068],[12.4262505,55.66501069],[12.42622117,55.66498203],[12.42620818,55.66494537],[12.42620718,55.66490271],[12.4262185,55.66475839],[12.42622049,55.66470806],[12.42621283,55.66450808],[12.42620684,55.66445909],[12.42608225,55.66375583],[12.42607359,55.66370983],[12.42597733,55.66324722],[12.42596933,55.66320056],[12.42587938,55.66282128],[12.42586905,55.66277362],[12.42581941,55.66248732],[12.42580975,55.66243999],[12.42578678,55.66225101],[12.42578345,55.66220435],[12.42578645,55.66206836],[12.42578944,55.66202336],[12.42581976,55.66185004],[12.42583076,55.66180971],[12.42590839,55.66158774],[12.42592272,55.66155241],[12.42603202,55.66132379],[12.42604835,55.66129013],[12.42609134,55.66118514],[12.42610433,55.66115015],[12.42618996,55.66085687],[12.42619896,55.66082787],[12.42622992,55.66068824],[12.42623425,55.66069657],[12.42623292,55.66070423],[12.42622526,55.66070889],[12.42618295,55.6606999],[12.42617062,55.66069324],[12.42616329,55.66068358],[12.42615896,55.66067192],[12.42615596,55.66064593],[12.4261533,55.66063393],[12.42613599,55.66060461],[12.42613333,55.66060128],[12.42615032,55.66061694],[12.42616865,55.6606186],[12.42615566,55.66057995],[12.42614767,55.66055629],[12.4261137,55.6603973],[12.42610704,55.6603613],[12.42607074,55.660088],[12.42606475,55.66004767],[12.4259798,55.65955706],[12.4259728,55.6595154],[12.42591787,55.65905712],[12.42591521,55.65901479],[12.42591055,55.65871848],[12.42591321,55.65867682],[12.42601416,55.65812756],[12.42602015,55.65809023],[12.42604211,55.65775028],[12.42604444,55.65771295],[12.42604344,55.65756498],[12.42604011,55.65752732],[12.42602612,55.657451],[12.42601546,55.657412],[12.42595815,55.65724902],[12.42594349,55.65720869],[12.42573556,55.65671576],[12.42571856,55.65667476],[12.42569058,55.6565901],[12.42567859,55.6565481],[12.42566159,55.65646077],[12.42565593,55.65641511],[12.42555938,55.65552055],[12.42555472,55.65547589],[12.42552111,55.65502162],[12.42551845,55.65498029],[12.42547619,55.65453766],[12.42547685,55.654492],[12.42547851,55.65444567],[12.42548317,55.65439968],[12.42550016,55.65430903],[12.42551182,55.65426537],[12.42553748,55.65418505],[12.42555047,55.65414905],[12.42560445,55.65403608],[12.42560045,55.65401642],[12.42558412,55.65400109],[12.42555779,55.65399009],[12.42537148,55.65393911],[12.42532482,55.65392945],[12.42350034,55.65362528],[12.42344268,55.65361595],[12.42300406,55.65356266],[12.42298973,55.653561],[12.4229824,55.65354967],[12.42287408,55.65352002],[12.42283242,55.65351236],[12.42230582,55.65342575],[12.42229616,55.65342575],[12.42126789,55.65323115],[12.42117823,55.65321549],[12.42060127,55.6531272],[12.42057994,55.65312454],[12.42055795,55.65308421],[12.42058361,55.65304389],[12.42059094,55.65301723],[12.42056562,55.65291191],[12.42056962,55.65287091],[12.4206236,55.65273626],[12.42064493,55.6526886],[12.42072956,55.65243862],[12.42074622,55.65238862],[12.42080453,55.65224564],[12.42082453,55.65219965],[12.42083652,55.65215399],[12.42083386,55.65210933],[12.42081053,55.65207],[12.4207662,55.65203934],[12.42064121,55.65199935],[12.42056788,55.65198335],[12.41915094,55.65169179],[12.41906661,55.65167413],[12.41809399,55.65146253],[12.418015,55.65144454],[12.41750803,55.65131223],[12.41744503,55.6512979],[12.41738903,55.65128057],[12.41734737,55.65125591],[12.41732204,55.65122592],[12.41730804,55.65119259],[12.41730671,55.65115793],[12.41731937,55.6511226],[12.41734237,55.65108727],[12.41744035,55.65098062],[12.41747768,55.65094362],[12.41764365,55.65078964],[12.41767898,55.65074898],[12.41770264,55.65070698],[12.4177203,55.65061966],[12.41772163,55.65057433],[12.41771632,55.65038568],[12.41771232,55.65033635],[12.41767735,55.6500877],[12.41766335,55.65003771],[12.41764336,55.64998838],[12.4176167,55.64994005],[12.41750772,55.64980141],[12.41747472,55.64975541],[12.41744706,55.64970775],[12.4174244,55.64965909],[12.41740674,55.64960943],[12.41739408,55.64955944],[12.41732214,55.64901017],[12.41731781,55.64897118],[12.41731016,55.64867621],[12.41730283,55.64863155],[12.41728117,55.64858722],[12.41719185,55.64846391],[12.41716919,55.64842358],[12.4171422,55.64834259],[12.41713954,55.6483016],[12.4171412,55.64825994],[12.4171482,55.64821861],[12.41716286,55.64817762],[12.41718452,55.64813862],[12.41721218,55.64810163],[12.41724584,55.64806763],[12.41737782,55.64796831],[12.41741882,55.64793165],[12.41744781,55.64789232],[12.4174628,55.64785066],[12.41746779,55.64780767],[12.41746013,55.64763036],[12.41745813,55.64758403],[12.41742117,55.64717042],[12.41741884,55.64712776],[12.41742348,55.64685346],[12.41742215,55.64680813],[12.41736025,55.64575123],[12.41735892,55.64571157],[12.41736225,55.64567158],[12.41737291,55.64563292],[12.41741589,55.64555693],[12.41743422,55.6455176],[12.41744322,55.64547661],[12.41744555,55.64543461],[12.41744223,55.64534929],[12.41743957,55.64530563],[12.41738263,55.64475834],[12.4173783,55.64471568],[12.41734802,55.64430472],[12.41733936,55.64427439],[12.4173247,55.64425106],[12.41730237,55.64423607],[12.41727304,55.64422708],[12.41714572,55.64421775],[12.41709839,55.64421342],[12.41698374,55.64419044],[12.41694541,55.64418078],[12.41690742,55.64415812],[12.41689409,55.64414113],[12.41687311,55.64407315],[12.41687211,55.64404615],[12.41689208,55.64387016],[12.41689807,55.64383083],[12.41695936,55.64355654],[12.41696869,55.64351588],[12.41700733,55.64327358],[12.41701599,55.64323359],[12.4170703,55.64300228],[12.41708163,55.64296328],[12.4171666,55.64273264],[12.41717193,55.64269564],[12.41715929,55.64169574],[12.41716562,55.64164441],[12.41723294,55.6414041],[12.41723793,55.64138344],[12.41726559,55.64133944],[12.41728358,55.64128145],[12.41729957,55.64113979],[12.41731123,55.6410748],[12.41736722,55.64086082],[12.41738188,55.64081416],[12.41747418,55.64056052],[12.41749151,55.64051919],[12.41761247,55.64028122],[12.41762946,55.64024556],[12.41765712,55.64018457],[12.41766845,55.64016024],[12.41767111,55.64013925],[12.41765812,55.64012259],[12.41763012,55.64011393],[12.41759213,55.6401126],[12.41743981,55.64012992],[12.41738248,55.64013825],[12.41726182,55.64014291],[12.41720849,55.64013325],[12.41717383,55.64011492],[12.41715917,55.64008959],[12.4171595,55.64006193],[12.41716983,55.64003227],[12.41718149,55.63999961],[12.41718083,55.63996662],[12.4171595,55.63993962],[12.41711917,55.63992129],[12.41706617,55.63991163],[12.41679186,55.63991163],[12.41671587,55.63991329],[12.41582195,55.63996423],[12.41574662,55.63996822],[12.41483102,55.64000382],[12.41474036,55.64000781],[12.41398473,55.64004645],[12.4138884,55.64005078],[12.41331076,55.64006609],[12.4132141,55.64006642],[12.41282413,55.64008306],[12.41272547,55.64008872],[12.41211416,55.64014235],[12.41200816,55.64015001],[12.40915862,55.6403342],[12.40905829,55.64034053],[12.40642409,55.64052274],[12.40632743,55.6405284],[12.40613411,55.64053705],[12.40603678,55.64053971],[12.40543814,55.64054004],[12.40533581,55.64054004],[12.40503982,55.64054935],[12.40494383,55.64055034],[12.40446851,55.64053337],[12.40437485,55.64052804],[12.40368223,55.64047008],[12.40360457,55.64046075],[12.40291761,55.64036614],[12.40283961,55.64035248],[12.40215431,55.64018254],[12.40207965,55.64016821],[12.40200732,55.64015622],[12.40193866,55.64014723],[12.40168302,55.64012959],[12.40165636,55.64012126],[12.4016337,55.64010726],[12.40161671,55.6400886],[12.40160505,55.64006327],[12.40159772,55.64003361],[12.40153909,55.63960166],[12.40153243,55.63955166],[12.40151912,55.63934768],[12.40151779,55.63929502],[12.40151677,55.6388044],[12.40151378,55.6387504],[12.40148847,55.63842778],[12.40148314,55.63837445],[12.40143051,55.63794815],[12.40142351,55.63789449],[12.40137487,55.63762718],[12.40136454,55.63757385],[12.40131723,55.63736253],[12.40130357,55.63730987],[12.40124559,55.63710422],[12.40122926,55.63705322],[12.40110696,55.63669661],[12.40108763,55.63664628],[12.40104764,55.63654763],[12.40102598,55.63649897],[12.40088768,55.63620968],[12.40086435,55.63616135],[12.40073637,55.63592139],[12.40071037,55.63587306],[12.40051341,55.63554376],[12.40048475,55.6354981],[12.40030446,55.63523079],[12.40027547,55.63518813],[12.40006416,55.63489917],[12.4000365,55.63485784],[12.39993951,55.63473886],[12.39990518,55.63469887],[12.39968988,55.63446389],[12.39965322,55.63442489],[12.39934393,55.6341106],[12.39930227,55.63406894],[12.3990363,55.63382029],[12.39899197,55.63377863],[12.39876099,55.63357431],[12.39871266,55.63353365],[12.39831803,55.63321835],[12.3982677,55.63317935],[12.39800871,55.63298871],[12.39795671,55.63295005],[12.39445568,55.63047097],[12.39440168,55.63043298],[12.3934011,55.62970541],[12.39334611,55.62966508],[12.39271984,55.62922046],[12.39266285,55.6291788],[12.3923692,55.62897415],[12.39231187,55.62893449],[12.39213722,55.62882384],[12.39208789,55.62878884],[12.39204423,55.62874885],[12.39201024,55.62870119],[12.39190093,55.62840888],[12.39186627,55.62834755],[12.39182394,55.62828589],[12.39177595,55.62822423],[12.39165863,55.62811124],[12.39159364,55.62806325],[12.39152431,55.62802259],[12.39145498,55.6279876],[12.39132399,55.62793095],[12.39126066,55.62790495],[12.39078067,55.62774399],[12.39071334,55.62772133],[12.39053203,55.62763968],[12.3904777,55.62760802],[12.39026939,55.62747304],[12.39021773,55.62743871],[12.38975511,55.62711909],[12.38970345,55.62708276],[12.38896219,55.6265185],[12.3889122,55.62648117],[12.38830093,55.62603792],[12.38829227,55.62603159],[12.38826627,55.62603325],[12.38812762,55.62607557],[12.38808029,55.62609157],[12.38787497,55.62616588],[12.38783364,55.62618154],[12.387742,55.62622252],[12.38770634,55.62621253],[12.38764236,55.62615521],[12.3876107,55.62613055],[12.38715475,55.62578493],[12.38710075,55.6257446],[12.38667145,55.62544797],[12.38660679,55.62540364],[12.38635515,55.62521632],[12.38629349,55.62516732],[12.38617783,55.62506733],[12.3861245,55.62501667],[12.38583485,55.62471836],[12.38578886,55.62467003],[12.3856852,55.62457671],[12.38562787,55.62453205],[12.38487325,55.62400876],[12.38480992,55.62396543],[12.38454495,55.62379677],[12.38448229,55.62375544],[12.38428597,55.62359846],[12.38423731,55.6235598],[12.38366502,55.62316985],[12.38360336,55.62312819],[12.38266744,55.62244493],[12.38260444,55.6223966],[12.38204282,55.6219463],[12.38198182,55.62189531],[12.38180284,55.621742],[12.38174418,55.62169101],[12.38151753,55.62148202],[12.38146187,55.62142902],[12.38114624,55.62110538],[12.38109591,55.62105172],[12.3809036,55.62083808],[12.38085694,55.62078575],[12.38064663,55.62052978],[12.38060597,55.62048079],[12.380392,55.62019314],[12.38035867,55.62014614],[12.37998504,55.61954786],[12.37995105,55.61949586],[12.37977008,55.61924923],[12.37973609,55.6191999],[12.3795008,55.61877961],[12.3794778,55.61873928],[12.37946014,55.61870262],[12.37945481,55.61867129],[12.37946914,55.6186473],[12.37953879,55.61861597],[12.37957212,55.61859864],[12.37958878,55.61857631],[12.37958745,55.61854965],[12.37957312,55.61851965],[12.37943047,55.61833867],[12.37939581,55.61829834],[12.37931949,55.61821868],[12.37927916,55.61817902],[12.37914651,55.6180607],[12.37909785,55.61802071],[12.3789372,55.61790172],[12.37888121,55.61786072],[12.37870022,55.61774107],[12.37863756,55.61770174],[12.37844524,55.61758942],[12.37837991,55.61755409],[12.37817559,55.61745777],[12.37810493,55.61742911],[12.37760197,55.61725348],[12.37753064,55.61723182],[12.37685069,55.61705653],[12.37676836,55.61703453],[12.37660136,55.61698087],[12.3765157,55.61694821],[12.37616839,55.61679456],[12.37608339,55.61675457],[12.37538644,55.61641061],[12.37531211,55.61637628],[12.37500947,55.6162383],[12.37493381,55.61620364],[12.37445984,55.61600168],[12.37437751,55.61596902],[12.37143032,55.61485482],[12.37133132,55.61481749],[12.36967373,55.61420157],[12.36957507,55.61416491],[12.36615926,55.61284243],[12.3660786,55.61281077],[12.36600027,55.61278277],[12.36592727,55.61275844],[12.36574431,55.61271113],[12.36574298,55.6127108],[12.36574397,55.61270915],[12.36571131,55.61269082],[12.36557133,55.6126315],[12.36553,55.61261184],[12.36529236,55.61248252],[12.36523537,55.61245352],[12.36504539,55.61237253],[12.36498039,55.61234387],[12.36444843,55.61209592],[12.36438077,55.61206293],[12.36393915,55.6118133],[12.36387515,55.61177897],[12.36242428,55.61105542],[12.36236162,55.61102342],[12.36204799,55.61085811],[12.36198466,55.61082378],[12.3614207,55.61050949],[12.36135604,55.61047416],[12.36096739,55.61025385],[12.3609024,55.61021519],[12.3604721,55.60992957],[12.36041044,55.60988858],[12.35988581,55.60957262],[12.35982281,55.60953162],[12.35914654,55.60905768],[12.35909721,55.60902302],[12.3588419,55.60882772],[12.3587999,55.60880372],[12.35875724,55.60878939],[12.35871958,55.60878573],[12.35868792,55.60879106],[12.3584243,55.608876],[12.35840197,55.608863],[12.35838398,55.60884834],[12.35890197,55.60900534],[12.35875602,55.60889405],[12.35873069,55.60887006],[12.35868603,55.60877974],[12.3586697,55.60874541],[12.35864404,55.60871175],[12.35860838,55.60867809],[12.35847273,55.6085721],[12.3584204,55.60853444],[12.35817709,55.60837646],[12.35811576,55.60833647],[12.35794478,55.60821049],[12.35789045,55.6081675],[12.35783645,55.60812417],[12.35778512,55.60808017],[12.35724885,55.60759789],[12.35719485,55.60755023],[12.3567939,55.60722526],[12.35673891,55.60717693],[12.35663692,55.60707961],[12.35658826,55.60703028],[12.35645394,55.60688197],[12.35640628,55.60683298],[12.35625163,55.60668834],[12.3561983,55.60664001],[12.35531739,55.60586344],[12.35527606,55.60582578],[12.35511342,55.60568881],[12.35507442,55.60565582],[12.35498677,55.60559049],[12.35494477,55.60555683],[12.35486712,55.6054855],[12.35482979,55.60545184],[12.35479946,55.60541751],[12.35474114,55.60530652],[12.35471748,55.60526953],[12.35461817,55.60516288],[12.35457984,55.60512689],[12.35453685,55.60509123],[12.35437319,55.60499425],[12.35432486,55.60495892],[12.35395955,55.60465495],[12.35391522,55.60461562],[12.35387223,55.60457529],[12.35383157,55.60453496],[12.35375824,55.6044503],[12.35371925,55.60440797],[12.35354994,55.60424299],[12.35350695,55.60420299],[12.35304567,55.60380771],[12.35300034,55.60376905],[12.35218006,55.60304515],[12.35212973,55.60300149],[12.35198441,55.60288517],[12.35194475,55.60285651],[12.35192075,55.60283318],[12.35191609,55.60281785],[12.35192408,55.60281219],[12.35202005,55.60288083],[12.35204238,55.60289983],[12.35205571,55.60291849],[12.35205905,55.60294181],[12.35205772,55.60294647],[12.35200239,55.60290814],[12.35198173,55.60288948],[12.35183242,55.60273485],[12.35179309,55.60269619],[12.35161278,55.60252988],[12.35156545,55.60248588],[12.35118448,55.60211358],[12.35113649,55.60206559],[12.35076285,55.60167029],[12.35071785,55.60162163],[12.35012559,55.60094903],[12.35008559,55.60090237],[12.34985295,55.60060974],[12.34981429,55.60056008],[12.34958466,55.60024677],[12.34954266,55.60019344],[12.34855379,55.59899724],[12.3485128,55.59894925],[12.34797385,55.59835265],[12.34792552,55.59830032],[12.34751255,55.59786936],[12.34745989,55.59781436],[12.34723891,55.59759839],[12.34718258,55.59754473],[12.34666763,55.59707378],[12.3466083,55.59702312],[12.34628266,55.59677982],[12.34622033,55.59672949],[12.34542075,55.59603223],[12.34536442,55.5959849],[12.3441912,55.59503196],[12.34413421,55.5949873],[12.34383989,55.59476867],[12.3437799,55.59472601],[12.34316829,55.59432073],[12.34310696,55.59428074],[12.34279466,55.59408509],[12.34273133,55.59404643],[12.34228137,55.59378213],[12.34221537,55.59374447],[12.34201738,55.59363416],[12.34194905,55.59359816],[12.34166574,55.59345517],[12.34159141,55.59342084],[12.34106579,55.59318156],[12.34098946,55.5931479],[12.34047816,55.5929386],[12.34041017,55.59291027],[12.33997754,55.59271464],[12.33996188,55.59270798],[12.33968258,55.59255768],[12.33962792,55.59252968],[12.33901896,55.59223906],[12.33894363,55.59220273],[12.33785705,55.59165347],[12.33778106,55.59161514],[12.33746441,55.59147083],[12.33738641,55.5914335],[12.33731008,55.59139484],[12.33723609,55.59135418],[12.33709409,55.59126686],[12.33702076,55.59122253],[12.3367831,55.59110154],[12.33670144,55.59106288],[12.33594182,55.5907246],[12.33585583,55.59068727],[12.3351642,55.59041031],[12.33507554,55.59037665],[12.33452023,55.59018235],[12.33442457,55.59015002],[12.33291731,55.58966776],[12.33281798,55.58963677],[12.33214636,55.58941082],[12.3320497,55.58937849],[12.3313594,55.58915787],[12.33126107,55.58912621],[12.33047278,55.58886125],[12.33037178,55.58882792],[12.32868584,55.58827767],[12.32857851,55.58824234],[12.32665733,55.58764381],[12.326604,55.58762715],[12.32600671,55.58743086],[12.32591805,55.5874012],[12.32545773,55.58723189],[12.3253604,55.5871979],[12.32446045,55.58690026],[12.32436145,55.5868676],[12.32271253,55.58633569],[12.32262587,55.58630836],[12.32228756,55.58619172],[12.32220257,55.58616306],[12.3192584,55.58521554],[12.31917374,55.58518888],[12.3185838,55.58498357],[12.31849781,55.58495358],[12.3171459,55.58450599],[12.31705624,55.58447533],[12.31625695,55.58418236],[12.31616696,55.5841497],[12.31457974,55.58358313],[12.31447308,55.58354547],[12.31382245,55.5833335],[12.31371679,55.58329917],[12.31321548,55.58311887],[12.31311715,55.58308421],[12.31282816,55.58298923],[12.3127335,55.58295724],[12.31206321,55.58275027],[12.31196788,55.58272194],[12.3108153,55.58240702],[12.3107193,55.58238069],[12.31023999,55.58224305],[12.31014433,55.58221439],[12.3089334,55.58181479],[12.30884041,55.58178346],[12.3081251,55.58148983],[12.3080361,55.58145383],[12.30630488,55.58077494],[12.30621988,55.58074128],[12.30578957,55.58057831],[12.30570191,55.58054631],[12.30474631,55.58021502],[12.30466265,55.58018369],[12.30398071,55.57990943],[12.30395471,55.5798981],[12.30261181,55.57938154],[12.30253682,55.57935088],[12.30239149,55.57928556],[12.30232049,55.57925223],[12.3019895,55.57907924],[12.3019235,55.57904758],[12.30096421,55.57859866],[12.30090155,55.57857066],[12.29951264,55.57790579],[12.29944131,55.57787146],[12.29795309,55.57713792],[12.29789176,55.57710626],[12.29736948,55.5768203],[12.29731215,55.57678897],[12.29688818,55.57653768],[12.29683552,55.57650669],[12.2959836,55.57596946],[12.2959346,55.57593847],[12.29544599,55.5756392],[12.29539799,55.57561054],[12.29510769,55.57544222],[12.29505869,55.57541289],[12.29434177,55.57503027],[12.29429044,55.57500428],[12.29322353,55.57447606],[12.29316753,55.57444873],[12.29219728,55.57399448],[12.29212428,55.57395982],[12.291198,55.57351355],[12.29111601,55.57347489],[12.29069004,55.57328324],[12.29060405,55.57324358],[12.28970645,55.57282162],[12.28961446,55.57277962],[12.28891784,55.57244366],[12.28883518,55.57240533],[12.28875385,55.572369],[12.28867052,55.57233734],[12.28850419,55.57228302],[12.28842986,55.57225236],[12.2882332,55.57214037],[12.28816521,55.57210338],[12.28779957,55.57193273],[12.28772724,55.57189673],[12.28731226,55.57165743],[12.28724027,55.57161744],[12.28686697,55.57142112],[12.28679031,55.57138179],[12.28516677,55.57059957],[12.28509711,55.57056424],[12.28481013,55.57043226],[12.28473947,55.57039926],[12.2839432,55.57000565],[12.28388621,55.56997666],[12.28369257,55.56989135],[12.28366591,55.56987535],[12.28365191,55.56985902],[12.28365058,55.56984269],[12.28366391,55.5698277],[12.28368924,55.56981571],[12.28375989,55.56980072],[12.28380489,55.56979906],[12.28395588,55.56981705],[12.28400854,55.56982538],[12.2840592,55.56984004],[12.28421184,55.56990769],[12.2842685,55.56992102],[12.28432483,55.56992435],[12.28437516,55.56991802],[12.28441982,55.56990269],[12.28446081,55.56988103],[12.28449947,55.56985303],[12.28461346,55.56974938],[12.28465512,55.56971239],[12.28493009,55.56949242],[12.28497409,55.56945809],[12.28510541,55.56937043],[12.2851434,55.56934277],[12.28530838,55.56920813],[12.28534338,55.56918147],[12.28549436,55.5690755],[12.28552902,55.5690495],[12.28564265,55.56894487],[12.28564431,55.56894088],[12.28552067,55.56904752],[12.28548434,55.56907651],[12.2850784,55.56938245],[12.28502141,55.56942611],[12.28485909,55.56956177],[12.28480776,55.56960443],[12.28452612,55.56982007],[12.28448313,55.56984873],[12.28444147,55.56987439],[12.28439981,55.56989605],[12.28435615,55.56991071],[12.28430916,55.56991837],[12.28425983,55.56991771],[12.28415284,55.56989138],[12.28409718,55.56987005],[12.28271528,55.56918853],[12.28265362,55.56915787],[12.28221732,55.56893458],[12.28215332,55.56890292],[12.28189301,55.56878262],[12.28183002,55.56875229],[12.28128474,55.568484],[12.28122775,55.56845767],[12.28104943,55.56839968],[12.28098944,55.56839202],[12.28093478,55.56839401],[12.28084746,55.56842],[12.28080546,55.56843333],[12.28076147,55.56843733],[12.28071681,55.56842967],[12.28067015,55.56841334],[12.28010085,55.56814704],[12.28003085,55.56811371],[12.27869029,55.56746116],[12.27862529,55.56742816],[12.27702842,55.5666673],[12.27697243,55.56664064],[12.27680944,55.56655731],[12.27675478,55.56653065],[12.27569087,55.5660451],[12.27563954,55.56602144],[12.27518425,55.56580414],[12.27513459,55.56578148],[12.2747203,55.56560252],[12.27466464,55.56557853],[12.27414268,55.56537491],[12.27408835,55.56535058],[12.2739287,55.56527326],[12.27387771,55.56524627],[12.27363274,55.56510929],[12.27358108,55.5650863],[12.27352509,55.56506664],[12.27346443,55.56505231],[12.27319011,55.56502666],[12.27312278,55.56501566],[12.27293946,55.56495701],[12.27288647,55.56493135],[12.27279214,55.56487403],[12.27275281,55.5648427],[12.27271748,55.56481004],[12.27268849,55.56477638],[12.27266916,55.56474205],[12.2726615,55.56470705],[12.27266883,55.56467172],[12.27268982,55.56463939],[12.27279581,55.56454907],[12.27283081,55.56451974],[12.27286047,55.56448941],[12.2728788,55.56445741],[12.27287913,55.56442475],[12.27285947,55.56439542],[12.27282581,55.56436943],[12.27278282,55.5643461],[12.27251951,55.56424246],[12.27247118,55.56422113],[12.27242985,55.5641998],[12.27240252,55.56417547],[12.27239552,55.56415047],[12.27240285,55.56412448],[12.27241685,55.56409849],[12.27249517,55.56402217],[12.27252716,55.56399717],[12.27264014,55.56392851],[12.27268147,55.56390818],[12.27284111,55.5638442],[12.27287344,55.5638302],[12.27289677,55.5638172],[12.27294108,55.56377322],[12.27295307,55.56376423],[12.27284575,55.56383655],[12.27282809,55.56384688],[12.27270245,55.56394351],[12.27266912,55.5639665],[12.27249282,55.56407947],[12.27245949,55.5641008],[12.27238316,55.56413812],[12.2723345,55.56414878],[12.27228351,55.56414878],[12.27223018,55.56414045],[12.27211653,55.56411245],[12.27205587,55.56410179],[12.27188756,55.5640908],[12.27183023,55.56408147],[12.27165657,55.56402848],[12.27159857,55.56400682],[12.27028134,55.56346858],[12.27021001,55.56343825],[12.2689341,55.5628827],[12.26886244,55.56285137],[12.26837447,55.56263041],[12.26830548,55.56260008],[12.26802617,55.5624831],[12.26795784,55.56245277],[12.26713422,55.56206284],[12.26706256,55.56202818],[12.26564463,55.5613016],[12.26555897,55.5612596],[12.26464903,55.56086265],[12.26455703,55.56082532],[12.2637314,55.56053638],[12.26364307,55.56050572],[12.26320342,55.56036842],[12.26312042,55.56034109],[12.26304043,55.56031176],[12.2629651,55.5602811],[12.26275445,55.56018178],[12.26267812,55.56015478],[12.2624268,55.56009746],[12.26234247,55.56007713],[12.26201582,55.55998183],[12.26193649,55.55995717],[12.26017096,55.55938798],[12.2600923,55.55936298],[12.25867772,55.55889642],[12.25859839,55.55887076],[12.25791744,55.5586238],[12.25784478,55.55859647],[12.25698817,55.5582632],[12.25691517,55.55823421],[12.25613456,55.55789227],[12.2560659,55.55786028],[12.25548192,55.55754732],[12.25541493,55.55751333],[12.25506528,55.55735269],[12.25499629,55.55732103],[12.25480564,55.55721438],[12.25473964,55.55717805],[12.25445699,55.55705075],[12.254388,55.55701742],[12.25374538,55.5566678],[12.25368238,55.55663381],[12.25272476,55.55613123],[12.2526531,55.5560929],[12.25209381,55.55578528],[12.25202582,55.55574595],[12.25169085,55.55554631],[12.25162452,55.55550598],[12.24726487,55.55281301],[12.24720554,55.55277635],[12.24536968,55.55162452],[12.24530902,55.55158719],[12.24519404,55.55150753],[12.24513371,55.55146754],[12.24462975,55.55116559],[12.24456809,55.55112793],[12.2441688,55.55085496],[12.24411247,55.55081697],[12.24365719,55.55052502],[12.24359853,55.55048836],[12.2431099,55.55019007],[12.24304624,55.55015208],[12.24235531,55.5497558],[12.24229798,55.54972147],[12.24164937,55.5493062],[12.24159504,55.54927154],[12.24118708,55.54899593],[12.24113508,55.54896093],[12.24077444,55.54870463],[12.24072411,55.5486673],[12.24018784,55.54825034],[12.24013951,55.54821168],[12.23960556,55.54775507],[12.23955623,55.54771374],[12.23875399,55.54705283],[12.23870333,55.54701317],[12.23821538,55.54668955],[12.23816638,55.54665522],[12.23812405,55.54662123],[12.23809405,55.5465869],[12.23805739,55.5465149],[12.23803206,55.54648024],[12.23799707,55.54645024],[12.23795441,55.54642558],[12.23781975,55.54636026],[12.23778676,55.54633493],[12.2377001,55.54626161],[12.23767511,55.54624028],[12.23766078,55.54622229],[12.23766144,55.54620896],[12.23767377,55.5462043],[12.23768977,55.54620929],[12.23772476,55.54623795],[12.23774309,55.54625828],[12.23776941,55.54630394],[12.23776341,55.54632594],[12.23773975,55.54634627],[12.23766376,55.54638026],[12.23761876,55.54639225],[12.2375731,55.54639891],[12.23753011,55.54639491],[12.23749378,55.54637958],[12.23746245,55.54635725],[12.23740245,55.5463036],[12.23737179,55.5462736],[12.23713217,55.54602164],[12.23709118,55.54598131],[12.23691352,55.54581867],[12.23686719,55.54577667],[12.235434,55.54459813],[12.23538667,55.5445598],[12.23423448,55.54365894],[12.23418849,55.54362228],[12.2341455,55.54358495],[12.2341105,55.54354729],[12.23403251,55.5434313],[12.23400152,55.54339497],[12.23384954,55.54325132],[12.23380688,55.54321599],[12.23375722,55.54318333],[12.23369822,55.543157],[12.23355789,55.54312401],[12.23348723,55.54310668],[12.2334229,55.54308235],[12.23336957,55.54305102],[12.23333158,55.54301369],[12.23331158,55.54297303],[12.23330359,55.5429307],[12.23329459,55.54288804],[12.23325493,55.54280538],[12.23321894,55.54276672],[12.23296197,55.54259008],[12.23291064,55.54255242],[12.23286065,55.54251442],[12.23281166,55.54247643],[12.23267768,55.54235877],[12.23263568,55.54231878],[12.23252504,55.54219579],[12.23248838,55.54215513],[12.23213875,55.5417945],[12.23210009,55.54175384],[12.2315535,55.54115225],[12.23151684,55.54111159],[12.23123654,55.54082695],[12.23119654,55.54078662],[12.23092826,55.54049965],[12.23089027,55.54046032],[12.23060464,55.54017635],[12.23056464,55.54013502],[12.23025936,55.5398024],[12.2302197,55.53976074],[12.22969378,55.53922145],[12.22965512,55.53918046],[12.22927216,55.5388075],[12.22922817,55.53876517],[12.22878121,55.53834788],[12.22873555,55.53830522],[12.22807664,55.5377043],[12.22803331,55.53766464],[12.22793999,55.53758965],[12.22789566,55.53755299],[12.22770136,55.53736269],[12.22766103,55.53732569],[12.22745172,55.53714305],[12.22740939,55.53710639],[12.22711476,55.53683509],[12.22707243,55.53679443],[12.2270231,55.53675677],[12.22690944,55.53669012],[12.22685978,55.53665479],[12.22682345,55.53661546],[12.22676446,55.53653147],[12.2267288,55.53649081],[12.22647383,55.53624751],[12.2264305,55.53620585],[12.22623987,55.53598854],[12.22620154,55.53594388],[12.22599423,55.53572257],[12.22595223,55.53567824],[12.22542728,55.53515163],[12.22538195,55.5351083],[12.22495766,55.53473667],[12.224909,55.53469601],[12.22427739,55.53420739],[12.22422539,55.53416706],[12.2241234,55.53409007],[12.22407107,55.53405474],[12.22389608,55.53396842],[12.22384408,55.53393576],[12.22380075,55.53389976],[12.2236951,55.53377778],[12.22365344,55.53373878],[12.22352146,55.5336248],[12.2234778,55.53358747],[12.22323282,55.53339117],[12.22320416,55.53336684],[12.22317883,55.53334484],[12.22315817,55.53332618],[12.22313753,55.53329719],[12.22313819,55.53329653],[12.22307187,55.53325953],[12.22304421,55.53324054],[12.22281858,55.53306457],[12.22277958,55.53303024],[12.22268126,55.53291859],[12.2226446,55.53288126],[12.22248629,55.53273661],[12.22244496,55.53270095],[12.22230264,55.53259863],[12.22225798,55.5325633],[12.22213833,55.53245365],[12.22209667,55.53241832],[12.22194402,55.53232534],[12.22190203,55.53229068],[12.22187037,55.53225269],[12.22179905,55.53213104],[12.22176872,55.53209138],[12.22154342,55.53185607],[12.22150842,55.53181574],[12.22134343,55.53160277],[12.22130977,55.53155911],[12.22116146,55.53138647],[12.22112513,55.53134414],[12.22076819,55.53090219],[12.22074019,55.53086753],[12.22061722,55.53070623],[12.22059223,55.53067424],[12.22052624,55.53057359],[12.22050225,55.5305396],[12.22030296,55.53028297],[12.22027763,55.53024931],[12.220051,55.52991534],[12.22001834,55.52987068],[12.21986236,55.5296727],[12.2198347,55.52963804],[12.21980204,55.52960505],[12.21967305,55.52951207],[12.21963906,55.52947641],[12.21961008,55.52939675],[12.21959742,55.52935575],[12.21955343,55.52927543],[12.2195261,55.5292351],[12.21910184,55.52862382],[12.21907485,55.52858516],[12.21898119,55.52846584],[12.21894886,55.52842384],[12.21848661,55.52776323],[12.21844862,55.5277089],[12.21832397,55.52754625],[12.21828431,55.52749159],[12.21776439,55.52670432],[12.21773139,55.52665499],[12.21760741,55.52645668],[12.21757475,55.52640569],[12.21713116,55.52579776],[12.2170935,55.52574843],[12.21690086,55.5255078],[12.21686287,55.5254618],[12.21681988,55.52541814],[12.21671655,55.52533815],[12.21667222,55.52529549],[12.21664156,55.52525049],[12.2165989,55.52515783],[12.2165729,55.5251125],[12.21650891,55.52502217],[12.21647292,55.52497717],[12.21632261,55.52479686],[12.21628428,55.52475053],[12.21571267,55.52409493],[12.21567301,55.5240496],[12.21552602,55.52386762],[12.21548769,55.52382296],[12.21513572,55.52342365],[12.21509839,55.52338032],[12.21492309,55.52316535],[12.21488609,55.52312236],[12.21439515,55.52257109],[12.21435682,55.52252776],[12.21415451,55.52231678],[12.21411418,55.52227378],[12.21386287,55.52201848],[12.21381988,55.52197582],[12.21338428,55.52155621],[12.21333762,55.52151355],[12.21230806,55.52060729],[12.21226006,55.52056563],[12.21110882,55.51958876],[12.21106549,55.51955276],[12.21102583,55.51951643],[12.2109945,55.51947877],[12.21094784,55.51940311],[12.21092385,55.51936745],[12.21086386,55.51930179],[12.2108302,55.51927113],[12.21078987,55.51924414],[12.21074087,55.51922314],[12.21058422,55.51917515],[12.21054089,55.51915315],[12.21050356,55.51912916],[12.21047257,55.51910383],[12.21039059,55.51902319],[12.21038726,55.51902053],[12.21043159,55.51896287],[12.21045925,55.51894921],[12.21059223,55.51892456],[12.21064489,55.5189159],[12.21076188,55.51890991],[12.21082021,55.51891657],[12.21098619,55.51896256],[12.21104752,55.51897022],[12.21117485,55.51896423],[12.21123818,55.51895457],[12.21135584,55.51892191],[12.21140517,55.51889792],[12.21144683,55.51886826],[12.21147649,55.51883593],[12.21149082,55.51880093],[12.21148949,55.51876394],[12.21147583,55.51872528],[12.21145517,55.51868529],[12.21132686,55.51847964],[12.21131153,55.51844198],[12.21131486,55.51840732],[12.21133919,55.51837766],[12.21138119,55.51835533],[12.21143485,55.51833867],[12.21181549,55.51826437],[12.21187749,55.51825071],[12.21279342,55.51803011],[12.21286308,55.51801278],[12.21400199,55.51775088],[12.21406999,55.51773422],[12.21454628,55.51760525],[12.21461394,55.51758526],[12.21509623,55.51742597],[12.21517189,55.51740231],[12.2156262,55.51727433],[12.21570053,55.51725633],[12.21736169,55.51689312],[12.21741202,55.51688246],[12.2186236,55.51660157],[12.21866826,55.51659191],[12.2188819,55.51656027],[12.21893723,55.51655294],[12.2192662,55.51651865],[12.21931786,55.51651166],[12.21959149,55.51646403],[12.21984148,55.51641604],[12.21943718,55.51648867],[12.21936519,55.51649967],[12.21898089,55.51654532],[12.21890389,55.51655498],[12.21861791,55.51659996],[12.21855558,55.51661262],[12.2179313,55.51675722],[12.21787564,55.51677088],[12.21741602,55.51686584],[12.21735303,55.51687984],[12.21610813,55.51716842],[12.21605314,55.51718142],[12.21582883,55.51722607],[12.2157755,55.5172384],[12.21541787,55.51733103],[12.21536921,55.51734436],[12.21502258,55.51744966],[12.21498325,55.51746132],[12.21485827,55.51747663],[12.21481661,55.51746963],[12.21477828,55.5174553],[12.21471329,55.51741498],[12.2146863,55.51739265],[12.21453432,55.51724167],[12.21450966,55.51721801],[12.21443068,55.51715835],[12.21442402,55.51715402],[12.21442036,55.51711902],[12.21441537,55.51709969],[12.21440137,55.51707569],[12.21437704,55.51704903],[12.21431206,55.51699638],[12.21427607,55.51697005],[12.21413976,55.51687873],[12.2141101,55.5168554],[12.21386615,55.51663644],[12.21383682,55.51661111],[12.2137875,55.51653812],[12.21376351,55.51651279],[12.21329126,55.51604886],[12.2132646,55.51602587],[12.21324761,55.51600521],[12.21323229,55.51595921],[12.2132153,55.51593322],[12.21316798,55.51587822],[12.21314065,55.51584923],[12.21283836,55.51556794],[12.21280737,55.51553928],[12.21266473,55.51538864],[12.21263673,55.51536031],[12.21257941,55.51530799],[12.21255075,55.51528666],[12.21251609,55.51524667],[12.21249743,55.51522701],[12.21218014,55.51505938],[12.21214714,55.51503472],[12.21206516,55.5149584],[12.21204083,55.51493474],[12.21192887,55.51479211],[12.21190787,55.51476578],[12.21180689,55.51465279],[12.21177723,55.51462413],[12.21154026,55.51442816],[12.2115086,55.51440283],[12.21141795,55.51433785],[12.21139462,55.51431986],[12.21135997,55.51426421],[12.21134131,55.51424355],[12.21108536,55.51400093],[12.21105837,55.5139776],[12.21084773,55.51379964],[12.2108234,55.51377965],[12.21069308,55.51369368],[12.21068575,55.51368868],[12.21031146,55.5138193],[12.21026613,55.51383696],[12.20938825,55.5142065],[12.20934825,55.51422183],[12.20930825,55.51423482],[12.20926759,55.51424548],[12.20918527,55.51425215],[12.20914527,55.51424182],[12.20910661,55.51422416],[12.20903362,55.5141745],[12.20899763,55.5141465],[12.20812942,55.51340497],[12.20808909,55.51337031],[12.20764582,55.5129607],[12.20760882,55.51292637],[12.20746918,55.51278739],[12.20743285,55.51275439],[12.20719288,55.51255842],[12.20715388,55.51252443],[12.20670627,55.51211813],[12.20666161,55.5120808],[12.2064983,55.51192849],[12.20645864,55.51188983],[12.20634532,55.51176785],[12.20630399,55.51172719],[12.20617268,55.51161121],[12.20611802,55.51158155],[12.20605369,55.51156089],[12.20598503,55.51155323],[12.20591837,55.51155923],[12.20585604,55.51157456],[12.20579438,55.51159489],[12.2056164,55.51166721],[12.20555941,55.51169221],[12.20501345,55.51194349],[12.20496245,55.51196682],[12.20477313,55.5120418],[12.20473747,55.51205646],[12.20460416,55.51209678],[12.2045655,55.51207645],[12.20444687,55.51193915],[12.20441988,55.51190549],[12.20400728,55.51135253],[12.20397795,55.51131087],[12.20383731,55.51110088],[12.20381131,55.51105922],[12.20359738,55.51069494],[12.20357472,55.51065495],[12.20343376,55.51037199],[12.20341543,55.51033166],[12.20328781,55.51001471],[12.20327315,55.50997638],[12.20324849,55.50990006],[12.20323883,55.50986206],[12.20321486,55.50967076],[12.20320753,55.5096321],[12.20315089,55.50943746],[12.20313489,55.5093988],[12.20299861,55.50913317],[12.20298028,55.50909384],[12.20268403,55.5084206],[12.2026667,55.50838394],[12.20252406,55.50812164],[12.2025024,55.50808398],[12.2023331,55.50782169],[12.2023071,55.5077837],[12.2021078,55.50751606],[12.2020778,55.50747706],[12.20168585,55.50701111],[12.20165352,55.50697145],[12.20147389,55.50673481],[12.20144356,55.50669581],[12.20115896,55.50634885],[12.2011273,55.50630952],[12.20071839,55.5057896],[12.20068639,55.50574961],[12.20065773,55.50570861],[12.20063307,55.50566662],[12.20056575,55.50553897],[12.20054009,55.50549631],[12.20041945,55.50532832],[12.20038712,55.50528666],[12.20008948,55.50496769],[12.20005549,55.50492803],[12.19987751,55.50468573],[12.19984851,55.50464507],[12.19970687,55.50448643],[12.19967254,55.50444544],[12.19947725,55.50419314],[12.19944492,55.50415148],[12.19876071,55.50321893],[12.19872905,55.5031766],[12.19829677,55.502621],[12.19826344,55.50257767],[12.19777918,55.5019214],[12.19774685,55.50187707],[12.19731691,55.50131847],[12.19728491,55.50127548],[12.19719394,55.50114617],[12.19716594,55.50110284],[12.1970473,55.50088086],[12.19702197,55.5008362],[12.19696298,55.50074854],[12.19693265,55.50070488],[12.19674669,55.50044857],[12.19671636,55.50040624],[12.19632709,55.4999003],[12.1962931,55.49985897],[12.19599015,55.49953935],[12.19595816,55.49950302],[12.19589584,55.49941837],[12.19588351,55.49940171],[12.1958672,55.49935641],[12.19586786,55.49935575],[12.1958182,55.49934677],[12.19578387,55.4993481],[12.19534127,55.49938239],[12.19530694,55.49936606],[12.19529528,55.49935206],[12.19528395,55.49933407],[12.1952573,55.49925008],[12.19524397,55.49921542],[12.19520331,55.49914276],[12.19517765,55.49910543],[12.19508867,55.49898644],[12.19505367,55.49894444],[12.19489303,55.4987728],[12.19485137,55.4987268],[12.19477405,55.49863381],[12.19473872,55.49858615],[12.19458208,55.4983385],[12.19454942,55.49828851],[12.19432245,55.49799254],[12.19428446,55.49794288],[12.19376454,55.49718398],[12.19372954,55.49713499],[12.19357457,55.49689668],[12.19354257,55.49685002],[12.19343459,55.49671471],[12.19339993,55.49666971],[12.1933716,55.49662372],[12.19332928,55.4965284],[12.19330595,55.49648041],[12.19305166,55.49601514],[12.193028,55.49596981],[12.19262841,55.4951592],[12.19260541,55.49511454],[12.19251876,55.49498355],[12.19249443,55.49493955],[12.19242177,55.49472058],[12.19240444,55.49467792],[12.19209084,55.49401865],[12.19206984,55.49397466],[12.19186257,55.49358537],[12.19183957,55.49354204],[12.19170259,55.49332906],[12.1916796,55.49328506],[12.19153897,55.49296676],[12.19151931,55.49292176],[12.19143133,55.49274244],[12.19141067,55.49269778],[12.19134036,55.49251812],[12.19132003,55.49247379],[12.19113307,55.49210584],[12.19111107,55.49205985],[12.19094909,55.49179188],[12.19092143,55.49174688],[12.19082444,55.49156655],[12.19080245,55.49152222],[12.19078279,55.49147756],[12.1907658,55.49143357],[12.19072548,55.49130058],[12.19071049,55.49125659],[12.19057153,55.49090464],[12.19055287,55.49086098],[12.19031727,55.49033937],[12.19029994,55.49030204],[12.19013298,55.48997243],[12.19011465,55.4899371],[12.19008999,55.48986478],[12.19007666,55.48982912],[12.18999735,55.48966383],[12.18998369,55.48963117],[12.18992671,55.48953586],[12.18990671,55.48950387],[12.18973444,55.48913658],[12.18971545,55.48910292],[12.18967346,55.48899794],[12.1896568,55.48896261],[12.18961481,55.48889228],[12.18959582,55.48885629],[12.1895655,55.48878496],[12.18954851,55.48874863],[12.18950485,55.48867498],[12.18948252,55.48863732],[12.18925956,55.48820271],[12.1892359,55.48816138],[12.18910993,55.48791041],[12.1890886,55.48786742],[12.18900763,55.48768911],[12.1889863,55.48764378],[12.18876137,55.48719414],[12.18874037,55.48715148],[12.18866939,55.48702382],[12.18864706,55.48697949],[12.1886084,55.48689017],[12.18858707,55.48684517],[12.18856374,55.48680117],[12.18853774,55.48675718],[12.18839742,55.48654288],[12.18837476,55.48649955],[12.18829711,55.4863249],[12.18828178,55.48628057],[12.1882428,55.48610325],[12.1882268,55.48605859],[12.1880885,55.48580361],[12.18806817,55.48576128],[12.18801986,55.48563462],[12.18800087,55.48559262],[12.18793489,55.4854733],[12.1879179,55.48543397],[12.18785825,55.48527467],[12.18784192,55.48523601],[12.18739039,55.48430413],[12.18737473,55.48426714],[12.18731374,55.48415915],[12.18729175,55.48412249],[12.18714877,55.4839152],[12.18712744,55.4838802],[12.18690551,55.48343694],[12.18688652,55.48340028],[12.18685487,55.48332562],[12.18684254,55.48328796],[12.18679124,55.48309699],[12.18677858,55.48305899],[12.18673194,55.48294567],[12.18671628,55.48290667],[12.18641004,55.48225576],[12.18639038,55.48221443],[12.18615378,55.48180716],[12.18613412,55.4817665],[12.18610213,55.48168518],[12.1860888,55.48164385],[12.18604616,55.48148387],[12.18603417,55.48144654],[12.18591255,55.48116458],[12.18590155,55.48113892],[12.18586557,55.48106693],[12.18585391,55.48104494],[12.18582693,55.48100429],[12.18579827,55.48096829],[12.18576395,55.48089897],[12.18574962,55.48086931],[12.18530941,55.47992909],[12.18528841,55.47988476],[12.1849255,55.47913683],[12.1849045,55.47909383],[12.18474554,55.47874588],[12.18472521,55.47870455],[12.18457492,55.47845825],[12.18454959,55.47841659],[12.1844816,55.47828994],[12.18446027,55.47824694],[12.18434498,55.47799197],[12.18432832,55.47794931],[12.18424469,55.47769135],[12.1842277,55.47764935],[12.18379516,55.47673512],[12.18377583,55.47669546],[12.18369686,55.47650082],[12.18367953,55.47646482],[12.18364387,55.4763965],[12.18362454,55.4763635],[12.18354356,55.47623786],[12.18352823,55.47620653],[12.18350824,55.47614388],[12.18350158,55.47611355],[12.18348626,55.47598758],[12.18347926,55.47596559],[12.18339296,55.47580429],[12.1833813,55.47578096],[12.18277358,55.47452385],[12.18275925,55.47449486],[12.18217244,55.47324834],[12.18215111,55.47320301],[12.18152089,55.47189779],[12.18149289,55.47184446],[12.18143357,55.47174414],[12.18140124,55.47169615],[12.18125229,55.47149951],[12.18126595,55.47148985],[12.18130159,55.47158583],[12.18130792,55.47160816],[12.18130193,55.47162749],[12.1812816,55.47164115],[12.18124994,55.47164948],[12.18093431,55.47163449],[12.18087898,55.4716315],[12.18060368,55.4715862],[12.18056602,55.47157954],[12.18053203,55.4715812],[12.18051103,55.47159253],[12.1805077,55.47160819],[12.18054935,55.47164485],[12.18057535,55.47166751],[12.18059501,55.47169451],[12.18060834,55.4717265],[12.18062933,55.47179916],[12.18064399,55.47183582],[12.18069264,55.47193547],[12.18070397,55.4719658],[12.18077558,55.47224507],[12.18077891,55.4722664],[12.18077392,55.47231373],[12.18077059,55.47233906],[12.18077292,55.47238605],[12.18076959,55.47240604],[12.1807356,55.47243736],[12.18071227,55.47245002],[12.18064695,55.47247001],[12.18063595,55.47247134],[12.18068861,55.47241034],[12.18074256,55.4722827],[12.18074789,55.4722507],[12.18073425,55.47207872],[12.18072759,55.47204206],[12.18066595,55.47185843],[12.18065529,55.47182077],[12.18064696,55.47178444],[12.1806413,55.47174878],[12.18063764,55.47168145],[12.18062831,55.47164879],[12.18059832,55.47158313],[12.18058533,55.47154914],[12.18052404,55.47136517],[12.18050571,55.47132784],[12.18041972,55.47121819],[12.18039039,55.47118086],[12.1803434,55.47110454],[12.18032507,55.47106554],[12.1802341,55.47082791],[12.18022144,55.47078858],[12.18017614,55.4705956],[12.18016281,55.47055794],[12.18006284,55.47039063],[12.18004484,55.47035897],[12.17999554,55.47023433],[12.17999055,55.47020467],[12.17999488,55.47017601],[12.18001221,55.47015101],[12.18020851,55.47005237],[12.18024851,55.47002938],[12.18039583,55.46992973],[12.18043016,55.4699034],[12.18045649,55.46987607],[12.18047048,55.46984641],[12.18047414,55.46981508],[12.18046282,55.46974909],[12.18044882,55.46971476],[12.18035118,55.46953745],[12.18032985,55.46950179],[12.18018488,55.4692885],[12.18016155,55.46925117],[12.18002824,55.4690162],[12.18000558,55.46897654],[12.17983662,55.46860123],[12.17981663,55.4685609],[12.17965566,55.46828959],[12.179634,55.46824993],[12.17938072,55.46774866],[12.17935906,55.46770666],[12.17913011,55.46729003],[12.17910612,55.4672477],[12.17896115,55.46699673],[12.17893749,55.46695674],[12.17888717,55.46688108],[12.17886251,55.46684475],[12.1787372,55.46667944],[12.17871621,55.46664845],[12.1786059,55.46647981],[12.17858957,55.46645548],[12.1785286,55.4663465],[12.1785176,55.4663275],[12.17828468,55.46582391],[12.17826769,55.46578991],[12.17749723,55.46436107],[12.17747457,55.46431707],[12.17696035,55.46339715],[12.17693569,55.46335282],[12.17647078,55.46254591],[12.17644812,55.46250525],[12.17632615,55.46230527],[12.17630349,55.46226694],[12.17621151,55.46208563],[12.17619185,55.46205064],[12.17613087,55.46194932],[12.17611154,55.46191599],[12.17599124,55.46174002],[12.17597591,55.46171502],[12.17590161,55.46155307],[12.17589195,55.46153308],[12.17582163,55.46142577],[12.17580197,55.46139277],[12.17556869,55.46098549],[12.1755467,55.46094583],[12.17533509,55.46052323],[12.17531276,55.4604799],[12.17518779,55.46026726],[12.17516179,55.46022427],[12.17502548,55.46001596],[12.17499848,55.45997463],[12.17482252,55.459749],[12.17479719,55.45971467],[12.17468821,55.45953869],[12.17466721,55.4595017],[12.1745196,55.45916775],[12.17449961,55.45912442],[12.174292,55.45875478],[12.174269,55.45871278],[12.17396406,55.45811885],[12.1739434,55.45807952],[12.17352384,55.45733894],[12.17350284,55.45730128],[12.17337419,55.45712097],[12.17335119,55.45708664],[12.1733122,55.45701965],[12.17329587,55.45698932],[12.17326189,55.45690967],[12.1732569,55.45690034],[12.17320959,55.45682736],[12.17319493,55.4568007],[12.1730913,55.45656008],[12.17307464,55.45652142],[12.17294768,55.45625077],[12.17293068,55.45620978],[12.1728497,55.4559948],[12.17283371,55.45595014],[12.17277572,55.45576881],[12.17276273,55.45572348],[12.17274041,55.45563016],[12.17273075,55.4555835],[12.17269377,55.45535285],[12.17268677,55.45530719],[12.17266148,55.45499521],[12.17266015,55.45495188],[12.1726688,55.45474123],[12.17266946,55.45470023],[12.17266514,55.45457925],[12.17266481,55.45453859],[12.17266681,55.45449726],[12.17267214,55.45445593],[12.17270812,55.45424929],[12.17271745,55.4542083],[12.17275644,55.45408431],[12.17277243,55.45404298],[12.17311499,55.45331442],[12.17313232,55.45327676],[12.17333992,55.45286648],[12.17335891,55.45283048],[12.17342489,55.45272383],[12.17344355,55.45268783],[12.17350953,55.45254185],[12.17352486,55.45250519],[12.17365083,55.45225423],[12.17366816,55.4522209],[12.17369981,55.45212491],[12.17371381,55.45209592],[12.17400171,55.45156235],[12.17402171,55.45152902],[12.17408502,55.45139604],[12.17410135,55.45136205],[12.17412734,55.4512924],[12.17414267,55.45125841],[12.174183,55.45119242],[12.17420299,55.45115843],[12.17424597,55.45101845],[12.1742573,55.45098412],[12.17428562,55.45091713],[12.17429928,55.45088413],[12.17435626,55.4507155],[12.17436692,55.45068051],[12.17442222,55.45042354],[12.17442855,55.45038588],[12.17445119,55.45012292],[12.17445485,55.45008626],[12.17445652,55.44993594],[12.17445685,55.44989795],[12.17445387,55.4497803],[12.17445288,55.44973997],[12.17441794,55.44937067],[12.17441128,55.44933068],[12.17438796,55.4492117],[12.17437863,55.44917204],[12.174278,55.44884375],[12.17426601,55.44880809],[12.17419337,55.44862311],[12.17417637,55.44858578],[12.17406106,55.44836947],[12.17404307,55.44833414],[12.1738468,55.44800285],[12.17382714,55.44797019],[12.17369383,55.44778056],[12.1736695,55.4477489],[12.17356119,55.44762292],[12.17353319,55.44759093],[12.17338688,55.4474363],[12.17335755,55.44740564],[12.17302227,55.44707969],[12.17293428,55.44699403],[12.17210042,55.44623914],[12.17206943,55.44621081],[12.17180781,55.4459462],[12.17177915,55.44591721],[12.17150518,55.44566791],[12.17147718,55.44564158],[12.1714002,55.44556025],[12.17137154,55.44553359],[12.17127889,55.44545461],[12.17124656,55.44542661],[12.17091594,55.44509967],[12.17088861,55.44507334],[12.17077162,55.44497037],[12.17074229,55.44494371],[12.16953415,55.44379717],[12.16950449,55.44376917],[12.16821803,55.4425687],[12.1681897,55.44254204],[12.16816004,55.44251604],[12.16812638,55.44249171],[12.16796574,55.44240239],[12.16793041,55.44237506],[12.16790042,55.44234573],[12.16787643,55.44231507],[12.16784277,55.44225242],[12.16782677,55.44222176],[12.16778345,55.44216211],[12.16775512,55.44213278],[12.16720186,55.44162452],[12.16717253,55.44159786],[12.16659328,55.44105161],[12.16656362,55.44102395],[12.16637131,55.44082564],[12.16634398,55.44079698],[12.16606002,55.44055002],[12.16602903,55.44052202],[12.16486855,55.43942487],[12.16483822,55.43939588],[12.16464792,55.43922691],[12.16461593,55.43919858],[12.164221,55.43881464],[12.16418967,55.43878464],[12.16332647,55.43798511],[12.16329181,55.43795378],[12.16298186,55.43763849],[12.1629522,55.43760883],[12.16282689,55.43749851],[12.16279656,55.43746952],[12.16250195,55.43717558],[12.16247229,55.43714592],[12.16233965,55.43702894],[12.16230566,55.43699861],[12.16182041,55.43653701],[12.16178341,55.43650268],[12.16165876,55.43640237],[12.16161777,55.43636871],[12.16114481,55.43594309],[12.16108682,55.43590509],[12.16101882,55.4358731],[12.16094049,55.43584844],[12.1607755,55.43580712],[12.16069717,55.43578013],[12.16062784,55.4357468],[12.16057051,55.43570681],[12.16052851,55.43566215],[12.16050185,55.43561449],[12.16049185,55.43556583],[12.16050318,55.43546785],[12.16050185,55.43542052],[12.16048652,55.43537452],[12.16042653,55.43528486],[12.1603892,55.43524153],[12.1601489,55.43498322],[12.16010624,55.43494056],[12.15938634,55.4342573],[12.15935501,55.43422564],[12.15923137,55.43411599],[12.15920437,55.43409099],[12.15877977,55.43367173],[12.15875411,55.43364707],[12.1584435,55.43337679],[12.1584175,55.43335413],[12.15835051,55.43328415],[12.15832785,55.43326049],[12.15816023,55.43311452],[12.15813757,55.43309619],[12.15794394,55.43291323],[12.15792528,55.4328959],[12.15784163,55.43280392],[12.1578233,55.43278593],[12.15757535,55.43256999],[12.15755602,55.432553],[12.15737342,55.43237506],[12.15735776,55.4323594],[12.15721714,55.43220345],[12.15720114,55.43218646],[12.15707085,55.43208616],[12.15705552,55.4320725],[12.15698721,55.43200086],[12.15697188,55.4319852],[12.15684591,55.43187524],[12.15682725,55.43185924],[12.15607676,55.43114644],[12.15605376,55.43112411],[12.15571152,55.43082616],[12.15568686,55.43080416],[12.1555149,55.43063853],[12.15549991,55.43062487],[12.15543429,55.43057592],[12.15543363,55.43057592],[12.15540898,55.4305466],[12.15538999,55.43052961],[12.15530767,55.43046362],[12.15528034,55.43043862],[12.15501238,55.430149],[12.15498538,55.43012234],[12.15332595,55.42855519],[12.15328429,55.42851619],[12.1531553,55.42840554],[12.1531143,55.42836921],[12.15270103,55.4279796],[12.1526647,55.42794427],[12.15219244,55.42751935],[12.15215944,55.42748969],[12.15136659,55.42674314],[12.15133659,55.42671514],[12.15102463,55.42638986],[12.15099263,55.42635987],[12.15069366,55.42610424],[12.150651,55.42606858],[12.15047602,55.42593026],[12.15043636,55.42589693],[12.15013208,55.4255713],[12.15010142,55.42554097],[12.14916222,55.42467611],[12.14912756,55.42464412],[12.1481767,55.42374759],[12.1481487,55.4237206],[12.14744082,55.42306508],[12.14741483,55.42303975],[12.14698623,55.42266515],[12.14695924,55.42264115],[12.1468346,55.42251817],[12.14680794,55.42249451],[12.14666629,55.42238454],[12.1466383,55.42236321],[12.14657231,55.4222889],[12.14654898,55.42226424],[12.14635936,55.42208861],[12.14633537,55.42206728],[12.1460291,55.42182533],[12.14600377,55.42180434],[12.14579615,55.42161472],[12.14577316,55.42159439],[12.14559089,55.4213691],[12.14557023,55.42134777],[12.14518166,55.42098286],[12.14516233,55.42096486],[12.14502904,55.42085024],[12.14502138,55.42084124],[12.14503537,55.42081992],[12.1450437,55.42080359],[12.14505102,55.42076093],[12.14505235,55.4207396],[12.14506434,55.42070495],[12.14507633,55.42069262],[12.14527397,55.42062397],[12.14532063,55.42060331],[12.14536496,55.42058198],[12.14540462,55.42055832],[12.14547327,55.42050966],[12.14550627,55.420485],[12.14601487,55.4200844],[12.1460392,55.42006507],[12.14608185,55.42002408],[12.14610351,55.42000375],[12.14634311,55.4198128],[12.14636877,55.41979281],[12.14662939,55.41955987],[12.14665539,55.41953721],[12.14676502,55.41942489],[12.14678535,55.41940289],[12.14686466,55.41927791],[12.14687966,55.41925192],[12.14710156,55.41879766],[12.14711456,55.41877033],[12.14713555,55.41871068],[12.14714754,55.41867902],[12.14720419,55.41858337],[12.14722118,55.41854904],[12.14733248,55.41828041],[12.14735181,55.41823841],[12.1474661,55.41793244],[12.14748509,55.41788678],[12.14761306,55.41761647],[12.14763672,55.41757381],[12.14766172,55.41753082],[12.14768705,55.41748916],[12.14788701,55.4171992],[12.147921,55.4171542],[12.14795866,55.41710787],[12.14799932,55.41706087],[12.1481843,55.41687323],[12.1482293,55.41682124],[12.14835595,55.41666458],[12.14839095,55.41661825],[12.14844261,55.41653493],[12.14845427,55.41649893],[12.14845328,55.4164686],[12.14844228,55.41644394],[12.14842295,55.41642294],[12.14839429,55.41640595],[12.1483143,55.41638063],[12.1482673,55.41636997],[12.14816398,55.41635198],[12.14810798,55.41634465],[12.14690441,55.41619573],[12.14684475,55.41618674],[12.14672243,55.41616141],[12.14666577,55.41614408],[12.14661244,55.41612375],[12.14656111,55.41610309],[12.14647745,55.41605343],[12.14645546,55.4160241],[12.1464458,55.41596278],[12.14645113,55.41593312],[12.14651042,55.41575183],[12.14651842,55.41572717],[12.14653874,55.41567918],[12.1465494,55.41565619],[12.14663068,55.41551689],[12.14664134,55.4154969],[12.14682324,55.41507036],[12.14683123,55.41505037],[12.14694316,55.41472911],[12.14695215,55.41470711],[12.14696447,55.4146398],[12.14696913,55.41461881],[12.14700878,55.41449617],[12.14701677,55.41446984],[12.14704875,55.41433419],[12.14705408,55.41430586],[12.14706906,55.41413721],[12.14706939,55.41410921],[12.14705309,55.41396955],[12.14704843,55.41394189],[12.14703345,55.4138629],[12.14702812,55.4138379],[12.14698748,55.41369726],[12.14698048,55.41367393],[12.14693622,55.41345931],[12.14693189,55.41343798],[12.14684128,55.41309137],[12.14682328,55.41306171],[12.14679229,55.41303805],[12.14674529,55.41302306],[12.14669063,55.41301573],[12.14631866,55.41300675],[12.146256,55.41300042],[12.14582169,55.41293044],[12.14575703,55.41292244],[12.14526207,55.41286948],[12.14520541,55.41286415],[12.14492945,55.41284618],[12.14487612,55.41284219],[12.1446208,55.41280189],[12.14456947,55.4127949],[12.14419984,55.41275927],[12.14414751,55.41275261],[12.14394553,55.41272463],[12.1438942,55.41271663],[12.14379388,55.41269497],[12.14373922,55.41268397],[12.14354223,55.41265499],[12.1434689,55.41264666],[12.14295761,55.41260303],[12.14288828,55.41259637],[12.14204134,55.41249778],[12.14197568,55.41249179],[12.14184569,55.41248346],[12.14178303,55.41248047],[12.14166737,55.41248713],[12.14162071,55.41250079],[12.14158472,55.41252078],[12.14155972,55.41254578],[12.14152274,55.41263277],[12.14151541,55.41266277],[12.14148245,55.41291606],[12.14147846,55.41294805],[12.14144348,55.41307036],[12.14143648,55.41310135],[12.1414245,55.41319634],[12.1414205,55.413228],[12.14140417,55.41329032],[12.14139818,55.41332198],[12.14138853,55.4134223],[12.1413822,55.41345629],[12.14135222,55.41356528],[12.14134122,55.41360194],[12.14122563,55.41408689],[12.1412173,55.41412322],[12.141188,55.4143392],[12.14118067,55.41437453],[12.14112837,55.41454384],[12.14111404,55.41457617],[12.14109638,55.4146075],[12.14107305,55.41463816],[12.14098607,55.41472782],[12.14095408,55.41475715],[12.14079776,55.41486348],[12.1407511,55.41488714],[12.14065078,55.41493179],[12.14059912,55.41495245],[12.14033381,55.4150461],[12.14028015,55.41506476],[12.13999384,55.41514973],[12.13993618,55.41516806],[12.13967387,55.41525869],[12.13964087,55.41528235],[12.13962588,55.41530834],[12.13962854,55.41533267],[12.13964387,55.415354],[12.13975884,55.41545262],[12.13976117,55.41545528],[12.13973784,55.41547761],[12.13976516,55.41551627],[12.13977416,55.41553093],[12.13986047,55.41559257],[12.13988113,55.41560523],[12.13994977,55.41563088],[12.13996443,55.41563954],[12.13997176,55.41564853],[12.1399671,55.41566717],[12.13992811,55.41565618],[12.13992111,55.41564286],[12.13993244,55.41563553],[12.14008775,55.41559455],[12.14011841,55.41558389],[12.14014074,55.4155719],[12.1401544,55.41556024],[12.14017073,55.41553226],[12.14017472,55.4155276],[12.14014673,55.41555625],[12.13979607,55.41552759],[12.13973075,55.41546027],[12.13969509,55.41542561],[12.1395761,55.41532163],[12.13953677,55.41528597],[12.13918282,55.41491936],[12.13914749,55.4148847],[12.13893119,55.41468573],[12.13890053,55.4146524],[12.13881789,55.41450942],[12.13879256,55.41447409],[12.13860793,55.41425147],[12.13859193,55.41422114],[12.13858127,55.41419114],[12.13857594,55.41416248],[12.13857162,55.41408716],[12.13856829,55.41406516],[12.138496,55.41393885],[12.13849101,55.41391219],[12.13849301,55.41388719],[12.13852266,55.41381055],[12.13853065,55.41379522],[12.13856997,55.4137659],[12.13858663,55.4137639],[12.1382203,55.4137369],[12.138138,55.41383021],[12.13811734,55.4138402],[12.13809301,55.41384186],[12.13803935,55.41382387],[12.13801102,55.41380854],[12.1379597,55.41376855],[12.13793237,55.41374422],[12.13772273,55.41353992],[12.1376884,55.41350893],[12.13717715,55.41307399],[12.13714082,55.41304399],[12.13707449,55.41297667],[12.13704083,55.41293968],[12.13673487,55.41266072],[12.13669687,55.41262539],[12.13599732,55.41195747],[12.13595766,55.41192081],[12.13574402,55.41170118],[12.13571036,55.41166452],[12.13543775,55.41135824],[12.13541675,55.41133725],[12.13538443,55.41128894],[12.13537543,55.41127494],[12.13534212,55.41125495],[12.13533746,55.41125296],[12.13528846,55.41125096],[12.1351758,55.41126594],[12.13512547,55.41126594],[12.13494149,55.41123862],[12.13487783,55.41121829],[12.1348205,55.41119096],[12.13477184,55.41115763],[12.13449854,55.41091833],[12.13445254,55.410877],[12.13342734,55.40990746],[12.13338334,55.4098658],[12.13262308,55.40918021],[12.13257542,55.40913621],[12.13159418,55.40822062],[12.13154652,55.40817763],[12.13131687,55.40795265],[12.13126888,55.40790699],[12.13107024,55.40772701],[12.13102025,55.40768168],[12.13063463,55.40731238],[12.1305873,55.40726605],[12.13028033,55.40699708],[12.130231,55.40695242],[12.12996669,55.40667678],[12.12992103,55.40663345],[12.1294031,55.40616949],[12.12935844,55.4061285],[12.12906381,55.40583819],[12.12902148,55.40579786],[12.12850923,55.40532458],[12.12846857,55.40528625],[12.12820228,55.40502128],[12.12816595,55.40498429],[12.12783833,55.40464266],[12.127802,55.40460533],[12.12765135,55.40446102],[12.12761669,55.40442603],[12.12715642,55.40394812],[12.12712242,55.40391413],[12.12452679,55.40146748],[12.12448946,55.40143215],[12.12387988,55.40087022],[12.12384322,55.40083722],[12.12291769,55.39996803],[12.12288203,55.39993504],[12.12226213,55.39934146],[12.12222947,55.39931013],[12.12187251,55.39898752],[12.12183685,55.39895452],[12.12163022,55.39879489],[12.12159156,55.3987609],[12.12143225,55.39857892],[12.12139892,55.39854326],[12.12125727,55.39840896],[12.12122061,55.39837597],[12.12097897,55.39818567],[12.12093964,55.39815401],[12.12082865,55.39805602],[12.12079266,55.39802302],[12.12051969,55.3977554],[12.12048736,55.39772374],[12.1195772,55.3968629],[12.1195492,55.3968359],[12.11913859,55.39640463],[12.11910626,55.3963713],[12.11738886,55.39476656],[12.11735287,55.39473323],[12.11710091,55.39448994],[12.11706425,55.39445461],[12.11662265,55.39405366],[12.11657999,55.394015],[12.11634368,55.39382803],[12.11630002,55.3937897],[12.11610871,55.3935814],[12.11606705,55.3935374],[12.11579674,55.39326509],[12.11574808,55.39321876],[12.11457687,55.39213553],[12.11452854,55.39209153],[12.11409525,55.39167658],[12.11405525,55.39163892],[12.11252986,55.3902205],[12.1125012,55.39019484],[12.11113675,55.38890745],[12.11111009,55.38888079],[12.11075949,55.38856154],[12.1107295,55.38853421],[12.11042188,55.3882246],[12.11039322,55.38819727],[12.11036356,55.38817028],[12.1103309,55.38814528],[12.11016027,55.38804232],[12.11015828,55.38804066],[12.11015861,55.38803966],[12.11017127,55.38800833],[12.11016628,55.38799833],[12.11015595,55.387985],[12.10992334,55.38776469],[12.10988768,55.38773003],[12.10919611,55.38709678],[12.10915445,55.38705879],[12.10869519,55.38662216],[12.1086522,55.38658183],[12.1083499,55.38630819],[12.10830691,55.38626886],[12.10761898,55.38562328],[12.10757698,55.38558395],[12.10732802,55.38536264],[12.10728836,55.38532631],[12.10647848,55.38456508],[12.10643948,55.38452909],[12.10616919,55.38428545],[12.10612786,55.38425146],[12.10596188,55.38411914],[12.10591755,55.38408548],[12.10572724,55.38395384],[12.10568425,55.38391851],[12.10510533,55.38339958],[12.10506433,55.38336192],[12.10498667,55.38328293],[12.10495068,55.3832426],[12.10481804,55.38308361],[12.10478071,55.38304495],[12.10414179,55.38245237],[12.10410413,55.38241704],[12.10365119,55.3819451],[12.10361386,55.38190944],[12.10288597,55.38123487],[12.10286564,55.38121587],[12.102815,55.38116189],[12.10280467,55.38114256],[12.10267235,55.38102525],[12.10263602,55.38099392],[12.10234839,55.38076795],[12.1023124,55.38073296],[12.10214043,55.38053166],[12.1021221,55.380504],[12.1021161,55.38047801],[12.1021301,55.38045768],[12.1021621,55.38044968],[12.10220109,55.38045601],[12.10224209,55.38047467],[12.10228242,55.38050033],[12.10232141,55.38052966],[12.10246238,55.38066331],[12.10249837,55.38069631],[12.10257602,55.3807603],[12.10261368,55.38079129],[12.10272,55.38088761],[12.10275433,55.38091894],[12.10287131,55.38103825],[12.10290131,55.38106458],[12.1029393,55.38108424],[12.10298563,55.3810949],[12.10303729,55.38109457],[12.10308895,55.38108491],[12.10313995,55.38106925],[12.10348959,55.38091961],[12.10354292,55.38089795],[12.10388588,55.38077365],[12.10394688,55.38075632],[12.10412587,55.38071066],[12.1041842,55.380698],[12.10446818,55.38065237],[12.10452384,55.38064304],[12.10493278,55.38055776],[12.10493611,55.3805561],[12.10491612,55.38059176],[12.10489146,55.38059775],[12.10445348,55.38067038],[12.10437315,55.38068404],[12.10413117,55.38073135],[12.10405384,55.38075035],[12.10384252,55.38081567],[12.10377986,55.380837],[12.10329557,55.38101963],[12.10324191,55.38103662],[12.10308226,55.38107994],[12.1030326,55.38109027],[12.10295161,55.38109127],[12.10291962,55.38107894],[12.10286096,55.38103628],[12.10282897,55.38100929],[12.10240602,55.38062902],[12.10236602,55.38059302],[12.10191177,55.38016409],[12.10187111,55.38013076],[12.10182445,55.3801001],[12.10177045,55.38007177],[12.10164612,55.38001411],[12.10158179,55.37998012],[12.10140214,55.3798598],[12.10134781,55.37981547],[12.09993929,55.37850362],[12.09989229,55.37845996],[12.09873908,55.37737007],[12.09870009,55.37733308],[12.09844613,55.37710246],[12.0984138,55.37707446],[12.09830448,55.37698282],[12.09827615,55.37696682],[12.09824449,55.37695649],[12.0982155,55.3769525],[12.09809386,55.37694717],[12.09808653,55.37694018],[12.09808521,55.37691519],[12.09809654,55.37690886],[12.09811453,55.37690186],[12.09813886,55.3768942],[12.09820752,55.37688454],[12.09825185,55.37688587],[12.09830184,55.37689287],[12.0983525,55.3769082],[12.09844749,55.37696119],[12.09849148,55.37699585],[12.10073195,55.37907028],[12.10078528,55.37911994],[12.10140888,55.37968554],[12.10145454,55.37972754],[12.10238345,55.38060079],[12.10242278,55.38063945],[12.10263275,55.38082542],[12.10267308,55.38086208],[12.10282273,55.38100606],[12.10285972,55.38104005],[12.10290105,55.38106971],[12.10295305,55.38108871],[12.10301438,55.38109504],[12.10307938,55.38109004],[12.10314338,55.38107638],[12.10320471,55.38105538],[12.10326537,55.38103139],[12.10364866,55.38086108],[12.10371832,55.38083042],[12.10379231,55.38080176],[12.10386997,55.38077543],[12.10403296,55.38072811],[12.10411829,55.38070878],[12.10472726,55.38059681],[12.10480959,55.38058248],[12.10734943,55.38015929],[12.10743609,55.38014463],[12.10761042,55.3801133],[12.10769808,55.38009564],[12.10787107,55.38005431],[12.10795373,55.38003032],[12.10826304,55.37991967],[12.10833837,55.37989034],[12.1093453,55.37948308],[12.10942196,55.37945175],[12.11062021,55.3789905],[12.11067921,55.37896617],[12.11095218,55.37883553],[12.11100418,55.3788072],[12.11105551,55.37877687],[12.11110284,55.37874521],[12.11122582,55.37864922],[12.11126048,55.37861723],[12.11131614,55.37855491],[12.11133614,55.37852492],[12.11141213,55.37838494],[12.11142212,55.37835828],[12.11146842,55.37815531],[12.11147408,55.37812898],[12.1115034,55.37793868],[12.11150973,55.37790102],[12.11157004,55.37766606],[12.11158103,55.3776254],[12.11171464,55.37727612],[12.1117303,55.37724046],[12.11210654,55.37651591],[12.11212353,55.37648225],[12.11247243,55.37586367],[12.11250043,55.37581701],[12.11256009,55.37572669],[12.11258908,55.3756827],[12.11273572,55.3754314],[12.11275905,55.37539074],[12.1128157,55.37531142],[12.11284836,55.37527376],[12.11293768,55.37520544],[12.11299201,55.37517611],[12.11332865,55.37502813],[12.11339464,55.3749908],[12.11345097,55.37494947],[12.11353563,55.37485948],[12.11356363,55.37481315],[12.11361729,55.37467649],[12.11362595,55.37463249],[12.11363194,55.37454784],[12.11363327,55.37450618],[12.11363095,55.37438252],[12.11363062,55.37434219],[12.11362096,55.37426221],[12.1136173,55.37422222],[12.11361697,55.3741389],[12.11361763,55.3740949],[12.11362429,55.37400324],[12.11363062,55.37395591],[12.11365627,55.37385992],[12.11367526,55.37380959],[12.11372758,55.3737036],[12.11376058,55.37364961],[12.11402954,55.37328199],[12.11406153,55.37323333],[12.11421883,55.3729407],[12.11423849,55.37290337],[12.11451373,55.37228413],[12.11453306,55.37224013],[12.11482099,55.37156421],[12.11483932,55.37152088],[12.1149043,55.37139322],[12.11492796,55.37135156],[12.11500361,55.37123191],[12.11503094,55.37119425],[12.11515258,55.3710506],[12.11518357,55.37101594],[12.11540553,55.37078698],[12.11543919,55.37075265],[12.11569049,55.37050835],[12.11572582,55.37047335],[12.11644404,55.36971481],[12.11647503,55.36967948],[12.11658802,55.36953616],[12.11661268,55.36949883],[12.11663568,55.36946084],[12.11665601,55.36942351],[12.11668734,55.36934452],[12.116695,55.36930453],[12.116696,55.3692652],[12.11669167,55.36922554],[12.11666968,55.36910523],[12.11665702,55.36906424],[12.11650807,55.36871362],[12.11648541,55.36866463],[12.11635776,55.36839665],[12.1163311,55.36834099],[12.11608481,55.36786871],[12.11605881,55.36781838],[12.11571722,55.36710111],[12.11569622,55.36705445],[12.11553392,55.36673282],[12.11551259,55.36668883],[12.11525001,55.36613124],[12.11523401,55.36609725],[12.11499142,55.36554635],[12.11498176,55.36552436],[12.11492678,55.36543004],[12.11491145,55.36540071],[12.11460954,55.36480549],[12.11459321,55.36477249],[12.11402441,55.36354229],[12.11400508,55.36350029],[12.11370451,55.36290401],[12.11368451,55.36286868],[12.11353054,55.36261838],[12.11351255,55.36258505],[12.11335624,55.36237276],[12.11333791,55.36234443],[12.11324161,55.36216613],[12.11322728,55.36213447],[12.11320129,55.36207048],[12.11318963,55.36203782],[12.11313899,55.36186719],[12.11312899,55.36183253],[12.11308202,55.36164989],[12.11307202,55.36161223],[12.11301639,55.3613556],[12.11300806,55.3613196],[12.11276086,55.36038509],[12.11275087,55.36034676],[12.11268557,55.36007546],[12.11267857,55.36004013],[12.11267291,55.36000614],[12.11266758,55.35997215],[12.11266792,55.35990049],[12.11267925,55.35986516],[12.11272524,55.35979917],[12.11276024,55.35976884],[12.11285123,55.35971952],[12.11290423,55.35969953],[12.11382182,55.35944026],[12.11388415,55.3594216],[12.11448575,55.35922499],[12.11454241,55.35920533],[12.11485605,55.3590887],[12.11490938,55.35906904],[12.11543299,55.35885808],[12.11548199,55.35883908],[12.11571664,55.3587551],[12.11576097,55.35873877],[12.11691488,55.35829259],[12.11696654,55.35827259],[12.11841605,55.35772542],[12.11846371,55.35770843],[12.11986993,55.35716586],[12.11995092,55.35713953],[12.12003592,55.3571162],[12.12012592,55.35709754],[12.12031624,55.35707688],[12.1204119,55.35707388],[12.12059456,55.35708554],[12.12068022,55.35709753],[12.12107652,55.35716784],[12.12115118,55.3571765],[12.12129717,55.35718449],[12.1213665,55.35718316],[12.12149116,55.35716451],[12.12154482,55.35714651],[12.12159315,55.35712385],[12.12163715,55.35709719],[12.1217138,55.35703453],[12.12174513,55.35699787],[12.12179679,55.35691955],[12.12182078,55.35688022],[12.12190143,55.35673491],[12.12192042,55.35670225],[12.12204072,55.35652661],[12.12205838,55.35650128],[12.12216935,55.35637697],[12.12219301,55.35635197],[12.12227366,55.35628365],[12.12230432,55.35626199],[12.12256194,55.35612203],[12.1226006,55.35610303],[12.12305354,55.35589742],[12.12310187,55.35587576],[12.12386046,55.35554781],[12.12390979,55.35552682],[12.12418244,55.35539351],[12.1242201,55.35536885],[12.12432009,55.35528887],[12.12435042,55.35525854],[12.12444807,55.35512223],[12.12446673,55.3550899],[12.12484852,55.35419275],[12.12486018,55.35416509],[12.12507544,55.35363352],[12.12508977,55.35359819],[12.12517908,55.35341255],[12.12519641,55.35337522],[12.12533435,55.35304827],[12.12535101,55.35301094],[12.12540631,55.35282698],[12.12541231,55.35279032],[12.1254133,55.35275432],[12.12540964,55.35271966],[12.12538298,55.35261768],[12.12536898,55.35258335],[12.12491844,55.35161283],[12.12489878,55.3515735],[12.12481547,55.35136385],[12.12479514,55.35131986],[12.12477215,55.35127553],[12.12474649,55.3512302],[12.12468117,55.35114288],[12.12463651,55.35110155],[12.12458385,55.35106255],[12.12452285,55.35102722],[12.12425386,55.35089624],[12.12418953,55.35086225],[12.12413087,55.35082625],[12.12408021,55.35078859],[12.12403955,55.35075026],[12.12400556,55.3507116],[12.12392092,55.35059594],[12.12389892,55.35055728],[12.12376663,55.35027099],[12.12375063,55.35024299],[12.12361868,55.35004802],[12.12360468,55.35002536],[12.12347505,55.34984874],[12.12345539,55.34982108],[12.12341475,55.34973843],[12.12339742,55.34971277],[12.12331177,55.34961012],[12.12329078,55.34958379],[12.12309382,55.34931884],[12.12306882,55.34928518],[12.12280555,55.34890623],[12.12277955,55.34886757],[12.12244861,55.34841995],[12.12242528,55.34838829],[12.12237429,55.34832697],[12.1223453,55.34829664],[12.12226664,55.34824099],[12.12221464,55.34821966],[12.12215564,55.34820366],[12.12209065,55.348194],[12.12187267,55.34819001],[12.12179701,55.34819234],[12.1214047,55.34821165],[12.1213237,55.34821731],[12.1208814,55.34826861],[12.1207834,55.34828494],[12.12036943,55.34837692],[12.12026577,55.34840325],[12.11892017,55.34878385],[12.11883351,55.34880651],[12.11848853,55.34887849],[12.1184012,55.34889149],[12.11813988,55.34892248],[12.11805555,55.34893114],[12.11701062,55.34901708],[12.11691929,55.34902241],[12.1167363,55.34901741],[12.1166493,55.34900408],[12.11649331,55.34895643],[12.11642898,55.3489241],[12.11637199,55.3488881],[12.11627734,55.34881111],[12.11623601,55.34877245],[12.11593906,55.34844684],[12.11590807,55.34841384],[12.11560778,55.34814154],[12.11556345,55.34810854],[12.11525182,55.34789825],[12.11520816,55.34786992],[12.11331867,55.34667311],[12.11327601,55.34664112],[12.11323535,55.34660846],[12.11319702,55.34657546],[12.11274142,55.34615218],[12.11270509,55.34611785],[12.11228215,55.34569457],[12.11225216,55.34566524],[12.1120972,55.34549828],[12.11207954,55.34548162],[12.11164228,55.3451527],[12.11160728,55.3451277],[12.11131199,55.34494407],[12.11127833,55.34492174],[12.11113802,55.34479543],[12.11110903,55.3447651],[12.11103437,55.34467912],[12.11101371,55.34465079],[12.11099738,55.3446218],[12.11098338,55.34459247],[12.1109684,55.34453548],[12.11096873,55.34450715],[12.11098939,55.34444716],[12.11100672,55.34441683],[12.11116935,55.34421287],[12.11118401,55.34419221],[12.11125264,55.34404223],[12.1112613,55.34402057],[12.1112776,55.34390725],[12.11128159,55.34388492],[12.11129891,55.34381759],[12.11130224,55.3437946],[12.11131786,55.34361765],[12.11131753,55.34359932],[12.11133253,55.34357533],[12.11134653,55.34357367],[12.11135619,55.34358033],[12.11135819,55.34359299],[12.11132223,55.34371896],[12.11131823,55.34374462],[12.11131057,55.34379828],[12.11130758,55.34382694],[12.11131091,55.34391992],[12.11131025,55.34395258],[12.1112966,55.3440199],[12.1112876,55.34405389],[12.11127561,55.34408822],[12.11125795,55.34412221],[12.11115931,55.34426518],[12.11113198,55.34430484],[12.11110232,55.34434683],[12.11106733,55.34438883],[12.11102467,55.34442916],[12.11097401,55.34446549],[12.11091568,55.34449648],[12.11085168,55.34452314],[12.11078502,55.3445438],[12.1106507,55.34456946],[12.1105867,55.34457612],[12.1103114,55.34458011],[12.11026207,55.34458077],[12.10976514,55.34457581],[12.10971681,55.34457614],[12.10862923,55.34458873],[12.10856123,55.34458906],[12.10826257,55.34459836],[12.10820624,55.34459902],[12.10773096,55.34459703],[12.10767896,55.34459736],[12.10699103,55.34462229],[12.1069287,55.34462462],[12.10538153,55.34465546],[12.10533287,55.34465646],[12.10379133,55.34467369],[12.10373434,55.34467402],[12.10240145,55.34470525],[12.10233945,55.34470691],[12.10105624,55.34472347],[12.10099191,55.34472446],[12.10051161,55.34473843],[12.10045795,55.34473942],[12.09916274,55.34475333],[12.09910241,55.34475366],[12.09665527,55.34480752],[12.09656094,55.34480951],[12.09342981,55.34485304],[12.09336615,55.34484804],[12.09331215,55.34483504],[12.09326949,55.34481371],[12.09324083,55.34478505],[12.09322284,55.34475205],[12.09320952,55.34467673],[12.09320985,55.34463773],[12.09321818,55.34455674],[12.09322451,55.34451575],[12.09329646,55.34413282],[12.09330279,55.34409916],[12.09338798,55.34324698],[12.09339097,55.34321698],[12.09346489,55.34263009],[12.09346855,55.34259643],[12.09346888,55.34256143],[12.09346555,55.3425261],[12.09344056,55.34245344],[12.09341456,55.34241845],[12.0933789,55.34238679],[12.09328525,55.34233213],[12.09323125,55.34230813],[12.09304693,55.34225548],[12.0929816,55.34224148],[12.09225233,55.34209752],[12.09218367,55.34208352],[12.09191002,55.34202254],[12.09184036,55.34200721],[12.0912584,55.3418959],[12.09118207,55.34188057],[12.09079576,55.34179727],[12.0907151,55.34178261],[12.09055511,55.34176462],[12.09047812,55.34176063],[12.09021947,55.34176196],[12.09016948,55.34176229],[12.09012549,55.34175763],[12.09008683,55.34174697],[12.0900565,55.34172864],[12.09003584,55.34170231],[12.09002118,55.34166965],[12.09000852,55.34163299],[12.08998753,55.34155067],[12.08998087,55.34150768],[12.08996421,55.3413697],[12.08995955,55.34132171],[12.08995156,55.34117872],[12.08994657,55.34113139],[12.08991392,55.34094542],[12.08990592,55.34089909],[12.08988794,55.34071743],[12.08988328,55.3406721],[12.08985297,55.3404921],[12.08984631,55.3404471],[12.08983465,55.34031812],[12.08982932,55.34027679],[12.08971941,55.3396329],[12.08971342,55.33959824],[12.0896751,55.33942994],[12.08966944,55.33939661],[12.08962649,55.33906566],[12.08962249,55.33903833],[12.08962682,55.33894468],[12.08962383,55.33892335],[12.08958885,55.33881637],[12.08958052,55.33878304],[12.08954521,55.33860839],[12.08953888,55.33857306],[12.08946861,55.33812178],[12.08946228,55.33808345],[12.08945397,55.3379388],[12.0894563,55.3379038],[12.08947395,55.33783582],[12.08949094,55.33780216],[12.08954159,55.33773817],[12.08957492,55.33770884],[12.08965125,55.33765552],[12.08969191,55.33763052],[12.08993454,55.33749521],[12.08997053,55.33747388],[12.09041947,55.33725094],[12.09046213,55.33722928],[12.09054312,55.3371823],[12.09058245,55.33715764],[12.09068077,55.33707599],[12.09070677,55.33704566],[12.09075809,55.33694867],[12.09076742,55.33691468],[12.09077375,55.33687868],[12.09077608,55.33684202],[12.09076876,55.33672636],[12.09076377,55.3366887],[12.09060685,55.33588749],[12.09059919,55.33584883],[12.09037135,55.334519],[12.09036469,55.33448234],[12.09027845,55.33382244],[12.09027379,55.33378511],[12.09021717,55.33349815],[12.09021151,55.33346449],[12.09020519,55.33336784],[12.09020119,55.33333685],[12.09018387,55.3332462],[12.09017787,55.33321454],[12.09009058,55.33290691],[12.09008158,55.33287425],[12.09005894,55.33266961],[12.09005927,55.33263462],[12.0900636,55.33260129],[12.09007226,55.33256829],[12.09013457,55.33241265],[12.0901479,55.33238332],[12.09030187,55.33212305],[12.0903192,55.33209339],[12.09043384,55.33191875],[12.09045083,55.33188909],[12.09101665,55.33086625],[12.09103665,55.33083092],[12.09123892,55.33044364],[12.09125258,55.33040864],[12.09127191,55.33033632],[12.09127624,55.33029799],[12.09126226,55.33014535],[12.09125493,55.33010735],[12.09114866,55.32973242],[12.09113966,55.32970176],[12.09108236,55.32955312],[12.0910707,55.32952313],[12.09105238,55.32939782],[12.09105338,55.32936783],[12.09106503,55.32930984],[12.09107636,55.32928251],[12.09131961,55.3288696],[12.09133561,55.32884761],[12.09138026,55.32880362],[12.09141092,55.32878296],[12.09144691,55.32876363],[12.09148857,55.3287473],[12.09153457,55.32873564],[12.09158523,55.32872798],[12.09180887,55.32870534],[12.09186787,55.32870034],[12.09234516,55.32867872],[12.09240916,55.32867506],[12.09260348,55.32865841],[12.09267014,55.32865208],[12.09327809,55.32861413],[12.09334142,55.32860913],[12.09427933,55.32851254],[12.09434666,55.32850488],[12.09497995,55.3284096],[12.09503761,55.32839927],[12.09588755,55.32822199],[12.09595088,55.32821266],[12.09631952,55.32816402],[12.09638151,55.32815702],[12.0997109,55.32782097],[12.09976623,55.32781464],[12.09993488,55.32780266],[12.09999521,55.32779766],[12.10011486,55.327777],[12.10016719,55.32775701],[12.10020919,55.32772968],[12.10023919,55.32769735],[12.10025585,55.32766135],[12.10026051,55.32762369],[12.10024852,55.32754403],[12.10023619,55.32750337],[12.10020387,55.32741905],[12.10018721,55.32737505],[12.10009257,55.32704675],[12.10007924,55.32700109],[12.09995995,55.32665579],[12.09994629,55.32661313],[12.099823,55.32630017],[12.09980667,55.32625184],[12.09975435,55.32605454],[12.09974569,55.32600488],[12.09973836,55.32595522],[12.0997327,55.32590589],[12.09972039,55.32556527],[12.09971906,55.32551827],[12.09971941,55.32431273],[12.09972074,55.32426007],[12.09969743,55.3239711],[12.09968877,55.32392511],[12.09965178,55.32383545],[12.09962079,55.32379379],[12.0995318,55.32371913],[12.09947681,55.32368647],[12.09929716,55.32359815],[12.0992345,55.32357249],[12.09882886,55.32344386],[12.09876053,55.3234172],[12.09869653,55.32338687],[12.0986382,55.32335187],[12.09858821,55.32331354],[12.09854988,55.32327188],[12.09852489,55.32322755],[12.0985069,55.32313689],[12.09850789,55.32309256],[12.09851422,55.32304857],[12.09852422,55.32300557],[12.09856421,55.32287726],[12.09857487,55.32283426],[12.09858852,55.32270794],[12.09858486,55.32266728],[12.09857653,55.32262662],[12.09856387,55.32258696],[12.09853154,55.32251164],[12.09851688,55.32247598],[12.0984709,55.32233566],[12.09846024,55.32230133],[12.09831698,55.32179144],[12.09831065,55.32175811],[12.09830033,55.3216568],[12.09830333,55.32162314],[12.09835295,55.32138685],[12.09835628,55.32135385],[12.09835761,55.32132086],[12.09835495,55.32128853],[12.0983373,55.32118689],[12.09832964,55.32115256],[12.09830699,55.32108524],[12.09829399,55.32105224],[12.09826267,55.32098625],[12.09824667,55.32095292],[12.09813404,55.32067595],[12.09811705,55.32064062],[12.09805239,55.32054064],[12.09802739,55.32050865],[12.09791307,55.320393],[12.09788174,55.32036634],[12.09690923,55.31966747],[12.09686957,55.31963848],[12.09631065,55.31920455],[12.09626299,55.31916789],[12.09603035,55.31897592],[12.09598669,55.31893293],[12.09594736,55.31888827],[12.09591236,55.31884294],[12.09583371,55.31870462],[12.09581405,55.31865796],[12.09578073,55.3185663],[12.09576573,55.31852197],[12.09565578,55.31813036],[12.09564745,55.31809637],[12.09563345,55.31802938],[12.09562746,55.31799705],[12.09561281,55.3178654],[12.09561347,55.31783141],[12.09562012,55.31775876],[12.09562612,55.31772143],[12.09567477,55.31751579],[12.09568877,55.31747079],[12.09578575,55.31724049],[12.09580474,55.31719249],[12.09599234,55.3167012],[12.09601,55.31665554],[12.09646016,55.31555205],[12.09647149,55.31552539],[12.09673372,55.3148495],[12.09674738,55.31481517],[12.09688866,55.31448222],[12.09690232,55.31444956],[12.09697362,55.31425358],[12.09698461,55.31422225],[12.0970326,55.31412927],[12.09704859,55.31409794],[12.09706991,55.31403462],[12.09707957,55.31400396],[12.09710823,55.31394231],[12.09712256,55.31391032],[12.09713755,55.31384566],[12.09714088,55.31381433],[12.09713722,55.31369968],[12.09714188,55.31367135],[12.09714954,55.31364335],[12.09716087,55.31361502],[12.09719119,55.31356003],[12.09720485,55.31353437],[12.09723217,55.31346005],[12.09724083,55.31343672],[12.09725148,55.31334807],[12.09725481,55.31332474],[12.09733374,55.31293116],[12.09733907,55.3129025],[12.09733841,55.31287384],[12.09732542,55.31284751],[12.09730276,55.31282285],[12.09713146,55.31270754],[12.09709846,55.31268154],[12.09699282,55.31257357],[12.09698116,55.31257124],[12.0969745,55.31257257],[12.09697217,55.3125739],[12.09697816,55.31258223],[12.09693683,55.3125789],[12.09642647,55.31284456],[12.09642713,55.31284522],[12.09640951,55.3128126],[12.09640485,55.31280061],[12.09640252,55.3127443],[12.09640785,55.3127223],[12.09641984,55.31270097],[12.09644017,55.31268298],[12.09657182,55.31263533],[12.09661081,55.31262634],[12.09684845,55.3125847],[12.09688378,55.3125807],[12.09691944,55.31257837],[12.09695477,55.31257737],[12.09701643,55.31258836],[12.09704076,55.31260169],[12.09719173,55.31273565],[12.09721606,55.31275531],[12.09730371,55.31280929],[12.09732837,55.31282728],[12.09734536,55.31284761],[12.09736401,55.31289393],[12.09736867,55.31291859],[12.09735069,55.31305723],[12.09734869,55.31308689],[12.09735201,55.31314688],[12.09735135,55.31317854],[12.09733972,55.31336717],[12.09733739,55.31339783],[12.09734603,55.31352082],[12.09734603,55.31355015],[12.09733738,55.3136058],[12.09732805,55.31363179],[12.09728406,55.31367912],[12.0972494,55.31369711],[12.09720874,55.31371077],[12.09716275,55.3137201],[12.09706042,55.31372676],[12.09700543,55.31372775],[12.09651347,55.31371345],[12.09644448,55.31371112],[12.09565286,55.31366884],[12.09557753,55.31366485],[12.09488292,55.3136369],[12.09480426,55.31363391],[12.09380998,55.31355998],[12.09373999,55.31355399],[12.09253342,55.31342809],[12.09246942,55.31342143],[12.09133316,55.31328186],[12.09126883,55.3132742],[12.08760545,55.31286376],[12.08753846,55.31285676],[12.08727548,55.31282511],[12.08721049,55.31281711],[12.08574097,55.31260891],[12.08568264,55.31260058],[12.08458639,55.31246601],[12.08452706,55.31245968],[12.0840191,55.31241141],[12.08394877,55.31240508],[12.08310083,55.31234482],[12.0830125,55.31233916],[12.08007401,55.31217533],[12.07999268,55.31217067],[12.07925539,55.31213572],[12.07917339,55.31213239],[12.07850943,55.3121131],[12.0784261,55.31211044],[12.0772255,55.3121005],[12.07714951,55.3121005],[12.07646456,55.31211212],[12.07638823,55.31211345],[12.07608558,55.3121381],[12.07601159,55.31214443],[12.07578893,55.31215508],[12.07571427,55.31215708],[12.07540662,55.31215676],[12.07532963,55.31216042],[12.07357509,55.31225362],[12.07351143,55.31225695],[12.07234952,55.31232654],[12.07229086,55.31233087],[12.07172925,55.31235314],[12.07167659,55.3123558],[12.07151695,55.31237245],[12.07146162,55.31237611],[12.07087367,55.31240505],[12.07081601,55.31240705],[12.06898816,55.31252084],[12.0689275,55.3125245],[12.06832256,55.31255311],[12.06827723,55.31255377],[12.06749866,55.3125458],[12.067496,55.31254613],[12.067496,55.31254547],[12.06744767,55.31253147],[12.06728836,55.31243984],[12.06725703,55.31242051],[12.06720437,55.31238319],[12.06718704,55.31236586],[12.06717771,55.31234686],[12.06716572,55.31232553],[12.06714473,55.31230587],[12.06711473,55.31229287],[12.06701608,55.31227822],[12.06698708,55.31227756],[12.06695809,55.31227989],[12.06693076,55.31228589],[12.06686344,55.31231121],[12.06683945,55.31231487],[12.06669814,55.31230123],[12.06665481,55.31229257],[12.06648917,55.31224359],[12.06645617,55.31222893],[12.06642951,55.3122106],[12.06641151,55.31219027],[12.06639519,55.31214761],[12.06639319,55.31212528],[12.06639818,55.31207762],[12.06640284,55.31205329],[12.06647478,55.31174835],[12.06648344,55.31171969],[12.06651208,55.3116447],[12.06651941,55.31163204],[12.06655139,55.31161139],[12.06657538,55.3116084],[12.06667269,55.31163139],[12.06671135,55.31163572],[12.06680267,55.31163505],[12.06685433,55.31163439],[12.06696199,55.31164271],[12.06701565,55.31165104],[12.06710764,55.31167436],[12.0671323,55.31168936],[12.06714429,55.31171001],[12.0671433,55.31171467],[12.06710397,55.31169234],[12.06704099,55.31168335],[12.06688199,55.31225968],[12.06695131,55.31229933],[12.06698397,55.31231799],[12.06705896,55.31234898],[12.06710329,55.31236064],[12.06771289,55.31246725],[12.06777555,55.31247924],[12.06791554,55.31249423],[12.06799187,55.31249922],[12.06807187,55.31250188],[12.06815553,55.31250388],[12.06850317,55.31249757],[12.06858983,55.31249391],[12.06920278,55.31245262],[12.06929011,55.31244696],[12.07443418,55.31215291],[12.07454284,55.31214625],[12.07614976,55.312077],[12.07624309,55.31207301],[12.07706505,55.31205307],[12.07715271,55.31205174],[12.07789067,55.3120491],[12.07797,55.3120491],[12.07882961,55.31206438],[12.07890527,55.31206604],[12.07951621,55.312087],[12.07959287,55.31209033],[12.08289038,55.3122765],[12.08296438,55.3122805],[12.08423961,55.31237741],[12.08430661,55.3123834],[12.08550056,55.31252132],[12.08558255,55.31253165],[12.08761143,55.31281084],[12.08769876,55.31282184],[12.08914265,55.3129801],[12.08921431,55.31298776],[12.09167849,55.3132759],[12.09175315,55.3132849],[12.0932114,55.31344746],[12.09329539,55.31345646],[12.09413901,55.31353775],[12.09422334,55.31354508],[12.09517127,55.3136127],[12.09524193,55.31361736],[12.09578889,55.31364532],[12.09585855,55.31364765],[12.09685647,55.31367057],[12.09692247,55.3136709],[12.09698713,55.31366624],[12.09704679,55.31365524],[12.09709912,55.31363758],[12.09714378,55.31361558],[12.09717878,55.31358992],[12.09720311,55.31356026],[12.09725709,55.31342662],[12.09726742,55.31339129],[12.09730139,55.31318299],[12.09730705,55.313149],[12.09736402,55.31290538],[12.09735602,55.31287038],[12.09733269,55.31283672],[12.09721337,55.31274241],[12.09717304,55.31270941],[12.09710505,55.31263875],[12.09707172,55.31260842],[12.09703672,55.31258543],[12.09700039,55.31257244],[12.09692973,55.31256179],[12.09690107,55.31255679],[12.09686642,55.31254481],[12.09685776,55.31254015],[12.09694374,55.3125245],[12.09695807,55.31251451],[12.09696007,55.31249918],[12.09695307,55.31247885],[12.09688576,55.31236087],[12.09686376,55.31232754],[12.09683743,55.31229521],[12.09680577,55.31226488],[12.09676911,55.31223688],[12.09673211,55.31220855],[12.09647648,55.31203191],[12.09645115,55.31200558],[12.09641283,55.31195325],[12.09639883,55.31192859],[12.09637818,55.31183461],[12.09637152,55.31181128],[12.09628457,55.31167633]]}}]}