{"type":"FeatureCollection","features":[{"type":"Feature","properties":{"name":"20260421 Cicloturismo","time":"2026-04-21T07:39:25Z"},"geometry":{"type":"LineString","coordinates":[[12.09623833,55.31215766,19],[12.09622435,55.31217264,19],[12.09621969,55.31218597,19],[12.09621004,55.31225929,19],[12.09620338,55.31227862,19],[12.09615541,55.31237858,19.13],[12.09615607,55.31239824,19.26],[12.09622969,55.31258887,20.6],[12.09623702,55.31259987,20.73],[12.09625035,55.31267252,21],[12.09625268,55.31268152,21],[12.09631065,55.31283248,21.06],[12.09631964,55.31286081,21.13],[12.09633695,55.3130018,21.46],[12.09634028,55.3130288,21.53],[12.0963476,55.31322109,22],[12.09634893,55.31323975,22],[12.09636522,55.31330371,21.86],[12.09635789,55.31331937,21.8],[12.0963459,55.31330704,21.73],[12.09636152,55.31326675,21.2],[12.09636218,55.31326575,21.13],[12.09633187,55.31314444,21],[12.09632987,55.31312045,21],[12.09633253,55.31307212,21],[12.0963322,55.31304779,21],[12.09631822,55.31294247,21],[12.09631623,55.31291381,21],[12.09632288,55.31285916,21],[12.09633754,55.31283883,21],[12.0963632,55.31282517,21],[12.09643785,55.31281385,21],[12.09648185,55.31281152,21],[12.09678715,55.31281781,21],[12.09682548,55.31281581,21],[12.09685848,55.31281015,21],[12.09688814,55.31279849,21],[12.09700279,55.31273051,21],[12.09703878,55.31271885,21],[12.0971591,55.31271218,21],[12.0972041,55.31271019,21],[12.09724743,55.31270253,21],[12.09728443,55.31268487,21],[12.09730976,55.31265887,21],[12.09732775,55.31262654,21],[12.09734175,55.31258988,21],[12.09739439,55.31241956,20.8],[12.09740505,55.31237223,20.73],[12.09745237,55.31211725,20.33],[12.09746203,55.31206259,20.26],[12.09748201,55.31188994,20.06],[12.09748035,55.31182961,20],[12.09747136,55.31176961,19.93],[12.0974567,55.31171095,20],[12.09742038,55.31159529,20.13],[12.09740072,55.31153863,20.2],[12.09719209,55.31100068,20.86],[12.09717243,55.31094902,20.86],[12.09701179,55.31058138,20.26],[12.09698146,55.31052805,20.2],[12.09691314,55.31042106,20],[12.09687381,55.31036773,19.86],[12.09674316,55.31020907,19.53],[12.0966965,55.31015674,19.4],[12.09654885,55.31000476,19],[12.09649986,55.3099561,18.86],[12.09634454,55.30981279,18.6],[12.09629121,55.30976513,18.46],[12.09574327,55.30930784,19.13],[12.09569061,55.30926284,19.26],[12.09512167,55.30881388,20],[12.09506767,55.30876922,20],[12.09501867,55.30872323,20],[12.09497634,55.3086759,20],[12.09494101,55.30862691,19.93],[12.09491202,55.30857691,19.86],[12.09486602,55.30847493,19.73],[12.09484736,55.3084236,19.66],[12.09478771,55.30821429,19.13],[12.09477538,55.30816129,19],[12.09475806,55.3080543,18.86],[12.09475273,55.30800064,18.79],[12.09472677,55.30757068,19],[12.09472011,55.30751635,19.2],[12.09465614,55.30719272,20.2],[12.09464415,55.30713839,20.33],[12.09450252,55.30658278,21.6],[12.09448719,55.30652579,21.66],[12.09436788,55.30600883,22.6],[12.09435322,55.3059515,22.66],[12.09426024,55.30566352,23],[12.09423891,55.30560686,22.93],[12.09413592,55.30538388,22.66],[12.09410759,55.30532922,22.6],[12.09372066,55.3046126,21.46],[12.093692,55.30456461,21.4],[12.09353802,55.30432797,21.46],[12.09350603,55.30427998,21.46],[12.09339071,55.30408634,20.8],[12.09335905,55.30403735,20.6],[12.09314775,55.30373772,19.66],[12.09311309,55.30368539,19.6],[12.09281846,55.30320245,20.33],[12.0927858,55.30314979,20.53],[12.09270215,55.30304847,20.93],[12.09264482,55.30300314,21.13],[12.09257416,55.30296548,21.33],[12.09249183,55.30293682,21.46],[12.0923085,55.3029145,21.6],[12.09221517,55.30291549,21.53],[12.09177351,55.30296147,21.2],[12.09169218,55.30297047,21.06],[12.09137053,55.30299345,20.66],[12.09129154,55.30299944,20.6],[12.09035427,55.30309037,20.86],[12.09027394,55.3030977,20.93],[12.08860338,55.30326794,23.06],[12.08852338,55.30327627,23.2],[12.08754711,55.30336722,24.26],[12.08746378,55.30337455,24.26],[12.08699114,55.30340953,24.53],[12.08691548,55.30341252,24.66],[12.08647852,55.30342083,25.4],[12.08640686,55.30342116,25.6],[12.08580491,55.30340887,27.4],[12.08574192,55.30340754,27.53],[12.08360374,55.3033347,28.2],[12.08351508,55.30333237,28.2],[12.08307845,55.30330941,27.8],[12.08299345,55.30329942,27.66],[12.08291379,55.30328042,27.53],[12.08284279,55.30325309,27.33],[12.08278113,55.30321876,27.13],[12.08269014,55.30313644,26.8],[12.08265915,55.30309144,26.66],[12.08204397,55.30187591,27.6],[12.08202031,55.30182858,27.8],[12.08130843,55.30046838,27.93],[12.0812801,55.30041672,27.93],[12.08123178,55.30031106,28.06],[12.08121345,55.30025706,28.06],[12.08120479,55.30020173,28.06],[12.08120812,55.30014673,28.13],[12.08122478,55.30009307,28.2],[12.08125344,55.30004141,28.2],[12.08129244,55.29999342,28.26],[12.08139276,55.29990477,28.4],[12.08145009,55.29986378,28.46],[12.08553874,55.29717611,28.8],[12.08559707,55.29713812,28.73],[12.08650397,55.29652288,27.86],[12.0865573,55.29648755,27.66],[12.08661529,55.29645455,27.53],[12.08668129,55.29642589,27.4],[12.08675528,55.29640356,27.26],[12.08683528,55.29638923,27.13],[12.08700293,55.29638489,26.73],[12.08708659,55.29639088,26.46],[12.0875139,55.29645719,25.2],[12.08760456,55.2964562,25],[12.08769022,55.29644087,24.8],[12.08776322,55.29641321,24.73],[12.08781955,55.29637522,24.66],[12.08785788,55.29632822,24.6],[12.08788354,55.29627556,24.53],[12.08795885,55.29605024,24.46],[12.08797818,55.29599458,24.46],[12.08805516,55.29573094,24.53],[12.08806982,55.29568261,24.6],[12.08817144,55.29537598,25.2],[12.08818444,55.29533265,25.46],[12.08829872,55.29484802,28.53],[12.08831071,55.29480602,28.6],[12.08835069,55.29458172,28.86],[12.08835935,55.29454806,28.86],[12.08839067,55.29444807,29.06],[12.088402,55.29441541,29.13],[12.08853296,55.29408812,30.33],[12.08854795,55.29404746,30.46],[12.08860093,55.29387748,30.8],[12.08861259,55.29383449,30.86],[12.08867188,55.29349886,31.06],[12.08867721,55.29345786,31.13],[12.08868088,55.29329088,31.4],[12.08867922,55.29324922,31.46],[12.08860794,55.29274325,32.4],[12.08860228,55.29270059,32.4],[12.08844437,55.29173304,31],[12.08843737,55.29168471,31],[12.08835677,55.29107776,30.6],[12.08835078,55.29102943,30.6],[12.08833647,55.29080312,31.13],[12.08833147,55.29076146,31.26],[12.08825686,55.29042949,31.8],[12.08824953,55.29038716,31.8],[12.08819991,55.28998454,30.46],[12.08819291,55.28993621,30.2],[12.08790407,55.28801469,29.46],[12.08789607,55.28796103,29.4],[12.08776816,55.28691147,30.8],[12.08776183,55.28685947,30.86],[12.08765923,55.28615255,31.06],[12.08765257,55.28610922,30.93],[12.08763526,55.28589025,30.6],[12.08763027,55.28584592,30.6],[12.08758364,55.28561994,30.93],[12.08757598,55.28557561,31.06],[12.08745075,55.28475137,33.53],[12.08744542,55.28471704,33.53],[12.0873868,55.28431543,33.53],[12.08738181,55.2842771,33.53],[12.08737615,55.28416511,33.8],[12.08737215,55.28412878,33.93],[12.08728986,55.28386816,34.33],[12.08728853,55.28383883,34.33],[12.08731219,55.28378151,34.33],[12.08734052,55.28375518,34.4],[12.08743118,55.28371319,34.46],[12.08748784,55.28369553,34.46],[12.08936366,55.283269,36.53],[12.08942799,55.28325367,36.73],[12.08949132,55.28323734,36.93],[12.08954898,55.28321768,37.13],[12.08959731,55.28319102,37.33],[12.0896293,55.28315836,37.26],[12.08964263,55.28312137,37.2],[12.08963997,55.28308271,37.13],[12.08962764,55.28304338,37.06],[12.0891118,55.28168852,39.33],[12.08909814,55.28165453,39.46],[12.08900583,55.28148456,39.66],[12.08898384,55.2814499,39.59],[12.08885519,55.28127626,38.59],[12.0888242,55.28124293,38.33],[12.08871889,55.28114628,36.93],[12.0886809,55.28111429,36.53],[12.0884546,55.28094332,34.53],[12.08840061,55.28090333,34.2],[12.08834161,55.28086133,33.86],[12.08827561,55.280818,33.46],[12.08811929,55.28072735,32.66],[12.08802929,55.28068035,32.26],[12.08782297,55.28059036,31.86],[12.08770697,55.28054937,31.73],[12.08721564,55.28039872,31.46],[12.08709398,55.28036039,31.53],[12.08686433,55.28027507,31.73],[12.08676134,55.28022474,31.86],[12.08658069,55.28011376,32.26],[12.08650236,55.2800541,32.46],[12.08643137,55.2799911,32.73],[12.08636604,55.27992577,33],[12.08624872,55.27979044,33.59],[12.08619506,55.27972311,33.8],[12.08596142,55.27940081,34.73],[12.08591942,55.27933981,34.86],[12.08559946,55.27885086,34.4],[12.0855668,55.2788012,34.26],[12.0846443,55.27734604,34.59],[12.08461931,55.27730505,34.33],[12.08446567,55.27707875,33.13],[12.08444201,55.27704209,33.26],[12.08437869,55.27692778,33.8],[12.08435536,55.27688945,34],[12.08400809,55.27636218,37.93],[12.08397543,55.27631252,38.06],[12.08372281,55.2758999,38.26],[12.08368948,55.27584724,38.2],[12.08302092,55.27481668,41.6],[12.08299393,55.27477502,41.66],[12.08281662,55.27449405,41.6],[12.08279129,55.27445539,41.46],[12.08257802,55.27408343,40.2],[12.08255302,55.2740401,40],[12.08224972,55.27355011,38.8],[12.08222039,55.27350278,38.73],[12.08200576,55.27319049,38.93],[12.08197276,55.27313583,39.06],[12.08194477,55.27308117,39.2],[12.08192111,55.27302617,39.33],[12.08189279,55.27291785,39.59],[12.08188513,55.27286552,39.66],[12.08188513,55.2727652,39.8],[12.08188779,55.27271687,39.86],[12.08192972,55.27213461,40.86],[12.08193205,55.27208795,40.93],[12.08192837,55.27176164,41.46],[12.08192338,55.27171731,41.66],[12.08187408,55.27145201,43.4],[12.08186475,55.27140701,43.73],[12.0815686,55.27008745,43.26],[12.08155861,55.27003946,43.13],[12.08151863,55.26980449,42.86],[12.08151197,55.2697585,43],[12.08149999,55.26962152,43.53],[12.08149233,55.26957652,43.8],[12.08148167,55.26953253,44],[12.08146668,55.26948853,44.2],[12.08107944,55.26861961,43.73],[12.08106211,55.26858095,43.8],[12.0808785,55.26811532,43.26],[12.08086017,55.26806766,43.13],[12.08062325,55.26741306,41.66],[12.08060792,55.26736507,41.6],[12.08053894,55.26714243,41.73],[12.08052494,55.26710044,41.86],[12.08042897,55.26670648,43.73],[12.08041931,55.26666182,43.93],[12.08039399,55.26644318,44.4],[12.08039366,55.26639985,44.4],[12.08039964,55.26604655,43.06],[12.08040097,55.26599989,42.73],[12.08043193,55.26558394,40.66],[12.08043492,55.26553694,40.59],[12.08042958,55.26538129,40.4],[12.08040759,55.26532529,40.4],[12.0803616,55.2652713,40.33],[12.08029261,55.26522264,40.26],[12.08020861,55.26518298,40.2],[12.08001495,55.26511899,40.2],[12.07991262,55.26509,40.26],[12.07938165,55.26495903,40.33],[12.07927832,55.2649327,40.33],[12.07898233,55.26484739,40.33],[12.07888934,55.26481706,40.53],[12.07786109,55.26444479,42],[12.07779576,55.26442146,42],[12.07689015,55.26407719,41.13],[12.07682249,55.26404919,41.13],[12.07656151,55.26393221,41.33],[12.07649551,55.26390221,41.4],[12.07566723,55.26350761,41.8],[12.07560757,55.26347861,41.86],[12.07543892,55.26338963,42.2],[12.07538459,55.26335897,42.26],[12.07466632,55.26294104,43.8],[12.07460899,55.26290871,43.86],[12.07432801,55.26275974,43.86],[12.07427068,55.26273174,43.8],[12.0738887,55.26256944,43.13],[12.07381971,55.26254311,43.06],[12.07367739,55.26249179,42.8],[12.07360373,55.26246713,42.66],[12.07337341,55.26240047,42.13],[12.07329475,55.26238081,42],[12.07280179,55.26227418,41.46],[12.0727158,55.26225785,41.26],[12.07209151,55.26216322,40.66],[12.07200085,55.26214989,40.66],[12.07163221,55.26210125,40.66],[12.07153855,55.26208959,40.66],[12.07050961,55.26198566,40.13],[12.07041662,55.26197967,40.13],[12.06996231,55.26197335,40.2],[12.06987365,55.26197635,40.2],[12.06934034,55.26200197,40.66],[12.06925201,55.2620073,40.73],[12.06851906,55.26205826,41.13],[12.0684414,55.26206259,41.26],[12.06776344,55.26208355,42.2],[12.06769078,55.26208355,42.33],[12.06697916,55.26206927,43.46],[12.06690816,55.26206461,43.53],[12.06677151,55.26204729,43.66],[12.06670651,55.26203396,43.46],[12.06652253,55.26197298,42.86],[12.0664672,55.26194465,42.6],[12.06636787,55.261874,42.06],[12.06632554,55.26183434,41.8],[12.06621789,55.26169603,41.06],[12.06618423,55.26164437,40.86],[12.06598659,55.26131273,39.93],[12.06595326,55.26125573,39.8],[12.06539501,55.26037614,38.53],[12.06535168,55.26030881,38.59],[12.06465179,55.25917022,39.59],[12.06461913,55.25911656,39.59],[12.06428184,55.25859529,39.2],[12.06424751,55.25853996,39.13],[12.06394255,55.25800734,37.86],[12.06391389,55.25795935,37.86],[12.06327634,55.25697713,40.26],[12.06324868,55.25693447,40.33],[12.06298408,55.25646954,40.93],[12.06295875,55.25644221,41.06],[12.06292575,55.25641922,41.2],[12.06288509,55.25640122,41.33],[12.06283876,55.25639123,41.46],[12.06278777,55.25638723,41.6],[12.06273244,55.25638657,41.73],[12.06267378,55.2563899,41.86],[12.06231013,55.25642454,42.66],[12.0622538,55.25642188,42.73],[12.06214981,55.25639488,42.86],[12.06209682,55.25637989,42.93],[12.06190983,55.25634657,42.93],[12.06185984,55.25634291,42.86],[12.06053559,55.2564045,41],[12.0604496,55.25640583,41],[12.05925568,55.25637755,39.59],[12.05916235,55.25637622,39.46],[12.05842238,55.25639017,38.46],[12.05833038,55.25638984,38.33],[12.05824005,55.25638485,38.2],[12.05815305,55.25637552,38.06],[12.05784674,55.25632954,37.33],[12.05777974,55.25632021,37.13],[12.05771841,55.25630388,36.93],[12.05766542,55.25627855,36.73],[12.05762109,55.25624689,36.53],[12.0575831,55.2562119,36.46],[12.0573398,55.25595527,37.2],[12.0573068,55.25592128,37.4],[12.05712616,55.25574497,38.73],[12.05709816,55.25571798,39],[12.0567529,55.25540105,40.4],[12.05672357,55.25537372,40.46],[12.05562606,55.25430956,43],[12.05558807,55.25427156,43],[12.05541309,55.25411525,43],[12.05536843,55.25407392,43],[12.05510946,55.25381561,42.6],[12.0550648,55.25377195,42.46],[12.05407623,55.25287439,40.93],[12.05402723,55.2528284,41.06],[12.05300899,55.25185416,40.33],[12.052966,55.25181317,40.2],[12.05238206,55.25127056,40.46],[12.0523414,55.25123323,40.46],[12.05154317,55.25046535,42],[12.05150618,55.25042935,42.26],[12.05117956,55.25014507,44.13],[12.05114857,55.25011641,44.13],[12.05095694,55.24992144,43.93],[12.05092894,55.24989444,43.8],[12.05027704,55.24928786,42.86],[12.05023838,55.24925287,42.66],[12.05011606,55.24914922,42.2],[12.05007273,55.24911556,42.13],[12.04997274,55.24905424,42.13],[12.04991575,55.24902891,42.2],[12.04972843,55.24897492,42.53],[12.04966044,55.24896359,42.73],[12.04834419,55.24882405,47.4],[12.0482842,55.24881672,47.46],[12.04753464,55.24868014,49.66],[12.04749365,55.24867081,49.73],[12.04709003,55.24853984,50.53],[12.04705037,55.24852418,50.6],[12.04688805,55.24845886,50.86],[12.04684639,55.24844153,51.06],[12.04611482,55.2481136,53],[12.04607316,55.24809594,53],[12.04553622,55.24789168,54.13],[12.04549289,55.24787602,54.26],[12.04498528,55.24772375,55.26],[12.04494162,55.24770975,55.33],[12.04461132,55.24763379,55.66],[12.04456466,55.2476238,55.8],[12.04432902,55.24758449,56.46],[12.04428169,55.2475785,56.6],[12.04360809,55.24751058,57.66],[12.04356343,55.24750592,57.8],[12.04326481,55.24748996,59.13],[12.04322215,55.2474863,59.4],[12.04292619,55.24748066,60.46],[12.0428842,55.24747967,60.6],[12.04271323,55.24746103,61],[12.04267057,55.24745704,61.2],[12.04244126,55.24746435,61.93],[12.04239593,55.24746302,62.06],[12.04202896,55.2474104,63.26],[12.0419793,55.2474034,63.33],[12.041737,55.24735976,63.66],[12.04168934,55.2473491,63.73],[12.04067844,55.24709454,66.6],[12.04063144,55.24708254,66.86],[12.04006685,55.24695259,69.4],[12.04001686,55.2469406,69.4],[12.03973823,55.24688729,69.6],[12.03969157,55.2468803,69.6],[12.0394586,55.24686066,69.6],[12.03941394,55.24685966,69.6],[12.03937028,55.24686299,69.6],[12.03933162,55.24687165,69.6],[12.03930096,55.24688698,69.6],[12.0392793,55.24690664,69.53],[12.03926364,55.2469293,69.46],[12.03925431,55.2469543,69.4],[12.03923468,55.24708994,68.8],[12.03923002,55.2471186,68.66],[12.03921938,55.24739889,68],[12.03921105,55.24742922,68],[12.03919539,55.24745521,68],[12.0391464,55.24749253,68],[12.03912807,55.24750886,68],[12.03910475,55.24754351,68],[12.03909942,55.24755151,68],[12.03907878,55.24756714,68.33],[12.03907812,55.24756681,68.4],[12.03911843,55.24740885,69.13],[12.03912243,55.24738886,69.26],[12.03919038,55.2468536,70.66],[12.03919604,55.24680927,70.73],[12.03923903,55.24662928,70.73],[12.03925402,55.24658395,70.8],[12.03938866,55.24626632,71.13],[12.03940932,55.24622233,71.19],[12.03958561,55.24588404,70.8],[12.0396066,55.24584371,70.66],[12.03973255,55.24554574,69.93],[12.03975354,55.24549808,69.8],[12.03983586,55.2453491,69.46],[12.03987219,55.24529877,69.4],[12.03991385,55.24524844,69.33],[12.03996018,55.24519844,69.26],[12.04021882,55.2449388,69],[12.04027481,55.24488447,69],[12.04128803,55.24393991,69.46],[12.04134202,55.24388925,69.46],[12.04173364,55.24351096,69.06],[12.0417813,55.24346596,68.93],[12.04290353,55.24243141,66.93],[12.04295852,55.24238175,66.93],[12.04300985,55.24233242,66.93],[12.04305051,55.24228276,66.93],[12.04307151,55.24223376,66.93],[12.04306385,55.24218777,66.86],[12.04303352,55.24214744,66.8],[12.0429282,55.24208512,66.66],[12.0428642,55.24205913,66.6],[12.04272554,55.24201014,66.33],[12.04265254,55.24198681,66.19],[12.04234123,55.24189516,65.73],[12.04226057,55.24186917,65.66],[12.04160328,55.2416492,65.66],[12.04152128,55.2416212,65.86],[12.04136162,55.24155888,66.13],[12.04128563,55.24152355,66.26],[12.04114797,55.24144056,66.46],[12.04108931,55.24139257,66.66],[12.040896,55.24117626,67.46],[12.040852,55.24112126,67.66],[12.04047872,55.24061764,69],[12.04044406,55.24056998,68.93],[12.04026475,55.24034467,68.66],[12.04022876,55.24030234,68.6],[12.04001146,55.24006236,68.53],[12.03997213,55.24002103,68.46],[12.03960317,55.23964808,68.06],[12.03955384,55.23959975,68],[12.0393582,55.23941076,67.8],[12.03930887,55.23936477,67.73],[12.03866893,55.23880615,67.46],[12.03861493,55.23875916,67.4],[12.03837128,55.23853086,67.06],[12.03832328,55.23848653,67],[12.03725903,55.23758529,63.73],[12.03718603,55.2375223,63.66],[12.03653141,55.23694869,64.8],[12.03646342,55.23688836,64.93],[12.03626278,55.23669372,65.33],[12.03620045,55.23662706,65.46],[12.03598148,55.23636475,65.86],[12.03593548,55.23630309,65.93],[12.03552289,55.23571814,67.26],[12.03548989,55.23567114,67.33],[12.03535858,55.23545949,67.53],[12.03533258,55.23542183,67.53],[12.03519827,55.2352492,67.4],[12.03517227,55.23521454,67.4],[12.034851,55.23475759,69.19],[12.034821,55.23471493,69.33],[12.03466036,55.23446397,70],[12.03463836,55.23442598,70.13],[12.03440641,55.23409703,70.19],[12.03438141,55.23406203,70.26],[12.03419477,55.23381775,70.06],[12.03416578,55.23377909,70],[12.03392949,55.23344146,70.26],[12.03389583,55.2333968,70.33],[12.03365986,55.23312416,70.73],[12.0336102,55.2330775,70.8],[12.03355587,55.2330325,70.86],[12.03349654,55.23298851,71],[12.03330056,55.23286519,71.26],[12.03323123,55.23282786,71.33],[12.0320727,55.23228463,76.4],[12.03203604,55.23226797,76.6],[12.03185074,55.23217199,77.6],[12.03181008,55.23215233,77.86],[12.03158076,55.23202736,78.26],[12.03154076,55.23200503,78.26],[12.03136445,55.2318944,78.33],[12.03131379,55.23186374,78.33],[12.03090981,55.23163711,78.06],[12.03085082,55.23160011,78.06],[12.03045552,55.23133448,78],[12.03040352,55.23129815,78],[12.0291363,55.23038928,77.19],[12.02908431,55.23035162,77.13],[12.02824775,55.22976438,78],[12.02820976,55.22973738,78.13],[12.02805111,55.22962073,78.86],[12.02801445,55.22958907,79.19],[12.02795746,55.22951708,79.73],[12.02794146,55.22947375,80],[12.02793813,55.22942609,80.26],[12.02795012,55.22937776,80.53],[12.02797778,55.2293301,80.8],[12.02801577,55.2292841,81.06],[12.02806243,55.22924044,81.26],[12.02822708,55.22912345,81.86],[12.02828474,55.22908946,82.2],[12.0286777,55.2288815,84.06],[12.02871903,55.22886051,84.26],[12.02906766,55.22869588,85],[12.02910832,55.22867822,85],[12.0292873,55.22861324,85],[12.02933529,55.22859958,85],[12.0295946,55.22854027,85],[12.0296486,55.22852627,85],[12.02969693,55.22850661,85],[12.02973526,55.22848095,85],[12.02975992,55.22844929,85],[12.02977258,55.22841429,85],[12.02977058,55.22837896,85.06],[12.02974293,55.22830831,85.2],[12.02972427,55.22827365,85.26],[12.02935568,55.22773139,87.2],[12.02932768,55.22769773,87.33],[12.02920837,55.22756475,87.8],[12.02917604,55.22753176,87.93],[12.02896306,55.22733711,88.66],[12.0289284,55.22730445,88.73],[12.02861046,55.22698417,88.86],[12.0285808,55.22695351,89.2],[12.02823651,55.22665191,92.13],[12.02820585,55.22662292,92.4],[12.02815386,55.22656592,93],[12.02813487,55.22653859,93.46],[12.02812154,55.22651026,93.66],[12.02811554,55.22648093,93.86],[12.0281172,55.22645027,93.8],[12.02812886,55.22641894,93.73],[12.02815186,55.22639028,93.66],[12.02822452,55.22634229,93.53],[12.02827118,55.22632363,93.4],[12.02843216,55.22627998,93],[12.02848982,55.22626698,92.86],[12.02891177,55.22618667,90.46],[12.02896876,55.22617301,90.26],[12.02902509,55.22615835,90.06],[12.02908008,55.22614136,89.86],[12.02924007,55.22607271,89.86],[12.02928906,55.22604238,89.93],[12.02938072,55.22596972,90.2],[12.02942405,55.22592673,90.26],[12.02967069,55.22563476,90.33],[12.02971535,55.22558643,90.33],[12.02986467,55.22545145,90.33],[12.02991866,55.22541012,90.33],[12.03013465,55.22526481,90.06],[12.03018598,55.22523248,90],[12.03074557,55.22488954,90.66],[12.03079556,55.22486088,90.73],[12.03084855,55.22483422,90.8],[12.03090421,55.22481222,90.86],[12.03105619,55.22476957,91],[12.03106619,55.22476757,91],[12.03117383,55.22464993,91.13],[12.03121216,55.22461894,91.2],[12.03167678,55.22432532,91.73],[12.03173644,55.22428032,91.8],[12.0317911,55.22423199,91.8],[12.03183876,55.22418033,91.8],[12.03187775,55.22412667,91.86],[12.03190341,55.22407101,92.06],[12.03191974,55.22401635,92.26],[12.03192807,55.22396436,92.4],[12.0319294,55.2239157,92.53],[12.0319201,55.22370205,93.4],[12.03191911,55.22366105,93.6],[12.03185719,55.22305411,94.66],[12.03185319,55.22301211,94.6],[12.03183889,55.22267049,93.86],[12.03183689,55.22262683,93.73],[12.03183623,55.22205889,92.46],[12.03183689,55.22200056,92.46],[12.0318522,55.22168192,92.33],[12.0318612,55.22161126,92.33],[12.03187419,55.22153726,92.26],[12.03189152,55.22146227,92.2],[12.03198749,55.22117562,91.73],[12.03201082,55.22111363,91.46],[12.03210213,55.22090398,90.46],[12.03212646,55.22085232,90.26],[12.0322361,55.22063934,89.53],[12.03226243,55.22058168,89.46],[12.03240341,55.22025037,89.13],[12.0324344,55.22017704,89.06],[12.03249106,55.22002405,88.8],[12.03251706,55.21994572,88.6],[12.03254205,55.21986673,88.4],[12.03256538,55.21978807,88.2],[12.0326007,55.21963508,87.8],[12.0326147,55.21956275,87.6],[12.03263336,55.21942675,87.06],[12.03263835,55.21936142,86.8],[12.03263669,55.21923043,86.4],[12.0326317,55.2191621,86.26],[12.03251108,55.21828918,85.6],[12.03250242,55.21821819,85.46],[12.03240082,55.2171596,85.8],[12.03239416,55.21709127,86],[12.03235053,55.21654165,86.73],[12.03234587,55.21648565,86.73],[12.03229358,55.21614437,86],[12.03228392,55.21610271,85.93],[12.03219129,55.2158054,85.73],[12.03217663,55.21576141,85.73],[12.0315722,55.21401492,84.4],[12.03155387,55.21396093,84.46],[12.03100634,55.2125254,80.53],[12.03097834,55.21245474,80.19],[12.03095234,55.21238241,79.93],[12.03093068,55.21230842,79.6],[12.03092035,55.21223176,79.4],[12.03092601,55.2121541,79.19],[12.030951,55.21207444,79],[12.030991,55.21199344,78.93],[12.03104333,55.21191311,78.8],[12.03128631,55.21159313,78.4],[12.0313463,55.21151613,78.33],[12.03159561,55.21122516,78.06],[12.0316526,55.2111555,78.06],[12.03174793,55.2110155,77.8],[12.03178659,55.21094684,77.66],[12.03185024,55.21081185,77.33],[12.03187657,55.21074519,77.19],[12.03210352,55.21012822,74.73],[12.03213052,55.21005389,74.46],[12.03238948,55.20928229,72],[12.03241347,55.20920163,72],[12.0324338,55.20911997,72],[12.03244879,55.20903697,72],[12.03246245,55.20887098,72],[12.03246411,55.20878899,72],[12.03242218,55.2078664,72.46],[12.03241919,55.20779874,72.4],[12.0324132,55.20723579,69],[12.0324112,55.2071758,68.53],[12.0324132,55.20711714,68.13],[12.03242119,55.20705814,67.73],[12.03246118,55.20693748,67.19],[12.03249851,55.20687549,66.93],[12.03254817,55.20681216,66.66],[12.0326115,55.2067485,66.6],[12.03285281,55.20656252,66.66],[12.03293947,55.20650452,66.73],[12.03404907,55.20582527,67.73],[12.0341124,55.20578761,67.6],[12.03505965,55.20518037,64.66],[12.03512164,55.20513471,64.8],[12.03530529,55.20497539,65.6],[12.03536095,55.20491506,65.93],[12.03541295,55.20485273,66.26],[12.03546094,55.2047894,66.6],[12.03557693,55.20459707,67.6],[12.03560859,55.20453341,67.93],[12.03565891,55.20440642,68.33],[12.03567191,55.20434309,68.53],[12.03567757,55.20427943,68.73],[12.03566824,55.20415478,68.93],[12.03565791,55.20409445,69.06],[12.03564491,55.20403579,69.19],[12.03562958,55.20397813,69.19],[12.03547995,55.20353883,68.73],[12.03546362,55.20349683,68.66],[12.03539931,55.20326918,68.13],[12.03538465,55.20321718,68.06],[12.03528835,55.20292155,67.33],[12.03527402,55.20287822,67],[12.03526169,55.20283556,66.66],[12.03525536,55.20279457,66.33],[12.03526102,55.20275591,66],[12.03528568,55.20271925,65.66],[12.03533267,55.20268892,65.33],[12.03539867,55.20266526,65],[12.03548167,55.20265027,64.6],[12.035576,55.20264294,64.19],[12.03578832,55.20263795,63.4],[12.03590331,55.20263729,63.13],[12.03652794,55.20265026,62.33],[12.0366556,55.20265159,62.26],[12.03690292,55.20264593,62.26],[12.03702025,55.20263793,62.26],[12.03713191,55.2026266,62.26],[12.03723957,55.2026126,62.33],[12.0381772,55.20247199,62.93],[12.03827786,55.20245799,63],[12.03857251,55.20242367,63],[12.03866984,55.20241668,63],[12.03917114,55.20239737,63],[12.0392698,55.20239637,63],[12.0397451,55.20240368,62.66],[12.03983876,55.20240601,62.6],[12.04018407,55.20242332,62.33],[12.0402614,55.20242532,62.26],[12.04040139,55.20240632,62.13],[12.04045405,55.20238232,62.06],[12.04049204,55.20235066,62],[12.04051703,55.202314,62],[12.04053103,55.202275,62],[12.04053969,55.20219201,62],[12.04053936,55.20214835,62],[12.04052803,55.20206336,62],[12.04052004,55.20202203,62],[12.04048939,55.20190272,62],[12.04047406,55.20186706,62],[12.04040642,55.20174375,61.86],[12.04039076,55.20171509,61.8],[12.04026712,55.20153845,61.4],[12.04024412,55.20150446,61.26],[12.04012048,55.20127883,60.2],[12.04010448,55.2012415,60.06],[12.04008482,55.20112852,59.66],[12.04008781,55.20108919,59.53],[12.04013279,55.20092754,58.8],[12.04015245,55.20089121,58.6],[12.0402291,55.20080057,58.2],[12.04025109,55.20078224,58.06],[12.04033473,55.20072861,57],[12.04033873,55.20072528,56.8],[12.04042072,55.20069862,56.53],[12.04044938,55.20068129,56.4],[12.04072902,55.20048331,55.46],[12.04078768,55.20043932,55.26],[12.04128864,55.20004035,53.8],[12.04135497,55.19998636,53.66],[12.04188093,55.19953073,53],[12.04194626,55.19947107,53],[12.04207392,55.19935108,53],[12.04213392,55.19929075,53],[12.04229991,55.19910809,53],[12.0423509,55.19904743,53],[12.0426762,55.1986488,53],[12.04272253,55.19858947,53],[12.04284752,55.19839748,52.8],[12.04287685,55.19833048,52.73],[12.04289584,55.19826249,52.53],[12.0429035,55.19819416,52.33],[12.04288551,55.19805983,51.93],[12.04286152,55.1979945,51.66],[12.04279953,55.19786952,51.13],[12.04276587,55.19780919,50.86],[12.04261423,55.19756387,49.6],[12.04257624,55.19749854,49.26],[12.04250992,55.19735955,48.6],[12.04248692,55.19728722,48.4],[12.04247159,55.19721389,48.13],[12.04246726,55.19706523,47.6],[12.04247526,55.19699124,47.4],[12.04249092,55.19691691,47.2],[12.04251358,55.19684225,47],[12.04254424,55.19676825,46.8],[12.04258424,55.19669426,46.66],[12.04263323,55.19662226,46.46],[12.04275322,55.19648361,46.2],[12.04281922,55.19641695,46.13],[12.04378016,55.19549502,46.6],[12.04383049,55.19544736,46.8],[12.04431943,55.19500941,47.2],[12.04436776,55.19496408,47.06],[12.04482173,55.19449446,45.46],[12.04487439,55.1944408,45.4],[12.04545767,55.19386719,45.26],[12.04550667,55.19381853,45.4],[12.0459896,55.19334927,46.2],[12.04603126,55.19330861,46.2],[12.04620224,55.19315896,45.73],[12.04624423,55.19312096,45.53],[12.04653652,55.19282799,44.2],[12.04658185,55.19278233,44],[12.04678317,55.19259934,43.13],[12.0468335,55.19255101,42.93],[12.04722478,55.19216239,40.8],[12.04727844,55.1921144,40.53],[12.0473431,55.19207307,40.2],[12.0474221,55.19204208,39.86],[12.04751276,55.19202608,39.59],[12.04760642,55.19202542,39.26],[12.04769841,55.19203608,39],[12.04778707,55.19205541,38.8],[12.04795473,55.19210473,38.4],[12.04803539,55.19213273,38.33],[12.04944197,55.19265765,35.46],[12.04952863,55.19268964,35.53],[12.05004827,55.19287428,35.86],[12.05015027,55.19291161,35.93],[12.05041225,55.19301593,36],[12.05048791,55.19304459,35.93],[12.05056491,55.19306492,35.86],[12.0506449,55.19307258,35.8],[12.05072623,55.19306625,35.73],[12.05080289,55.19304626,35.66],[12.05087355,55.1930146,35.59],[12.05094021,55.19297727,35.46],[12.05190747,55.19234,33.46],[12.05197446,55.19229634,33.26],[12.05290573,55.19170308,27.8],[12.05299472,55.19164475,27.26],[12.05380836,55.19110011,25.53],[12.05389502,55.19104178,25.46],[12.05456065,55.19058048,25.26],[12.05464498,55.19052415,25.2],[12.05508962,55.19025717,24.73],[12.05517761,55.19020351,24.6],[12.05533361,55.19008752,24.33],[12.05539394,55.19002419,24.2],[12.05544093,55.18995953,24.06],[12.05547659,55.1898952,23.93],[12.05552391,55.18976888,23.66],[12.05553824,55.18970555,23.53],[12.05563317,55.1891126,23],[12.05563916,55.18907794,23],[12.05564811,55.18892732,21.46],[12.05565277,55.18884399,21.26],[12.05568609,55.18877367,20.66],[12.05569808,55.18874201,20.46],[12.05576605,55.18833539,19.2],[12.05577938,55.18827373,19],[12.05605997,55.18708748,13.46],[12.05607596,55.18701482,13.2],[12.05611595,55.18679384,12.33],[12.05612595,55.18672018,12.13],[12.05614959,55.18642919,11.13],[12.05616559,55.18635786,10.93],[12.05619359,55.18628853,10.73],[12.05628724,55.18615254,10.26],[12.05634557,55.18608421,10.13],[12.05647023,55.18594555,9.86],[12.05653522,55.18587589,9.8],[12.05693418,55.18546626,9.2],[12.05700284,55.18540226,9.13],[12.0570755,55.18534193,9],[12.05723983,55.1852346,8.8],[12.05733183,55.1851886,8.66],[12.05742749,55.18514627,8.53],[12.05773314,55.18504229,8.13],[12.0578388,55.18500996,8],[12.05816245,55.18492031,7.4],[12.05827178,55.18489798,7.2],[12.05838078,55.18488198,7],[12.05848811,55.18487265,6.73],[12.05869677,55.18486333,6.33],[12.05879843,55.18485267,6.13],[12.05889443,55.18483034,5.93],[12.05898042,55.18479535,5.73],[12.05904541,55.18475069,5.53],[12.05908607,55.18469769,5.26],[12.05915206,55.18450737,4.66],[12.05918906,55.18444638,4.53],[12.05923639,55.18438772,4.4],[12.05935504,55.18428307,4.13],[12.05942604,55.18423774,4.13],[12.05950437,55.18419608,4.13],[12.05958903,55.18415608,4.13],[12.05976969,55.18408242,4.19],[12.05986402,55.18404843,4.26],[12.05996001,55.18401777,4.33],[12.06005767,55.18399078,4.53],[12.06053964,55.18388014,5.26],[12.06063197,55.18385615,5.4],[12.06080696,55.18379416,5.53],[12.06088396,55.18375316,5.53],[12.06101162,55.18365251,5.46],[12.06106661,55.18359685,5.4],[12.06135191,55.18324421,4.93],[12.0614009,55.18318855,4.86],[12.06145156,55.18313322,4.8],[12.06150522,55.18307923,4.73],[12.06162354,55.1829819,4.66],[12.06169053,55.18293924,4.66],[12.06176186,55.18290091,4.66],[12.06183652,55.18286525,4.73],[12.06207751,55.18277093,4.93],[12.06216284,55.18274394,5],[12.06250482,55.18265796,4.93],[12.06258782,55.18263997,4.86],[12.06296679,55.18257566,4.53],[12.06303212,55.18256266,4.46],[12.06308812,55.182545,4.4],[12.06312845,55.18252167,4.33],[12.06314978,55.18249367,4.26],[12.06315078,55.18246234,4.19],[12.06310746,55.18239235,4.06],[12.06307613,55.18235469,4],[12.06240388,55.18164075,1.86],[12.06236255,55.18159842,1.6],[12.06215357,55.18139443,0.86],[12.06211058,55.18135543,0.8],[12.06175362,55.18106781,1.2],[12.06171063,55.18103481,1.46],[12.06145566,55.18085518,2.8],[12.061411,55.18082652,3],[12.06103037,55.18060656,6],[12.06098304,55.18058023,6.2],[12.06033344,55.18024062,7.06],[12.06028444,55.18021429,7.13],[12.05954252,55.17984937,8],[12.05948919,55.17982171,8],[12.05922455,55.17967474,7.93],[12.05917122,55.17964375,7.86],[12.05890391,55.17947644,7.53],[12.05885158,55.17944011,7.4],[12.0581793,55.17892383,4.19],[12.05811931,55.17887584,3.93],[12.0570294,55.17797027,4.13],[12.05697474,55.17792361,4.26],[12.05681442,55.17777996,4.6],[12.05676242,55.17773163,4.66],[12.05587016,55.17687438,2.06],[12.0558175,55.17682472,2],[12.05525756,55.17631279,1.6],[12.05521056,55.17627013,1.66],[12.05497026,55.17606783,2.4],[12.05492126,55.17602917,2.6],[12.05461995,55.17580153,3.53],[12.05456595,55.17576354,3.6],[12.05405468,55.17542826,3.8],[12.05399602,55.1753926,3.66],[12.05362639,55.17518296,3.13],[12.05356239,55.17514897,2.93],[12.0529731,55.17485001,1.26],[12.0529031,55.17481702,1.2],[12.05253478,55.17465505,1.33],[12.05245678,55.17462239,1.33],[12.05196247,55.17442509,1.66],[12.05187548,55.17439343,1.73],[12.05132384,55.17420513,1.66],[12.05122885,55.17417547,1.73],[12.05046657,55.17395584,2.8],[12.05037257,55.17393151,2.86],[12.04963963,55.17375788,4.19],[12.04955063,55.17373789,4.33],[12.04714481,55.17320572,4.6],[12.04706882,55.17318806,4.73],[12.04479797,55.1726969,7.8],[12.04471431,55.17267957,7.8],[12.04377936,55.17245497,4.06],[12.04369103,55.17243498,3.53],[12.04226909,55.17212973,-0.86],[12.04217376,55.17210907,-0.8],[12.04118547,55.17188479,2.26],[12.04110014,55.1718658,2.6],[12.04023119,55.17165152,4.06],[12.0401582,55.17163219,4.13],[12.03921226,55.17133726,5.6],[12.03914493,55.17131393,5.6],[12.03874962,55.17116562,5.46],[12.03868529,55.17113963,5.46],[12.03816933,55.17091931,6.26],[12.038104,55.17089032,6.4],[12.03742039,55.17055071,5.86],[12.03735939,55.17051938,5.86],[12.03693643,55.17028808,6.06],[12.03687577,55.17025442,6.13],[12.03675478,55.17018443,6.26],[12.03669612,55.17014977,6.33],[12.03640948,55.16996545,5.86],[12.03635349,55.16992746,5.73],[12.03568521,55.16943019,3.86],[12.03562555,55.16938686,3.73],[12.03531757,55.16917889,3],[12.03525291,55.1691389,2.86],[12.03432197,55.16858997,2.8],[12.03426164,55.16855364,2.86],[12.03374601,55.16826166,2.93],[12.03367802,55.16822266,2.73],[12.03331238,55.16802435,2.4],[12.03323538,55.16798236,2.33],[12.03279641,55.16776537,1.86],[12.03269975,55.16772071,1.73],[12.0324971,55.16763372,1.6],[12.03239144,55.16759272,1.73],[12.03205379,55.1674894,2],[12.03193613,55.16746207,2.06],[12.03170013,55.16741275,2.2],[12.03158114,55.16739209,2.2],[12.03078684,55.16726547,1.33],[12.03068385,55.16724581,1.13],[12.0290046,55.16688923,0.26],[12.02891661,55.1668699,0.33],[12.02848831,55.16676193,0.6],[12.02840765,55.16673627,0.6],[12.02825333,55.16667961,0.6],[12.02818067,55.16664895,0.6],[12.02798602,55.16654664,0.6],[12.02792603,55.16650898,0.6],[12.0278677,55.16647065,0.66],[12.0278117,55.16643066,0.73],[12.02734974,55.16607271,1.66],[12.02729974,55.16603272,1.73],[12.02713442,55.16591773,1.93],[12.02707142,55.1658824,2],[12.02664379,55.1657061,1.46],[12.02656846,55.16567744,1.46],[12.02584517,55.16542248,1.4],[12.02576851,55.16539182,1.46],[12.02561686,55.16532816,1.53],[12.02554353,55.1652955,1.53],[12.02527222,55.16515552,1.4],[12.02521122,55.16511719,1.46],[12.02509556,55.16503687,1.6],[12.0250409,55.16499688,1.6],[12.02424932,55.1643826,0.8],[12.02419499,55.16434127,0.66],[12.02357072,55.16388832,0.26],[12.02351439,55.16384766,0.26],[12.0230321,55.16348005,0.33],[12.02298477,55.16344139,0.4],[12.02277013,55.16325675,1.13],[12.02273147,55.16322209,1.33],[12.02249551,55.16299213,2.46],[12.02246285,55.1629598,2.66],[12.0218636,55.16235622,2.8],[12.02182961,55.16232089,2.86],[12.02163463,55.16209326,2.8],[12.0216023,55.16205326,2.8],[12.02150732,55.16192894,2.8],[12.02147699,55.16188728,2.66],[12.02109773,55.16132834,1.33],[12.02106807,55.16128501,1.33],[12.02098176,55.1611537,1.46],[12.02095376,55.16111037,1.53],[12.02074813,55.16076107,1.4],[12.02072313,55.16071741,1.46],[12.02058483,55.16045078,1.4],[12.0205625,55.16040578,1.33],[12.02028089,55.15980951,2.06],[12.02025856,55.15976485,2.2],[12.01972134,55.15857198,2.13],[12.01970001,55.15852599,2.06],[12.01960136,55.15834268,2.26],[12.01957437,55.15829702,2.33],[12.01932276,55.15790305,3.73],[12.01929676,55.15786205,3.93],[12.01905715,55.15751276,5.6],[12.01903049,55.1574751,5.8],[12.01862723,55.15698017,7.66],[12.0185919,55.15694017,7.6],[12.01831494,55.15666321,5.66],[12.01827261,55.15662288,5.13],[12.01799698,55.15637424,3.13],[12.01795065,55.15633025,2.86],[12.01773067,55.15608994,2.26],[12.01769001,55.15603761,2.2],[12.01720107,55.15533833,1.93],[12.01716774,55.15529,2],[12.01659351,55.15439077,1.86],[12.01656151,55.15434211,1.86],[12.01637421,55.15409813,2],[12.01633188,55.1540498,2.13],[12.01623988,55.15395748,2.2],[12.01619189,55.15391282,2.2],[12.01609223,55.15382917,2.26],[12.01604057,55.15378984,2.33],[12.01589191,55.15368186,2.46],[12.01584158,55.1536482,2.4],[12.01553061,55.15344922,2.13],[12.01547828,55.15341523,2.13],[12.01529263,55.15326758,2.06],[12.01524997,55.15322825,2],[12.01516965,55.15314726,2],[12.01513166,55.15310593,2.06],[12.01503167,55.15297994,2.06],[12.01500234,55.15293628,2.06],[12.01494869,55.15284596,2.06],[12.01492536,55.15279997,2.06],[12.01475838,55.152442,2.4],[12.01473572,55.15240167,2.4],[12.01465773,55.15228436,2.4],[12.01462874,55.15224437,2.46],[12.01456074,55.15216371,2.6],[12.01452441,55.15212338,2.46],[12.01444475,55.15204039,2.33],[12.01440076,55.15199773,2.33],[12.01420411,55.15181974,2.06],[12.01415378,55.15177441,2.06],[12.01300757,55.15076518,1.6],[12.01295658,55.15072418,1.46],[12.0127296,55.15056253,0.93],[12.01266894,55.1505232,0.8],[12.01228196,55.15030457,0.2],[12.0122133,55.15026991,0.13],[12.01199865,55.15016959,0.06],[12.01192532,55.1501376,0.06],[12.01119337,55.14984066,0.13],[12.01112271,55.149811,0.2],[12.0107864,55.1496567,0.4],[12.01072374,55.14962471,0.46],[12.01060675,55.14955739,0.6],[12.01055142,55.14952273,0.6],[12.01024012,55.14931943,0.4],[12.01018946,55.14928577,0.46],[12.00999548,55.1491458,0.53],[12.00994882,55.14911014,0.53],[12.00977084,55.14896283,0.6],[12.00973085,55.14892517,0.66],[12.0095762,55.14877487,0.86],[12.00953987,55.14873687,0.8],[12.00941422,55.14857756,0.53],[12.00938589,55.14853656,0.4],[12.00913693,55.14813029,-0.53],[12.0091116,55.14809029,-0.66],[12.00895463,55.14785299,-1.13],[12.00892797,55.14781366,-1.13],[12.00778218,55.14600621,-1],[12.00776019,55.14597121,-0.86],[12.00765488,55.14583824,-0.33],[12.00762988,55.14580591,-0.2],[12.00755157,55.14563726,-0.06],[12.00753991,55.14560226,-0.13],[12.00752126,55.14549294,-0.33],[12.00752026,55.14545528,-0.4],[12.00753456,55.14530497,-0.66],[12.0075269,55.14526731,-0.73],[12.0075139,55.14522998,-0.8],[12.00749591,55.14519398,-0.86],[12.00743194,55.14509401,-1],[12.00742228,55.14508001,-1],[12.00740295,55.14506535,-1],[12.00739862,55.14506269,-1],[12.00752495,55.14510602,-1],[12.00754661,55.14509703,-1],[12.0075676,55.14508303,-1],[12.00764125,55.14502138,-1],[12.00767691,55.14499772,-1],[12.00780957,55.14493206,-1],[12.00786123,55.14491673,-1],[12.00803087,55.14488041,-1],[12.0080902,55.14487108,-1],[12.00856717,55.14481012,-1],[12.0086425,55.14480212,-0.93],[12.01086801,55.14463995,-0.06],[12.01093234,55.14463495,-0.06],[12.01126098,55.14460631,-0.06],[12.01132664,55.14459932,-0.06],[12.01170829,55.14455068,0.2],[12.01177062,55.14454269,0.26],[12.01230357,55.14445441,0.86],[12.0123609,55.14444442,1],[12.01264155,55.14438178,1.26],[12.01269654,55.14436679,1.26],[12.01294551,55.14427282,1.8],[12.01299117,55.14425116,1.8],[12.01318848,55.14413217,1.8],[12.01322181,55.14410784,1.8],[12.0133008,55.14403185,2],[12.01332546,55.14400685,2],[12.01343109,55.14386089,2.26],[12.01344808,55.1438369,2.4],[12.01366334,55.1434703,4.93],[12.013682,55.14343597,5.06],[12.01382096,55.14316302,6],[12.01383662,55.14312836,6.06],[12.01398224,55.14274042,6.33],[12.01399623,55.14270543,6.4],[12.01418917,55.14227415,7.8],[12.0142075,55.14223716,7.93],[12.01474269,55.14121829,9.46],[12.01476202,55.14118229,9.46],[12.0149923,55.14079367,9.8],[12.01501629,55.14075934,9.93],[12.01522925,55.14048539,11.26],[12.01525725,55.14045239,11.53],[12.01579817,55.13984215,15],[12.01582583,55.13981182,15],[12.01597779,55.13962719,15],[12.01600578,55.13959419,15],[12.01694727,55.13855135,16.33],[12.0169776,55.13851769,16.46],[12.01747717,55.13794479,17.06],[12.01750483,55.13791279,17.2],[12.01784878,55.13753283,17.2],[12.01787844,55.13749917,17.13],[12.01803842,55.13729988,17],[12.01806008,55.13727555,17],[12.01808441,55.13725856,17],[12.01811041,55.1372519,17],[12.01812607,55.13725589,17],[12.01812773,55.13726755,17],[12.01812107,55.13728288,17],[12.01802644,55.13737818,17],[12.01801311,55.13739218,17],[12.01797646,55.13745783,17],[12.01796746,55.13746749,17],[12.01794514,55.13746715,17],[12.01794481,55.13745749,17],[12.01809843,55.13722088,17.66],[12.01811809,55.13718388,17.79],[12.01817007,55.13706523,18.2],[12.0181864,55.13702323,18.33],[12.01822505,55.13689324,18.6],[12.01823405,55.13684791,18.66],[12.01824238,55.13666394,18.53],[12.01823972,55.13661928,18.46],[12.01819942,55.13628765,17.6],[12.01819876,55.13624999,17.53],[12.01820341,55.13614133,17.13],[12.01820774,55.13610567,17],[12.01822972,55.13599502,16.6],[12.01823872,55.13595803,16.46],[12.01834402,55.13565908,15.26],[12.01835868,55.13562108,15.2],[12.01848899,55.13532679,14.66],[12.01850365,55.13529113,14.73],[12.01872025,55.13474021,15.73],[12.01873458,55.13470255,15.86],[12.01878988,55.13453158,17.06],[12.01880088,55.13450059,17.33],[12.0188472,55.13440828,18.13],[12.01887386,55.13437995,18.4],[12.01891252,55.13435829,18.66],[12.01896385,55.1343453,18.93],[12.0193165,55.13431767,19.73],[12.01938983,55.13430334,19.66],[12.01946083,55.13428501,19.6],[12.01952883,55.13426268,19.53],[12.01965382,55.13421069,19.4],[12.01971248,55.13418336,19.33],[12.02186794,55.13306855,12.26],[12.02194494,55.13302889,12.13],[12.02273357,55.13258927,12.06],[12.0228229,55.13253794,12.06],[12.02309755,55.13239795,12.4],[12.02319188,55.13235795,12.6],[12.02347819,55.13226262,12.8],[12.02357085,55.13223796,12.86],[12.02440879,55.13205002,10.4],[12.02447279,55.13203436,10.06],[12.02543773,55.13176876,8.46],[12.02552606,55.1317411,8.53],[12.02623603,55.13149848,9.06],[12.02629703,55.13147748,9.06],[12.02647668,55.13142382,9.26],[12.02653334,55.13140383,9.33],[12.02724595,55.13113789,10.2],[12.02730628,55.13111523,10.26],[12.02766991,55.13098826,10.4],[12.02772924,55.13096693,10.4],[12.02807721,55.13082728,10.26],[12.02812854,55.13079962,10.2],[12.0281692,55.13076763,10.13],[12.02819353,55.13073197,10.06],[12.02820053,55.13069364,10],[12.02819053,55.13065464,10],[12.02811454,55.130533,10],[12.02809921,55.130491,10],[12.02809488,55.13044801,10],[12.02810288,55.13040401,9.93],[12.02814987,55.13031902,9.8],[12.0281832,55.13027869,9.73],[12.02847415,55.12998673,8.73],[12.02850814,55.1299534,8.53],[12.02889075,55.12959511,7.33],[12.02894308,55.12954645,7.26],[12.03008831,55.12843688,5.2],[12.03014497,55.12838622,5],[12.03038362,55.12818991,4.6],[12.03044595,55.12814325,4.4],[12.03094523,55.12778461,3.33],[12.03100556,55.12774128,3.2],[12.0312512,55.12757896,2.6],[12.03131653,55.12754096,2.46],[12.03146185,55.12746964,2.33],[12.03154285,55.12743865,2.2],[12.03199049,55.12730935,1.53],[12.03207282,55.12727769,1.4],[12.03214281,55.12724003,1.26],[12.03219947,55.12719537,1.26],[12.03224546,55.12714637,1.26],[12.03228246,55.12709538,1.26],[12.03233611,55.12698839,1.26],[12.0323581,55.12693306,1.26],[12.03272299,55.12586848,2.13],[12.03274332,55.12581449,2.06],[12.03316156,55.12475092,0.33],[12.03318256,55.12469792,0.33],[12.03332386,55.12437795,0.8],[12.03335186,55.12432629,0.93],[12.03344651,55.12417298,1.33],[12.0334805,55.12412265,1.46],[12.03363447,55.12393134,1.73],[12.03367613,55.12388401,1.8],[12.03458201,55.12293913,0.93],[12.03461567,55.12290447,1],[12.03499795,55.12248689,1.46],[12.03502361,55.1224549,1.46],[12.03508093,55.12235091,1.66],[12.03508959,55.12231491,1.6],[12.03509723,55.12211827,1.26],[12.03509989,55.12208061,1.2],[12.03512953,55.12196929,1.26],[12.03514619,55.12193396,1.33],[12.03527018,55.12176331,1.26],[12.03529018,55.12173798,1.26],[12.0353895,55.12165267,1.46],[12.03541183,55.12163201,1.53],[12.03546248,55.12155737,1.73],[12.03547814,55.12154137,1.8],[12.03550313,55.12152704,1.93],[12.03553879,55.12151604,2],[12.03568511,55.12147939,2.2],[12.03573577,55.12146273,2.26],[12.03592475,55.12138476,2.4],[12.03597041,55.12136576,2.46],[12.03624704,55.12121316,2.33],[12.03625437,55.12120683,2.4],[12.03589108,55.12141281,2.6],[12.03584975,55.1214388,2.66],[12.03579743,55.12149313,2.66],[12.03578744,55.12151779,2.66],[12.03578843,55.12154045,2.66],[12.03580243,55.12156111,2.66],[12.03582843,55.12157977,2.6],[12.03628972,55.1217354,2],[12.03634605,55.1217544,2],[12.03657137,55.12182204,1.93],[12.03662836,55.12183837,1.86],[12.03692699,55.12191301,1.53],[12.03698832,55.12192867,1.46],[12.0379089,55.12220926,2.2],[12.03796889,55.12222792,2.26],[12.03835319,55.12235755,2.13],[12.03840352,55.12237421,2.06],[12.03891047,55.12253015,1.53],[12.03895346,55.12254481,1.53],[12.03903212,55.12257546,1.53],[12.03906945,55.12259212,1.53],[12.03920643,55.12267143,1.8],[12.03924276,55.12269176,1.86],[12.0394374,55.1227894,1.8],[12.03947606,55.12281006,1.73],[12.03962136,55.12289771,1.53],[12.03965869,55.12291871,1.53],[12.03985467,55.12301468,1.53],[12.03989266,55.12303201,1.53],[12.04020328,55.12314963,2],[12.04024061,55.12316329,2],[12.04049525,55.12324292,2.26],[12.04054124,55.12325725,2.4],[12.04094687,55.12340421,2],[12.04097553,55.12341587,1.93],[12.04102219,55.12344819,1.66],[12.04103052,55.12346818,1.46],[12.04102219,55.12348851,1.26],[12.04092354,55.12357516,1],[12.04089288,55.12359782,1],[12.04085855,55.12361815,1],[12.04081922,55.12363614,1],[12.04069024,55.12368313,1],[12.04065124,55.12369812,1],[12.04057992,55.12371778,1],[12.04054926,55.12372278,1],[12.04048594,55.1237241,1],[12.04047495,55.12372443,1],[12.04067961,55.12368544,1],[12.04069394,55.12367745,1],[12.04048128,55.12374378,1],[12.04048028,55.12374378,1],[12.04069693,55.12371647,1.13],[12.04072826,55.12370247,1.2],[12.04089355,55.12355251,1.66],[12.04091154,55.12353285,1.73],[12.04091954,55.12351519,1.8],[12.0409212,55.12350386,1.86],[12.04091488,55.12348224,3.26],[12.04091355,55.12347391,3.46],[12.04092455,55.12344825,3.93],[12.04094188,55.12343392,4.19],[12.04121684,55.12331329,5.53],[12.04125283,55.12329396,5.66],[12.04143746,55.12318133,6],[12.04146579,55.12316367,6],[12.04166408,55.12300939,6],[12.04168641,55.1229914,6],[12.04182036,55.12285644,6],[12.04184002,55.12283211,6],[12.04212962,55.12242184,7.73],[12.04214895,55.12239418,7.86],[12.04221126,55.1222862,7.86],[12.04222192,55.12226454,7.73],[12.04222958,55.12224555,7.6],[12.04223158,55.12222822,7.46],[12.04221858,55.12220123,7.2],[12.04220359,55.1221909,7.13],[12.04174568,55.12197532,6.13],[12.04171202,55.12195966,6],[12.04147905,55.12187402,5.26],[12.04144072,55.12186136,5.2],[12.04125408,55.12178238,5],[12.04122175,55.12177039,5],[12.04093914,55.12167809,4.46],[12.04090748,55.12166709,4.33],[12.04061719,55.12155745,3.73],[12.04058219,55.12154546,3.73],[12.04039288,55.12148648,4.46],[12.04036488,55.12147815,4.6],[12.03974929,55.12131388,5.4],[12.03971096,55.12130289,5.4],[12.03953699,55.12122725,5.6],[12.03950166,55.12121192,5.66],[12.0390937,55.12108329,5.6],[12.03905637,55.12107229,5.53],[12.03851045,55.12092969,5.6],[12.03847646,55.12092036,5.6],[12.03836881,55.12090971,5.26],[12.03833615,55.12090505,5.13],[12.03814885,55.12083009,4.4],[12.03811019,55.12081843,4.4],[12.03756392,55.12067682,3.93],[12.03752859,55.12067116,3.8],[12.03749193,55.12067116,3.66],[12.0374546,55.12067582,3.53],[12.03729662,55.12072613,2.66],[12.03725529,55.12074546,2.6],[12.03704165,55.12086544,2.2],[12.03699699,55.12089077,2.06],[12.03670302,55.12108874,1.2],[12.03670335,55.1211024,1.06],[12.03681699,55.12113471,0.53],[12.03685832,55.12114937,0.46],[12.0370413,55.12122869,0.4],[12.03709163,55.12125102,0.4],[12.03732894,55.121369,0.6],[12.03738027,55.12138699,0.66],[12.0377889,55.12149163,0.73],[12.03783156,55.12150196,0.66],[12.03801255,55.12150198,0.4],[12.03805688,55.12150497,0.33],[12.03840551,55.12158193,0.06],[12.03844751,55.12159226,0.06],[12.03848584,55.12160459,0.06],[12.03851984,55.12161859,0.06],[12.03859815,55.12166458,0.06],[12.03862381,55.12167624,0.06],[12.03871279,55.12170322,0.06],[12.03873379,55.12171221,0.06],[12.03874743,55.1217432,0.06],[12.03875276,55.1217732,0.13],[12.03874976,55.12175954,0.2],[12.0387441,55.12174221,0.26],[12.03869778,55.12170355,0.4],[12.03865845,55.12168522,0.46],[12.03822417,55.12153758,0.73],[12.03816517,55.12152025,0.66],[12.03804452,55.12149893,0.53],[12.03798686,55.12149959,0.46],[12.0378422,55.12152958,0.33],[12.03779287,55.12153291,0.33],[12.03763388,55.12150259,0.33],[12.03757722,55.12148459,0.4],[12.03735156,55.12139928,0.93],[12.03729756,55.12137528,1.06],[12.03677294,55.12110633,2.2],[12.03673595,55.12110034,2.26],[12.03669762,55.12110133,2.33],[12.03665796,55.12110666,2.4],[12.03652297,55.12114431,2.4],[12.03647398,55.1211643,2.4],[12.03607735,55.1213626,2],[12.03602869,55.12138793,1.86],[12.03577672,55.12153556,1.53],[12.03572573,55.12154756,1.53],[12.03568407,55.12153024,1.53],[12.03565507,55.12151991,1.6],[12.03550443,55.1214866,1.93],[12.03546144,55.12147594,2.06],[12.03510448,55.12137831,2.6],[12.03505148,55.12136365,2.66],[12.03495749,55.12132999,2.86],[12.03492816,55.12130633,2.93],[12.03491517,55.121281,3],[12.0349175,55.12125567,3.06],[12.0350118,55.12109904,3.26],[12.03503246,55.12106705,3.33],[12.03506112,55.12103405,3.4],[12.03509812,55.12100239,3.46],[12.03523677,55.1209084,3.53],[12.03528843,55.12087674,3.53],[12.03585805,55.12054513,3.2],[12.03591304,55.12050947,3.06],[12.03596404,55.12047214,2.93],[12.0360047,55.12043115,2.8],[12.03602803,55.12038649,2.8],[12.03603369,55.1203385,2.8],[12.03600337,55.12023684,2.8],[12.03597804,55.12018518,2.8],[12.03574008,55.1197779,2.93],[12.03571175,55.11972724,3.06],[12.03563876,55.11957525,3.33],[12.03561877,55.11952359,3.4],[12.03554546,55.1193126,3.66],[12.03552746,55.1192596,3.66],[12.03515823,55.11804468,3.26],[12.03514124,55.11798935,3.33],[12.03504792,55.1177117,3.8],[12.03502793,55.1176557,4],[12.03493396,55.11743105,4.13],[12.03490663,55.11737539,4.19],[12.03480064,55.11721107,4.53],[12.03475798,55.11715641,4.46],[12.03443035,55.11679778,3.4],[12.03438302,55.11674912,3.26],[12.0342857,55.1166548,3],[12.0342317,55.11660947,2.8],[12.03410837,55.11652948,2.4],[12.03404604,55.11649215,2.33],[12.03394705,55.11641282,2.2],[12.03391339,55.11636849,2.06],[12.03385707,55.11626951,1.8],[12.03382308,55.11621818,1.73],[12.03371276,55.11607086,1.6],[12.0336841,55.1160252,1.6],[12.03367144,55.1159812,1.6],[12.03367044,55.11593787,1.6],[12.03366945,55.11589421,1.6],[12.03364912,55.11579989,1.46],[12.03363312,55.11574989,1.4],[12.03361413,55.11569989,1.46],[12.0335928,55.11565056,1.6],[12.03351381,55.11549791,1.8],[12.03348548,55.11544525,1.86],[12.0332645,55.11506696,2.2],[12.03322917,55.11501296,2.33],[12.0330182,55.11473232,2.8],[12.03296787,55.11467199,2.93],[12.03261524,55.11429935,3.4],[12.03255624,55.11423969,3.4],[12.03238326,55.1140807,3.4],[12.0323316,55.11403171,3.33],[12.0310614,55.11277287,3.13],[12.03102174,55.11273221,3.4],[12.03036351,55.1120953,4.19],[12.03034318,55.11206064,4.26],[12.03033852,55.11202631,4.33],[12.03034618,55.11199331,4.33],[12.03039117,55.11193232,4.33],[12.03042916,55.11190766,4.26],[12.03079312,55.1117407,3.73],[12.03084645,55.11171404,3.6],[12.0316884,55.11125579,2.4],[12.03174839,55.11122279,2.4],[12.03233667,55.11091552,3.86],[12.03239067,55.11088619,4.06],[12.03309861,55.11048693,3.8],[12.03315227,55.11045594,3.66],[12.03320093,55.11042228,3.53],[12.03324292,55.11038628,3.46],[12.03327492,55.11034562,3.46],[12.03329725,55.11030096,3.46],[12.03331523,55.11020697,3.46],[12.03331357,55.11016031,3.53],[12.03329958,55.11006965,3.53],[12.03329092,55.11002599,3.53],[12.03325228,55.10990068,3.6],[12.03323228,55.10985935,3.66],[12.03256006,55.10898914,7.33],[12.03253173,55.10895114,7.53],[12.03247941,55.10887315,7.93],[12.03245742,55.10883416,8.13],[12.03240577,55.10871617,8.66],[12.03239278,55.10867751,8.8],[12.03234814,55.10841887,9.73],[12.03234415,55.10837987,9.93],[12.03233052,55.10791861,12],[12.03232886,55.10788362,12],[12.03226861,55.10727672,12.73],[12.03226695,55.10724106,12.86],[12.03228326,55.10706607,13.8],[12.03228392,55.10703274,13.93],[12.03226493,55.10696741,14.2],[12.03225827,55.10693542,14.4],[12.03226027,55.10690509,14.6],[12.03229593,55.10685077,15.13],[12.03232292,55.10682611,15.4],[12.03269619,55.10656814,17.06],[12.03272818,55.10654548,17.2],[12.03308378,55.10627755,17.93],[12.03311477,55.10624955,18],[12.03322342,55.10613057,18.26],[12.03324508,55.10609958,18.4],[12.03326441,55.10606758,18.53],[12.03327974,55.10603459,18.66],[12.03330173,55.10596627,18.93],[12.03330873,55.10593161,19],[12.03331272,55.10586195,19.4],[12.03331139,55.10582762,19.6],[12.03330007,55.10572664,20.2],[12.03329274,55.10569398,20.4],[12.03321311,55.10550302,21],[12.03319978,55.10547236,21.13],[12.03312882,55.10526406,22],[12.03311782,55.1052344,22.2],[12.03306551,55.10511076,22.93],[12.03305385,55.10507843,23.06],[12.03299454,55.10488879,23.46],[12.03298455,55.1048578,23.53],[12.03297456,55.10479648,23.4],[12.03297323,55.10476448,23.33],[12.03300913,55.10390497,24.73],[12.03301113,55.10386697,24.8],[12.03303911,55.10358734,25],[12.0330441,55.10354668,25],[12.0330914,55.10321339,25.6],[12.03309673,55.10317273,25.73],[12.03311369,55.10297209,26.4],[12.03311802,55.10293176,26.53],[12.03319229,55.10244183,27.46],[12.03319662,55.10240184,27.6],[12.03320162,55.10232351,27.86],[12.03320261,55.10228352,28],[12.03319496,55.10216354,28.33],[12.03319063,55.10212288,28.46],[12.03316331,55.10199923,28.73],[12.03315065,55.1019569,28.8],[12.0330047,55.10158895,28.93],[12.03298804,55.10154895,28.86],[12.03284108,55.10121032,27.6],[12.03281842,55.10116032,27.4],[12.03274009,55.101,26.8],[12.03270976,55.10094267,26.6],[12.0326401,55.10082468,26.33],[12.03259911,55.10076502,26.26],[12.03236613,55.10046805,25.86],[12.03231814,55.10041006,25.93],[12.0319745,55.1000301,25.26],[12.03192784,55.09997777,25.2],[12.03101759,55.09894084,26.2],[12.03097259,55.09888418,26.2],[12.03080327,55.09864853,26.13],[12.03076361,55.09858787,26.06],[12.03027166,55.09773995,26.86],[12.03023833,55.09768562,26.93],[12.02987904,55.09715033,26.06],[12.02983804,55.09709334,26],[12.02960973,55.09680602,26.2],[12.02955974,55.09674936,26.33],[12.02889647,55.09603609,27.4],[12.02884848,55.09598143,27.13],[12.02871416,55.09581278,26.26],[12.02867117,55.09575545,26.06],[12.02859084,55.09563713,25.73],[12.02855285,55.09557613,25.6],[12.02848153,55.09545014,25.2],[12.02844687,55.09538581,25],[12.02838421,55.09525282,25],[12.02835588,55.09518616,25],[12.02830789,55.09505084,25.06],[12.02828689,55.09498285,25.13],[12.02822091,55.09471221,25.13],[12.02820925,55.09464488,25.06],[12.02819359,55.09451356,25.13],[12.02818793,55.0944499,25.2],[12.02817296,55.09403659,25.8],[12.0281723,55.09398159,25.93],[12.02819592,55.09344697,26.73],[12.02819958,55.09339531,26.86],[12.02826421,55.09299568,28.66],[12.02827587,55.09294835,28.93],[12.02860241,55.09181213,32.2],[12.02861274,55.09176713,32.26],[12.02897055,55.08996767,33.66],[12.02897954,55.08992134,33.66],[12.02904483,55.08963438,33.8],[12.02905416,55.08958505,33.73],[12.0291401,55.08897578,32.2],[12.02914776,55.08892279,32.06],[12.02918674,55.08870914,31.6],[12.0291984,55.08865481,31.53],[12.02927605,55.08837083,31.06],[12.02929405,55.0883125,30.93],[12.02937868,55.08807985,30.66],[12.02940367,55.08802185,30.66],[12.02954898,55.08773288,30.2],[12.02958164,55.08767522,30.13],[12.02995658,55.08707027,29.8],[12.02998858,55.08701761,29.8],[12.03010455,55.0868093,29.8],[12.03013321,55.0867583,29.8],[12.03086542,55.0853601,26.73],[12.03090275,55.08528944,26.53],[12.03104307,55.08500013,25.73],[12.0310794,55.0849288,25.73],[12.03123772,55.08466082,25.8],[12.03128138,55.08459816,25.86],[12.03132971,55.08453683,25.93],[12.03138437,55.0844775,26],[12.03157035,55.08430985,26.2],[12.03163801,55.08425719,26.33],[12.03177667,55.08415553,26.66],[12.03184833,55.08410653,26.86],[12.0325656,55.08363958,27],[12.03262293,55.08360225,26.86],[12.03267592,55.08356492,26.73],[12.03271925,55.08352692,26.53],[12.03274325,55.08348959,26.33],[12.03274325,55.08345593,26.13],[12.03271292,55.08343093,25.93],[12.03265059,55.08341294,25.73],[12.03256926,55.08339794,25.6],[12.03164664,55.08326131,26],[12.03154498,55.08323998,26.13],[12.03135399,55.08318899,26.4],[12.03126399,55.08315899,26.53],[12.03095534,55.08302701,26.66],[12.03089201,55.08299368,26.6],[12.0306837,55.08286804,26.6],[12.03063837,55.08283771,26.53],[12.03036939,55.08263973,26.46],[12.03031873,55.08260274,26.53],[12.02986378,55.08224013,26.73],[12.02981345,55.08220113,26.66],[12.02900085,55.08160487,26.4],[12.02895419,55.08156887,26.33],[12.0284659,55.08116625,27.13],[12.02840924,55.08112326,27.26],[12.02822293,55.08100428,27.6],[12.02815494,55.08096828,27.66],[12.02786597,55.08085529,26.66],[12.02779531,55.08083296,26.46],[12.0271817,55.08066301,25.26],[12.0271157,55.08064502,25.2],[12.02534048,55.08012815,24.53],[12.02526849,55.08010849,24.53],[12.02519516,55.08009016,24.46],[12.02511883,55.08007283,24.4],[12.02416856,55.07989322,23.66],[12.0240889,55.07987656,23.46],[12.02329696,55.07967361,22.66],[12.02321997,55.07965395,22.66],[12.02284767,55.07957597,22.8],[12.02277734,55.07956464,22.86],[12.0225087,55.07953067,23.26],[12.02244237,55.07952734,23.4],[12.02217673,55.07951869,24],[12.02210907,55.07951769,24.2],[12.02183276,55.07952168,24.8],[12.02176343,55.07952467,24.93],[12.02135312,55.07956497,25.46],[12.02128246,55.0795733,25.46],[12.02091516,55.07964027,25.06],[12.02083783,55.0796546,25],[12.02059518,55.07968626,24.73],[12.02051185,55.07968892,24.6],[12.02034452,55.0796776,24.6],[12.02026553,55.07966227,24.66],[12.02004454,55.07959429,25],[12.01997621,55.07956696,25.06],[12.01639216,55.0778669,28.73],[12.01634283,55.07784257,28.93],[12.01433235,55.07691777,34.53],[12.01428502,55.07689578,34.53],[12.01103638,55.07536815,40.46],[12.01099539,55.07534815,40.66],[12.00953292,55.0746697,48.73],[12.00949326,55.07465137,48.8],[12.00898799,55.0744371,48.46],[12.00894666,55.07441977,48.4],[12.00887101,55.07439545,48.26],[12.00883568,55.07439145,48.2],[12.00880402,55.07439511,48.13],[12.00877803,55.07440444,48.06],[12.00869505,55.0744561,48.06],[12.00867705,55.0744711,48.13],[12.00863208,55.07457306,48.46],[12.00864108,55.07458639,48.46],[12.00868373,55.07459405,48.46],[12.00870939,55.07458772,48.46],[12.0088077,55.07453107,48.4],[12.00896936,55.07444474,48.33],[12.0089297,55.07440776,48.2],[12.00891037,55.07438343,48.13],[12.00889571,55.07432244,48],[12.0089057,55.07428778,48],[12.00892803,55.07425278,48],[12.00905402,55.07411247,48],[12.00908101,55.07407514,48],[12.00910101,55.07403581,48],[12.00911567,55.07399648,48],[12.00913233,55.07391582,48.13],[12.00913666,55.07387583,48.2],[12.00912402,55.07364354,48.46],[12.00911536,55.07360788,48.46],[12.00909637,55.07357488,48.46],[12.00902005,55.07352689,48.46],[12.00897039,55.07351123,48.46],[12.00858575,55.07342759,48.26],[12.00851242,55.07341359,48.26],[12.00820509,55.07336961,48.13],[12.00812743,55.07336062,48.06],[12.00768179,55.07331731,47.8],[12.00760413,55.07331065,47.8],[12.0070815,55.07327602,47.4],[12.00698917,55.07326736,47.4],[12.00586791,55.07315242,45.73],[12.00577458,55.07314176,45.26],[12.00514961,55.07305613,42.06],[12.00502762,55.07304147,41.6],[12.00431831,55.07298017,39.8],[12.00415765,55.07296984,39.53],[12.00261737,55.07292123,38.86],[12.00248971,55.07291524,38.86],[12.00088346,55.07281498,38.2],[12.0007728,55.07281132,38],[12.00016015,55.07282431,37.13],[12.00002616,55.07283031,37],[11.99902819,55.07289361,36.13],[11.99888686,55.07290061,35.93],[11.9987482,55.07290061,35.73],[11.99861354,55.07289128,35.53],[11.99848488,55.07287129,35.33],[11.99836555,55.07283996,35.13],[11.99825922,55.0727963,35],[11.99816956,55.07274231,34.86],[11.99809557,55.07268065,34.73],[11.99803491,55.07261399,34.59],[11.99798358,55.07254366,34.66],[11.99789159,55.07240067,34.53],[11.99784826,55.07232867,34.4],[11.99690673,55.07074646,41.73],[11.99688007,55.07070446,42.2],[11.99676509,55.07048549,43.6],[11.99675176,55.07046116,43.8],[11.99670577,55.07039717,44.4],[11.99669078,55.07037617,44.6],[11.99664614,55.07029386,45.4],[11.99663448,55.07027353,45.6],[11.99657051,55.07019123,46.86],[11.99655852,55.0701739,47.33],[11.99646922,55.07003261,48.86],[11.99645289,55.07000895,49],[11.99623529,55.06975299,49.53],[11.99621596,55.06973033,49.53],[11.99610698,55.06961803,49.66],[11.99608299,55.0695967,49.73],[11.99550344,55.06913746,50.53],[11.99546611,55.06910713,50.53],[11.99523649,55.0689055,50.86],[11.99519483,55.06886984,51],[11.99480687,55.06854856,52.4],[11.99475154,55.0685039,52.66],[11.99441557,55.06825392,52.93],[11.99436357,55.06821526,52.86],[11.99419792,55.0681026,52.53],[11.99414259,55.06807061,52.4],[11.99398327,55.06799729,51.93],[11.99392628,55.06797763,51.8],[11.99380095,55.06794598,51.53],[11.99373229,55.06793298,51.66],[11.99358631,55.06791399,51.93],[11.99351165,55.06790633,52.06],[11.993124,55.06788369,53.8],[11.99304467,55.06788036,54.26],[11.99158213,55.0678275,59.26],[11.99154713,55.0678255,59.4],[11.99130951,55.06782717,60.33],[11.99125685,55.06782651,60.4],[11.99039824,55.06777991,59.06],[11.99030858,55.06777425,58.93],[11.98995726,55.0677376,58.06],[11.98987527,55.06772127,58],[11.98979827,55.06770094,57.93],[11.98972661,55.06767661,58.06],[11.98959062,55.06762128,59.2],[11.98952662,55.06758995,59.2],[11.98802042,55.06676876,61.8],[11.98798542,55.06675343,62],[11.98763646,55.06663881,61.66],[11.98757447,55.06662215,61.4],[11.98684318,55.0664722,58.2],[11.98676185,55.06645354,57.93],[11.98635588,55.06633956,57.73],[11.98627422,55.06631456,57.8],[11.98546594,55.06603229,58.4],[11.98540461,55.06600896,58.46],[11.98528662,55.06596097,58.6],[11.98523063,55.06593498,58.6],[11.98507397,55.06585366,58.86],[11.98502697,55.06582467,59],[11.98483699,55.06570136,59.4],[11.984791,55.06566603,59.33],[11.98383512,55.06489246,62.33],[11.98378646,55.06485313,62.73],[11.98338582,55.06457351,63.93],[11.98333549,55.06453985,64.06],[11.98280555,55.06420892,65.19],[11.98275289,55.06417626,65.26],[11.98212462,55.06381132,65.13],[11.98207496,55.06378266,65],[11.98184433,55.06363868,65],[11.98180267,55.06361235,65],[11.98111843,55.06323743,65.8],[11.98107644,55.0632131,65.86],[11.97972358,55.06240557,66],[11.97966759,55.06237257,65.8],[11.97901764,55.06197895,65.06],[11.97894398,55.06193462,65.13],[11.97872833,55.06178463,65.19],[11.97866467,55.06172863,65.19],[11.97860634,55.06166997,65.06],[11.97850302,55.06154198,64.66],[11.97845802,55.06147598,64.46],[11.97837703,55.06133766,63.93],[11.97833904,55.06126633,63.66],[11.9781924,55.06096602,62.33],[11.9781524,55.06088903,62.06],[11.97805874,55.06073871,61.53],[11.97800408,55.06066505,61.26],[11.97794475,55.06059372,61.13],[11.97788109,55.06052539,61],[11.9774838,55.06015176,61.73],[11.97742714,55.06009276,61.93],[11.97737514,55.0600351,62.13],[11.97732681,55.05997711,62.33],[11.97724348,55.05985912,62.73],[11.97720682,55.05979946,62.86],[11.97714516,55.0596778,63.13],[11.97712117,55.05961747,63.26],[11.97690856,55.05895752,60.2],[11.97689023,55.05890119,59.86],[11.97669261,55.0584099,57.26],[11.97666195,55.0583439,56.93],[11.97655564,55.05813758,56.06],[11.97651765,55.05806592,56],[11.97643132,55.05791826,55.86],[11.97638532,55.05784227,55.93],[11.97628167,55.05768895,55.93],[11.97622401,55.05761129,55.93],[11.97604003,55.05737731,55.6],[11.97597437,55.05729931,55.6],[11.97583604,55.05714565,55.73],[11.97576405,55.05707066,55.8],[11.97542707,55.05673802,55],[11.97536374,55.05668069,54.8],[11.97500942,55.05640405,54.33],[11.97492409,55.05633505,54.33],[11.97365517,55.05526914,51.53],[11.97359284,55.05521514,51.33],[11.97341252,55.05504049,50.8],[11.97335386,55.0549785,50.66],[11.97308455,55.05465487,49.53],[11.97303056,55.05459254,49.26],[11.97290891,55.05447255,48.73],[11.97284025,55.05441422,48.6],[11.97269426,55.05430123,48.33],[11.9726196,55.05424623,48.26],[11.97246161,55.0541419,48],[11.97237861,55.05409257,47.8],[11.971385,55.05357695,46.26],[11.97129334,55.05352429,46],[11.97112302,55.05341263,45.6],[11.97104569,55.05335363,45.46],[11.97083238,55.05317198,44.73],[11.97076572,55.05310932,44.53],[11.97057707,55.05291233,44.13],[11.97051608,55.05284434,44],[11.97045742,55.05277534,43.8],[11.97040143,55.05270535,43.6],[11.97030044,55.05256269,43.46],[11.97025745,55.05248969,43.4],[11.9701618,55.05227404,43.26],[11.9701388,55.05220338,43.26],[11.96995519,55.05148644,43],[11.96993486,55.05142811,43.06],[11.96988221,55.05131745,42.93],[11.96984788,55.05126479,42.86],[11.96970822,55.05111813,42.86],[11.96965223,55.05107247,42.8],[11.96946357,55.05093782,42.53],[11.96939391,55.05089349,42.4],[11.96838096,55.05030023,41.26],[11.96830263,55.0502539,41.2],[11.96758034,55.04981396,42.33],[11.96751668,55.04977397,42.46],[11.96728604,55.04961332,43],[11.96723338,55.04957333,43],[11.96674243,55.04914003,43.26],[11.9666881,55.0490977,43.26],[11.96663211,55.0490557,43.2],[11.96657311,55.0490157,43.13],[11.96638013,55.04890239,42.73],[11.9663128,55.04886639,42.6],[11.96610915,55.04875906,42],[11.96603949,55.0487244,41.73],[11.96489524,55.0481678,39.53],[11.96480324,55.04812047,39.4],[11.96398862,55.04766853,38.4],[11.96389129,55.0476202,38.2],[11.96368797,55.04753021,37.66],[11.96358331,55.04748855,37.46],[11.96294467,55.04724825,36.13],[11.96283834,55.04720592,35.93],[11.96263302,55.04711493,35.66],[11.96253769,55.04706594,35.46],[11.9623667,55.04695828,35.06],[11.96228937,55.04690129,34.93],[11.96221704,55.04684263,34.8],[11.96214971,55.04678264,34.66],[11.96195839,55.04659899,34.33],[11.96188773,55.04653866,34.2],[11.96172274,55.04642101,34],[11.96162374,55.04636635,33.86],[11.96139542,55.04627603,33.59],[11.96127009,55.0462387,33.53],[11.96030514,55.04601406,32.93],[11.96021914,55.04599506,33],[11.96001716,55.04593875,32.86],[11.96000117,55.04593509,32.86],[11.95984386,55.04582879,32.46],[11.9598002,55.04579579,32.33],[11.95971021,55.04570914,31.8],[11.95966621,55.04565681,31.33],[11.95927459,55.04510918,26.26],[11.95921093,55.04502852,25.66],[11.95907127,55.04486353,24.33],[11.95899528,55.0447792,23.8],[11.95883129,55.04460821,22.46],[11.95874429,55.04452288,22.06],[11.95837265,55.04419157,20.6],[11.95827799,55.04411124,20.26],[11.95724173,55.04329196,15.4],[11.95714973,55.04321863,15.06],[11.95668642,55.04283331,13.8],[11.95659343,55.04275465,13.66],[11.95641643,55.042594,13.66],[11.95633377,55.04251301,13.66],[11.95619044,55.04234702,13.8],[11.95612911,55.04226336,13.86],[11.9559028,55.04193105,13.86],[11.95584781,55.04185072,13.73],[11.95569815,55.04161307,13.46],[11.95564782,55.04153574,13.33],[11.95539152,55.04117743,12.4],[11.95534186,55.04111043,12.2],[11.95512688,55.04084978,11.33],[11.95506855,55.04078312,11.2],[11.95474092,55.04043082,10.66],[11.95467093,55.04035749,10.6],[11.95436795,55.04007751,10.53],[11.95428862,55.04001118,10.53],[11.95412796,55.03988352,10.53],[11.95404763,55.03982119,10.53],[11.95328735,55.03926891,9.6],[11.95321869,55.03921658,9.39],[11.9530867,55.03910926,8.93],[11.95302304,55.0390536,8.66],[11.95290172,55.03893861,8.13],[11.95284473,55.03887928,7.86],[11.95263508,55.03862564,6.53],[11.95258675,55.03855665,6.26],[11.95215414,55.03791703,4.4],[11.95210948,55.03785104,4.33],[11.95199349,55.03765773,4.26],[11.95195383,55.03759607,4.26],[11.9519075,55.03753774,4.26],[11.95185084,55.03748341,4.26],[11.95170686,55.03739342,4.13],[11.95162386,55.03735676,4],[11.95153753,55.03732543,3.93],[11.9513612,55.03728611,3.8],[11.95128021,55.03727978,3.73],[11.95113489,55.0372901,3.53],[11.95106989,55.03730809,3.4],[11.9509549,55.03736241,3.4],[11.9508939,55.03738941,3.46],[11.95082557,55.03741174,3.53],[11.95075024,55.03742507,3.6],[11.95067191,55.03742773,3.73],[11.95059625,55.0374174,4],[11.95053225,55.03739407,4.26],[11.95048292,55.03735974,4.46],[11.95045492,55.03731708,4.66],[11.95044926,55.03727175,4.73],[11.95047692,55.03717709,4.86],[11.95048525,55.03712843,4.93],[11.95046559,55.03703044,4.93],[11.95044126,55.03698111,4.86],[11.95033761,55.03682813,4.66],[11.95030095,55.03677547,4.53],[11.95014131,55.03656315,4.06],[11.95009832,55.03651049,4.06],[11.94996334,55.03635217,4.19],[11.94991601,55.03630151,4.26],[11.94971436,55.03610153,4.46],[11.94966103,55.03605254,4.53],[11.9481775,55.034779,4.93],[11.94812884,55.034737,5.06],[11.94771189,55.03442504,5.93],[11.94766356,55.03438571,6.06],[11.94717461,55.03394712,7.13],[11.94713862,55.03391579,7.46],[11.94627608,55.0331826,12.26],[11.94624009,55.03315327,12],[11.9454849,55.03249369,17.93],[11.94544824,55.03246136,18.26],[11.94420277,55.03142183,17.06],[11.94416277,55.0313875,17.06],[11.94298161,55.03033199,16.93],[11.94294028,55.03029433,16.79],[11.93939903,55.02719107,23.06],[11.93935704,55.02715541,23.2],[11.93881645,55.02667182,24.6],[11.93877846,55.02664049,24.6],[11.93855649,55.02646485,24.53],[11.93852149,55.02643752,24.46],[11.93774859,55.02589928,25.8],[11.93770693,55.02587062,25.8],[11.93705733,55.02545838,24.73],[11.93701033,55.02542705,24.66],[11.93665603,55.02516842,25],[11.9366127,55.02513642,24.86],[11.93552114,55.02438056,25.93],[11.93547381,55.02434823,25.93],[11.93204682,55.02205058,27.93],[11.93198749,55.02201258,27.93],[11.93077327,55.02126101,28.26],[11.93071194,55.02122302,28],[11.93046029,55.02107538,27.33],[11.93039563,55.02103905,27.2],[11.930066,55.02086208,27.13],[11.929998,55.02082909,27.2],[11.92951704,55.02062579,27.66],[11.92945504,55.02059446,27.73],[11.92935872,55.0205238,27.86],[11.92932706,55.02048614,27.93],[11.92923509,55.02031716,28],[11.92920709,55.02029783,28.13],[11.92917043,55.02028983,28.26],[11.9291291,55.02028684,28.4],[11.92891579,55.02027919,28.8],[11.92887413,55.0202732,28.86],[11.92877948,55.02025121,29],[11.92872782,55.02023322,29.06],[11.92862616,55.02018556,29.2],[11.92858317,55.0201569,29.26],[11.92854751,55.02012457,29.2],[11.92849485,55.02005425,29.06],[11.92847919,55.02001759,29.13],[11.92847086,55.01998026,29.26],[11.92848152,55.01990427,29.4],[11.92849685,55.01986761,29.46],[11.92857017,55.01977096,29.53],[11.92859483,55.0197483,29.53],[11.92864515,55.01971298,29.53],[11.92867648,55.01969432,29.46],[11.92879579,55.01964068,29.06],[11.92883279,55.01962169,28.8],[11.92885579,55.01959936,28.53],[11.92885878,55.01957536,28.33],[11.92884145,55.0195517,28.13],[11.92880779,55.01952871,27.93],[11.92852949,55.01940906,27.06],[11.92846983,55.01937573,26.93],[11.92794321,55.01904311,26.86],[11.92787155,55.01899578,26.8],[11.92620102,55.01786121,23.46],[11.92612536,55.01781055,23.26],[11.92568039,55.01749725,22.53],[11.9256044,55.01744425,22.46],[11.9233562,55.01591337,19.73],[11.92327254,55.01585604,19.66],[11.92179429,55.01482781,21],[11.92171963,55.01477615,21.26],[11.92125201,55.01444086,22.33],[11.92119335,55.01439853,22.33],[11.9207304,55.01403857,21.6],[11.92068241,55.01399991,21.6],[11.91987584,55.013328,22],[11.91983985,55.01330467,22],[11.91975752,55.01327501,22],[11.91971819,55.01326902,21.93],[11.9196622,55.01326603,21.8],[11.91965054,55.01326636,21.8],[11.91960388,55.01327902,21.8],[11.91957488,55.01328935,21.8],[11.91947656,55.01333566,21.4],[11.9194429,55.01335632,21.26],[11.9194149,55.01337832,21.06],[11.91938824,55.01341631,20.93],[11.91934691,55.01347264,21],[11.91919127,55.01352562,20.8],[11.91913927,55.01354728,20.6],[11.91860132,55.01379591,20.2],[11.91851932,55.01383024,19.86],[11.91797036,55.01403486,18.2],[11.9178727,55.01406819,17.86],[11.91734739,55.01422783,15.93],[11.9172324,55.01425949,15.73],[11.91673275,55.01438947,15.13],[11.91659942,55.01442247,15],[11.91632043,55.01448313,14.8],[11.9161761,55.01450779,14.73],[11.91603277,55.01452778,14.8],[11.91589544,55.01454544,14.8],[11.91524948,55.01461341,14.6],[11.91515948,55.01462207,14.6],[11.91443918,55.0146737,14.66],[11.91434785,55.0146777,14.73],[11.91320624,55.01470431,14.53],[11.91312291,55.01470464,14.53],[11.91279527,55.01470365,14.53],[11.91271327,55.01470132,14.53],[11.91246261,55.01467834,14.53],[11.91237528,55.01467501,14.53],[11.91200964,55.01467533,14.53],[11.91191431,55.01467632,14.46],[11.90891081,55.01474949,11.93],[11.90883315,55.01475282,11.86],[11.90868217,55.01476847,11.8],[11.90860717,55.01478147,11.8],[11.90761289,55.01496675,11.53],[11.90754489,55.01498075,11.46],[11.90725791,55.01505106,11.06],[11.90718225,55.01507172,11],[11.90684094,55.01517336,10.8],[11.90677595,55.01517836,10.73],[11.90671562,55.01517103,10.73],[11.90666396,55.01515037,10.73],[11.9065813,55.01508605,10.73],[11.90654597,55.01504872,10.73],[11.90611269,55.01451712,11.2],[11.90607703,55.01447413,11.26],[11.9058534,55.01421582,11.93],[11.90581741,55.01417249,12.06],[11.90551979,55.0138002,12.73],[11.90548913,55.01376321,12.8],[11.90530015,55.01356523,12.4],[11.90527149,55.01353657,12.33],[11.90520484,55.01348725,12.33],[11.90516018,55.01347092,12.4],[11.9049852,55.01345593,12.46],[11.9049152,55.01345792,12.46],[11.90397362,55.01355686,13.26],[11.90393296,55.01355186,13.33],[11.9038913,55.0135412,13.4],[11.9038513,55.01352454,13.46],[11.90381497,55.01350254,13.53],[11.90378231,55.01347688,13.53],[11.90355068,55.01319626,13.2],[11.90353002,55.01317427,12.93],[11.90351069,55.01315494,12.66],[11.90349136,55.01313894,12.26],[11.90343804,55.01311861,11.46],[11.90340105,55.01311495,11.06],[11.90330405,55.01312161,10.26],[11.90324572,55.0131316,9.86],[11.90281508,55.01321658,8.06],[11.90273542,55.01323257,7.93],[11.90232811,55.01333021,7.93],[11.90224378,55.01334921,8],[11.90189913,55.01341852,8.13],[11.90181247,55.01343352,8.2],[11.90164214,55.01345784,8.2],[11.90156014,55.01346784,8.2],[11.90089121,55.0135241,10],[11.90088088,55.01352509,10.2],[11.9008589,55.01347411,10.26],[11.90085091,55.01344812,10.2],[11.90080826,55.0132608,9.73],[11.90079627,55.01321614,9.6],[11.90074728,55.01307415,9],[11.90073128,55.01302516,8.8],[11.9006833,55.01282752,8.26],[11.90066897,55.01277819,8.2],[11.90063464,55.0126882,8.06],[11.90061298,55.01264887,8],[11.90056233,55.01258421,7.73],[11.90053433,55.01256122,7.6],[11.90050433,55.01254456,7.46],[11.90046134,55.01254123,7.2],[11.90046534,55.01254722,7.06],[11.90048333,55.01254955,6.93],[11.90050433,55.01254222,6.8],[11.90051566,55.01252523,6.66],[11.900513,55.01250157,6.53],[11.90050267,55.01247491,6.4],[11.90032403,55.01218762,6.2],[11.90029803,55.01214629,6.13],[11.90007739,55.01181899,5.46],[11.90003873,55.01176599,5.26],[11.89991441,55.01159667,4.66],[11.89987041,55.01153701,4.46],[11.89957411,55.01116704,4.06],[11.89952478,55.01110205,4],[11.8993438,55.0108404,4.26],[11.89930247,55.01077541,4.33],[11.89881787,55.00994148,6.26],[11.89878688,55.00988482,6.2],[11.89855059,55.00943686,4.19],[11.89852393,55.00938287,3.86],[11.8983973,55.00909522,3.06],[11.8983833,55.00906222,3],[11.89835965,55.00896158,2.86],[11.89835499,55.00894158,2.8],[11.89828435,55.00871762,2.33],[11.89827169,55.00867596,2.26],[11.89820037,55.00838566,1.86],[11.89818737,55.00833366,1.8],[11.8981214,55.00799269,0.66],[11.89811207,55.0079317,0.4],[11.89802811,55.00716143,-2.53],[11.89802078,55.00709877,-2.73],[11.89799415,55.00666681,-3.13],[11.89799015,55.00660548,-3.06],[11.89793486,55.00597387,-0.66],[11.8979302,55.00592254,-0.53],[11.89788327,55.00523827,0.6],[11.89787861,55.00519228,0.73],[11.89783029,55.00481134,2.13],[11.89782229,55.00476268,2.2],[11.89780463,55.00466703,2.46],[11.8977953,55.00461904,2.66],[11.89773634,55.0043914,3.4],[11.89772368,55.0043484,3.6],[11.89756972,55.00400844,5.73],[11.89754706,55.00396344,5.73],[11.89711213,55.00322185,1.93],[11.8970758,55.00315986,1.73],[11.89634223,55.00194828,-0.73],[11.89630457,55.00188662,-0.8],[11.89613325,55.00164963,-1.26],[11.89608659,55.00159197,-1.4],[11.89588561,55.00136865,-1.53],[11.89583195,55.00131366,-1.53],[11.89554064,55.00104501,-1.13],[11.89547964,55.00099235,-1.06],[11.89466605,55.00035609,-0.46],[11.89461839,55.00031809,-0.53],[11.8945684,55.00028643,-0.6],[11.89451774,55.00026477,-0.6],[11.89446674,55.00025411,-0.6],[11.89441741,55.00025212,-0.53],[11.89437442,55.00025778,-0.46],[11.89426477,55.00029276,-0.2],[11.89422544,55.00030709,-0.06],[11.89361284,55.00058803,0.6],[11.89353251,55.00062169,0.53],[11.89323489,55.00078132,0.06],[11.89319489,55.00078765,0.06],[11.89315257,55.00077499,-0.06],[11.89313458,55.00075933,-0.13],[11.89309893,55.00070934,-0.26],[11.8930736,55.00068001,-0.33],[11.89300527,55.00061769,-0.33],[11.89296461,55.00058503,-0.33],[11.8928243,55.00048338,-0.73],[11.89277397,55.00044905,-0.86],[11.89251732,55.00028308,-1.2],[11.89246799,55.00024942,-1.2],[11.89197838,54.99989646,0.06],[11.89193905,54.99986547,0.2],[11.89187106,54.99980315,0.53],[11.89184106,54.99977082,0.73],[11.89176075,54.99967083,1.2],[11.89173809,54.9996375,1.33],[11.89169744,54.99956985,1.53],[11.89168111,54.99953552,1.6],[11.89164979,54.99942953,1.8],[11.8916448,54.99939487,1.86],[11.89165113,54.99929088,2],[11.89166279,54.99925689,2],[11.89168212,54.99922389,1.93],[11.89170745,54.99919156,1.86],[11.89178844,54.99909824,1.53],[11.89180844,54.99906891,1.4],[11.8918211,54.99903825,1.26],[11.89182643,54.99900759,1.13],[11.8918211,54.9989756,1.06],[11.89180577,54.99894361,1],[11.89175078,54.99887962,0.73],[11.89171745,54.99884696,0.6],[11.89128783,54.99844901,0.2],[11.8912485,54.99841101,0.06],[11.89090022,54.9980544,-0.4],[11.89085856,54.99801307,-0.4],[11.89031162,54.99748379,-0.06],[11.89027262,54.9974468,-0.06],[11.8886658,54.99600565,1],[11.88860714,54.99595466,1],[11.8883445,54.99575268,0.73],[11.88827917,54.99570002,0.66],[11.88783919,54.99532505,-0.26],[11.88777653,54.99527239,-0.46],[11.8872699,54.99486343,-1.13],[11.8872089,54.9948141,-1],[11.88696025,54.99462546,-0.6],[11.88689392,54.99458146,-0.6],[11.88601331,54.99406019,-1.86],[11.88595365,54.99402419,-2],[11.885795,54.99391187,-2.4],[11.885748,54.99387254,-2.53],[11.88566301,54.99379156,-2.8],[11.88562835,54.9937489,-2.93],[11.88534672,54.99335961,-2.33],[11.88531172,54.99331595,-2.2],[11.88495577,54.99295234,-0.53],[11.88491577,54.99291435,-0.46],[11.88385823,54.99200118,0.26],[11.8838209,54.99196885,0.4],[11.88309298,54.99135592,1.53],[11.88304632,54.99131692,1.66],[11.88068959,54.9893002,3.53],[11.8806516,54.98926787,3.4],[11.88004036,54.98872027,1.66],[11.88000403,54.98868761,1.46],[11.87839393,54.98727352,0.06],[11.87834794,54.98723253,0.06],[11.87705774,54.98604033,0.06],[11.87701341,54.986,0.06],[11.87656013,54.98556472,0.06],[11.87651947,54.98552673,0.06],[11.87587525,54.98488614,0.06],[11.87583959,54.98485081,0.06],[11.87521833,54.98421557,0.06],[11.87518267,54.98417924,0.06],[11.87444279,54.98339172,0.06],[11.87441346,54.98336106,0.06],[11.87318333,54.98198761,0.06],[11.87315234,54.98195195,0.06],[11.87259208,54.9812947,0.06],[11.87255575,54.9812517,0.06],[11.8718272,54.98036011,0.06],[11.87179487,54.98031878,0.06],[11.87129363,54.97967285,0.06],[11.87125863,54.97962785,0.06],[11.87081336,54.97903492,0.06],[11.87078003,54.97898992,0.06],[11.86970751,54.9774824,0.06],[11.86967718,54.9774384,0.06],[11.86910796,54.97658915,0.06],[11.86907796,54.97654382,0.06],[11.86848206,54.97559925,0.06],[11.8684554,54.97555725,0.06],[11.86790917,54.97465269,0.06],[11.86788151,54.97460603,0.06],[11.8675529,54.97403343,0.06],[11.86752591,54.9739851,0.06],[11.86700369,54.97298256,0.06],[11.86697836,54.97293123,0.06],[11.86647511,54.97186335,0.06],[11.86645012,54.97181002,0.06],[11.86605554,54.97093811,0.06],[11.86603021,54.97088278,0.06],[11.86572229,54.97017084,0.06],[11.86569896,54.97011651,0.06],[11.86549735,54.96962689,0.06],[11.86547536,54.9695719,0.06],[11.86515177,54.96871997,0.06],[11.86512944,54.96866064,0.06],[11.86495382,54.96817235,0.06],[11.86493249,54.96811069,0.06],[11.8647282,54.96749508,0.06],[11.8647072,54.96743309,0.06],[11.86435328,54.96625685,0.06],[11.86433295,54.96619152,0.06],[11.86409036,54.96527025,0.06],[11.8640737,54.96520426,0.06],[11.86388545,54.96441333,0.06],[11.86387045,54.96434867,0.06],[11.86373682,54.96371071,0.06],[11.86372383,54.96364705,0.06],[11.86357458,54.96289712,0.06],[11.86356258,54.96283446,0.06],[11.86340932,54.96187921,0.06],[11.86340132,54.96182888,0.06],[11.86327108,54.96080266,0.06],[11.86326442,54.96074967,0.06],[11.86320314,54.96014171,0.06],[11.86319715,54.96008405,0.06],[11.86310992,54.95890381,0.06],[11.86310592,54.95884448,0.06],[11.86308397,54.95836817,0.06],[11.86308097,54.95830917,0.06],[11.86306403,54.95747058,0.06],[11.86306237,54.95741125,0.06],[11.86307334,54.95651399,0.06],[11.86307467,54.95645733,0.06],[11.86306636,54.95623768,0.06],[11.86306436,54.95618369,0.06],[11.86307134,54.9557514,0.06],[11.86307267,54.95569707,0.06],[11.86312326,54.95469283,0.06],[11.86312725,54.95463417,0.06],[11.86322016,54.95356425,0.06],[11.86322582,54.95350025,0.06],[11.86345334,54.95144611,0.86],[11.86345867,54.95139678,0.8],[11.8635962,54.95030857,1],[11.8636022,54.95026424,1],[11.86369244,54.94945265,0.53],[11.86369577,54.94941266,0.53],[11.86376636,54.94891606,0.13],[11.86377169,54.9488784,-0.13],[11.86377502,54.94880108,-0.4],[11.86377668,54.94876342,-0.53],[11.863795,54.9486531,-0.86],[11.86379966,54.9486171,-1],[11.86382862,54.94831748,-1.53],[11.86383095,54.94828848,-1.53],[11.86387159,54.94806551,-0.93],[11.86387725,54.94803118,-0.8],[11.86389122,54.94789119,-0.26],[11.86389655,54.94785586,-0.13],[11.86389855,54.94766955,0.53],[11.86390021,54.94763056,0.66],[11.86391353,54.94751457,1.06],[11.86391719,54.94747591,1.2],[11.86389559,54.94695165,0.93],[11.86389226,54.94691499,0.8],[11.86387561,54.94680401,0.4],[11.86386828,54.94676702,0.26],[11.86382498,54.94658072,-0.4],[11.86381565,54.94654306,-0.53],[11.86379233,54.94646607,-0.73],[11.86378067,54.94642707,-0.86],[11.86372002,54.94627541,-1.4],[11.86369936,54.94623808,-1.46],[11.86365304,54.94616442,-1.53],[11.86362704,54.94612876,-1.53],[11.86350574,54.94599012,-1.53],[11.86347074,54.94595613,-1.53],[11.86343141,54.9459238,-1.46],[11.86338808,54.94589314,-1.33],[11.86328975,54.94583581,-1.06],[11.86323842,54.94580815,-0.93],[11.86313177,54.94575582,-0.66],[11.86307711,54.94573149,-0.53],[11.86290845,54.94566417,-0.33],[11.86285412,54.94564051,-0.26],[11.86255815,54.94549254,0.4],[11.86250749,54.94547021,0.46],[11.8624545,54.94545022,0.6],[11.8623985,54.94543422,0.73],[11.86222752,54.94540989,1.13],[11.86217352,54.94540756,1.26],[11.86204288,54.94541887,1.66],[11.86195555,54.94542987,1.73],[11.86188123,54.94545886,1.86],[11.86184324,54.94548419,1.93],[11.86177492,54.94554718,2],[11.86174526,54.94558218,2],[11.86162061,54.94576382,2],[11.86159562,54.94579648,2],[11.86151064,54.94587946,2],[11.86148365,54.94590512,2],[11.86145132,54.94592445,2],[11.86141599,54.94593278,2],[11.86138833,54.94592912,2],[11.86137567,54.94591546,2],[11.86138,54.94589346,2],[11.86161761,54.94550151,2.46],[11.86163027,54.94545718,2.53],[11.86162394,54.94537185,2.66],[11.86160828,54.94532985,2.73],[11.86158828,54.94528952,2.8],[11.86156495,54.94524986,2.86],[11.86150429,54.94517487,3],[11.86146529,54.94514054,3],[11.8613733,54.94508255,3.06],[11.86132397,54.94506055,3.13],[11.86072605,54.94484497,1.86],[11.86067305,54.94482498,1.66],[11.85995212,54.94452806,-0.2],[11.85989779,54.94450507,-0.26],[11.85908887,54.94411415,3.46],[11.85903854,54.94408949,4],[11.8586909,54.9439072,8.39],[11.8586419,54.94387987,8.66],[11.85812096,54.94357726,10.6],[11.85807797,54.94355127,10.33],[11.85772435,54.94332531,8.8],[11.85768669,54.94330065,8.53],[11.85705211,54.94286542,7.4],[11.85701345,54.94283976,7.4],[11.85596595,54.94205723,2.93],[11.85593062,54.94203057,3.2],[11.85551167,54.94168997,9.06],[11.85547334,54.94165964,9.46],[11.85515538,54.94142366,10.66],[11.85510672,54.94138667,10.66],[11.85340856,54.94004954,14.06],[11.8533619,54.94001288,14.53],[11.85165408,54.93868609,14.2],[11.85160609,54.93864976,14.2],[11.8502399,54.93757055,11.8],[11.85018991,54.93753089,11.46],[11.84924199,54.93680064,5.93],[11.84918033,54.93675265,6.06],[11.84541197,54.93378871,17.79],[11.84537931,54.93376205,18.13],[11.84441148,54.93302086,26.66],[11.84437815,54.9329952,27.2],[11.84401855,54.93270458,29.2],[11.84398789,54.93267958,28.93],[11.84378825,54.93253128,25.73],[11.84375492,54.93250628,25.13],[11.84287439,54.93180908,27.73],[11.8428434,54.93178375,28],[11.84248078,54.93151648,30.2],[11.84244712,54.93149082,30.2],[11.84225248,54.9313285,30],[11.84221882,54.93130151,29.93],[11.84148225,54.93073995,23.8],[11.84144092,54.93070829,23.4],[11.84115562,54.93046933,22],[11.84111263,54.93043467,22],[11.83995708,54.92952443,24.6],[11.83990575,54.92948377,24.8],[11.83959176,54.9292478,25.26],[11.8395351,54.92920914,25.2],[11.8389288,54.92883817,23.66],[11.83885614,54.92879218,23.46],[11.83843817,54.92850554,22.6],[11.83838451,54.92846988,22.6],[11.8381962,54.92835524,22.6],[11.83815787,54.92833225,22.66],[11.83803922,54.92824327,23.26],[11.83800989,54.92822527,23.53],[11.83795024,54.92819761,23.93],[11.83791991,54.92818995,24.13],[11.83786226,54.92818894,24.73],[11.8378576,54.92818861,24.93],[11.83699236,54.92836219,22.93],[11.83693836,54.92837252,22.73],[11.83658706,54.92842648,22.13],[11.83652273,54.92843647,22.13],[11.83646407,54.92845313,22.2],[11.83641941,54.92847813,22.26],[11.83639441,54.92851013,22.33],[11.83638775,54.92854379,22.4],[11.83639441,54.92857612,22.46],[11.83641041,54.92860612,22.53],[11.83652972,54.92873176,22.86],[11.83655072,54.92875609,22.93],[11.83656672,54.92878008,23],[11.83657772,54.92880441,23.06],[11.83659337,54.92887373,23.4],[11.83660636,54.92889472,23.46],[11.83667434,54.92894737,23.66],[11.83669734,54.9289657,23.73],[11.83681566,54.92908568,24.13],[11.83682966,54.92910734,24.13],[11.83683832,54.92912667,24.13],[11.83683766,54.929144,24.13],[11.83679602,54.92920896,24.26],[11.83679635,54.92924829,24.26],[11.83673203,54.92930394,24.13],[11.83669237,54.92932293,24.06],[11.83645772,54.92937125,23.73],[11.83639273,54.92938458,23.6],[11.83603843,54.92948356,23.06],[11.83599343,54.92949789,23],[11.83596177,54.92951588,23],[11.83594878,54.92953587,23],[11.83595211,54.92955653,23.06],[11.83597776,54.92959886,23.2],[11.83597976,54.92961786,23.26],[11.83595543,54.92963886,23.4],[11.8359371,54.92963353,23.46],[11.83590845,54.92960054,23.66],[11.83590279,54.92957788,23.8],[11.83590712,54.92955389,23.93],[11.83594678,54.92951123,24.2],[11.83597644,54.92949357,24.33],[11.83601043,54.92947991,24.46],[11.83604642,54.92946891,24.53],[11.83616008,54.92945126,24.6],[11.83619774,54.92944593,24.6],[11.83664935,54.92934933,24.53],[11.83668301,54.92933667,24.66],[11.83671467,54.92932101,24.8],[11.83674333,54.92930168,24.93],[11.8368263,54.92921336,25.46],[11.83684596,54.92919103,25.6],[11.83694195,54.92911004,25.86],[11.83695528,54.92909204,25.93],[11.83695927,54.92901907,25],[11.83695594,54.92900908,24.8],[11.83688164,54.92891643,23.73],[11.83686265,54.92888577,23.46],[11.83680301,54.92872981,22.53],[11.83678602,54.92870315,22.53],[11.83670603,54.9286265,22.53],[11.8366707,54.92859984,22.53],[11.83662737,54.92857385,22.66],[11.83647038,54.9285082,23.13],[11.83643972,54.92848487,23.33],[11.83643306,54.92846054,23.6],[11.83644739,54.92843821,23.86],[11.83647939,54.92841855,24.13],[11.83657338,54.9283909,24.66],[11.83662838,54.92838024,24.86],[11.83715501,54.92829595,24.53],[11.837212,54.92828696,24.33],[11.8375713,54.92824232,22.86],[11.83763429,54.92823399,22.8],[11.83786095,54.92819601,22.73],[11.83790994,54.92819235,22.86],[11.83799726,54.92820968,23.13],[11.83803525,54.92822901,23.26],[11.83839988,54.92847564,25.73],[11.83845287,54.92849597,26],[11.83851153,54.92850697,26.26],[11.83857186,54.92850996,26.4],[11.83869218,54.92850131,26.53],[11.83874684,54.92848998,26.53],[11.8387935,54.92846999,26.53],[11.8388265,54.92844066,26.33],[11.83884216,54.92840833,26.13],[11.83883483,54.92837567,25.93],[11.83881183,54.92834601,25.73],[11.83869618,54.92825336,25.53],[11.83865252,54.92822337,25.53],[11.83817024,54.92791776,25.06],[11.83813325,54.9278941,25.06],[11.83794294,54.92775179,25.66],[11.83790261,54.9277208,25.73],[11.83732301,54.92724854,25.73],[11.83727735,54.92721055,25.6],[11.83681805,54.92685828,25.4],[11.83676306,54.92681695,25.4],[11.83595879,54.92617203,22.06],[11.83589779,54.9261227,21.73],[11.83545315,54.92579072,19.33],[11.83538915,54.92574372,19],[11.83442823,54.92500114,16.86],[11.83436257,54.92495081,16.66],[11.83355764,54.92432121,14.33],[11.83348964,54.92426688,13.73],[11.833032,54.92388658,10.8],[11.83296567,54.92383425,10.53],[11.83262236,54.92358428,10.6],[11.83255503,54.92353428,11.13],[11.83229271,54.92333097,12.46],[11.83222538,54.92327931,12.93],[11.82839996,54.92028925,10.2],[11.82833396,54.92023792,10.33],[11.82684576,54.91906037,7],[11.82678943,54.91901604,7.06],[11.82597285,54.91839378,8.46],[11.82591152,54.91834679,8.46],[11.82425632,54.91704425,5],[11.82419266,54.91699425,5.06],[11.82395035,54.9167936,5.33],[11.82389102,54.9167446,5.4],[11.82322276,54.91623165,6.53],[11.82316143,54.91618432,6.53],[11.82031702,54.91395659,4],[11.82025503,54.91390793,4],[11.81958642,54.91336565,2.73],[11.81952342,54.91331599,2.46],[11.81879549,54.91276406,0.06],[11.81873016,54.91271307,-0.06],[11.8182302,54.91229911,-0.46],[11.8181672,54.91224878,-0.6],[11.81757457,54.91178949,-1.46],[11.81750824,54.91173883,-1.53],[11.81716593,54.91148752,-1.73],[11.8170986,54.91143586,-1.8],[11.81649697,54.91096625,-2.4],[11.81643031,54.91091425,-2.33],[11.81518307,54.90992234,-2.6],[11.81511807,54.90987135,-2.73],[11.81445744,54.90936707,-2.8],[11.81439278,54.90931707,-2.73],[11.81204696,54.9074789,-2.66],[11.81198997,54.90743424,-2.6],[11.81077476,54.90646734,-4],[11.81073143,54.90643201,-4],[11.81037714,54.90616637,-3.53],[11.81033381,54.90613271,-3.53],[11.80961856,54.90555748,-3.6],[11.80957223,54.90552049,-3.53],[11.80862734,54.90479358,-0.8],[11.80857968,54.90475659,-0.6],[11.80719552,54.90366107,-1.26],[11.80714852,54.90362441,-1.6],[11.80625561,54.90294115,-1.4],[11.80620728,54.90290382,-1.26],[11.80526973,54.9021586,1.33],[11.80522574,54.90212294,1.4],[11.80504608,54.90199397,1.66],[11.80500375,54.90196198,1.73],[11.80390791,54.90108115,2.6],[11.80387191,54.90105182,2.6],[11.80356262,54.90082651,1.6],[11.80352429,54.90079785,1.4],[11.80300638,54.90038027,-0.8],[11.80296872,54.90035027,-0.93],[11.80276608,54.90020196,-2.4],[11.80272675,54.90017263,-2.73],[11.80199487,54.89959271,-1],[11.80195787,54.89956405,-0.86],[11.80157725,54.8992821,1.46],[11.80153726,54.89925377,1.6],[11.80141394,54.89917479,2],[11.80137461,54.89914879,2.13],[11.80028172,54.89838425,6.66],[11.80024206,54.89835659,6.8],[11.79986844,54.89811963,6.93],[11.79982811,54.8980933,6.8],[11.79960115,54.89792932,6.53],[11.79956216,54.89790232,6.46],[11.79936185,54.89777402,6.13],[11.79932152,54.89774836,6.13],[11.79859494,54.89732646,7.4],[11.79855728,54.8973048,7.46],[11.79846063,54.89723649,7.66],[11.7984313,54.89721249,7.73],[11.79836598,54.89714284,7.93],[11.79834398,54.89712251,8],[11.79831765,54.89710818,8],[11.79828832,54.89710385,8],[11.79826199,54.89710918,8],[11.79819333,54.89715083,8],[11.79815634,54.89716116,8],[11.79811368,54.89716882,8],[11.79806868,54.89717148,8],[11.79802435,54.89716648,8],[11.79798302,54.89715382,8],[11.79727211,54.89677926,9.46],[11.79723412,54.8967606,9.53],[11.7971318,54.89669761,9.73],[11.79709681,54.89667528,9.8],[11.79649789,54.89634435,10.26],[11.79645523,54.89632069,10.26],[11.79529335,54.89568715,8.86],[11.79525169,54.89566449,8.73],[11.79469743,54.8953752,8.39],[11.79465644,54.89535287,8.39],[11.79442382,54.89521625,8],[11.79438482,54.89519459,7.8],[11.79355159,54.89473936,7.33],[11.79351093,54.89471736,7.46],[11.79331329,54.89459837,8],[11.79327196,54.89457538,8.2],[11.79141987,54.89355965,14.13],[11.79137721,54.89353632,14.13],[11.78947575,54.89247455,18.13],[11.78943376,54.89245056,18.26],[11.78861751,54.89201066,17.53],[11.78856818,54.89198367,17.4],[11.78632839,54.89074051,11.4],[11.78625806,54.89070085,11.33],[11.78265162,54.88859508,7.73],[11.78257729,54.88855175,7.6],[11.78207233,54.88824545,6.8],[11.78200067,54.88820179,6.8],[11.78022246,54.88716324,8.2],[11.78015347,54.88712291,8],[11.77824496,54.88598772,7.2],[11.77817963,54.88594939,7.26],[11.77694139,54.88524253,7.26],[11.77687873,54.88520653,7.2],[11.77511488,54.88415737,4.73],[11.77504689,54.88411737,4.66],[11.7739493,54.88348646,4.33],[11.77388497,54.88344947,4.33],[11.77108919,54.88181472,5.06],[11.7710242,54.88177706,5.13],[11.76704647,54.87937798,6],[11.76698714,54.87934198,6],[11.76626785,54.87892171,6],[11.76619552,54.87888305,5.93],[11.76589755,54.8787314,5.53],[11.76582289,54.87869341,5.4],[11.76534958,54.87847944,4.46],[11.76526892,54.87844411,4.33],[11.75804302,54.87536626,2.2],[11.75796336,54.8753326,2.33],[11.7572734,54.87501797,3.13],[11.75719574,54.87498364,3.2],[11.75518119,54.87412313,3.06],[11.75510253,54.87408947,3],[11.75413925,54.87368253,2.8],[11.75410625,54.8736692,2.73],[11.75409025,54.87366454,2.66],[11.75408726,54.87366487,2.6],[11.75408892,54.87367153,2.46],[11.75408659,54.87368519,2.33],[11.75406627,54.87371683,1.93],[11.75406494,54.87371949,1.8],[11.75410093,54.87369916,1.6],[11.75411326,54.87368083,1.33],[11.7540236,54.87360984,1.06],[11.75381796,54.87350353,0.06],[11.7537693,54.87347487,-0.06],[11.75357399,54.8733439,-0.4],[11.75352233,54.87330857,-0.53],[11.75337335,54.87319259,-0.53],[11.75332435,54.87315159,-0.46],[11.75314038,54.87298027,-0.4],[11.75309672,54.87293494,-0.4],[11.75301639,54.87284361,-0.53],[11.7529784,54.87279628,-0.53],[11.75251781,54.87220966,-0.4],[11.75247948,54.872161,-0.26],[11.75184392,54.87133776,0.4],[11.75180959,54.8712931,0.33],[11.75176993,54.87124944,0.26],[11.75166861,54.87117012,0.13],[11.75160728,54.87113446,0.06],[11.75153762,54.87110146,0.06],[11.75146129,54.87107346,0.06],[11.75115331,54.87100581,0.06],[11.75110532,54.87099048,0.06],[11.75100835,54.87093317,0.4],[11.75100235,54.87093018,0.46],[11.75095836,54.87094318,0.53],[11.75090304,54.87098284,0.53],[11.75087171,54.87099783,0.53],[11.75077872,54.87101982,0.53],[11.75072272,54.87102782,0.53],[11.74897418,54.87121172,0.06],[11.74890152,54.87121938,0.06],[11.74793327,54.87130864,0.06],[11.74785094,54.87131664,0.06],[11.746959,54.87141092,0.06],[11.74686567,54.87142091,0.06],[11.74667701,54.87143657,0.06],[11.74658235,54.87144157,0.06],[11.7462947,54.8714429,0.06],[11.74619837,54.87143991,0.06],[11.74600772,54.87142892,0.06],[11.74591372,54.87142159,0.06],[11.74564307,54.87138694,0.06],[11.74555741,54.87137261,0.06],[11.74539442,54.87134062,0.06],[11.74531743,54.87132329,0.06],[11.74485247,54.87120701,0.06],[11.74485181,54.87120701,0.06],[11.74492047,54.87117368,0.06],[11.74499046,54.87115536,0.06],[11.74502912,54.8711427,0.06],[11.74511244,54.87110571,0.06],[11.74515577,54.87108238,0.06],[11.74531842,54.8709874,0.06],[11.74535675,54.8709654,0.06],[11.74544841,54.87089543,0.06],[11.7454774,54.87087343,0.06],[11.74564738,54.87076245,0.06],[11.74567338,54.87074579,0.06],[11.74570537,54.87071414,0.06],[11.74570603,54.87070014,0.06],[11.74568138,54.87067248,0.06],[11.74567172,54.87066515,0.06],[11.74563308,54.87064551,0.06],[11.74563808,54.8706465,0.06],[11.74565941,54.8707435,0.06],[11.74563575,54.87076316,0.06],[11.74519682,54.87107277,0.06],[11.74516116,54.87109676,0.13],[11.74512416,54.87111576,0.2],[11.74508683,54.87112909,0.26],[11.74494284,54.87116274,0.73],[11.74490218,54.87117007,0.86],[11.74480653,54.87117274,1.2],[11.7447542,54.87116474,1.4],[11.74436924,54.87106179,2.66],[11.74431591,54.87104546,2.8],[11.74406295,54.87095182,3.13],[11.74401462,54.87093149,3.2],[11.74396829,54.8709105,3.26],[11.74392596,54.87088817,3.33],[11.74384763,54.87083684,3.4],[11.74380897,54.87080984,3.4],[11.74329838,54.87042091,2.53],[11.74326039,54.87039225,2.46],[11.74266544,54.869907,2],[11.74262078,54.86987201,2],[11.74252746,54.86981035,2],[11.74248546,54.86978202,2],[11.7422955,54.86963872,1.8],[11.74227817,54.86962572,1.73],[11.74186258,54.86929346,1.53],[11.74182459,54.86926313,1.66],[11.74175527,54.86919547,1.93],[11.74171828,54.86916048,2.06],[11.74155464,54.86902418,2.46],[11.74151198,54.86898952,2.46],[11.73860725,54.86668514,-0.06],[11.73854692,54.86663715,-0.06],[11.73591452,54.86453203,-0.8],[11.73585919,54.86448804,-0.93],[11.73540024,54.86414475,-1.66],[11.73534525,54.86410142,-1.73],[11.73465398,54.86354348,-1],[11.73460332,54.86350215,-0.8],[11.73030747,54.8600966,3.2],[11.73026347,54.86006161,3.33],[11.728365,54.85854452,6.93],[11.72831934,54.85850786,7.2],[11.72619255,54.85679175,8.53],[11.72614322,54.85675209,8.6],[11.72551961,54.85628116,8.93],[11.72546895,54.8562425,8.86],[11.7235488,54.85471371,7.86],[11.72349447,54.85467238,8],[11.72179927,54.85331189,12.66],[11.72174627,54.85326989,12.73],[11.721063,54.8527083,12.66],[11.72101634,54.85267097,12.8],[11.71934919,54.85134216,15.73],[11.71929953,54.85130183,15.53],[11.71843892,54.85063423,16.33],[11.71838659,54.85059257,16.79],[11.71791463,54.85020961,18.4],[11.71786297,54.85016662,18],[11.71732603,54.849703,14.13],[11.71727437,54.84965401,13.6],[11.71682641,54.84920638,12.26],[11.71678042,54.84915539,12],[11.71643379,54.84875076,11.26],[11.71639179,54.84869977,11.2],[11.71619081,54.84843779,10.93],[11.71615315,54.84838546,10.86],[11.71579854,54.84786952,9.8],[11.71576321,54.84781719,9.8],[11.71441811,54.84578709,7.33],[11.71438912,54.84574343,7.2],[11.71424614,54.84551511,6.66],[11.71421548,54.84546811,6.6],[11.71356758,54.84451388,7.73],[11.71353692,54.84446955,7.66],[11.71262577,54.84309067,6.8],[11.71259644,54.84304534,6.66],[11.71195688,54.84210142,3.73],[11.71192188,54.84205076,3.6],[11.71155758,54.84148982,6.53],[11.71152492,54.84144049,6.86],[11.71099102,54.84065025,4.86],[11.71095969,54.84060426,4.6],[11.71052678,54.83994466,5.4],[11.71049445,54.83989533,5.73],[11.71029448,54.8396067,7.06],[11.71026182,54.83955871,7.06],[11.7080475,54.83624308,3.86],[11.70801584,54.83619808,3.86],[11.70787253,54.83601643,3.93],[11.70783487,54.83597043,3.93],[11.70771521,54.83583444,3.93],[11.70767521,54.83579011,3.93],[11.7074139,54.83553215,4.33],[11.70736924,54.83549016,4.4],[11.70698027,54.83516586,5.2],[11.70692894,54.8351262,5.26],[11.70664664,54.83493789,5.86],[11.70658798,54.8349009,6.06],[11.69990345,54.83110006,1.86],[11.69984546,54.83106707,1.86],[11.69821163,54.83012724,3.33],[11.69817797,54.83010858,3.4],[11.69814698,54.83009025,3.53],[11.69812332,54.83007192,3.66],[11.69809366,54.83003626,3.93],[11.698073,54.83002293,4.06],[11.69798701,54.82999461,4.4],[11.69795368,54.82997861,4.46],[11.69767504,54.82982863,5.2],[11.69761671,54.8297963,5.2],[11.6966761,54.82925603,3.8],[11.69661277,54.82921937,3.6],[11.69621512,54.8290014,2.6],[11.69614946,54.8289644,2.6],[11.69162615,54.8263991,2.53],[11.69157149,54.82636811,2.73],[11.69002361,54.82547927,5.2],[11.68997528,54.82545094,5.33],[11.68326284,54.82165058,4.19],[11.68319984,54.82161525,4.06],[11.68081572,54.82025011,4.26],[11.68075639,54.82021578,4.26],[11.6782166,54.81878232,5.53],[11.67816161,54.81875199,5.6],[11.66782594,54.81286106,8.26],[11.66777428,54.81283073,8.39],[11.66690371,54.8123445,8.39],[11.66684505,54.8123115,8.26],[11.66481958,54.81115136,8.53],[11.66476225,54.81111903,8.73],[11.66439228,54.8108964,9.39],[11.66432695,54.81085907,9.53],[11.6640003,54.81068176,10.4],[11.66393831,54.81064677,10.53],[11.66041161,54.80863374,10.8],[11.66035295,54.80860008,10.8],[11.65851877,54.80756357,11],[11.65845611,54.80752791,11],[11.65602129,54.80612943,7.2],[11.65595396,54.8060901,6.93],[11.65396513,54.80496626,5.26],[11.65389747,54.80492793,5.4],[11.6524296,54.80407505,5],[11.65237961,54.80404505,5],[11.65216131,54.80392977,5.26],[11.65214065,54.80391911,5.33],[11.65210933,54.80389979,5.33],[11.65206867,54.80386913,5.33],[11.65089178,54.80320092,6.93],[11.65083445,54.80316793,7.06],[11.65031584,54.80284897,7.46],[11.65025484,54.80281298,7.53],[11.64944457,54.80235337,7.46],[11.64938124,54.80231704,7.46],[11.6490776,54.80213273,7.46],[11.6490136,54.80209574,7.53],[11.6466038,54.80072328,6.93],[11.64654581,54.80070362,7],[11.64648148,54.80069262,6.93],[11.64641315,54.80069129,6.86],[11.64627316,54.80071361,6.73],[11.6462035,54.80073327,6.66],[11.64409329,54.80146014,4.06],[11.64400029,54.80149113,4],[11.64362265,54.80160844,4.06],[11.64352632,54.8016351,4.13],[11.64322434,54.80169643,4.46],[11.64311801,54.80170876,4.53],[11.64290169,54.80172341,4.66],[11.64279269,54.80172607,4.6],[11.64212806,54.80173171,3.86],[11.64201573,54.80173304,3.73],[11.6413321,54.80176934,2.6],[11.64121677,54.80177233,2.4],[11.64028847,54.80178595,2.53],[11.64017081,54.80178828,2.6],[11.63933651,54.80181358,3.33],[11.63921952,54.80181624,3.33],[11.6382059,54.80183019,1.73],[11.63810124,54.80182886,1.53],[11.63800024,54.80182153,1.4],[11.63790391,54.80180753,1.26],[11.63781458,54.8017862,1.13],[11.63773292,54.80175854,1],[11.63765992,54.80172455,0.86],[11.63759493,54.80168589,0.8],[11.63732129,54.80148259,0.66],[11.63727296,54.80144626,0.73],[11.6372183,54.8014166,0.8],[11.63715397,54.80139761,0.93],[11.63708331,54.80139061,1.06],[11.63701365,54.8013966,1.13],[11.63694999,54.80141426,1.2],[11.63658768,54.80159956,1.06],[11.63652169,54.80163055,1.06],[11.63631904,54.80171587,0.86],[11.63625171,54.80174387,0.8],[11.63604106,54.80181752,0.4],[11.6359684,54.80184085,0.26],[11.63565942,54.80192149,0.13],[11.63557642,54.80193648,0.13],[11.63549209,54.80194748,0.13],[11.63540709,54.80195647,0.13],[11.63523676,54.80196446,0.06],[11.63515376,54.80196147,0.13],[11.63500044,54.80193815,0.26],[11.63493078,54.80191982,0.33],[11.63430182,54.80169953,1.66],[11.63424349,54.8016792,1.8],[11.63364888,54.80148791,3.13],[11.63359255,54.80146891,3.26],[11.63287129,54.80120766,4.13],[11.63280963,54.80118633,4.13],[11.63268197,54.80114767,4.13],[11.63261764,54.80113167,4.13],[11.63249065,54.80110735,4.13],[11.63242765,54.80109735,4.13],[11.6314511,54.80095509,4.93],[11.63139111,54.80094643,5.06],[11.6308315,54.80084615,5.06],[11.63077417,54.80083715,5],[11.63017956,54.80075854,4.66],[11.63012423,54.80075321,4.73],[11.62962027,54.80072359,4.46],[11.62954327,54.8007196,4.4],[11.62905364,54.8007053,4],[11.62896998,54.80070097,4],[11.62782437,54.80063169,3.53],[11.62773571,54.80062603,3.4],[11.62654075,54.80056675,2],[11.62645842,54.80056242,2],[11.62615444,54.80053577,2],[11.62608811,54.80052644,2],[11.62603012,54.80051211,2],[11.62598212,54.80049111,2],[11.62594513,54.80046311,2.06],[11.62592013,54.80043012,2.13],[11.62590514,54.8003518,2.26],[11.62590914,54.8003108,2.33],[11.62598043,54.79996151,3.73],[11.62598376,54.79992585,3.93],[11.62597543,54.79989252,4.06],[11.6259551,54.79986186,4.13],[11.62592644,54.79983486,4.19],[11.62584545,54.79979787,4.33],[11.62579712,54.79978921,4.4],[11.62400926,54.79969634,2.8],[11.62392426,54.79969101,2.8],[11.61581282,54.79916022,5],[11.61574282,54.79915489,5.2],[11.61519985,54.79914359,6.33],[11.61513352,54.79913993,6.46],[11.61441758,54.79907099,5.93],[11.61434959,54.79906533,5.8],[11.61356265,54.79901341,4.06],[11.61349865,54.79900875,4],[11.61070986,54.79882764,5.6],[11.61063186,54.79882198,5.6],[11.60581379,54.79852727,6.2],[11.60571213,54.79852128,6.2],[11.60541714,54.79849862,6.2],[11.60532348,54.79848929,6.2],[11.60505249,54.79845197,6.2],[11.60496549,54.79843664,6.2],[11.60471151,54.79838332,6.06],[11.60462952,54.79836299,6],[11.60422921,54.79823735,6],[11.60414855,54.79820869,6],[11.59934126,54.79640837,7.26],[11.5992716,54.79638137,7.26],[11.59848632,54.79610342,6.6],[11.59841699,54.79607776,6.66],[11.59779438,54.79582848,7.26],[11.59772039,54.79579949,7.33],[11.59242173,54.79381556,7.86],[11.5923524,54.7937899,7.93],[11.58973897,54.79279943,8.39],[11.58967964,54.79277644,8.53],[11.58920002,54.79260215,9.46],[11.58914236,54.79258149,9.53],[11.58839742,54.79229222,10.46],[11.58833943,54.79227022,10.53],[11.58778314,54.79206295,10.8],[11.58772981,54.79204329,10.73],[11.58733486,54.79191933,10.66],[11.58727853,54.79189967,10.66],[11.58696422,54.79176136,11.13],[11.58690956,54.79174037,11.2],[11.58530605,54.79114554,10.73],[11.58525472,54.79112554,10.66],[11.58504008,54.79105222,10.4],[11.58498442,54.79103356,10.33],[11.58458745,54.79091559,10.4],[11.58452912,54.79090093,10.46],[11.58423348,54.79083194,11.06],[11.58417315,54.79082128,11.26],[11.58393618,54.79078497,11.8],[11.58387818,54.79077598,11.86],[11.58364319,54.79075468,12.13],[11.5835852,54.79074835,12.2],[11.58314691,54.7907194,12.33],[11.58309458,54.79071774,12.33],[11.58288659,54.79071708,12.4],[11.58283393,54.79071642,12.4],[11.58256197,54.79072706,12.46],[11.58250231,54.79072839,12.4],[11.58200869,54.79076902,12.33],[11.58193369,54.79077768,12.4],[11.58154871,54.79083498,12.86],[11.58146938,54.79084731,13],[11.58106107,54.79092262,12.8],[11.58097708,54.79093562,12.66],[11.58063343,54.79097293,11.8],[11.58054577,54.79098393,11.53],[11.57948717,54.79113521,9.53],[11.57939551,54.7911472,9.46],[11.57883722,54.79120683,9.06],[11.57874522,54.79121516,9],[11.57837925,54.7912418,9],[11.57828592,54.79124713,9],[11.57782362,54.79126277,9.2],[11.57773362,54.79126543,9.26],[11.57729365,54.79126345,9.6],[11.57721032,54.79126179,9.66],[11.57657403,54.79124084,10.13],[11.57650037,54.79123818,10.2],[11.57596675,54.79120256,10.46],[11.57589809,54.79119723,10.46],[11.57547546,54.79115393,10.26],[11.57540413,54.79114593,10.13],[11.57457118,54.79101864,9.33],[11.57449085,54.79100565,9.39],[11.57408987,54.79095767,10],[11.57401254,54.79094634,10.06],[11.57356258,54.79085137,10.46],[11.57348625,54.79083804,10.53],[11.57041745,54.79032491,9.2],[11.57033879,54.79031191,9.2],[11.5696445,54.79018628,9.66],[11.56957217,54.79017162,9.66],[11.56804593,54.78979505,8.93],[11.5679606,54.78977405,8.86],[11.56596671,54.78930316,9.13],[11.56587505,54.78928183,9.39],[11.5635092,54.78870795,9.6],[11.56342187,54.78868662,9.73],[11.55813951,54.78743804,8.53],[11.55805285,54.78741771,8.66],[11.54446024,54.78417581,13.13],[11.54437358,54.78415515,13.13],[11.54289733,54.78379493,13.86],[11.54282,54.78377593,14],[11.54117846,54.78339473,13.8],[11.5411148,54.78338073,13.66],[11.53250898,54.7813272,15.13],[11.53241799,54.78130554,15.33],[11.53014944,54.78080101,16.13],[11.53006878,54.78078301,16],[11.52998978,54.78076702,15.86],[11.52991178,54.78075369,15.66],[11.52975046,54.78073837,15.26],[11.5296668,54.78073037,15.06],[11.52941315,54.78068838,14.6],[11.52932849,54.78067038,14.46],[11.52573237,54.77988027,14.06],[11.52564871,54.77986161,14.33],[11.52489909,54.77970832,15.46],[11.52481676,54.77969032,15.26],[11.52450578,54.77961002,14.26],[11.52443145,54.77959169,14],[11.52400347,54.77949538,12.6],[11.52393281,54.77947872,12.33],[11.52138669,54.77892559,12.2],[11.52132603,54.77891293,12.6],[11.52111904,54.77888728,13.53],[11.52103938,54.77888528,13.66],[11.52068873,54.77890892,13.8],[11.5206054,54.77890493,13.93],[11.52053241,54.77888527,14.06],[11.52047542,54.77885128,14.2],[11.52043942,54.77881028,14.33],[11.52041843,54.77876462,14.33],[11.52040977,54.77871696,14.33],[11.52041443,54.77867063,14.33],[11.52049209,54.77852897,14.33],[11.52050609,54.77848364,14.46],[11.52050576,54.77844331,14.73],[11.5204961,54.77841165,15],[11.52046111,54.778375,15.53],[11.52043878,54.77836567,15.66],[11.52041445,54.77836168,15.8],[11.52038945,54.77836135,15.93],[11.52030847,54.77837166,16.33],[11.52028047,54.77837866,16.46],[11.52022948,54.77839898,16.73],[11.52020782,54.77841097,16.86],[11.52015116,54.77845263,16.93],[11.52012783,54.77846663,16.86],[11.52010017,54.77847696,16.79],[11.52006884,54.77848229,16.73],[11.52003451,54.77848163,16.66],[11.51999951,54.77847597,16.6],[11.5194799,54.77836171,16],[11.51943391,54.77835005,16],[11.51875432,54.77814309,15.4],[11.51870532,54.77812709,15.33],[11.51822904,54.77795749,15],[11.51818105,54.77793883,15],[11.51787409,54.7778082,15.13],[11.51783409,54.77779054,15.26],[11.51763312,54.77768889,16.06],[11.51760279,54.77767789,16.06],[11.51753513,54.7776719,16.06],[11.5174958,54.77767423,16.06],[11.5174538,54.77768022,16.06],[11.51741114,54.77769122,16.06],[11.51732215,54.77772121,15.93],[11.51727616,54.77773454,15.8],[11.51722783,54.7777432,15.66],[11.51712517,54.7777422,15.4],[11.51707218,54.7777332,15.26],[11.51697385,54.77769521,15],[11.51693652,54.77766888,15],[11.5168432,54.77754556,15],[11.51681254,54.77751823,15.06],[11.51661223,54.77739959,15.46],[11.51657624,54.7773816,15.53],[11.51545069,54.77690906,17.06],[11.5154027,54.7768864,17],[11.51481175,54.77664647,16.13],[11.51476009,54.77663581,16.2],[11.51405283,54.77659388,17],[11.51399084,54.77659155,17],[11.5134702,54.77657891,16.79],[11.51340387,54.77657658,16.73],[11.50827322,54.77638931,14.86],[11.50820789,54.77638431,14.73],[11.50732394,54.77636802,14],[11.50724228,54.77636636,14],[11.50653798,54.77632941,13.46],[11.50645932,54.77632575,13.4],[11.50569137,54.77630113,13],[11.50562271,54.77629814,13],[11.50536573,54.77627782,13.13],[11.50530307,54.77627416,13.2],[11.50505242,54.77627848,13.6],[11.50499076,54.77627782,13.73],[11.50438982,54.77626156,14.93],[11.50433849,54.77626057,15],[11.5029083,54.77621236,15.86],[11.50285297,54.77621103,15.73],[11.50213071,54.77617544,14.33],[11.50207905,54.77617278,14.2],[11.50203106,54.77617245,14.06],[11.5019894,54.77617511,13.86],[11.50196041,54.77618077,13.66],[11.50194241,54.77618543,13.46],[11.50193208,54.77619575,12.8],[11.50193274,54.77619774,12.53],[11.50182374,54.77615375,12.26],[11.50129447,54.77614214,11.33],[11.50124348,54.77614081,11.46],[11.50072752,54.77611153,12.46],[11.50066919,54.77610987,12.53],[11.50006592,54.77610788,13.06],[11.49999026,54.77611021,12.93],[11.49983293,54.77611586,12.6],[11.49975193,54.77612119,12.33],[11.49922731,54.77617416,10.06],[11.49913932,54.77617882,9.6],[11.49861236,54.77617717,8.13],[11.4985237,54.7761805,8],[11.49708777,54.77628907,8],[11.49703544,54.77628973,8],[11.49694412,54.77627474,8.13],[11.49690513,54.77625775,8.2],[11.49687147,54.77623542,8.26],[11.49684248,54.77621076,8.33],[11.4967755,54.77613444,8.53],[11.49675084,54.77611145,8.73],[11.49672018,54.77609512,8.93],[11.49665353,54.77608314,9.33],[11.49662287,54.77608347,9.53],[11.49654022,54.77609046,10.06],[11.49650889,54.77609712,10.2],[11.4962076,54.77618375,11],[11.49617094,54.77619108,11],[11.49596231,54.77622605,11],[11.49592031,54.77623171,11],[11.49584598,54.77623137,11],[11.49582465,54.77622304,10.86],[11.49581966,54.77621205,10.73],[11.49583132,54.77620205,10.6],[11.49585532,54.77619539,10.46],[11.49600995,54.77620071,9.93],[11.49605428,54.77619871,9.8],[11.49626659,54.7761524,8.8],[11.49639258,54.7760964,8.6],[11.49678819,54.77624334,8],[11.49682918,54.776263,8],[11.49685417,54.77628433,8],[11.49686283,54.77630533,8],[11.49685583,54.77632399,8],[11.4968335,54.77633932,8],[11.49679884,54.77635098,8],[11.49576892,54.77650458,7.66],[11.49569293,54.77651691,7.66],[11.49509098,54.77665087,8.53],[11.49501699,54.77666686,8.66],[11.49479834,54.77670451,9.46],[11.49473001,54.77671617,9.73],[11.49398141,54.77681077,10.66],[11.49393941,54.77681777,10.53],[11.49390275,54.77682943,10.4],[11.49386942,54.77684642,10.26],[11.4937761,54.77690407,10],[11.49373944,54.77691573,10],[11.49351414,54.77693637,10],[11.49347881,54.77693703,10],[11.49343149,54.77692405,9.86],[11.4934265,54.77691039,9.8],[11.49351315,54.77682374,9.53],[11.49351381,54.77679708,9.46],[11.49342584,54.77660211,8.73],[11.49340451,54.77656745,8.6],[11.49337718,54.77653445,8.53],[11.49334619,54.77650479,8.46],[11.49304524,54.77624749,8],[11.49301691,54.77622183,8],[11.4929506,54.77614584,8],[11.49293027,54.77612318,8],[11.49285761,54.77607021,8.26],[11.49285095,54.77606688,8.33],[11.49291961,54.77610754,8.39],[11.4929316,54.77612187,8.46],[11.49297091,54.77624417,9],[11.49298824,54.77627583,9.13],[11.49301223,54.77630749,9.26],[11.49303956,54.77633882,9.39],[11.49315688,54.77645546,9.66],[11.49318187,54.77648479,9.73],[11.49329682,54.77668443,10],[11.49331515,54.77670676,9.93],[11.49334081,54.77672476,9.86],[11.49337281,54.77673909,9.8],[11.49344047,54.77676042,9.66],[11.49346347,54.77677375,9.6],[11.49347113,54.77678808,9.53],[11.4934628,54.77680208,9.46],[11.49344347,54.77681541,9.39],[11.4932635,54.77686205,8.73],[11.49321917,54.77686871,8.6],[11.49279321,54.77688467,8.46],[11.49272288,54.77688566,8.46],[11.49244557,54.77688101,8.66],[11.49237991,54.77687802,8.73],[11.49191329,54.77682407,9.26],[11.49185496,54.77682041,9.39],[11.49161498,54.77681974,9.93],[11.49155399,54.77681874,10.06],[11.491371,54.77680876,10.46],[11.49131034,54.77680476,10.6],[11.49083806,54.77675381,11],[11.49078006,54.77674715,11],[11.48909656,54.77653827,12.33],[11.48903523,54.77653061,12.2],[11.48821498,54.77641302,11.46],[11.48816099,54.77640469,11.53],[11.48779269,54.77632073,11.66],[11.48774136,54.77630473,11.73],[11.48750505,54.77620843,12.06],[11.48745972,54.77618777,12.13],[11.48725941,54.77607546,12.86],[11.48722208,54.77605213,13.13],[11.48715509,54.77600313,13.53],[11.4871241,54.77597747,13.66],[11.48696613,54.77583384,13.93],[11.48694547,54.77581451,13.93],[11.48689449,54.77574819,14.06],[11.4868865,54.77573586,14],[11.48688217,54.77571522,13.4],[11.48688184,54.77571256,13.2],[11.48681551,54.77570623,13],[11.48658254,54.77574654,12.33],[11.48652488,54.7757482,12.06],[11.48646489,54.77574454,11.8],[11.48640556,54.77573488,11.53],[11.48634923,54.77571922,11.26],[11.48629824,54.77569789,11.06],[11.48625224,54.77567089,11],[11.48621691,54.77563956,10.93],[11.48619158,54.77560457,10.93],[11.48615759,54.77552891,10.93],[11.48613393,54.77548892,10.93],[11.48604894,54.77540893,11.06],[11.48599328,54.77537027,11.13],[11.48580696,54.77525529,11.53],[11.48574063,54.77521729,11.66],[11.48525733,54.77495567,11.46],[11.48518867,54.77491768,11.33],[11.48467038,54.77465904,11.06],[11.48459705,54.77462505,11.06],[11.48432173,54.77450474,11.33],[11.48425707,54.77447774,11.46],[11.48379378,54.77429311,11.93],[11.48374445,54.77427478,11.93],[11.48350381,54.77419015,11.8],[11.48346115,54.77417582,11.73],[11.48333984,54.77414483,11.53],[11.48330085,54.77413317,11.46],[11.4827146,54.77394957,10.4],[11.48270094,54.77394624,10.33],[11.48230066,54.77380596,10.46],[11.48232766,54.77380297,10.46],[11.48251529,54.77387926,11.13],[11.48259862,54.77390992,11.26],[11.48362553,54.77423983,11.2],[11.48369753,54.77426416,11.2],[11.48436347,54.77451646,11.73],[11.48443747,54.77454779,11.8],[11.48458413,54.77461378,11.93],[11.48465612,54.77464811,12],[11.48506208,54.7748524,11.53],[11.48511941,54.7748824,11.4],[11.48602001,54.77539764,11.86],[11.486058,54.7754143,12.13],[11.48612632,54.77542696,12.53],[11.48615932,54.7754213,12.86],[11.48625497,54.77536532,13.8],[11.4863023,54.77534766,14.06],[11.48641763,54.77532901,14.46],[11.48647929,54.77532568,14.6],[11.48660528,54.77532801,14.86],[11.48666861,54.77533601,14.93],[11.4868376,54.77538332,14.86],[11.48687993,54.77540631,14.8],[11.48691259,54.77543197,14.6],[11.48694458,54.77549396,14.2],[11.48694791,54.77552795,14.06],[11.48694492,54.77556228,13.93],[11.48693226,54.77559561,13.66],[11.4868926,54.7756586,13.13],[11.48688194,54.77568993,12.86],[11.4868846,54.77572293,12.6],[11.48690026,54.77575592,12.33],[11.48703124,54.77593023,11.8],[11.48706257,54.77596689,11.73],[11.48716655,54.77607854,11.53],[11.48720188,54.7761152,11.6],[11.48728053,54.77618519,11.86],[11.48731619,54.77622085,12],[11.48733852,54.77625751,12.13],[11.48734252,54.7762935,12.26],[11.48732786,54.7763275,12.4],[11.48729687,54.77635749,12.46],[11.48725187,54.77638149,12.53],[11.48707755,54.77642981,12.73],[11.48701322,54.77644214,12.8],[11.48687856,54.77645813,12.93],[11.48681223,54.77645912,13],[11.48663058,54.77644746,12.86],[11.48657992,54.7764468,12.8],[11.48650693,54.77646178,12.6],[11.48649927,54.77646578,12.53],[11.48644061,54.77644046,12.33],[11.48641995,54.7764338,12.2],[11.48671261,54.77646913,12.06],[11.4867516,54.77647446,11.93],[11.48683893,54.77647479,11.66],[11.48688793,54.77647046,11.53],[11.48704058,54.77643681,11.6],[11.48709191,54.77641982,11.66],[11.48714157,54.77640016,11.73],[11.4871889,54.7763765,11.8],[11.48722789,54.77634817,11.86],[11.48725289,54.77631584,11.93],[11.48725822,54.77628185,12.06],[11.48724222,54.77624786,12.2],[11.48712558,54.77614955,12.73],[11.48708358,54.77611389,12.93],[11.48676996,54.77582525,12.66],[11.4867273,54.77579725,12.46],[11.48667664,54.77577659,12.26],[11.48661731,54.77576293,12.06],[11.48655298,54.77575394,11.86],[11.48648632,54.77574661,11.66],[11.48635399,54.77571796,11.26],[11.48629233,54.77569363,11.13],[11.48624033,54.7756613,11.13],[11.48619934,54.7756223,11.13],[11.48614369,54.77553064,11.13],[11.48610969,54.77548065,11.13],[11.48600171,54.77538366,11.26],[11.48593305,54.775337,11.4],[11.4857854,54.77524667,11.66],[11.48570874,54.77520167,11.73],[11.48516144,54.7749017,11.13],[11.48508244,54.77485837,11.13],[11.48458046,54.7746164,11.13],[11.4845018,54.77458074,11.2],[11.48385786,54.77432478,11.73],[11.48378887,54.77429978,11.66],[11.48258093,54.77391086,10.4],[11.48250427,54.77388553,10.4],[11.48165299,54.77356826,9.8],[11.48157566,54.77353693,9.8],[11.48103804,54.7733083,9.73],[11.48096171,54.77327597,9.6],[11.48034575,54.77299634,9.46],[11.48026642,54.77295901,9.66],[11.4799571,54.7728057,10.26],[11.47988244,54.77276737,10.46],[11.47944547,54.77252641,11.86],[11.47937281,54.77248575,12.06],[11.47881018,54.77214245,12.26],[11.47874018,54.77209812,12.06],[11.47826455,54.77177715,10.33],[11.47819922,54.77173215,9.93],[11.47795291,54.7715555,9],[11.47789492,54.77151184,8.8],[11.47761395,54.77129053,8.33],[11.47755795,54.77124687,8.2],[11.47718198,54.77093423,8.66],[11.47712865,54.77088857,8.73],[11.47606477,54.76993732,10.73],[11.47601178,54.76989166,10.73],[11.47573114,54.76966768,10.8],[11.47567381,54.76962368,11],[11.47543716,54.7694527,11.4],[11.4753765,54.76941137,11.6],[11.47506786,54.7692154,12.33],[11.47500487,54.76917707,12.46],[11.47454357,54.76891411,12.93],[11.47447658,54.76887578,12.86],[11.47168144,54.76732098,10.06],[11.47162145,54.76728665,10.13],[11.47156645,54.76725199,10.2],[11.47152179,54.76721733,10.26],[11.47146646,54.76714568,10.4],[11.47145513,54.76711035,10.46],[11.47146079,54.76701703,10.66],[11.47145879,54.7669877,10.73],[11.47144014,54.76693071,10.86],[11.47143748,54.76690172,10.93],[11.4714448,54.76683506,10.86],[11.47144779,54.76679573,10.8],[11.47144579,54.76671274,10.66],[11.47144346,54.76667108,10.6],[11.47139817,54.76625111,10],[11.47139684,54.76620945,10],[11.47140714,54.76581182,9.6],[11.4714088,54.76576716,9.6],[11.4714391,54.76537387,9.73],[11.4714441,54.76533054,9.8],[11.47152571,54.76479194,9.8],[11.47153137,54.76474928,9.73],[11.4716033,54.76413134,9.93],[11.47160829,54.76408968,10],[11.47165793,54.76375471,10],[11.47166459,54.76371305,10],[11.47190829,54.76176294,14.73],[11.47191328,54.76172194,14.8],[11.47203914,54.76058809,14.2],[11.4720438,54.7605501,14.13],[11.47207143,54.76016782,14.4],[11.47207642,54.76012716,14.4],[11.47208741,54.76004284,14.4],[11.47209407,54.75999885,14.33],[11.47214538,54.7597782,13.8],[11.47215338,54.75973221,13.66],[11.47221836,54.75927959,13],[11.47222602,54.7592256,13],[11.47241724,54.75755211,11.86],[11.47242257,54.75749911,11.86],[11.47261778,54.75592328,12],[11.47262344,54.75587262,12.06],[11.47276632,54.75475075,11.2],[11.47277232,54.75470709,11.13],[11.47280829,54.75454811,11],[11.47281562,54.75451345,11],[11.47281396,54.75448346,11],[11.47280397,54.7544588,11.06],[11.47279231,54.75443647,11.13],[11.47278566,54.75439381,11.26],[11.47278699,54.75437082,11.33],[11.47279165,54.75434783,11.4],[11.47283531,54.75428684,11.6],[11.47283997,54.75426351,11.66],[11.4728476,54.75409287,11.8],[11.47285026,54.75404954,11.73],[11.47288123,54.75372923,11.26],[11.47288622,54.75368357,11.2],[11.47293151,54.75332029,10.53],[11.47293684,54.7532763,10.53],[11.47298581,54.752968,10.73],[11.47299214,54.75292334,10.86],[11.47313865,54.75171349,13],[11.47314298,54.75167083,13],[11.47326553,54.75078027,13.33],[11.47327052,54.75074028,13.53],[11.47329848,54.75040799,15.2],[11.47330147,54.75037433,15.33],[11.47330612,54.75021135,16],[11.47330678,54.75017969,16],[11.47335077,54.75004638,16],[11.4733581,54.75002272,16],[11.47335411,54.7499564,16],[11.47335278,54.74993407,16],[11.4733931,54.74985943,16],[11.47339576,54.74984043,16],[11.47340007,54.74972111,16],[11.47340106,54.74968478,16],[11.47344501,54.74924419,14.93],[11.47344934,54.74920286,14.8],[11.47348299,54.74899022,14],[11.47348965,54.74894689,13.86],[11.47354126,54.74851361,13.46],[11.47354725,54.74847161,13.46],[11.47362049,54.74774936,13],[11.47362548,54.74770603,13],[11.47403339,54.74452942,14],[11.47403838,54.74448876,14],[11.47425079,54.74266565,20.73],[11.47425612,54.74262532,20.6],[11.4742721,54.74242235,19.93],[11.47427676,54.74238202,19.6],[11.47439232,54.74153845,16.33],[11.47439731,54.74149679,16.26],[11.4744856,54.74097786,15.4],[11.47449059,54.74094053,15.33],[11.47454319,54.74043393,14.4],[11.47454785,54.74039293,14.33],[11.47479821,54.73839584,16],[11.47480354,54.73835618,16],[11.47489243,54.73751395,15],[11.47489709,54.73747396,14.93],[11.47499334,54.73680638,17],[11.47499734,54.73677405,17],[11.47499168,54.73665974,17],[11.47499401,54.73663541,17],[11.47502133,54.7365711,17],[11.47502899,54.73655077,17],[11.475031,54.73651079,17.2],[11.47503034,54.73650746,17.26],[11.47506266,54.73636247,17.4],[11.47506732,54.73633581,17.46],[11.47508628,54.73608451,17.93],[11.47508894,54.73604418,18],[11.47516019,54.73535725,17.53],[11.47516319,54.73531859,17.46],[11.47522213,54.73488531,17],[11.47522779,54.73484398,17],[11.4752977,54.73422807,17],[11.47530236,54.73419041,17],[11.4753856,54.73361249,16.13],[11.47539026,54.73357649,16.06],[11.47546548,54.73291225,15.93],[11.47546948,54.73287592,15.86],[11.47546914,54.7327676,15.66],[11.47547314,54.7327296,15.6],[11.47554171,54.73218332,15],[11.47554704,54.73214299,14.93],[11.47561033,54.73177938,14.33],[11.47561632,54.73173939,14.26],[11.47567195,54.73125579,14.46],[11.47567528,54.73122946,14.46],[11.47568061,54.73120281,14.46],[11.47569927,54.73116515,14.46],[11.47572157,54.73101118,14.26],[11.47572656,54.73097319,14.13],[11.47587043,54.72980231,14.73],[11.47587642,54.72975931,14.8],[11.47595464,54.72900206,15.06],[11.47595863,54.72896573,15.13],[11.47604119,54.72828552,16],[11.47604485,54.72825119,16],[11.47626691,54.72653744,16.6],[11.47627257,54.72650178,16.66],[11.47644805,54.72493662,16],[11.47645404,54.72488829,16],[11.47646769,54.72474365,15.86],[11.47647102,54.72469432,15.8],[11.47649861,54.72385304,15],[11.47649994,54.72380471,15],[11.47657216,54.72267647,13.86],[11.47657515,54.72263414,13.86],[11.47659043,54.72220487,13.53],[11.47659243,54.72216054,13.53],[11.47663504,54.72165958,14.33],[11.47663803,54.72161458,14.46],[11.47667694,54.72073267,13.4],[11.47667927,54.72068534,13.33],[11.47669059,54.72054568,13.13],[11.47669525,54.72050169,13.06],[11.47671557,54.72038237,13],[11.4767189,54.72035104,13],[11.47666828,54.72024875,13],[11.47666595,54.72023809,13],[11.47669459,54.72013111,13],[11.47669892,54.72009778,13],[11.47670092,54.71994446,13.13],[11.47670191,54.71990313,13.26],[11.47677442,54.71857227,20.13],[11.47677675,54.71853327,20.66],[11.47678274,54.71823798,24.6],[11.4767844,54.71820265,24.8],[11.47681734,54.71760406,26],[11.47681967,54.71756473,26],[11.47684231,54.71732375,24],[11.47684531,54.71728475,23.33],[11.47685164,54.7169828,17.2],[11.47685297,54.71694614,16.33],[11.47686162,54.71683682,14.4],[11.47686661,54.71680049,14.06],[11.47688327,54.71672883,13.4],[11.47688793,54.7166945,13.06],[11.47689126,54.71628191,13.06],[11.47689292,54.71624425,13.4],[11.47693187,54.71574163,17.93],[11.47693453,54.71571363,18.06],[11.47693153,54.7156913,18.2],[11.47690321,54.71567331,18.26],[11.47688122,54.7156753,18.2],[11.47661959,54.71578526,16],[11.47656859,54.71580292,16],[11.4764516,54.71583791,15.86],[11.47638661,54.71585391,15.93],[11.47617795,54.71589656,16.33],[11.47610629,54.71590922,16.6],[11.47516034,54.71603182,21.53],[11.47508901,54.71604215,21.66],[11.47401776,54.71622442,20.13],[11.47395743,54.71623508,19.6],[11.47375244,54.71628172,16.73],[11.47370845,54.71629472,16.06],[11.4732335,54.71645302,10.93],[11.4731815,54.71646268,10.8],[11.47313317,54.71646668,10.66],[11.47308884,54.71646468,10.53],[11.47291187,54.71643338,10.53],[11.47287754,54.71642905,10.66],[11.47279256,54.71642938,11.26],[11.4727819,54.71643071,11.6],[11.47296988,54.71643336,14.6],[11.47300787,54.71643237,15.26],[11.47337318,54.71639641,20.46],[11.47342551,54.71638908,21],[11.47347684,54.71637842,21.53],[11.4735265,54.71636709,22.06],[11.47387912,54.71625914,22.06],[11.47390178,54.71625248,21.93],[11.47449171,54.71614154,21],[11.47455537,54.71612955,20.86],[11.47516098,54.71603093,16.86],[11.47521664,54.71602293,16.6],[11.47570894,54.71596765,16.33],[11.4757816,54.71595899,16.53],[11.4762379,54.71589436,17.73],[11.4763109,54.7158807,17.79],[11.47651589,54.71582705,17.4],[11.47657688,54.71580706,17.13],[11.47682553,54.71571142,15.46],[11.47686619,54.71569343,15.06],[11.47690252,54.71567543,14.93],[11.47693285,54.7156551,14.8],[11.47695518,54.71563244,14.66],[11.4769795,54.71558012,14.26],[11.47698449,54.71555112,14],[11.4769825,54.7152572,12.26],[11.47698283,54.71523487,12.13],[11.47696818,54.71515389,12],[11.47696619,54.71514889,11.93],[11.4769885,54.71501392,11.6],[11.47699383,54.71497826,11.53],[11.47700246,54.7146633,11],[11.47700412,54.71462197,11.06],[11.47699813,54.71446366,11.33],[11.4769978,54.71442433,11.4],[11.47701642,54.71400171,11.6],[11.47701842,54.71396305,11.46],[11.4770048,54.71364842,10.13],[11.47700247,54.71360976,9.93],[11.47697217,54.7133858,9.06],[11.47696351,54.71334947,8.93],[11.47681126,54.71281055,8],[11.47680093,54.71277656,8],[11.47668864,54.71246662,8.33],[11.47667531,54.71243329,8.39],[11.47660233,54.71227264,8.8],[11.47658767,54.71224098,8.93],[11.47649337,54.71206866,9.53],[11.47647838,54.712042,9.6],[11.47587923,54.71107881,10.73],[11.4758619,54.71104881,10.8],[11.47572995,54.71085284,10.8],[11.47571096,54.71082518,10.8],[11.47562699,54.7106832,10.6],[11.47561133,54.71065487,10.53],[11.47518713,54.70999966,10.8],[11.47516847,54.70997267,10.86],[11.47509117,54.70986736,11],[11.47506984,54.7098407,11],[11.47496586,54.70973306,11],[11.4749392,54.7097054,11],[11.47485189,54.70958908,10.8],[11.47483156,54.70955909,10.73],[11.47467727,54.70930778,9.66],[11.47465627,54.70927578,9.53],[11.47455896,54.70908014,9],[11.47454096,54.70905181,9],[11.47449331,54.70901116,9],[11.47446098,54.7090025,9],[11.47442632,54.7090005,9],[11.47439266,54.70900483,9],[11.47430701,54.70903215,9],[11.47429935,54.70903648,9],[11.47431401,54.70905047,9.26],[11.47440467,54.70902514,9.33],[11.47444699,54.70899481,9.39],[11.47446698,54.70897715,9.39],[11.47448198,54.70895815,9.39],[11.47449097,54.70893716,9.6],[11.4744923,54.70891483,9.8],[11.4744853,54.70889184,10],[11.47424571,54.70845189,14.66],[11.47422105,54.70841423,14.93],[11.47416406,54.70833558,15.46],[11.47413406,54.70829592,15.73],[11.47396274,54.70808995,15.53],[11.47392875,54.70804629,15.33],[11.47365945,54.70768766,12.4],[11.47362146,54.707643,12],[11.47346182,54.70747069,10.4],[11.47342083,54.70742869,10.26],[11.4728259,54.70684239,9.93],[11.47278024,54.70680073,9.93],[11.47223097,54.70636545,8.66],[11.47218064,54.70632645,8.46],[11.47161736,54.70592283,8.2],[11.47156503,54.7058875,8.26],[11.47113241,54.70561321,9.33],[11.47107841,54.70557988,9.46],[11.47069045,54.70535359,9.93],[11.47063445,54.70532293,9.93],[11.47005116,54.70502599,9.26],[11.46999216,54.70499733,9.13],[11.4694552,54.70474536,7.6],[11.46939521,54.70471837,7.46],[11.46916056,54.70462338,7.13],[11.4691109,54.70460405,7],[11.46900258,54.70454206,6.73],[11.46896725,54.70452573,6.66],[11.46876194,54.70446009,6.33],[11.46871861,54.70444476,6.26],[11.46858896,54.70437145,5.93],[11.4685483,54.70435546,5.93],[11.46775936,54.70409049,6.13],[11.46766703,54.70406183,6.2],[11.46698607,54.70386453,6],[11.46688641,54.7038372,5.86],[11.46583045,54.70356526,5.73],[11.46573979,54.7035426,5.66],[11.46538582,54.70346262,5.66],[11.46530149,54.70344496,5.6],[11.46445454,54.70329166,5.4],[11.46437688,54.70327833,5.53],[11.46383925,54.70319637,6.13],[11.46375759,54.70318504,6.2],[11.46341528,54.70314606,5.93],[11.46332528,54.7031364,5.86],[11.46232136,54.70304179,5.13],[11.46222903,54.70303513,5.13],[11.46120509,54.70298887,5],[11.46111576,54.70298588,5],[11.45723635,54.70290111,5.4],[11.45715269,54.70289978,5.46],[11.45543613,54.70285289,7.26],[11.45536414,54.7028509,7.2],[11.45439454,54.70283596,7.06],[11.45433788,54.70283662,7.13],[11.4542039,54.70281697,7.33],[11.45416424,54.70281297,7.4],[11.4540126,54.70282395,7.6],[11.45397527,54.70282329,7.6],[11.45204575,54.70276709,6.13],[11.45195076,54.7027641,6.06],[11.45132147,54.70275614,6],[11.45123547,54.70275481,6],[11.44576679,54.70261514,5.66],[11.4456748,54.70261281,5.6],[11.44040379,54.70249174,3.8],[11.4403178,54.70248974,3.66],[11.43656805,54.70238798,1.86],[11.43648772,54.70238598,1.8],[11.43599209,54.70238367,1],[11.43593543,54.70238301,0.86],[11.43579011,54.70236203,0.46],[11.43574212,54.70235803,0.33],[11.43524117,54.70236236,0.2],[11.43516351,54.70236136,0.26],[11.43397426,54.70232744,1.46],[11.43390293,54.70232511,1.4],[11.43332298,54.70232477,0.6],[11.43325065,54.70232444,0.53],[11.43272169,54.70231148,0.06],[11.43264336,54.70230982,0.06],[11.43011883,54.70224097,-0.73],[11.4300505,54.70223931,-0.66],[11.42975287,54.70221999,-0.26],[11.42971888,54.702219,-0.2],[11.42962589,54.70222564,-0.06],[11.42959123,54.70222697,-0.06],[11.42849431,54.7021907,0.53],[11.42842165,54.7021887,0.53],[11.42622279,54.7021475,1.26],[11.42614546,54.70214584,1.26],[11.42466291,54.70210327,-0.2],[11.42459691,54.70210094,-0.2],[11.42327869,54.70207702,0.73],[11.42320236,54.70207536,0.66],[11.42094354,54.70200852,-0.53],[11.42090021,54.70200752,-0.6],[11.42080823,54.70199422,-0.93]]}}]}