{"type":"FeatureCollection","features":[{"type":"Feature","properties":{"name":"20260423 Cicloturismo","time":"2026-04-23T07:38:32Z"},"geometry":{"type":"LineString","coordinates":[[10.80044066,53.99033433],[10.80047162,53.99033799],[10.80047795,53.99034198],[10.80047328,53.99036531],[10.80045229,53.99038164],[10.80005635,53.99055492],[10.80000369,53.99057891],[10.79741193,53.99160236],[10.79735193,53.99162636],[10.796334,53.99208525],[10.79627834,53.99210958],[10.79568406,53.99233653],[10.7956244,53.99235952],[10.79412887,53.99297735],[10.79407554,53.99299935],[10.79362426,53.99316397],[10.7935686,53.99318597],[10.79164111,53.99400147],[10.79158478,53.99402446],[10.7908265,53.99432339],[10.79077351,53.99434405],[10.79037522,53.99447667],[10.79031889,53.99449666],[10.7897956,53.99474295],[10.7897416,53.99476528],[10.78554466,53.99648029],[10.78548267,53.99650628],[10.7845744,53.99685053],[10.78451641,53.99687086],[10.78408378,53.99707215],[10.78402545,53.99709648],[10.78341249,53.99731511],[10.78335216,53.9973371],[10.78269587,53.99760905],[10.78263521,53.99763271],[10.78210092,53.99779899],[10.78204926,53.99780998],[10.78177861,53.99784129],[10.78171995,53.99784528],[10.78148697,53.99783895],[10.78143264,53.99782862],[10.781286,53.99777031],[10.78124034,53.99774598],[10.7808707,53.99751769],[10.78083971,53.99750236],[10.78074974,53.99750534],[10.78070674,53.99749268],[10.78064377,53.9973997],[10.78060944,53.99737104],[10.78028448,53.99712109],[10.78024615,53.99709309],[10.78000384,53.99694778],[10.77996651,53.99692145],[10.77960891,53.9966285],[10.77957758,53.99660184],[10.779176,53.99621392],[10.77915234,53.99618892],[10.77880707,53.99579264],[10.77876674,53.99575765],[10.77868378,53.99562735],[10.77866045,53.99560002],[10.7785968,53.99554836],[10.77854947,53.99553236],[10.77849381,53.99552803],[10.77843515,53.99553569],[10.77761421,53.99575028],[10.77754455,53.99576894],[10.77690158,53.99591657],[10.77682625,53.9959219],[10.77667693,53.99591591],[10.7766036,53.99590758],[10.77560066,53.99575165],[10.77552867,53.99574232],[10.77517503,53.99571201],[10.7751077,53.99570401],[10.77485905,53.99564804],[10.77481106,53.99562338],[10.77474873,53.99556139],[10.7747334,53.99552606],[10.77471477,53.99520209],[10.77470844,53.99516009],[10.77463414,53.99487846],[10.77461615,53.99484046],[10.77436752,53.99447684],[10.77434019,53.99444018],[10.77404689,53.99408456],[10.7740169,53.99404957],[10.77379993,53.99385827],[10.77375594,53.99383094],[10.77328899,53.99356133],[10.77324366,53.99353667],[10.77281739,53.99334774],[10.77281273,53.99333008],[10.77292036,53.99303445],[10.77292669,53.99298646],[10.7729194,53.99253949],[10.77292039,53.99248316],[10.77294771,53.99227586],[10.77295237,53.99222787],[10.77284477,53.99161893],[10.77283577,53.9915676],[10.77271956,53.9906047],[10.77271557,53.99055437],[10.77270161,53.99004977],[10.77270128,53.99000144],[10.77272623,53.98927319],[10.77272823,53.98923086],[10.77280984,53.98869825],[10.7728165,53.98865925],[10.773119,53.9873311],[10.77312966,53.98728844],[10.77322926,53.98674149],[10.77323659,53.98670016],[10.77331282,53.98599561],[10.77331515,53.98595728],[10.7733108,53.98519371],[10.77330947,53.98515305],[10.77326587,53.9845118],[10.77326121,53.98446714],[10.77310164,53.98352957],[10.77309165,53.98348191],[10.7729237,53.98287197],[10.77290937,53.98282398],[10.77260646,53.98192606],[10.77259213,53.98187573],[10.77247151,53.98141311],[10.77245985,53.98136278],[10.77238123,53.9809185],[10.77237723,53.98086917],[10.77237091,53.98047955],[10.77237157,53.98043255],[10.7723942,53.98015458],[10.77239953,53.98010825],[10.77265672,53.97856342],[10.77266438,53.97851709],[10.77273265,53.97793915],[10.77273665,53.97788915],[10.77275227,53.97693194],[10.77275227,53.97687861],[10.77270098,53.97624301],[10.77269565,53.97619001],[10.77263937,53.9757604],[10.77263071,53.97570507],[10.77257441,53.97542876],[10.77256408,53.9753741],[10.77213933,53.9726837],[10.77212933,53.97262871],[10.7719181,53.97164546],[10.7719021,53.9715798],[10.77167151,53.97072656],[10.77166385,53.97070123],[10.77163921,53.97052958],[10.77162955,53.97049092],[10.77156357,53.97031195],[10.77154458,53.97026496],[10.77135629,53.96992734],[10.77132496,53.96988834],[10.77118766,53.96973636],[10.77115033,53.96970103],[10.77091171,53.96949872],[10.77087505,53.96946839],[10.77072374,53.96936573],[10.77068508,53.96934274],[10.77021414,53.9691418],[10.77016948,53.96912047],[10.76974988,53.96888119],[10.76970988,53.96885419],[10.76954757,53.96872855],[10.76950858,53.96869322],[10.76915663,53.96830193],[10.76911864,53.9682646],[10.76882401,53.96804264],[10.76877501,53.96801631],[10.76840538,53.96785701],[10.76835072,53.96783902],[10.7672395,53.96749214],[10.76718684,53.96747548],[10.76649691,53.96723452],[10.76643958,53.96721619],[10.76419178,53.96651474],[10.76412545,53.96649241],[10.7625019,53.9658962],[10.76244057,53.96587187],[10.76201794,53.96569025],[10.76195828,53.96566192],[10.761376,53.96535697],[10.76131934,53.96532398],[10.76093705,53.96507502],[10.76088739,53.96503803],[10.76051676,53.96471774],[10.76047377,53.96467641],[10.7602668,53.96445944],[10.76022914,53.96441611],[10.75998185,53.96407816],[10.75995019,53.96402483],[10.75977355,53.96369119],[10.75974989,53.9636332],[10.75962926,53.9632279],[10.7596166,53.9631719],[10.759559,53.96257629],[10.75955734,53.96252096],[10.75955506,53.96010754],[10.75955273,53.96006321],[10.75949445,53.95962459],[10.75948712,53.95957993],[10.75934554,53.95892433],[10.75933255,53.95888134],[10.75916829,53.95845472],[10.7591483,53.95841272],[10.75885435,53.95792714],[10.75882802,53.95788615],[10.75860205,53.95757419],[10.75857106,53.95753686],[10.75814714,53.95709394],[10.75812015,53.95706894],[10.75744025,53.95650838],[10.75740759,53.95648372],[10.75483291,53.95465641],[10.75479725,53.95463075],[10.75375172,53.95381455],[10.75371806,53.95378622],[10.75308382,53.95319867],[10.75305249,53.95316801],[10.7523896,53.95247048],[10.75235827,53.95243848],[10.75148475,53.95159293],[10.75144575,53.95155427],[10.75118245,53.95124632],[10.75115312,53.95120899],[10.75108648,53.95100568],[10.75105882,53.95096835],[10.75093151,53.95087003],[10.75087918,53.9508387],[10.75053222,53.9506584],[10.75048156,53.95062307],[10.74968697,53.94997716],[10.74964798,53.94994283],[10.74954333,53.94983218],[10.749513,53.94979519],[10.74936769,53.94958023],[10.74933503,53.9495499],[10.74914006,53.94946459],[10.74908973,53.94944126],[10.74896975,53.94935594],[10.74892042,53.94933061],[10.74851112,53.94926031],[10.74844379,53.94924532],[10.74789151,53.94908201],[10.74784618,53.94907068],[10.74779519,53.94903402],[10.74777553,53.94901902],[10.74771987,53.94900336],[10.74767921,53.9489767],[10.7464796,53.94860244],[10.74639294,53.94857945],[10.74575229,53.94843483],[10.7456573,53.9484155],[10.74485868,53.94828455],[10.74475402,53.94826989],[10.74364407,53.94815594],[10.74352841,53.94814895],[10.73748208,53.94782275],[10.73741942,53.94781909],[10.7356959,53.94774757],[10.73565424,53.94774424],[10.73540927,53.94769926],[10.73537227,53.94768793],[10.73507931,53.94753364],[10.73504098,53.94751565],[10.734823,53.94743534],[10.73478267,53.94741201],[10.73456203,53.94719904],[10.73453204,53.94716638],[10.73416109,53.94672244],[10.73413076,53.94668511],[10.73360852,53.94593184],[10.73357986,53.94588684],[10.73303596,53.94495263],[10.73301663,53.9449093],[10.73303761,53.9443837],[10.73303561,53.94431004],[10.73302828,53.94416038],[10.73302262,53.94408472],[10.73297764,53.94378741],[10.73297165,53.94371642],[10.73297298,53.94338977],[10.73297898,53.94333077],[10.73296199,53.94322378],[10.73293033,53.94317745],[10.73283067,53.9431038],[10.73277201,53.94307347],[10.73219971,53.94280385],[10.73214605,53.94277686],[10.73157776,53.94255692],[10.7315251,53.94253392],[10.73108248,53.94233396],[10.73102582,53.94230697],[10.73087016,53.94221498],[10.7308265,53.94217898],[10.73072152,53.94206033],[10.73069253,53.94201867],[10.73051156,53.94172569],[10.73048523,53.94168536],[10.73038992,53.94148105],[10.73037026,53.94144106],[10.73016131,53.94110143],[10.73013998,53.9410661],[10.729992,53.94092947],[10.72997301,53.94089981],[10.72973673,53.94045955],[10.7297174,53.94041956],[10.7296871,53.94023258],[10.72966944,53.94019425],[10.72956313,53.94003593],[10.7295238,53.9399976],[10.72925617,53.93983128],[10.72919484,53.93980295],[10.72821595,53.93936875],[10.72817796,53.93934942],[10.72644884,53.93861729],[10.72640451,53.93859796],[10.72508466,53.93799609],[10.72502667,53.93796643],[10.72485569,53.93786111],[10.72479803,53.93782145],[10.72457039,53.93764681],[10.7245154,53.93760148],[10.72436241,53.93746683],[10.72431675,53.93742317],[10.72393913,53.93703122],[10.72390413,53.93699822],[10.72361817,53.93676625],[10.72356884,53.93673392],[10.72252729,53.93613337],[10.7224913,53.93611104],[10.72245597,53.93609238],[10.72242097,53.93608039],[10.72233434,53.93607805],[10.72233101,53.93607904],[10.72235167,53.9360797],[10.722352,53.93608003],[10.72223468,53.93590771],[10.72220168,53.93588305],[10.72166906,53.93559177],[10.72162573,53.93556811],[10.72109144,53.93532151],[10.72104845,53.93530585],[10.72096513,53.93528719],[10.72092747,53.93528386],[10.72079516,53.93529217],[10.72077416,53.93528417],[10.72069217,53.93519519],[10.72066418,53.93516753],[10.7204762,53.93505789],[10.72045254,53.93503656],[10.72044055,53.9350129],[10.72043922,53.93498757],[10.72048021,53.93486693],[10.72049121,53.93483193],[10.72049386,53.93472028],[10.72048586,53.93468129],[10.72039755,53.93448131],[10.72037355,53.93443765],[10.72017892,53.93412333],[10.72014892,53.93407734],[10.71989363,53.93374837],[10.71985164,53.93370137],[10.71945835,53.93333474],[10.71940202,53.93328941],[10.71877108,53.93284679],[10.71870175,53.93280179],[10.71743449,53.93202819],[10.71735216,53.93197686],[10.71441832,53.93012071],[10.71433866,53.93006972],[10.71384136,53.92978675],[10.71375603,53.92974342],[10.71307208,53.92942346],[10.71298508,53.9293868],[10.71253511,53.92920782],[10.71244445,53.92917416],[10.71189348,53.9289832],[10.71180315,53.92895387],[10.71087253,53.92869724],[10.7107822,53.92867425],[10.71019423,53.92854563],[10.7101169,53.92852564],[10.70954793,53.92836301],[10.70946327,53.92834168],[10.70881997,53.92820339],[10.70876298,53.92820006],[10.70871299,53.92820739],[10.70867033,53.92822339],[10.70856668,53.9282987],[10.70853435,53.92832936],[10.70815909,53.92883162],[10.70813009,53.92886628],[10.70751184,53.92951616],[10.70747451,53.92954616],[10.70690025,53.92994943],[10.70685559,53.92997376],[10.70651529,53.93012906],[10.70646196,53.93015072],[10.70623866,53.93020837],[10.70618333,53.93021037],[10.70608334,53.93019104],[10.70603535,53.93017405],[10.70333724,53.92917997],[10.70328291,53.92915797],[10.70222533,53.92879409],[10.70216867,53.92877243],[10.70183105,53.92862647],[10.70178005,53.92859881],[10.70158074,53.92843817],[10.70154808,53.92840284],[10.70152042,53.92836785],[10.70149776,53.92833086],[10.70146145,53.92821287],[10.70145846,53.92817121],[10.70145945,53.92812888],[10.70146645,53.92808688],[10.70152343,53.92796223],[10.70155442,53.92792224],[10.70170808,53.92776426],[10.70174941,53.92772527],[10.70206904,53.92745163],[10.70211437,53.92741364],[10.70275597,53.92691971],[10.7027983,53.92688538],[10.70292061,53.92677106],[10.70295594,53.9267334],[10.70303291,53.92662544],[10.70302858,53.92658978],[10.70293427,53.92651313],[10.70288128,53.92648147],[10.70104473,53.9254499],[10.7009584,53.92539424],[10.70063042,53.9251566],[10.70055109,53.9250936],[10.70018145,53.92476129],[10.70010712,53.9246963],[10.69987047,53.92451565],[10.69978448,53.92446166],[10.69941217,53.92427902],[10.69931484,53.92424102],[10.69863354,53.92402339],[10.69854254,53.92398973],[10.69831189,53.92386442],[10.69825123,53.92381509],[10.69811991,53.92365244],[10.69809091,53.92359378],[10.69765902,53.92248655],[10.69764236,53.92244589],[10.69762236,53.9224079],[10.69759903,53.92237324],[10.69745706,53.9222186],[10.69744273,53.92218694],[10.6974424,53.92207596],[10.69743907,53.9220333],[10.69738745,53.92168333],[10.69737612,53.92164167],[10.69715056,53.92096772],[10.69714056,53.92093439],[10.69695962,53.92054246],[10.69694329,53.92051913],[10.69687197,53.92046214],[10.69684131,53.92044648],[10.69659236,53.92035217],[10.69655003,53.92033784],[10.69619506,53.92026088],[10.6961434,53.92025055],[10.69594775,53.92018756],[10.69589975,53.92016856],[10.69536013,53.9198673],[10.69532814,53.91984431],[10.69491519,53.91929204],[10.69488286,53.91924604],[10.69485353,53.91919938],[10.6948332,53.91915139],[10.69477722,53.91892541],[10.69476489,53.91889308],[10.69475023,53.91886709],[10.6947319,53.91884643],[10.69464826,53.91879645],[10.69464027,53.91879179],[10.69463627,53.9187378],[10.6946376,53.91871347],[10.69468324,53.91854317],[10.69468857,53.91850984],[10.69471187,53.91822322],[10.69471786,53.91818589],[10.69480916,53.91800091],[10.69483549,53.91796525],[10.69493614,53.91786327],[10.69497347,53.91782994],[10.69517778,53.91766997],[10.69522111,53.91764131],[10.69546742,53.91749302],[10.69550408,53.91747236],[10.69574205,53.91738138],[10.69578305,53.91736205],[10.69601501,53.91722875],[10.69604001,53.91721209],[10.69625294,53.91698481],[10.6962666,53.91696482],[10.69631023,53.91678819],[10.69630657,53.91675853],[10.69628492,53.91667155],[10.69627392,53.91664289],[10.69620695,53.91653525],[10.69618396,53.91650859],[10.69528545,53.9155651],[10.69525779,53.91553677],[10.69481954,53.91513419],[10.69476388,53.91507653],[10.69462824,53.91490822],[10.69459891,53.91487423],[10.69434094,53.91461493],[10.69430094,53.91457527],[10.69391333,53.91413965],[10.69387167,53.91409499],[10.69351037,53.91373603],[10.69347671,53.91369937],[10.69336108,53.91351673],[10.69334475,53.91348373],[10.69333142,53.9134514],[10.69332476,53.91342041],[10.69334442,53.91336008],[10.69335042,53.91335442],[10.6935804,53.91333577],[10.69362873,53.91333511],[10.69373372,53.91330979],[10.69376905,53.91327746],[10.69378569,53.91316515],[10.69379469,53.91312816],[10.69382702,53.91305117],[10.69385135,53.91301151],[10.69392567,53.91293685],[10.693972,53.91290252],[10.69413032,53.91281419],[10.69418065,53.9127842],[10.69421564,53.91274954],[10.69423097,53.91266955],[10.69422098,53.91262555],[10.694115,53.91238124],[10.69409101,53.91233124],[10.69367244,53.911529],[10.69365011,53.91148467],[10.69347048,53.9112127],[10.69344082,53.91116604],[10.69321554,53.91073076],[10.69319054,53.91068177],[10.69235442,53.90894599],[10.69233343,53.90889899],[10.69203549,53.90833372],[10.69204082,53.90826473],[10.69198516,53.90820007],[10.6919245,53.90813341],[10.69181686,53.90782876],[10.69179687,53.90777043],[10.6917819,53.90759212],[10.69177657,53.90755513],[10.69173559,53.90744015],[10.69172059,53.90739815],[10.69133001,53.90664824],[10.69131468,53.90661425],[10.69125972,53.90635865],[10.69125206,53.90633099],[10.6910511,53.90610268],[10.69102477,53.90605735],[10.69078116,53.9055704],[10.69075416,53.90552107],[10.69032791,53.90482448],[10.69030658,53.90478282],[10.69014497,53.90433756],[10.69014131,53.90432557],[10.69013666,53.90431758],[10.69008033,53.90429459],[10.69004467,53.90424693],[10.69002801,53.9042156],[10.68926527,53.90212382],[10.68924827,53.90207583],[10.68921129,53.90192918],[10.68920196,53.90188052],[10.68919131,53.90173187],[10.68919065,53.90168254],[10.68919398,53.90153556],[10.68919864,53.90148557],[10.68924462,53.90128926],[10.68925962,53.90123993],[10.68941159,53.90091464],[10.68943725,53.90087098],[10.68974654,53.90042069],[10.68977587,53.90037869],[10.68992717,53.90012372],[10.68994716,53.90008072],[10.69004947,53.89982343],[10.69006146,53.89978143],[10.6901284,53.89926714],[10.69013606,53.89922581],[10.69021936,53.89896217],[10.69022536,53.89892651],[10.69022001,53.89858257],[10.69021902,53.89855191],[10.69015172,53.89838694],[10.69014873,53.89834795],[10.69015339,53.89734642],[10.69015306,53.89730709],[10.69010447,53.89669417],[10.69010047,53.89665784],[10.68995288,53.89607659],[10.68994355,53.89604393],[10.68979161,53.895688],[10.68977395,53.895652],[10.68949101,53.89514439],[10.68947102,53.89511073],[10.68895847,53.8942992],[10.68894014,53.8942662],[10.68890548,53.89401656],[10.68889248,53.8939839],[10.68852625,53.89335068],[10.68851492,53.89333069],[10.68850226,53.89331503],[10.68848826,53.89330437],[10.6884186,53.89328238],[10.68840161,53.89326472],[10.68810234,53.89283345],[10.68807934,53.89279879],[10.68783473,53.89237384],[10.68781473,53.89233918],[10.68773409,53.89216655],[10.68771643,53.89213289],[10.68750084,53.89178194],[10.68748451,53.89174795],[10.68673166,53.89063278],[10.68670633,53.89059378],[10.68604647,53.88949723],[10.68602281,53.8894579],[10.68485772,53.88759443],[10.68483406,53.8875571],[10.68447355,53.88687258],[10.68445955,53.88684992],[10.6843789,53.88680293],[10.68433624,53.88679893],[10.68402594,53.88681092],[10.68397828,53.88677692],[10.68386099,53.88658262],[10.683831,53.88654463],[10.68334872,53.88606234],[10.68330206,53.88602034],[10.68282679,53.88560272],[10.68277646,53.88556006],[10.68167787,53.8846595],[10.68162621,53.88461684],[10.68129723,53.88430553],[10.68124924,53.8842632],[10.68031202,53.88347397],[10.68027369,53.88344164],[10.6793718,53.88264872],[10.67932614,53.88260773],[10.67910916,53.88245809],[10.67905783,53.88241943],[10.67865521,53.88207948],[10.67860488,53.88203582],[10.67826925,53.88169618],[10.67822759,53.88164385],[10.67801228,53.88134088],[10.67798129,53.88129388],[10.67784266,53.8809909],[10.67782866,53.88094657],[10.67777902,53.88068026],[10.67777403,53.8806376],[10.67777436,53.88047562],[10.6777697,53.88044129],[10.67774539,53.88036165],[10.67774406,53.88035699],[10.67794833,53.87986806],[10.67796233,53.87982073],[10.67805328,53.87942309],[10.67806594,53.87937243],[10.67837818,53.87821985],[10.67839184,53.87816419],[10.67842715,53.8778832],[10.67842149,53.87782754],[10.6783855,53.87766523],[10.67836851,53.87761257],[10.67803126,53.87679899],[10.67800993,53.87675433],[10.67795695,53.87657634],[10.67794329,53.87653334],[10.67773733,53.87602507],[10.67772034,53.87598374],[10.67750838,53.87569243],[10.67747939,53.87565977],[10.67717976,53.87538516],[10.67714777,53.8753575],[10.67710046,53.87529284],[10.67709946,53.87528885],[10.67723644,53.87519454],[10.67724243,53.87517155],[10.67717812,53.87508591],[10.67716212,53.87506658],[10.67716046,53.87502659],[10.67718012,53.87500759],[10.67729244,53.8749506],[10.6773421,53.87493127],[10.67804971,53.87468568],[10.67811037,53.87466302],[10.67819537,53.87459936],[10.67820303,53.87455937],[10.67818903,53.87451804],[10.67816203,53.87447704],[10.67805271,53.87435706],[10.67801271,53.8743174],[10.67665193,53.87303091],[10.67662393,53.87300225],[10.67655328,53.87292126],[10.67653928,53.87289726],[10.67654927,53.87281163],[10.6765516,53.87280563],[10.67661359,53.8727613],[10.67663959,53.8727513],[10.67885775,53.87193883],[10.67887441,53.87193717],[10.67913204,53.87195679],[10.67917137,53.87196912],[10.67978998,53.87227506],[10.67985698,53.87230672],[10.68044726,53.87255768],[10.68050625,53.87256901],[10.68099923,53.87259865],[10.68109589,53.87260431],[10.68159053,53.87259999],[10.68168886,53.872599],[10.68207684,53.87258069],[10.68216983,53.87257336],[10.68280247,53.87251105],[10.68288613,53.87249972],[10.68296012,53.87248839],[10.68301845,53.87247539],[10.68307077,53.87244573],[10.68306677,53.8724294],[10.68299279,53.87236641],[10.6829548,53.87234642],[10.6827005,53.87227012],[10.68266817,53.87225679],[10.68264884,53.87224113],[10.68264251,53.87222447],[10.68265217,53.87218215],[10.6826545,53.87217515],[10.68278216,53.87217515],[10.6829668,53.87220545],[10.68300513,53.87221144],[10.6833334,53.87230539],[10.68336906,53.87230905],[10.68386335,53.8722821],[10.68391101,53.87227444],[10.68684365,53.87163611],[10.68687398,53.87162878],[10.68763684,53.87139323],[10.6876675,53.8713839],[10.6882454,53.87123864],[10.6882754,53.87122998],[10.68836704,53.87117966],[10.68837704,53.87116],[10.68837238,53.87111502],[10.68836305,53.87109169],[10.68827676,53.87091473],[10.6882701,53.8708964],[10.68826344,53.87081576],[10.68825545,53.87078543],[10.68810948,53.8705758],[10.68809249,53.87054547],[10.6880505,53.87045548],[10.68803851,53.87042449],[10.6879992,53.87027119],[10.68798454,53.87024053],[10.68775626,53.86978926],[10.68773793,53.86975227],[10.68758932,53.86949797],[10.68756866,53.86947364],[10.68724876,53.86918539],[10.68723143,53.86916806],[10.68713113,53.86902544],[10.68711447,53.86900478],[10.68658394,53.86846458],[10.68656328,53.86844492],[10.68643,53.86827297],[10.68436101,53.86627831],[10.68413274,53.86628829],[10.68409941,53.86627996],[10.68400276,53.86622864],[10.6839721,53.86620431],[10.68390011,53.86611466],[10.68388545,53.86608333],[10.6838265,53.86583704],[10.68382217,53.86580638],[10.68383881,53.86535846],[10.68384114,53.86533613],[10.68382282,53.86524681],[10.68381949,53.86522781],[10.68383248,53.86518982],[10.68385048,53.86516949],[10.68424276,53.8649362],[10.68428209,53.86491887],[10.68467505,53.86479659],[10.68470871,53.86478526],[10.68487736,53.86476861],[10.68490869,53.86476361],[10.68501534,53.86471297],[10.68504834,53.86470098],[10.68515499,53.86467633],[10.68518398,53.864663],[10.68529692,53.86456238],[10.68532091,53.86452405],[10.68532158,53.86438543],[10.68530725,53.86436977],[10.68525559,53.86434712],[10.68522526,53.86434013],[10.68509861,53.86433181],[10.68506895,53.86432882],[10.68504562,53.86431983],[10.68502996,53.8643045],[10.68501063,53.86425851],[10.68500397,53.86423285],[10.68499765,53.86418019],[10.68499565,53.86415186],[10.68502329,53.86398055],[10.68502828,53.86394356],[10.68509892,53.86364393],[10.68510225,53.8635976],[10.6851059,53.86328963],[10.68510324,53.86324697],[10.68507525,53.86317964],[10.68505892,53.86315098],[10.68500926,53.86311733],[10.68497527,53.86311233],[10.68451465,53.86314261],[10.68445832,53.86314494],[10.68353206,53.86315689],[10.6834564,53.86315323],[10.68068228,53.8628671],[10.68062262,53.86286077],[10.68036998,53.86281746],[10.68032665,53.8628118],[10.67936508,53.86282376],[10.67933975,53.8628121],[10.67939601,53.8622695],[10.67939535,53.86226084],[10.67944065,53.8622052],[10.67944631,53.86219054],[10.67945696,53.86204624],[10.67945463,53.86202958],[10.67940069,53.86192867],[10.67940168,53.86192801],[10.6792667,53.86188702],[10.67922004,53.86187602],[10.67918106,53.8618407],[10.67916973,53.86182371],[10.67914308,53.86176206],[10.67914108,53.8617394],[10.67918505,53.86156276],[10.67918771,53.8615371],[10.67917838,53.86151177],[10.67915705,53.86148977],[10.67910306,53.86145511],[10.67908506,53.86143378],[10.67907872,53.86137879],[10.67908338,53.8613468],[10.67951989,53.86004196],[10.67953322,53.85999863],[10.67970814,53.85938904],[10.67972013,53.85934505],[10.67981074,53.85886643],[10.6798214,53.8588241],[10.6800213,53.85816985],[10.68003329,53.85813019],[10.68037517,53.85716666],[10.6803855,53.85712967],[10.68040082,53.85702469],[10.68039416,53.85699236],[10.68030217,53.85688838],[10.68028651,53.85686805],[10.68027553,53.85676441],[10.6802742,53.85676242],[10.68013422,53.85666077],[10.68009823,53.85664811],[10.67996658,53.85665743],[10.67991592,53.85667009],[10.67922229,53.85687935],[10.67916129,53.85689735],[10.67810771,53.85716427],[10.67803438,53.85718626],[10.67758309,53.8573399],[10.6775251,53.85736156],[10.67703449,53.85758984],[10.67699116,53.8576095],[10.67687285,53.85763549],[10.67685086,53.8576255],[10.67685186,53.85758684],[10.67687152,53.85755884],[10.6770185,53.85741254],[10.67708183,53.85737988],[10.67846875,53.85689832],[10.67849108,53.85687099],[10.67848608,53.85680967],[10.67846542,53.85677734],[10.67814382,53.85633974],[10.67811182,53.85629541],[10.67788052,53.85604677],[10.67783752,53.85601111],[10.67738524,53.85570915],[10.67733624,53.85567849],[10.67406122,53.85369347],[10.67402122,53.85366681],[10.67391424,53.85358316],[10.67389124,53.85355117],[10.67387691,53.85351651],[10.67386858,53.85348018],[10.67386459,53.85337486],[10.67386093,53.85334453],[10.67383727,53.85328754],[10.67381694,53.85325954],[10.67372462,53.85318422],[10.67369129,53.85316222],[10.67328133,53.85291593],[10.67324067,53.85289127],[10.67308769,53.85284028],[10.67302469,53.85283528],[10.67245907,53.8528889],[10.67239974,53.85288791],[10.6721781,53.85282927],[10.67212744,53.85280361],[10.67080559,53.85197578],[10.67077493,53.85195279],[10.67073327,53.85190247],[10.67072194,53.85187214],[10.67068864,53.8516945],[10.67066731,53.8516615],[10.67042967,53.85148186],[10.67039201,53.85145853],[10.66841656,53.85028106],[10.66835657,53.85024807],[10.66816159,53.85016008],[10.6680906,53.85013409],[10.66758465,53.84997445],[10.66751999,53.84994746],[10.66697339,53.84964317],[10.6669224,53.84961251],[10.66669742,53.84944953],[10.66665943,53.84941653],[10.66618049,53.84894228],[10.66614383,53.84891028],[10.6656479,53.84856333],[10.66560857,53.84853067],[10.66557557,53.84849534],[10.66555158,53.84845801],[10.66552492,53.84837868],[10.66550593,53.84833735],[10.66543827,53.8482557],[10.66539261,53.84821737],[10.66518131,53.84807539],[10.66512565,53.84804206],[10.66473702,53.84782876],[10.66468436,53.8478001],[10.66440539,53.84761813],[10.66435573,53.8475878],[10.66368648,53.84720251],[10.66362982,53.84717318],[10.66239859,53.84665062],[10.6623336,53.84662529],[10.66156265,53.84637535],[10.66149132,53.84635702],[10.66048107,53.84614476],[10.66041041,53.84613177],[10.65955113,53.84599017],[10.65948447,53.84598051],[10.65914883,53.8459532],[10.65908517,53.84594354],[10.65860621,53.84580524],[10.65853988,53.84579358],[10.65745396,53.84569799],[10.6573923,53.84569133],[10.65706266,53.84570829],[10.65702766,53.84570263],[10.65689803,53.84557799],[10.65689103,53.84557099],[10.65682271,53.84554967],[10.65679705,53.84554634],[10.6566664,53.84554932],[10.6566314,53.84554998],[10.65641609,53.84552201],[10.65635376,53.84552035],[10.65612878,53.84557501],[10.65607412,53.84559134],[10.65576882,53.84570797],[10.65572016,53.8457253],[10.65549884,53.84576795],[10.65544218,53.84577395],[10.65333567,53.84583377],[10.65326334,53.84584043],[10.65298535,53.84589241],[10.65291869,53.8459104],[10.65226807,53.84612036],[10.65220641,53.84614102],[10.65208976,53.84616435],[10.6520381,53.84616036],[10.65195211,53.8461327],[10.65191345,53.84611404],[10.65148617,53.84586375],[10.65141851,53.84584009],[10.65125352,53.8458081],[10.65116252,53.8457971],[10.65046854,53.84574014],[10.65037188,53.84572848],[10.64958092,53.84560651],[10.64950326,53.84559285],[10.64870766,53.84542189],[10.64864633,53.84540689],[10.64786638,53.84517494],[10.64780272,53.84515528],[10.6472771,53.84497865],[10.64722077,53.84495866],[10.64669248,53.8447467],[10.64663849,53.84472304],[10.64599487,53.84440476],[10.64594254,53.84437776],[10.64547991,53.84411081],[10.64543392,53.84408081],[10.6453676,53.84401282],[10.64535227,53.84397549],[10.64535627,53.84385817],[10.6453576,53.84382017],[10.64531895,53.84372219],[10.64529062,53.8436952],[10.64500664,53.84362356],[10.64494564,53.84359923],[10.64456636,53.8433416],[10.6445237,53.8433086],[10.6442314,53.84304564],[10.64419041,53.84300265],[10.6437808,53.84251805],[10.64374614,53.84247672],[10.64338353,53.84195977],[10.64336053,53.84192111],[10.64316659,53.84149583],[10.64314993,53.84145817],[10.64298165,53.84114887],[10.64297032,53.84110821],[10.64285905,53.84049761],[10.64285472,53.84045195],[10.64286169,53.83985402],[10.64286768,53.83981136],[10.64318988,53.83859851],[10.64320454,53.83855651],[10.64324687,53.83847952],[10.6432772,53.83844519],[10.64344818,53.83832787],[10.64348517,53.83829754],[10.64355783,53.83819921],[10.64357049,53.83816621],[10.64357548,53.83813321],[10.64356848,53.83809988],[10.64346017,53.8379669],[10.64343051,53.83793291],[10.64339519,53.83782293],[10.64339619,53.8377846],[10.64348582,53.8374153],[10.64349682,53.83737597],[10.64360612,53.837075],[10.64361412,53.83703201],[10.64365706,53.83636109],[10.64365606,53.83631609],[10.64358845,53.83573815],[10.64358079,53.83569516],[10.64340519,53.83504925],[10.64338953,53.83500725],[10.64319892,53.83461362],[10.64317526,53.83457362],[10.64265001,53.83379107],[10.64262235,53.83375641],[10.64218143,53.83325448],[10.64214943,53.83321782],[10.64142789,53.83245093],[10.6413919,53.83241227],[10.64068334,53.83162371],[10.64064668,53.83158405],[10.64039671,53.83131442],[10.64035872,53.83127443],[10.63999243,53.83091847],[10.63996177,53.83088514],[10.63924687,53.83004759],[10.63921421,53.83001159],[10.63656592,53.82715934],[10.63653393,53.82712501],[10.63607435,53.82660643],[10.63604902,53.82657877],[10.63561743,53.8261332],[10.6355921,53.82610687],[10.63425601,53.82462214],[10.63422801,53.82459014],[10.63273194,53.82299872],[10.63269861,53.82296773],[10.63240732,53.82271678],[10.63237032,53.82268712],[10.63177539,53.82223355],[10.6317414,53.82220722],[10.6309595,53.82167701],[10.63091384,53.82164735],[10.62908237,53.82062056],[10.62904004,53.8205969],[10.62858643,53.82031929],[10.6285391,53.82029396],[10.62827813,53.82019532],[10.62822047,53.82018366],[10.62809849,53.82017],[10.62803449,53.82016734],[10.62757987,53.82016767],[10.62751721,53.82016334],[10.62728523,53.82009603],[10.62723724,53.82006904],[10.62714592,53.8199654],[10.62714159,53.8199264],[10.62720624,53.81977609],[10.62722123,53.8197381],[10.62722889,53.81969877],[10.62722556,53.81965878],[10.62721023,53.81961978],[10.62718557,53.81958245],[10.62700727,53.81941081],[10.62696461,53.81937848],[10.62649799,53.81906219],[10.62644766,53.81903319],[10.62628468,53.81895288],[10.62622769,53.81892822],[10.62559074,53.81868893],[10.62553408,53.8186666],[10.62511945,53.81848664],[10.62507445,53.81846731],[10.6241232,53.81818808],[10.62407221,53.81816842],[10.62382624,53.81805043],[10.62377791,53.8180241],[10.6234323,53.8178088],[10.62339364,53.81778047],[10.62310436,53.81754285],[10.62307303,53.81751252],[10.62285239,53.81724623],[10.62282973,53.81721057],[10.62272876,53.81699194],[10.6227181,53.81695661],[10.62259017,53.81631872],[10.62257384,53.81628406],[10.62187265,53.81529156],[10.62184799,53.81525457],[10.62162903,53.81490696],[10.6216087,53.81487163],[10.6214574,53.81457034],[10.62144074,53.81453235],[10.6213391,53.81426239],[10.62132544,53.8142224],[10.62125347,53.81394277],[10.62124714,53.81390478],[10.62110696,53.81273365],[10.62110397,53.81270199],[10.62107173,53.81189811],[10.62107173,53.81184511],[10.62109268,53.81134084],[10.62109601,53.81129451],[10.6211856,53.81061292],[10.62119326,53.81056759],[10.62127154,53.8102103],[10.62127987,53.81017664],[10.62146378,53.80960305],[10.62147544,53.80956906],[10.62172572,53.80901146],[10.62174305,53.80897346],[10.62190535,53.80867183],[10.62192768,53.80863384],[10.6223086,53.8080459],[10.62233693,53.8080049],[10.62263554,53.80761162],[10.62266754,53.80757163],[10.6230738,53.80711035],[10.62311013,53.80707102],[10.62354641,53.80662775],[10.6235874,53.80658675],[10.62434693,53.80583885],[10.62438426,53.80580319],[10.62478854,53.80547693],[10.62479353,53.8054536],[10.62448158,53.80527865],[10.62447125,53.80525532],[10.62448257,53.80520533],[10.62449657,53.80517934],[10.62458721,53.8050547],[10.6246032,53.80503171],[10.6246182,53.80496806],[10.62464486,53.80491973],[10.62474918,53.80490209],[10.62475151,53.80489076],[10.6244862,53.80479545],[10.62442987,53.80477345],[10.62426755,53.80469213],[10.62421622,53.8046628],[10.62412257,53.80460448],[10.62408191,53.80457349],[10.62388695,53.80438651],[10.62386062,53.80435885],[10.62373798,53.80421787],[10.62371565,53.80418854],[10.62337472,53.80370794],[10.62335506,53.80368095],[10.62303748,53.80314736],[10.62302549,53.8031227],[10.62302682,53.80310137],[10.62304248,53.80308304],[10.62321678,53.80300575],[10.62322211,53.80300509],[10.62315679,53.80303241],[10.62312246,53.80303774],[10.62301948,53.80303607],[10.62299015,53.80302608],[10.62291416,53.8029681],[10.62289017,53.80294377],[10.62276019,53.8027908],[10.62274186,53.80276481],[10.62265523,53.80256551],[10.62263957,53.80253618],[10.62245461,53.80224856],[10.62243661,53.80221623],[10.6221837,53.80165165],[10.62216937,53.80161666],[10.62203642,53.80121269],[10.62202976,53.80117936],[10.6220251,53.80111537],[10.62202876,53.80108404],[10.62205374,53.80099672],[10.6220644,53.80096906],[10.62216135,53.80079109],[10.62217768,53.80076243],[10.62233999,53.80052414],[10.62236698,53.80048781],[10.6224533,53.80037982],[10.62248429,53.80034449],[10.62262694,53.80021252],[10.6226646,53.80018153],[10.62399273,53.79918601],[10.62403539,53.79915402],[10.62525162,53.79829315],[10.62531062,53.79825249],[10.62555093,53.79809385],[10.62561493,53.79805552],[10.62642487,53.79761427],[10.6264932,53.79757594],[10.62668252,53.79745463],[10.62674251,53.7974123],[10.62690983,53.79727532],[10.62696082,53.79722666],[10.62733878,53.79683804],[10.62737611,53.79678705],[10.62743777,53.7966794],[10.6274641,53.79662507],[10.62752042,53.79645475],[10.62753442,53.79639676],[10.62772029,53.79500789],[10.62772762,53.7949589],[10.62775993,53.79477525],[10.62777026,53.79473125],[10.6278469,53.79451427],[10.62786889,53.79447061],[10.62802553,53.79425197],[10.62806319,53.79420731],[10.62873506,53.79344674],[10.62876572,53.79340674],[10.62888604,53.79324042],[10.6289157,53.79319643],[10.62909934,53.79286848],[10.62912633,53.79282215],[10.62925665,53.79264116],[10.62929531,53.7925975],[10.62944429,53.79247251],[10.62950028,53.79243385],[10.63005656,53.79209089],[10.63009856,53.79206089],[10.63020087,53.79196991],[10.63022787,53.79193892],[10.63033651,53.7917726],[10.63035717,53.79173794],[10.63050312,53.79145198],[10.63052112,53.79141598],[10.63063808,53.79109502],[10.63065341,53.79105869],[10.63093699,53.79046243],[10.63095465,53.7904251],[10.63124656,53.78974753],[10.63126289,53.78970887],[10.63170175,53.78876032],[10.63171941,53.78872333],[10.63184239,53.78849603],[10.63186105,53.78845737],[10.63229455,53.78747649],[10.63231121,53.78743716],[10.63290838,53.78618096],[10.63292871,53.7861373],[10.63347459,53.78488075],[10.63349625,53.78483109],[10.634337,53.78301364],[10.63435566,53.78297365],[10.63457027,53.78255368],[10.63458226,53.78251035],[10.63458426,53.78246702],[10.63457393,53.78242502],[10.63447095,53.78231837],[10.63442196,53.78229037],[10.63229319,53.78134525],[10.63221886,53.78131059],[10.63195321,53.78116961],[10.63189555,53.78113528],[10.63178891,53.78101629],[10.63177892,53.78097429],[10.63179458,53.78089364],[10.63181357,53.78085365],[10.6319702,53.78062835],[10.63199186,53.78059269],[10.63208016,53.78037238],[10.63209482,53.78033172],[10.63224775,53.7798098],[10.63225808,53.77977347],[10.63243068,53.77931085],[10.63244267,53.77927152],[10.6325143,53.77893122],[10.6325273,53.77888956],[10.63255263,53.77885457],[10.63258962,53.77882791],[10.63269128,53.77878592],[10.63275227,53.77877226],[10.63310924,53.77877825],[10.63317757,53.77877991],[10.63343021,53.77873193],[10.63348287,53.77870627],[10.63352453,53.77867528],[10.63355552,53.77864228],[10.63362317,53.7785323],[10.63364017,53.77849231],[10.63368116,53.77836932],[10.63369216,53.77832732],[10.63372646,53.77811301],[10.63373079,53.77807002],[10.63373612,53.77794369],[10.63373513,53.77790103],[10.63363455,53.77703612],[10.63363155,53.77699212],[10.63358995,53.77634919],[10.63358729,53.77630786],[10.63356506,53.77536796],[10.63356306,53.77531796],[10.63350379,53.77458069],[10.63349646,53.7745287],[10.63335452,53.77392911],[10.63334219,53.77388045],[10.63317627,53.77306523],[10.63316661,53.7730169],[10.6330757,53.77218566],[10.63307104,53.77213733],[10.63299576,53.77171638],[10.63298577,53.77166905],[10.63249192,53.77000785],[10.63248092,53.76993219],[10.63248691,53.76977854],[10.63250524,53.76970255],[10.63265155,53.76933057],[10.63267121,53.76925891],[10.63267121,53.76911792],[10.63264855,53.76904892],[10.63254722,53.7689196],[10.63246722,53.76886627],[10.63237289,53.76882461],[10.63227056,53.76878961],[10.63185525,53.7686723],[10.63176159,53.76864064],[10.63159994,53.76856598],[10.63153428,53.76852198],[10.63139962,53.76838],[10.63137196,53.76833067],[10.63122399,53.76793738],[10.63120366,53.76790239],[10.63115668,53.76783907],[10.63113035,53.76781107],[10.63102737,53.76773076],[10.63098304,53.76770576],[10.63078507,53.76762912],[10.63073408,53.76761546],[10.63004114,53.76747819],[10.62998714,53.76746519],[10.6287463,53.76711997],[10.62869631,53.76710564],[10.62831701,53.76697134],[10.62827001,53.76695301],[10.62798104,53.76681737],[10.62794538,53.76679671],[10.62753545,53.76652644],[10.62750212,53.76650278],[10.62725148,53.76629215],[10.62722415,53.76626482],[10.62702352,53.76600286],[10.62699453,53.76595753],[10.62686056,53.76568689],[10.6268429,53.76562556],[10.62675227,53.76505726],[10.62674327,53.76499793],[10.62673228,53.76483095],[10.62673394,53.76477629],[10.62675859,53.76461764],[10.62677158,53.76456631],[10.62689455,53.76427535],[10.62691055,53.76423002],[10.62700616,53.76385341],[10.62701249,53.76380941],[10.62702712,53.76362577],[10.62702712,53.76357711],[10.62700984,53.76289952],[10.6270105,53.76284886],[10.62703779,53.76249323],[10.62704745,53.76244223],[10.62710409,53.76223792],[10.62712175,53.76218859],[10.62771822,53.76060243],[10.62773155,53.76056143],[10.62827173,53.75919358],[10.62828939,53.75915192],[10.62831106,53.7590286],[10.62828907,53.75899094],[10.62819475,53.75893561],[10.62813276,53.75891795],[10.62745748,53.75881467],[10.62738648,53.75880268],[10.62710917,53.75874204],[10.62704351,53.75872205],[10.62586261,53.75825817],[10.62581595,53.75824018],[10.62537766,53.75808989],[10.62533067,53.75807189],[10.62380482,53.7574074],[10.62376149,53.75738974],[10.62328855,53.75725647],[10.62324089,53.75723948],[10.62209798,53.75676458],[10.62204932,53.75674558],[10.62162137,53.75660863],[10.62157171,53.75659597],[10.62139773,53.75657332],[10.62133474,53.75656999],[10.61967485,53.75650377],[10.61961986,53.75650044],[10.61867562,53.75640985],[10.61862962,53.75640552],[10.61636221,53.75623246],[10.61631288,53.7562278],[10.61472567,53.75596493],[10.61465434,53.75595194],[10.61400238,53.75579832],[10.61392905,53.75577499],[10.61371673,53.755691],[10.61365007,53.75565767],[10.61335377,53.7554647],[10.61329511,53.75542237],[10.61216522,53.75449116],[10.61211489,53.75444983],[10.61189324,53.75429785],[10.61183091,53.75426386],[10.60992572,53.75347034],[10.60987173,53.75344734],[10.60704332,53.75221862],[10.60699333,53.75219729],[10.60614541,53.75180338],[10.60609508,53.75177739],[10.60595744,53.75169707],[10.60591644,53.75166907],[10.6057258,53.75151609],[10.60569147,53.75148176],[10.60560215,53.75137577],[10.60557649,53.75133944],[10.60515525,53.75069487],[10.60512992,53.75065954],[10.60450901,53.7498853],[10.60447601,53.74984397],[10.60373615,53.74883944],[10.60371682,53.74881144],[10.60337425,53.74823253],[10.60335726,53.74820187],[10.60316801,53.74777392],[10.60315302,53.74774059],[10.60306537,53.7476036],[10.60304004,53.7475676],[10.60192855,53.74619307],[10.60189656,53.74615674],[10.60176692,53.74595477],[10.60174693,53.74591044],[10.60151301,53.74533684],[10.60149802,53.74529518],[10.60140141,53.74478925],[10.60139508,53.74475259],[10.6013688,53.74426832],[10.60136714,53.74422332],[10.6013512,53.74332041],[10.60134987,53.74327208],[10.6013116,53.74278381],[10.60130394,53.74273615],[10.60126729,53.74259616],[10.60125163,53.74255017],[10.60085807,53.7416076],[10.60083541,53.74155327],[10.60054482,53.74077201],[10.60052882,53.74071502],[10.6004855,53.74049337],[10.60047917,53.74043938],[10.60044256,53.73992743],[10.6004369,53.73989177],[10.60042191,53.73986544],[10.60040191,53.73985078],[10.60036558,53.73984313],[10.60035658,53.73984379],[10.60040158,53.73982979],[10.6004389,53.73979246],[10.60044523,53.7397648],[10.60041592,53.7395675],[10.60040993,53.7395285],[10.60038362,53.73910221],[10.60036796,53.73904521],[10.60029031,53.73893322],[10.60022731,53.73888056],[10.60006066,53.73879124],[10.59996567,53.73875258],[10.5993137,53.73854295],[10.59924337,53.73852195],[10.59897574,53.73847498],[10.59893208,53.73847032],[10.59883176,53.738433],[10.59882077,53.738422],[10.59896774,53.73837336],[10.59901307,53.7383487],[10.59905573,53.73831737],[10.59909339,53.73828038],[10.59915072,53.73819405],[10.59917105,53.73814705],[10.59934563,53.73747812],[10.59935529,53.73743646],[10.59944658,53.73715182],[10.59945857,53.73710849],[10.5994619,53.73697417],[10.59946157,53.73692951],[10.59948589,53.73684552],[10.59951489,53.73681086],[10.59955522,53.7367832],[10.59960555,53.73676321],[10.60015383,53.73663827],[10.60021416,53.73661894],[10.60066446,53.73643133],[10.60071712,53.73640967],[10.60084978,53.73632935],[10.60088244,53.73629702],[10.60090643,53.73626169],[10.60092309,53.73622403],[10.60094374,53.73610638],[10.60093941,53.73606805],[10.60089244,53.73586875],[10.60088511,53.73583742],[10.60075818,53.73547049],[10.60074552,53.73544316],[10.60063256,53.7352562],[10.60061723,53.73523487],[10.60031032,53.73485827],[10.60029666,53.73483194],[10.60020474,53.73440736],[10.60019808,53.7343847],[10.599737,53.73305328],[10.599729,53.73303029],[10.59963206,53.73277836],[10.59962406,53.73275537],[10.59944147,53.73239546],[10.59943247,53.7323748],[10.59936752,53.73218684],[10.59935853,53.73216518],[10.59920094,53.73185959],[10.59918995,53.73183759],[10.59915832,53.73164629],[10.59915632,53.73162163],[10.59914472,53.73119907],[10.59914572,53.73117608],[10.59912708,53.73106143],[10.59912242,53.7310381],[10.59870302,53.72961301],[10.59869003,53.72957068],[10.59841246,53.72874681],[10.59840846,53.72874148],[10.59827221,53.72821089],[10.59826288,53.72817556],[10.59809929,53.72773831],[10.59808996,53.72771298],[10.59802667,53.727563],[10.59801401,53.72753534],[10.59757511,53.72671582],[10.59756012,53.72668649],[10.59742617,53.72638286],[10.59741217,53.7263552],[10.59718392,53.72596526],[10.59717026,53.72593927],[10.59700096,53.72573531],[10.59697296,53.72571098],[10.59681866,53.72559368],[10.59678767,53.72557202],[10.59664303,53.72549304],[10.59660504,53.72547371],[10.59604143,53.72521777],[10.59600077,53.72519844],[10.59363144,53.72401176],[10.59359211,53.7239921],[10.59050459,53.7225485],[10.59047193,53.72253184],[10.58943274,53.72206933],[10.58939741,53.722053],[10.58801161,53.72135753],[10.58797461,53.72133954],[10.58612683,53.72047244],[10.58605517,53.72044111],[10.58590517,53.72038113],[10.58582418,53.72035347],[10.58564886,53.72031082],[10.58555653,53.72029583],[10.58536654,53.72028151],[10.58526988,53.72028118],[10.58480258,53.72030415],[10.58471225,53.72030215],[10.58446359,53.72025783],[10.58439326,53.72023017],[10.58286043,53.71926199],[10.58281377,53.71923266],[10.58178787,53.71855611],[10.58173421,53.71852212],[10.58162255,53.71845547],[10.58156289,53.71842414],[10.58143056,53.71837148],[10.58135823,53.71835115],[10.58120458,53.71832516],[10.58112658,53.7183175],[10.58097425,53.7183155],[10.58090326,53.71832149],[10.5807726,53.71834448],[10.58071227,53.71836048],[10.58031364,53.71848745],[10.58025498,53.71849944],[10.58019565,53.7185081],[10.58013599,53.71851243],[10.57990401,53.71849779],[10.57984835,53.71848979],[10.5795917,53.71838915],[10.5795377,53.71836182],[10.57901673,53.7180372],[10.57894407,53.71799854],[10.57842775,53.7177969],[10.57833742,53.7177679],[10.57797278,53.71765925],[10.57788245,53.71763392],[10.5775238,53.71755428],[10.57743514,53.71753762],[10.57682285,53.71747066],[10.57673785,53.71746233],[10.57639354,53.71744302],[10.57630821,53.71744169],[10.57589458,53.71746067],[10.57581492,53.71746767],[10.57379736,53.71766688],[10.57372603,53.71767254],[10.57141988,53.71782637],[10.57135755,53.7178307],[10.56993967,53.71796092],[10.56987268,53.71796691],[10.56604361,53.71824732],[10.56595895,53.71825265],[10.56484668,53.71829224],[10.56476435,53.7182929],[10.56264517,53.71827563],[10.56256717,53.71827164],[10.56216587,53.71822666],[10.56208488,53.71821333],[10.5614336,53.71807935],[10.56135127,53.71806269],[10.55992468,53.71773911],[10.55984002,53.71771745],[10.55880806,53.71739784],[10.55871207,53.71737418],[10.55712617,53.7170726],[10.55705718,53.71705527],[10.55622557,53.71668935],[10.55617591,53.71666569],[10.55559863,53.71634509],[10.55554564,53.71633143],[10.55542765,53.71632278],[10.55536766,53.71632911],[10.55477307,53.71651372],[10.55472374,53.71652472],[10.55424945,53.71656501],[10.55420179,53.71656468],[10.55395448,53.71655105],[10.55390282,53.71654706],[10.55313025,53.71645981],[10.55308225,53.71645315],[10.55217569,53.71631427],[10.55213203,53.71630627],[10.55195206,53.71622131],[10.55194207,53.71621931],[10.55189241,53.71633997],[10.55168713,53.71652193],[10.55166047,53.71654759],[10.55159315,53.71659091],[10.55155082,53.71660624],[10.55141283,53.71661823],[10.55136783,53.71661224],[10.55132484,53.71660024],[10.55128585,53.71658258],[10.5511972,53.71651059],[10.5511712,53.71648459],[10.55098592,53.7162213],[10.55096159,53.71619397],[10.55093326,53.71616998],[10.5509036,53.71615398],[10.55079031,53.71612101],[10.55078432,53.71611968],[10.55087165,53.71608202],[10.55086366,53.71600238],[10.550851,53.71597139],[10.55079934,53.71590907],[10.55075934,53.71588207],[10.55038604,53.7157161],[10.55032304,53.71569811],[10.55018905,53.71567445],[10.55012039,53.71566646],[10.54970343,53.71563815],[10.54963577,53.71563082],[10.54938679,53.71557151],[10.5493298,53.71555018],[10.54917048,53.71547086],[10.54911982,53.7154412],[10.54851888,53.7150736],[10.54846089,53.71504527],[10.54726832,53.7145627],[10.54720532,53.71453704],[10.54588313,53.71396915],[10.5458228,53.71394082],[10.54570815,53.7138795],[10.54565349,53.71384484],[10.54544752,53.71369119],[10.54539886,53.71364953],[10.54470428,53.71292661],[10.54465928,53.71288128],[10.54434765,53.71262963],[10.54429132,53.71259164],[10.54411733,53.71249065],[10.54405833,53.71246032],[10.54348437,53.71224603],[10.54340204,53.71221237],[10.54270042,53.71189241],[10.54260342,53.71185742],[10.54250309,53.71182643],[10.54240043,53.71180044],[10.54209045,53.71175146],[10.54198945,53.71174247],[10.54068786,53.71169555],[10.5406272,53.71169289],[10.54022756,53.71165625],[10.54018056,53.71165126],[10.53940798,53.71152035],[10.53936398,53.71151235],[10.53888071,53.71140808],[10.53883305,53.71139775],[10.53874039,53.71137142],[10.53869806,53.71135443],[10.53862473,53.71131144],[10.53859707,53.71128578],[10.53855775,53.71122912],[10.53854342,53.71119879],[10.53848745,53.71100816],[10.53846979,53.71097783],[10.53844813,53.7109495],[10.53841947,53.71092551],[10.53834248,53.71088819],[10.53829615,53.71087153],[10.53800617,53.71081021],[10.53793984,53.71079955],[10.53716258,53.71067658],[10.53707859,53.71066425],[10.5365043,53.7105953],[10.53642931,53.71058497],[10.53616199,53.71053199],[10.536102,53.71051833],[10.53588168,53.71046001],[10.53583202,53.71044435],[10.53445016,53.70998616],[10.53439883,53.70996983],[10.53359892,53.70974958],[10.53355159,53.70973858],[10.53318596,53.70967394],[10.53312863,53.70966728],[10.53257068,53.70964133],[10.53250869,53.70963734],[10.53220204,53.70959436],[10.53214205,53.70958036],[10.53202739,53.7095457],[10.53197273,53.70952437],[10.53182242,53.70945005],[10.53177643,53.70942239],[10.53119484,53.70897981],[10.53114851,53.70895248],[10.53093186,53.70885884],[10.53087287,53.70883851],[10.53063156,53.70877686],[10.53057223,53.7087652],[10.52973131,53.70868095],[10.52966965,53.70867362],[10.52884604,53.70854501],[10.52878004,53.70853602],[10.52844839,53.70851505],[10.52838206,53.70851439],[10.52806709,53.70854369],[10.52800743,53.70855335],[10.52703488,53.7087716],[10.52696955,53.70878359],[10.52677923,53.70880557],[10.5267269,53.70880723],[10.52660125,53.70879357],[10.52657059,53.70877991],[10.5265516,53.70876192],[10.5265426,53.70873892],[10.52654061,53.70865693],[10.52654427,53.7086296],[10.52663554,53.70836399],[10.5266492,53.70833733],[10.52719075,53.70765911],[10.52721375,53.70762678],[10.52729573,53.7074928],[10.52731272,53.70745814],[10.5273637,53.70731716],[10.52737603,53.70728183],[10.52751196,53.70676157],[10.52752029,53.70672691],[10.52755759,53.70646396],[10.52756225,53.7064363],[10.52766053,53.70614665],[10.52767019,53.70610332],[10.52788908,53.70509343],[10.52789841,53.7050481],[10.52800569,53.70443915],[10.52801969,53.70437349],[10.52827928,53.70335521],[10.52830927,53.70328188],[10.52838059,53.70313756],[10.52842258,53.7030659],[10.52856691,53.70285492],[10.52862224,53.70278693],[10.52874556,53.70265427],[10.52881355,53.70258928],[10.52936951,53.70208133],[10.52942851,53.702014],[10.52948017,53.70194534],[10.5295215,53.70187534],[10.52956583,53.70173201],[10.52956949,53.70166002],[10.52955583,53.7015197],[10.5295405,53.70145237],[10.52942586,53.70115474],[10.52940187,53.70110174],[10.52870312,53.69984191],[10.52869179,53.69982258],[10.52858284,53.69965294],[10.52857051,53.69963328],[10.5284302,53.69946965],[10.52840854,53.69944132],[10.52805928,53.69895041],[10.52803928,53.69892208],[10.52785264,53.69869645],[10.52782598,53.69866145],[10.52748039,53.6981872],[10.52746606,53.6981582],[10.52685594,53.69652973],[10.52683794,53.69648174],[10.52606054,53.6942903],[10.52605354,53.69425197],[10.5260562,53.69421231],[10.52606753,53.69417198],[10.52615218,53.69404999],[10.52619118,53.69400933],[10.52706708,53.69317378],[10.52710807,53.69313512],[10.52898817,53.69128366],[10.52903283,53.69123967],[10.52945611,53.69087672],[10.52950477,53.69083673],[10.52954543,53.6907934],[10.52958142,53.69069774],[10.52957742,53.69064808],[10.52956009,53.69059842],[10.52948577,53.69050343],[10.52943311,53.69046077],[10.52865151,53.68997585],[10.52858652,53.68994119],[10.52837786,53.68984954],[10.52830587,53.68982454],[10.5276486,53.68962958],[10.52759194,53.68960858],[10.52723298,53.68941528],[10.52718432,53.68938395],[10.52704433,53.68928197],[10.52700634,53.68924397],[10.52676739,53.68889103],[10.52674506,53.68885704],[10.52661075,53.6887164],[10.52657842,53.68869674],[10.52628945,53.68862476],[10.52624079,53.68860977],[10.52558353,53.68837152],[10.52553687,53.68835586],[10.52501159,53.68820523],[10.52495426,53.68818857],[10.52292416,53.68766007],[10.5228875,53.68764941],[10.52002113,53.68692469],[10.51997147,53.68691169],[10.51953119,53.68682174],[10.51948953,53.68681141],[10.51914124,53.68671546],[10.51909558,53.68670313],[10.518585,53.68653386],[10.51853501,53.68652153],[10.5177144,53.68639125],[10.51766074,53.68638526],[10.5173971,53.68639192],[10.51735244,53.68640292],[10.51727911,53.68644024],[10.51725112,53.68646323],[10.51707748,53.68663753],[10.51704615,53.68665552],[10.51672619,53.68675582],[10.51666686,53.68676781],[10.51302031,53.68741047],[10.51298398,53.68741613],[10.51256336,53.68746906],[10.51252203,53.68747305],[10.51204008,53.68748302],[10.51199242,53.68748236],[10.51166645,53.68747073],[10.51161445,53.6874654],[10.51069916,53.68733213],[10.5105935,53.6873218],[10.5093892,53.68723683],[10.50925687,53.6872285],[10.50377113,53.68692042],[10.5036808,53.68691609],[10.50326316,53.68690346],[10.5031865,53.68690246],[10.50253355,53.68691374],[10.50246622,53.68691341],[10.50192526,53.6868888],[10.50187193,53.68688447],[10.50167695,53.68685482],[10.50163695,53.68684549],[10.5004671,53.68654395],[10.50041577,53.68653162],[10.49929485,53.68632603],[10.49922252,53.68631137],[10.49894154,53.68625372],[10.49887354,53.68623872],[10.49861989,53.6861574],[10.4985529,53.68613974],[10.49833925,53.68610642],[10.49826592,53.68610509],[10.49819392,53.68610975],[10.49812526,53.68611841],[10.49800394,53.68615207],[10.49795328,53.6861764],[10.4977903,53.68628772],[10.4977543,53.68631505],[10.49738403,53.68662467],[10.49736337,53.68665067],[10.49733471,53.68670399],[10.49732438,53.68672965],[10.49728575,53.68691393],[10.49728109,53.68693692],[10.49726946,53.68713921],[10.49726546,53.68715721],[10.49721548,53.68725118],[10.49720582,53.68727384],[10.4971212,53.68755376],[10.49711387,53.68757309],[10.49707756,53.68763341],[10.49706023,53.6876534],[10.4968926,53.6878217],[10.49687327,53.68784403],[10.49683795,53.68790568],[10.49681929,53.68792801],[10.49675797,53.68796966],[10.49671597,53.68798566],[10.49604771,53.68811693],[10.49600105,53.68812659],[10.49592739,53.68815591],[10.49590073,53.68817657],[10.49584842,53.6882972],[10.49584476,53.68832053],[10.49586839,53.68852414],[10.49587005,53.68854747],[10.49584974,53.68867145],[10.49584608,53.68868711],[10.49579311,53.68878942],[10.49578112,53.68880375],[10.49577212,53.68885739],[10.49576779,53.68887472],[10.49571681,53.6889177],[10.49569815,53.6889277],[10.49566216,53.68892403],[10.49566117,53.68891003],[10.49575182,53.6887644],[10.49576915,53.6887264],[10.49583377,53.6884611],[10.4958401,53.68841511],[10.49584643,53.68828179],[10.4958391,53.68824146],[10.49579211,53.68817647],[10.49574611,53.68815781],[10.49504415,53.68818212],[10.49496249,53.68818212],[10.49416621,53.68813051],[10.49408955,53.68812785],[10.4935056,53.68815115],[10.49343794,53.68815115],[10.49240968,53.68810557],[10.49234435,53.68810424],[10.49155442,53.6881325],[10.49150643,53.6881405],[10.49144278,53.68817282],[10.49142945,53.68819281],[10.49142812,53.68829144],[10.49141946,53.6882931],[10.49135548,53.68821746],[10.49133782,53.68820146],[10.49124952,53.6881548],[10.49119752,53.68814747],[10.49029026,53.68819508],[10.49023093,53.68819774],[10.49017493,53.68819641],[10.49013027,53.68818742],[10.49002328,53.68813544],[10.49003461,53.68812711],[10.49003328,53.68818808],[10.49001795,53.68820307],[10.48986465,53.68826006],[10.48981299,53.68827239],[10.48953101,53.6883287],[10.48947201,53.68833803],[10.48836379,53.68849828],[10.48830979,53.68850628],[10.48698425,53.68878419],[10.48693325,53.68879485],[10.48621931,53.68887478],[10.48615965,53.68887711],[10.48598233,53.68887677],[10.48592267,53.68887311],[10.48561936,53.68883712],[10.4855567,53.68882846],[10.48526139,53.68875348],[10.48521106,53.68872982],[10.48506607,53.68864883],[10.48501974,53.6886195],[10.48482743,53.68845419],[10.4847941,53.68842086],[10.4846808,53.68828721],[10.48465681,53.68825522],[10.4845795,53.68812758],[10.48456384,53.68809692],[10.48432663,53.68748104],[10.48431297,53.68744771],[10.48423932,53.68731172],[10.48421533,53.68727672],[10.48306681,53.68614922],[10.48303515,53.68611722],[10.48243026,53.68559934],[10.4824126,53.68558268],[10.48197666,53.6853531],[10.48193533,53.68533044],[10.48144871,53.68511581],[10.48139738,53.68509381],[10.48049414,53.68478256],[10.48044548,53.68477023],[10.48002319,53.68468194],[10.47996586,53.68467094],[10.47912028,53.6845287],[10.47906595,53.6845197],[10.47849133,53.68444341],[10.47843,53.68443642],[10.47798504,53.68440012],[10.47791871,53.68439512],[10.47746308,53.68437483],[10.47739975,53.68437217],[10.47634085,53.68437382],[10.47627919,53.68437382],[10.47507528,53.6844137],[10.47500995,53.68441436],[10.47462596,53.68440904],[10.4745643,53.68440805],[10.47376602,53.68436379],[10.47368169,53.68435746],[10.47266942,53.68424786],[10.47258776,53.6842382],[10.46941566,53.68380809],[10.46934766,53.68379876],[10.4684654,53.68363181],[10.46838941,53.68361515],[10.46762747,53.68340552],[10.46754881,53.68338353],[10.46263244,53.68175053],[10.46256111,53.68172853],[10.46178317,53.68151424],[10.46171084,53.68149658],[10.46081892,53.68131164],[10.46074159,53.68129798],[10.46021397,53.68122302],[10.46014031,53.68121469],[10.45908639,53.68112876],[10.45902606,53.68112477],[10.45564902,53.68100937],[10.45559169,53.68100737],[10.45452544,53.68093648],[10.45446578,53.68093082],[10.45230629,53.68068232],[10.45223863,53.68067333],[10.44940117,53.68026918],[10.44931751,53.68025685],[10.44862255,53.68013789],[10.44853456,53.68012156],[10.44759727,53.67991928],[10.44749961,53.67989562],[10.44641767,53.67958002],[10.44632001,53.67954802],[10.44554971,53.67927706],[10.44545738,53.67924173],[10.44340982,53.67842685],[10.44333549,53.67839885],[10.44229658,53.67805026],[10.44223158,53.6780316],[10.44154596,53.6778463],[10.44147463,53.67782797],[10.43660268,53.67664934],[10.43654069,53.67663534],[10.43614239,53.67652137],[10.43608639,53.67650671],[10.43423492,53.67604785],[10.43417659,53.67603352],[10.43375797,53.67597823],[10.43369597,53.6759669],[10.43348898,53.67589259],[10.43343799,53.67587393],[10.43309302,53.6757803],[10.43303036,53.67576397],[10.43224975,53.6755977],[10.43218375,53.67557904],[10.43125782,53.67520678],[10.43120083,53.67518178],[10.43064121,53.67489282],[10.43058522,53.67486149],[10.42755315,53.67290908],[10.42748449,53.67286275],[10.42717052,53.67263045],[10.42711152,53.67258512],[10.42669822,53.67223315],[10.42665222,53.67219049],[10.42480156,53.67034414],[10.42476457,53.67030715],[10.42420662,53.66979788],[10.42415762,53.66975888],[10.42377299,53.66949158],[10.423714,53.66945392],[10.42340169,53.66927828],[10.42333336,53.66924495],[10.42304172,53.66911897],[10.42296339,53.66909031],[10.42246475,53.668939],[10.42238075,53.668918],[10.42195244,53.66883636],[10.42186511,53.66882337],[10.42142414,53.66878005],[10.42133281,53.66877539],[10.42035452,53.66875378],[10.42025186,53.66875312],[10.41900294,53.66876511],[10.41891695,53.66876478],[10.41800567,53.66873684],[10.41793934,53.66873184],[10.41682274,53.66860359],[10.41675741,53.66859426],[10.41484521,53.66826804],[10.41477555,53.66825638],[10.41399161,53.66814243],[10.41391861,53.66813377],[10.41362463,53.66811612],[10.41355264,53.66811079],[10.41326565,53.66806382],[10.41319199,53.66805416],[10.41240004,53.66797188],[10.41232938,53.66796555],[10.40927327,53.66774482],[10.40921994,53.66774149],[10.40851532,53.66772718],[10.40844599,53.66772718],[10.40760072,53.66775544],[10.40753972,53.6677591],[10.40529893,53.6679772],[10.40525427,53.6679792],[10.40463601,53.66798952],[10.40458535,53.66798886],[10.40410105,53.66796057],[10.40404672,53.66795557],[10.40346011,53.66787563],[10.40340811,53.6678693],[10.40311148,53.66784633],[10.40306382,53.66783634],[10.40296917,53.66781301],[10.40292517,53.66780068],[10.40263253,53.66768672],[10.4025872,53.66767439],[10.39851555,53.66671368],[10.39845455,53.66670202],[10.3979096,53.66662173],[10.39784627,53.6666164],[10.39649539,53.66658049],[10.3964264,53.66657683],[10.39583743,53.66650554],[10.3957561,53.66649388],[10.39541544,53.66643057],[10.39532878,53.66641258],[10.39345057,53.66597968],[10.39338024,53.66596468],[10.39241565,53.66578775],[10.39233365,53.66577609],[10.39158769,53.66568815],[10.39151969,53.66568216],[10.39020679,53.66561823],[10.39013146,53.66561724],[10.38864256,53.66565149],[10.38856423,53.66565415],[10.38704336,53.66572837],[10.3869787,53.66573037],[10.38605278,53.66572471],[10.38599445,53.66572438],[10.38537884,53.66568709],[10.38532451,53.66568309],[10.38416928,53.66554887],[10.38411229,53.66554087],[10.38321273,53.66538029],[10.3831684,53.66537163],[10.3821335,53.66512375],[10.3820865,53.66511176],[10.38127226,53.66485818],[10.38122493,53.66484319],[10.37959712,53.66422072],[10.37955512,53.66420473],[10.37852225,53.66378286],[10.37848292,53.66376686],[10.37721008,53.66320169],[10.37716308,53.66318036],[10.37638817,53.6627868],[10.37634151,53.66276147],[10.37592123,53.66251185],[10.37587257,53.66248219],[10.37540629,53.66215992],[10.37535829,53.66212593],[10.37459202,53.66152167],[10.37454702,53.66148634],[10.37395708,53.66105841],[10.37391275,53.66102908],[10.37342913,53.66072414],[10.3733788,53.66069514],[10.37201824,53.65993928],[10.37196825,53.65990895],[10.37144631,53.65957901],[10.37139465,53.65954535],[10.37068106,53.65904814],[10.37065106,53.65902548],[10.37009113,53.65856089],[10.37006014,53.6585349],[10.36958027,53.65808036],[10.36955628,53.6580577],[10.36906769,53.65755345],[10.36902603,53.65750979],[10.3687924,53.65723381],[10.36874907,53.65718782],[10.36837411,53.65682385],[10.36832812,53.65677452],[10.36795549,53.65632724],[10.36791216,53.65627791],[10.36727056,53.65557797],[10.3672159,53.65552231],[10.36692159,53.65524567],[10.36685926,53.65519034],[10.36576104,53.65423611],[10.36571671,53.65419145],[10.36509345,53.65343184],[10.36505979,53.65338485],[10.36485816,53.65304088],[10.36483383,53.65299022],[10.36469687,53.65252093],[10.36469254,53.65246893],[10.36469288,53.6521133],[10.36469454,53.6520643],[10.36481078,53.65140838],[10.36481811,53.65136672],[10.36486408,53.65119939],[10.36487407,53.65115806],[10.36490538,53.65091442],[10.36491004,53.65087709],[10.3649117,53.65084143],[10.36491004,53.65080744],[10.36487774,53.65070779],[10.36486408,53.65068113],[10.36481376,53.65066913],[10.36477943,53.65067613],[10.36389518,53.65098137],[10.36384952,53.65099737],[10.36376853,53.65101036],[10.36374553,53.6510027],[10.36415883,53.65088507],[10.36421749,53.65086274],[10.36427015,53.65083741],[10.36431581,53.65081042],[10.3643808,53.6507511],[10.36439146,53.6507191],[10.36437314,53.65065878],[10.36435081,53.65063145],[10.36419284,53.65049148],[10.36417484,53.65046782],[10.36415651,53.65040051],[10.36413685,53.65037818],[10.36396221,53.65020288],[10.36393455,53.65017689],[10.36370492,53.64999593],[10.36367459,53.64997527],[10.36313535,53.64963638],[10.36310636,53.64962105],[10.36279074,53.64948108],[10.36275708,53.64946708],[10.36231982,53.64930914],[10.36228249,53.64929548],[10.36164124,53.64912555],[10.36159524,53.64911522],[10.36090062,53.64899992],[10.36080829,53.64897926],[10.36031,53.64881028],[10.36024834,53.64878095],[10.35995069,53.64860864],[10.3599077,53.64857531],[10.35972274,53.64839101],[10.35968141,53.64835135],[10.35873516,53.64759212],[10.35869583,53.64757413],[10.35854585,53.64753215],[10.35852619,53.64752649],[10.35818593,53.64739154],[10.35817627,53.64738988],[10.35799027,53.64743854],[10.35760132,53.64768948],[10.35756299,53.64771181],[10.35715138,53.64790876],[10.35711238,53.64792676],[10.35639381,53.64816536],[10.35634681,53.64817936],[10.35585786,53.64829664],[10.35580353,53.6483053],[10.35524224,53.64836692],[10.35519024,53.64837225],[10.35478461,53.64839054],[10.35473628,53.6483912],[10.34884381,53.64830979],[10.34878815,53.64830946],[10.34332389,53.64817919],[10.34325656,53.6481762],[10.34278793,53.6481409],[10.3427246,53.64813491],[10.34192734,53.64803364],[10.34187101,53.64802431],[10.34069277,53.64774877],[10.34064777,53.64773644],[10.33079262,53.64487392],[10.33075929,53.64486226],[10.32998838,53.64465169],[10.32992405,53.64463103],[10.32716094,53.64362953],[10.32711761,53.64361454],[10.32438211,53.64259574],[10.32430978,53.64256841],[10.321458,53.64154331],[10.32140267,53.64152365],[10.31868324,53.64050388],[10.31862858,53.64048155],[10.31803331,53.64018461],[10.31797798,53.64015195],[10.31750736,53.639864],[10.31744637,53.63982367],[10.3170484,53.63953072],[10.31699574,53.63948839],[10.31562059,53.63826892],[10.31557193,53.63822593],[10.31357381,53.63640143],[10.31353315,53.63636544],[10.31228296,53.63528764],[10.31224697,53.63525698],[10.31184702,53.63497803],[10.31179703,53.63494803],[10.31140607,53.63474674],[10.31136074,53.63472475],[10.3108248,53.63451847],[10.31078014,53.63450381],[10.31030919,53.63436518],[10.31025653,53.63435052],[10.309068,53.63404332],[10.30901801,53.63402899],[10.30884136,53.63395435],[10.3087967,53.63393902],[10.30855173,53.63388805],[10.30851007,53.63387439],[10.30841508,53.63381708],[10.30838142,53.63380242],[10.30815912,53.63378145],[10.30812546,53.63377512],[10.30779317,53.63368848],[10.30774984,53.63367649],[10.30750054,53.63358851],[10.30746021,53.63357351],[10.3070366,53.6333799],[10.30700327,53.63336357],[10.30680332,53.63329528],[10.30676966,53.63328162],[10.30636809,53.63321871],[10.30635943,53.63321572],[10.30635177,53.63320473],[10.30635177,53.6331984],[10.30640943,53.63307775],[10.30641376,53.63304342],[10.30638411,53.63288745],[10.30636178,53.63284745],[10.30539863,53.63161361],[10.3053703,53.63157662],[10.30471106,53.63068939],[10.30468873,53.6306574],[10.30389458,53.62938094],[10.30387358,53.62934761],[10.30321706,53.62835243],[10.30319506,53.62832144],[10.30229861,53.62688532],[10.30227795,53.62685533],[10.30020783,53.62403318],[10.30017784,53.62398985],[10.29620493,53.61864233],[10.2961656,53.61858933],[10.29291273,53.61412842],[10.2928964,53.61411309],[10.29287742,53.61406677],[10.29287009,53.61404944],[10.29278511,53.61397047],[10.29276211,53.61394414],[10.29265513,53.61379982],[10.2926218,53.61375583],[10.29099831,53.61152435],[10.29095265,53.61146135],[10.29056636,53.61090406],[10.2905227,53.61084373],[10.29033606,53.61061675],[10.2902844,53.61056409],[10.28995177,53.61027745],[10.28989544,53.61023612],[10.28944114,53.60995749],[10.28939081,53.60992983],[10.28748963,53.60899036],[10.2874363,53.6089637],[10.28293841,53.60668845],[10.28289875,53.60666912],[10.28263879,53.60654918],[10.28255979,53.60652585],[10.28239315,53.6065345],[10.28236715,53.60653583],[10.28233582,53.6065165],[10.2824458,53.60650051],[10.28246146,53.60648852],[10.28246412,53.60647086],[10.28245046,53.6064502],[10.28238847,53.60640621],[10.28234647,53.60638221],[10.2790471,53.60474885],[10.27899044,53.60471985],[10.27860514,53.60451723],[10.27855048,53.60448624],[10.27805987,53.60418329],[10.27800887,53.60414863],[10.27772358,53.60392699],[10.27767825,53.60388933],[10.27733463,53.60358737],[10.2772933,53.60354837],[10.27589979,53.60212786],[10.27585613,53.6020832],[10.27453696,53.60077102],[10.2744973,53.60073202],[10.27385338,53.60005776],[10.27381572,53.6000181],[10.27316749,53.59939419],[10.27313683,53.59936486],[10.27126152,53.59748119],[10.27123619,53.59745553],[10.27121619,53.5974302],[10.27120753,53.59740721],[10.27124918,53.5973259],[10.27125851,53.59730257],[10.27123319,53.59721993],[10.27122853,53.59721227],[10.27115521,53.5971866],[10.27114788,53.5971976],[10.27122553,53.59728357],[10.27123652,53.5973109],[10.27123086,53.59733756],[10.2712132,53.59735822],[10.27115754,53.59735689],[10.27112621,53.5973369],[10.27039032,53.59662933],[10.27034666,53.59659534],[10.27006936,53.59640004],[10.27001803,53.59636771],[10.26952608,53.5960971],[10.26946842,53.59607077],[10.26915844,53.59595047],[10.26909645,53.59592781],[10.26866548,53.59579085],[10.26860315,53.59577486],[10.26130447,53.59402117],[10.26125381,53.59400918],[10.26091753,53.59390089],[10.26087354,53.59388923],[10.2602496,53.59375795],[10.26017327,53.59374029],[10.25031981,53.59133508],[10.25028248,53.59132275],[10.24200595,53.58932654],[10.24192529,53.58930721],[10.24045605,53.58894232],[10.24038706,53.58892533],[10.23973347,53.58872371],[10.23970281,53.58871372],[10.23961948,53.58871338],[10.23957615,53.58872404],[10.23934518,53.58881535],[10.23929519,53.58883435],[10.23912254,53.58887967],[10.23906721,53.588897],[10.23839898,53.58916725],[10.23836232,53.58917958],[10.23808569,53.58922555],[10.23803636,53.58923188],[10.23742742,53.58925983],[10.23737276,53.58925983],[10.23717445,53.58923518],[10.23712446,53.58923085],[10.23692848,53.58923184],[10.23688148,53.58923617],[10.23624152,53.58933209],[10.23619453,53.58934175],[10.2353186,53.58956266],[10.23526961,53.58956865],[10.23503464,53.58955433],[10.23498798,53.58954633],[10.23422942,53.58938574],[10.23418476,53.58938241],[10.23370916,53.58942637],[10.2336625,53.5894317],[10.23352852,53.58945202],[10.23348486,53.58945902],[10.23336687,53.58950067],[10.23332888,53.58951366],[10.23324456,53.58951666],[10.23319923,53.589509],[10.23164704,53.58894382],[10.23159571,53.58892416],[10.23027821,53.58848329],[10.23023221,53.58846729],[10.229409,53.58815673],[10.22936867,53.58814107],[10.22854476,53.58785584],[10.22850043,53.58783951],[10.22795849,53.58763693],[10.22791916,53.58762227],[10.22769886,53.5874933],[10.2276562,53.58747064],[10.22741123,53.58736766],[10.22735824,53.58734867],[10.2244202,53.58636497],[10.22435687,53.58635264],[10.22420555,53.5863493],[10.22418689,53.58635063],[10.22411656,53.58637162],[10.2240929,53.58638328],[10.22150217,53.58788567],[10.22144617,53.58791867],[10.22070423,53.58832094],[10.22061823,53.5883466],[10.22052657,53.5883606],[10.22043224,53.58836293],[10.22024859,53.58833428],[10.22016159,53.58830928],[10.21831538,53.58764673],[10.21824005,53.58761873],[10.21785976,53.58748976],[10.21778443,53.58746677],[10.21762577,53.58743344],[10.21754377,53.58743011],[10.21746478,53.5874401],[10.21739412,53.58746343],[10.2172798,53.58753742],[10.21723381,53.58758341],[10.21649925,53.58852165],[10.21645726,53.58856631],[10.2163556,53.58864663],[10.21629461,53.58868129],[10.21600896,53.5887966],[10.21592996,53.58881326],[10.2157723,53.58881993],[10.21569631,53.58881127],[10.21549666,53.58874829],[10.21544133,53.58871896],[10.21530201,53.58861831],[10.21526168,53.58858432],[10.21463677,53.5880294],[10.21460278,53.58800241],[10.21452646,53.58795175],[10.21448047,53.58792909],[10.21437548,53.5878951],[10.21431782,53.5878831],[10.21426016,53.58787444],[10.2142015,53.58787078],[10.21402751,53.5878871],[10.21397252,53.58789976],[10.21297492,53.58824468],[10.21291892,53.58826334],[10.21286026,53.58827867],[10.21279893,53.58828933],[10.2126716,53.588289],[10.21260694,53.58827834],[10.21226597,53.58816771],[10.21219097,53.58813938],[10.20932554,53.58700594],[10.20926155,53.58698161],[10.20788265,53.58653673],[10.20781265,53.58651707],[10.20766433,53.58648275],[10.20758534,53.58647109],[10.20742202,53.58646209],[10.20734069,53.58646342],[10.20668539,53.58655005],[10.20661806,53.58655904],[10.20634675,53.58657036],[10.20627842,53.58656703],[10.20593712,53.58651205],[10.20586779,53.58649672],[10.20512718,53.58631611],[10.20506185,53.58629978],[10.20487953,53.58623979],[10.2048232,53.58621613],[10.20460823,53.58610348],[10.20455657,53.58607115],[10.20391963,53.58563589],[10.20387097,53.58560323],[10.20164181,53.58418907],[10.20158148,53.58415174],[10.20132684,53.5839481],[10.20127251,53.5839091],[10.199991,53.5830679],[10.199949,53.5830399],[10.19961671,53.58283861],[10.19956905,53.58280828],[10.19910577,53.582492],[10.19905744,53.58246167],[10.19855716,53.58216738],[10.1984995,53.58214505],[10.19830652,53.58210606],[10.19823786,53.58210207],[10.19719128,53.58208311],[10.19711995,53.58208178],[10.19676798,53.58205981],[10.19669732,53.58205715],[10.19626767,53.5820688],[10.19619534,53.58206913],[10.19584303,53.58203949],[10.19577837,53.58202416],[10.19561738,53.58194984],[10.19557305,53.58191818],[10.19424886,53.58078136],[10.1942012,53.58074203],[10.19402322,53.58064172],[10.19394789,53.58062106],[10.19345724,53.58059943],[10.19337758,53.58059976],[10.19247197,53.58062537],[10.19240464,53.5806277],[10.192072,53.58065901],[10.19200067,53.580662],[10.19025144,53.58069687],[10.19017078,53.5806982],[10.18985847,53.58066788],[10.18978381,53.58065189],[10.18950117,53.5805689],[10.18943417,53.58054657],[10.18916186,53.58044192],[10.1890952,53.58041492],[10.18674007,53.57939443],[10.18667808,53.5793681],[10.18558547,53.57886584],[10.18550814,53.57882551],[10.1850665,53.57856554],[10.18499617,53.57852188],[10.18386859,53.57779694],[10.18382359,53.57775428],[10.1837856,53.57771062],[10.18375561,53.57766629],[10.18369863,53.57752565],[10.18368263,53.57747599],[10.18329945,53.57600316],[10.18328845,53.5759595],[10.18320417,53.57557556],[10.18319284,53.57553556],[10.18318018,53.57549623],[10.18316252,53.57545924],[10.18309453,53.57539758],[10.18304454,53.57537792],[10.18292588,53.5753666],[10.18286322,53.57536926],[10.181648,53.57548982],[10.18159134,53.57549515],[10.17977614,53.57564234],[10.17970415,53.57564534],[10.1779856,53.57567359],[10.17791661,53.57567492],[10.17563975,53.57573909],[10.17556776,53.57574008],[10.1749678,53.57573444],[10.1749018,53.57573211],[10.17307861,53.57563557],[10.17300861,53.57563656],[10.1649395,53.57607532],[10.16486684,53.57607698],[10.16441887,53.576062],[10.16434288,53.57605367],[10.16388958,53.57596435],[10.16381525,53.57594436],[10.16361126,53.57587037],[10.1635496,53.57584204],[10.16272934,53.5754421],[10.16266801,53.57541577],[10.16240004,53.57534179],[10.16232238,53.57533479],[10.16128278,53.57537438],[10.16120412,53.57538238],[10.16053583,53.57553199],[10.16046317,53.57554765],[10.16016652,53.57558964],[10.16009219,53.57559164],[10.157825,53.5754488],[10.15775734,53.57544514],[10.15711773,53.57544512],[10.15705774,53.57543846],[10.15669878,53.57535781],[10.15664179,53.57533848],[10.15643147,53.57525016],[10.15638414,53.5752265],[10.15627516,53.57514551],[10.15624617,53.57511652],[10.15597722,53.5747909],[10.15594956,53.57475857],[10.15577526,53.5745166],[10.15574593,53.5744806],[10.15558129,53.57430062],[10.15555129,53.57426429],[10.15531367,53.57393068],[10.15528601,53.57389435],[10.15466012,53.57313811],[10.15463113,53.57310278],[10.1542572,53.57261486],[10.15423087,53.57257553],[10.15403825,53.57221524],[10.15401626,53.57217658],[10.15377997,53.57185063],[10.15375864,53.57181364],[10.15366899,53.57163399],[10.15365266,53.57159966],[10.15359636,53.57143635],[10.15358303,53.57140302],[10.1535058,53.57081344],[10.15350147,53.57077878],[10.1534505,53.57057548],[10.15344517,53.57054082],[10.15339025,53.56982121],[10.15338359,53.56977588],[10.15334694,53.56965256],[10.15333294,53.56961757],[10.15328695,53.56957024],[10.15325429,53.56956158],[10.15275201,53.56963921],[10.15270268,53.56964454],[10.14949762,53.56993324],[10.14945296,53.56993923],[10.1494173,53.56995156],[10.14938798,53.56999055],[10.14938765,53.57001288],[10.14950591,53.57019315],[10.14950824,53.57019848],[10.14943524,53.57008682],[10.14942191,53.57002818],[10.14941892,53.57000552],[10.14938726,53.5699672],[10.1493566,53.5699562],[10.14927861,53.56995054],[10.14923528,53.56995387],[10.14868635,53.57001148],[10.14864236,53.57000948],[10.14839139,53.56997016],[10.14835273,53.56996283],[10.14808909,53.56989354],[10.14804576,53.56989553],[10.1480011,53.56990253],[10.14795711,53.56991486],[10.14764014,53.5700445],[10.14758848,53.5700605],[10.1472975,53.57011781],[10.14723484,53.57012481],[10.14452805,53.57032561],[10.14445772,53.57033061],[10.14189925,53.5705594],[10.14184426,53.57056406],[10.14170961,53.57059971],[10.14168295,53.57062104],[10.14166629,53.5706437],[10.1416563,53.57066803],[10.14163566,53.57080568],[10.14162667,53.57082734],[10.14162467,53.57085],[10.14163133,53.57087399],[10.14171696,53.5710303],[10.14172562,53.57105063],[10.14175191,53.57116823],[10.1417529,53.57116922],[10.1417369,53.57110123],[10.1416536,53.5709606],[10.14164594,53.57093427],[10.14166325,53.57069764],[10.14165992,53.57067164],[10.14162426,53.57062599],[10.14159393,53.57061],[10.14151527,53.57059567],[10.14147228,53.57059534],[10.13774723,53.57091001],[10.13767757,53.57091701],[10.1373586,53.57098431],[10.13729827,53.5709963],[10.13650968,53.57109824],[10.13646402,53.57110457],[10.13638503,53.57112423],[10.13635437,53.57113689],[10.13628906,53.57117787],[10.13624573,53.57119187],[10.13597508,53.57121051],[10.13590975,53.57121451],[10.13542446,53.57122314],[10.13535146,53.57122547],[10.1339579,53.57129469],[10.13389357,53.57129635],[10.1334506,53.57127173],[10.13336994,53.57126973],[10.13169205,53.57125384],[10.13162805,53.57125251],[10.13107342,53.57126414],[10.13101643,53.57126414],[10.13054213,53.57123488],[10.13052213,53.57123388],[10.13043417,53.57111257],[10.13039684,53.57109124],[10.1300912,53.5710246],[10.13005554,53.57099994],[10.12939399,53.57012871],[10.12936533,53.57008771],[10.129332,53.57004871],[10.12929134,53.57001571],[10.12918535,53.56996439],[10.12912536,53.5699464],[10.12886937,53.56992475],[10.12880471,53.56992508],[10.12563696,53.56998588],[10.12557997,53.56998754],[10.12436508,53.56998951],[10.12433342,53.56997718],[10.12428943,53.5699312],[10.12427077,53.56990054],[10.12393553,53.56928994],[10.1239132,53.56925028],[10.12327467,53.56817472],[10.12325268,53.56813439],[10.12306875,53.56776845],[10.12305242,53.56773545],[10.12301679,53.56753616],[10.12301546,53.5675315],[10.12292247,53.56744452],[10.12290214,53.56741452],[10.12275752,53.56710589],[10.12273519,53.56706256],[10.1226222,53.56687724],[10.12259887,53.56683691],[10.12259655,53.56672292],[10.12257456,53.56666126],[10.12239425,53.56642894],[10.12235459,53.56637861],[10.12229527,53.56623762],[10.12227828,53.56619163],[10.12210298,53.56596632],[10.12209832,53.56595832],[10.12206102,53.56588001],[10.12205869,53.56586368],[10.12207767,53.56580004],[10.12206668,53.56577238],[10.1217634,53.56546809],[10.12172674,53.5654301],[10.12163575,53.56531178],[10.12160809,53.56527212],[10.12151277,53.56511147],[10.12149244,53.56507081],[10.12137513,53.56477386],[10.12135913,53.56473086],[10.12125583,53.56452288],[10.12123084,53.56447888],[10.12096054,53.56415494],[10.12093921,53.56412895],[10.12092589,53.56407463],[10.12093822,53.56407264],[10.12097287,53.56410895],[10.1209832,53.56412861],[10.12103583,53.56429957],[10.12102717,53.56432023],[10.12079921,53.56438153],[10.12075755,53.56438653],[10.12062257,53.56438255],[10.12059957,53.56438055],[10.1205106,53.56435623],[10.12048127,53.56435623],[10.11876244,53.5644101],[10.11869611,53.56441176],[10.11691225,53.56439781],[10.11686759,53.56440114],[10.11676659,53.56444546],[10.11674893,53.56446979],[10.11663899,53.56477941],[10.11662233,53.56480074],[10.116567,53.56484139],[10.11652534,53.56485805],[10.11642535,53.56487637],[10.11637102,53.56487803],[10.11565477,53.56480708],[10.11558911,53.56480142],[10.11416988,53.56470352],[10.11410622,53.56469852],[10.11299729,53.56464228],[10.1129303,53.56463929],[10.11231667,53.56463828],[10.11224167,53.56463762],[10.10849596,53.56453487],[10.1084433,53.56453221],[10.10803235,53.56453952],[10.10801602,53.56454085],[10.10698411,53.56446527],[10.10691012,53.56446194],[10.10555854,53.5644067],[10.10548255,53.56440337],[10.10502025,53.56440037],[10.10494159,53.56439771],[10.10323105,53.56430917],[10.10316072,53.56430618],[10.10214581,53.5642819],[10.10211681,53.56428389],[10.10209216,53.5642739],[10.10210082,53.56426924],[10.10219413,53.5642616],[10.10220279,53.56426127],[10.10216046,53.56428027],[10.10212447,53.56428093],[10.10173184,53.56425097],[10.10166185,53.56424798],[10.10040559,53.56421339],[10.10032026,53.5642094],[10.09914432,53.5640958],[10.09905299,53.56408447],[10.09636649,53.56371463],[10.09629683,53.56370597],[10.09488161,53.56344909],[10.09485262,53.56344443],[10.09389336,53.56341179],[10.09381003,53.56340613],[10.09166153,53.56320162],[10.09159254,53.56319129],[10.08950604,53.5626698],[10.08946538,53.5626598],[10.08917942,53.56256852],[10.08913609,53.56255486],[10.08847083,53.56238227],[10.0884115,53.56237528],[10.08793154,53.56234664],[10.08785955,53.56233998],[10.08715393,53.56224439],[10.0871116,53.56224006],[10.08644365,53.56220478],[10.08637732,53.56220611],[10.08584835,53.56224806],[10.08578502,53.56225539],[10.0839555,53.56249088],[10.08390317,53.56249588],[10.08312724,53.5625022],[10.08308458,53.56250121],[10.08119452,53.56226877],[10.08115286,53.56226411],[10.08003703,53.56209663],[10.08003637,53.56209663],[10.08001237,53.56207397],[10.08000571,53.56206364],[10.08000671,53.56201165],[10.08000837,53.56199832],[10.08007867,53.56192102],[10.080098,53.56189203],[10.08066386,53.5607825],[10.08068719,53.56074284],[10.08076017,53.56062419],[10.08078883,53.56058586],[10.08096315,53.56045455],[10.08100381,53.56042289],[10.08108379,53.56032124],[10.08110245,53.56028691],[10.08119174,53.56007895],[10.0812024,53.56004496],[10.08123204,53.55983465],[10.08122205,53.55981699],[10.08117206,53.559795],[10.08114873,53.55979134],[10.08010852,53.55975008],[10.08005786,53.55974808],[10.07973956,53.55979637],[10.07967923,53.55979936],[10.07820135,53.55974881],[10.07814502,53.55974548],[10.0780327,53.55974581],[10.07797837,53.55974847],[10.07780206,53.55977745],[10.07776206,53.55977945],[10.07756807,53.55976514],[10.07751374,53.55975781],[10.07706178,53.55965784],[10.07700512,53.55964218],[10.07646451,53.55946224],[10.07641152,53.55944158],[10.0760949,53.55931227],[10.07604857,53.55928894],[10.0758566,53.55913763],[10.07582161,53.5591123],[10.07565396,53.55901433],[10.07561396,53.55898834],[10.07554464,53.55892968],[10.07551365,53.55889802],[10.07544733,53.55879871],[10.07543267,53.55876338],[10.07530742,53.55814615],[10.07529342,53.55811582],[10.07527443,53.55809049],[10.07525044,53.55807083],[10.0751528,53.55803353],[10.0751488,53.55803253],[10.07511248,53.55799855],[10.07510715,53.55798755],[10.0750915,53.55786157],[10.07509583,53.55783391],[10.07513049,53.55778058],[10.07514915,53.55775292],[10.07516147,53.55769226],[10.07515881,53.5576596],[10.07497357,53.557118],[10.07496057,53.55708001],[10.07489796,53.55664972],[10.07489596,53.55661439],[10.07490495,53.5563121],[10.07490528,53.5562871],[10.07493992,53.55614613],[10.07493959,53.55611547],[10.07488428,53.55599782],[10.07487162,53.55596783],[10.07485197,53.55587485],[10.07484698,53.55584352],[10.07479772,53.55514566],[10.07479506,53.55512],[10.0747894,53.55509601],[10.07477941,53.55507401],[10.07473541,53.55504569],[10.07470308,53.55504003],[10.07433878,53.55504701],[10.07428845,53.55504934],[10.07352153,53.55511761],[10.07347353,53.55512261],[10.07257727,53.55515718],[10.07251561,53.55515951],[10.07067643,53.55527836],[10.07061577,53.55528335],[10.07031581,53.55531899],[10.07025681,53.55532865],[10.06985686,53.55540861],[10.0698002,53.55541961],[10.06963288,53.55542361],[10.06957355,53.55542861],[10.06896226,53.55554356],[10.06890393,53.55555189],[10.06838731,53.55559718],[10.06832431,53.55560284],[10.06802034,53.55560982],[10.06796168,53.55560783],[10.0673724,53.55555921],[10.06731007,53.55555588],[10.06675644,53.55553294],[10.06668344,53.55552928],[10.06617514,53.55552895],[10.06610381,53.55553261],[10.06543219,53.55558856],[10.06535753,53.55559689],[10.06321168,53.55588039],[10.06314868,53.55588905],[10.0625464,53.55593067],[10.06249874,53.55593333],[10.0623261,53.55597164],[10.06230644,53.55597397],[10.06210813,53.55596832],[10.06204314,53.55596931],[10.06039693,53.55606386],[10.06033027,53.55606852],[10.05908335,53.55610942],[10.05901769,53.55611108],[10.05762744,53.55619464],[10.05756811,53.5561983],[10.05702882,53.55625293],[10.05697149,53.55625726],[10.0564482,53.55626891],[10.05639187,53.55627357],[10.05623855,53.55630356],[10.05619289,53.55631622],[10.05606724,53.5563682],[10.05602758,53.5563902],[10.05523572,53.5569874],[10.05520806,53.55700706],[10.05502942,53.55709304],[10.05498343,53.55710603],[10.05473946,53.55713868],[10.05468947,53.55714301],[10.05421885,53.5571643],[10.05416519,53.55716863],[10.05377356,53.55722592],[10.05372656,53.55723491],[10.05368057,53.55724957],[10.05363958,53.55726957],[10.05351927,53.55738654],[10.05348794,53.5574132],[10.05341428,53.55745119],[10.05337429,53.55746085],[10.05316698,53.55748315],[10.05313599,53.55748448],[10.05304035,53.55745917],[10.05303669,53.55745751],[10.05279539,53.55754249],[10.0527524,53.55755015],[10.05201114,53.55764206],[10.05197248,53.55764639],[10.05179817,53.5576344],[10.05176284,53.55763606],[10.0516222,53.55768637],[10.05158687,53.55769303],[10.05120393,53.55773131],[10.05116994,53.55773797],[10.05056804,53.55776089],[10.05056138,53.55776122],[10.05049905,53.55769056],[10.05049838,53.5576589],[10.05051371,53.55764424],[10.05062202,53.55759959],[10.05065235,53.55759159],[10.05081565,53.55758625],[10.05083198,53.55758226],[10.05087294,53.55753697],[10.0508736,53.55753031],[10.05125293,53.5576743],[10.05101399,53.55772093],[10.05097266,53.55772726],[10.05024139,53.55780818],[10.05019006,53.55781284],[10.04983743,53.55790282],[10.04978444,53.55791415],[10.04946679,53.55796411],[10.04941346,53.55797177],[10.04767329,53.55816256],[10.04764263,53.55816722],[10.047395,53.55822517],[10.04736667,53.55823283],[10.04709238,53.55832311],[10.04706472,53.55833077],[10.04689376,53.55832446],[10.04688576,53.55832446],[10.04708606,53.55840877],[10.04710105,53.55841676],[10.04708206,53.55846975],[10.04706007,53.55848708],[10.04695775,53.55852807],[10.04691075,53.55853106],[10.04626116,53.55836979],[10.04622816,53.55835613],[10.04525728,53.55779359],[10.04520262,53.55776326],[10.04501399,53.55762495],[10.04496266,53.55759129],[10.04412575,53.55707071],[10.04407109,53.55703238],[10.04343282,53.55651179],[10.04338616,53.55647346],[10.0424243,53.55573858],[10.04238964,53.55572758],[10.04202937,53.55573687],[10.04199937,53.55574053],[10.04188273,53.55578785],[10.0418674,53.55579585],[10.04185608,53.5558195],[10.04154142,53.5560055],[10.04149177,53.55600516],[10.0416431,53.55598617],[10.04163247,53.55598783],[10.04158481,53.55594283],[10.04167179,53.55584553],[10.04167912,53.55582253],[10.04165513,53.5557852],[10.04163013,53.55577354],[10.04153514,53.55575722],[10.04149781,53.55575323],[10.04094654,53.55575154],[10.04093988,53.5557522],[10.04046093,53.5556956],[10.0403976,53.55569394],[10.03952371,53.55580052],[10.03948138,53.55580418],[10.0389281,53.55576123],[10.03887677,53.55575524],[10.03713155,53.55547235],[10.03705556,53.55546069],[10.03610662,53.55535309],[10.03602929,53.55534043],[10.03519235,53.55514882],[10.03511436,53.55513782],[10.03387878,53.5550166],[10.03381412,53.55501127],[10.03260256,53.55494272],[10.03255223,53.55493906],[10.03177896,53.55483778],[10.03170563,53.55482745],[10.031335,53.55476281],[10.03126067,53.55474582],[10.03056039,53.55456152],[10.03047973,53.55454486],[10.02978179,53.55443324],[10.02970713,53.55442158],[10.02856021,53.55419998],[10.02848755,53.55418665],[10.02782161,53.55407735],[10.02776261,53.55406935],[10.02719966,53.55402074],[10.02715933,53.55401475],[10.02709634,53.55399609],[10.02707834,53.55398443],[10.02706402,53.55394377],[10.02706468,53.55393311],[10.02717731,53.55391512],[10.02720064,53.55391079],[10.02723462,53.55388248],[10.02723728,53.55387715],[10.02714362,53.55391148],[10.02698131,53.55391115],[10.02693898,53.55391481],[10.02685966,53.55393247],[10.02683,53.55394713],[10.02681234,53.55396512],[10.02680301,53.55398578],[10.02679735,53.55403343],[10.02679934,53.55405943],[10.02690629,53.55434304],[10.02691628,53.5543657],[10.02698926,53.55446766],[10.02700725,53.55448332],[10.0270939,53.55455063],[10.0271199,53.55456796],[10.02726555,53.55463927],[10.02731088,53.55465626],[10.02749385,53.55471558],[10.02753984,53.55472757],[10.02794313,53.55480386],[10.02798213,53.55481052],[10.02808944,53.55486917],[10.02810044,53.55489083],[10.02809611,53.55499648],[10.02808311,53.55502247],[10.02799447,53.55516411],[10.02797281,53.55519444],[10.02765554,53.55561171],[10.02763488,53.55563971],[10.02756124,53.55581668],[10.02754025,53.55584668],[10.02753058,53.55590633],[10.02754057,53.55593299],[10.02764921,53.55604196],[10.02765587,53.55604429],[10.02760955,53.55611261],[10.02758389,53.55614161],[10.02729226,53.55641257],[10.02726626,53.5564329],[10.02706962,53.55651655],[10.02701929,53.55654121],[10.02684098,53.55665053],[10.02680299,53.55668086],[10.02671001,53.55677384],[10.02668702,53.55680483],[10.02662971,53.55694246],[10.02661072,53.55695812],[10.02626543,53.55705208],[10.0262421,53.55706308],[10.0259778,53.55721038],[10.0259378,53.55723171],[10.02552419,53.55742965],[10.02548219,53.55745165],[10.02483624,53.55781959],[10.02478358,53.55784959],[10.0243683,53.55812888],[10.02432397,53.55816387],[10.02417399,53.55830385],[10.02414466,53.55833484],[10.02407536,53.55843749],[10.0240717,53.55844282],[10.02371374,53.55866444],[10.02365608,53.5586991],[10.02353009,53.55876342],[10.0234631,53.55879241],[10.02295447,53.55896104],[10.02288448,53.5589857],[10.02255384,53.55913234],[10.02248751,53.55916034],[10.02221886,53.55925499],[10.02215787,53.55928199],[10.02078035,53.55998654],[10.02072002,53.56001654],[10.02026206,53.5602925],[10.02020306,53.56032716],[10.01862255,53.56113139],[10.01856689,53.56116305],[10.01772398,53.56169864],[10.01767832,53.5617263],[10.01654011,53.56237886],[10.01648878,53.56240752],[10.01602884,53.5626908],[10.01600218,53.56270813],[10.01593619,53.56279144],[10.01593186,53.5628031],[10.01594984,53.56285142],[10.01596117,53.56286175],[10.01691605,53.5635653],[10.01695971,53.56359729],[10.01722701,53.56374226],[10.01723967,53.56375626],[10.01724633,53.56376659],[10.01724966,53.56377225],[10.01718268,53.56390223],[10.01717802,53.56392689],[10.01719764,53.56407118],[10.01720063,53.56408951],[10.01716565,53.56415448],[10.01709965,53.56416381],[10.01674203,53.56406386],[10.01669504,53.56404053],[10.01634377,53.56370359],[10.01630377,53.56367293],[10.0159725,53.56345131],[10.01594017,53.56343098],[10.01576721,53.56336268],[10.01576321,53.56336102],[10.01567423,53.56325105],[10.01564724,53.56322605],[10.01531128,53.56296642],[10.01526762,53.56292609],[10.01440173,53.56203086],[10.01435073,53.56198753],[10.01327051,53.56118797],[10.01322052,53.56115164],[10.01268024,53.56081169],[10.01262891,53.56078003],[10.0123636,53.56063706],[10.0123086,53.56060906],[10.01204762,53.56051441],[10.01197496,53.56049875],[10.01182664,53.56047909],[10.01175298,53.56047443],[10.01141433,53.56047111],[10.01135234,53.56046512],[10.01078971,53.56032782],[10.01072938,53.56030716],[10.00970548,53.55982727],[10.00965182,53.55980094],[10.00865526,53.55927969],[10.0085956,53.55925469],[10.00761268,53.55886877],[10.00754935,53.55884511],[10.0065211,53.55849619],[10.0064551,53.55847086],[10.00613113,53.55830189],[10.00607447,53.55827823],[10.00510589,53.55800098],[10.00504256,53.55798098],[10.00417497,53.55765603],[10.00411431,53.5576367],[10.00371633,53.55754406],[10.00364767,53.55753306],[10.00343435,53.55751274],[10.00336202,53.55750908],[10.00195278,53.55747319],[10.00189179,53.55747119],[10.00157548,53.55748716],[10.00156848,53.55748916],[10.00057426,53.55746225],[10.0005186,53.55746258],[10.00007165,53.55747887],[10.00001632,53.55748387],[9.99946204,53.55756114],[9.99941938,53.55756713],[9.99839214,53.55778804],[9.99834548,53.55779937],[9.99721558,53.55811359],[9.99715625,53.55813058],[9.99674028,53.55827788],[9.99667628,53.55829721],[9.99570769,53.55855978],[9.99563669,53.55857778],[9.99480906,53.55877706],[9.99471506,53.55879872],[9.99438141,53.55885603],[9.99430508,53.55887069],[9.99393844,53.55897467],[9.99386245,53.558992],[9.99297518,53.55914026],[9.99290752,53.55915726],[9.99252454,53.55928023],[9.99246821,53.55930523],[9.9922499,53.55941488],[9.99219557,53.55944387],[9.99192192,53.55961084],[9.99189126,53.55963683],[9.99177096,53.5597778],[9.99174296,53.55980513],[9.99154499,53.55995143],[9.99151533,53.55997842],[9.99130203,53.56021672],[9.9912827,53.56023971],[9.99124804,53.5602877],[9.99123638,53.56031303],[9.9912004,53.56046735],[9.99119041,53.56049001],[9.9911171,53.56058731],[9.9910921,53.56060864],[9.99101448,53.56081925],[9.99100249,53.56084325],[9.9909905,53.56086158],[9.99091217,53.56087591],[9.99088251,53.56085925],[9.99066621,53.56070895],[9.99061755,53.56066829],[9.99044557,53.56047464],[9.99040691,53.56042298],[9.99020228,53.56010734],[9.99016929,53.56005268],[9.98999098,53.55973305],[9.98995832,53.55968206],[9.98970335,53.55933909],[9.98966902,53.55929043],[9.98919312,53.55858718],[9.98917312,53.55855885],[9.98910148,53.5585102],[9.98907348,53.55850254],[9.9889305,53.5584929],[9.98888884,53.5584969],[9.98885051,53.55850856],[9.98882085,53.55852889],[9.9887682,53.55859888],[9.98875687,53.55860854],[9.98872355,53.55860522],[9.98871989,53.55860356],[9.98882718,53.55846158],[9.98885017,53.55844225],[9.98898346,53.55842895],[9.98900512,53.55842994],[9.98906109,53.55845991],[9.98906043,53.55842825],[9.98891548,53.55815361],[9.98889782,53.55811261],[9.98878552,53.55777533],[9.98876719,53.55772634],[9.98857689,53.55727972],[9.98855123,53.55723073],[9.9885219,53.5571844],[9.98848924,53.55714041],[9.98816928,53.55678512],[9.98814529,53.55675212],[9.98803965,53.55659915],[9.98802099,53.55657082],[9.98785771,53.55626821],[9.98784405,53.55624488],[9.98778541,53.55618157],[9.98776275,53.55616491],[9.98768444,53.55601828],[9.98767845,53.55599028],[9.98771276,53.55581064],[9.98772876,53.55576031],[9.98775542,53.55570665],[9.98779042,53.55565665],[9.98788341,53.55556967],[9.98794007,53.55553367],[9.98807106,53.55547835],[9.98814472,53.55545635],[9.98877568,53.55532007],[9.98885501,53.55530407],[9.98910599,53.55522575],[9.98913965,53.55520342],[9.98916264,53.55515276],[9.98915831,53.55512643],[9.98910533,53.55501778],[9.98910899,53.55499079],[9.98931127,53.55473319],[9.9893266,53.5547092],[9.98938323,53.55453857],[9.98938856,53.55452124],[9.9893736,53.55417465],[9.98937094,53.55414832],[9.98932498,53.5539777],[9.98931765,53.5539527],[9.98933098,53.55387271],[9.98934497,53.55384638],[9.98951293,53.55367341],[9.98954559,53.55364541],[9.98995952,53.55333615],[9.98998285,53.55331449],[9.99000351,53.5532935],[9.99001817,53.55327484],[9.99002584,53.55322886],[9.9900265,53.55322086],[9.9900768,53.55313789],[9.99009646,53.5531209],[9.99087135,53.55257836],[9.99089534,53.55256137],[9.99112461,53.55235444],[9.9911366,53.55234311],[9.99114126,53.55229579],[9.99114359,53.55228613],[9.99121425,53.55223913],[9.99316691,53.54992113],[9.99310759,53.54989147],[9.99307493,53.54987314],[9.99287195,53.54982249],[9.99282229,53.54980516],[9.99204971,53.54938359],[9.99202371,53.54937026],[9.9919154,53.54931828],[9.99190241,53.54931262],[9.99183209,53.54931295],[9.99180476,53.54930329],[9.9916428,53.54919031],[9.99160014,53.54916598],[9.99130951,53.54903667],[9.99127152,53.54901634],[9.99059659,53.54862075],[9.99055526,53.54860009],[9.99033128,53.54852143],[9.99028795,53.54850843],[9.98997198,53.54844445],[9.98991832,53.54843846],[9.98922406,53.54842816],[9.9891684,53.54843182],[9.98870976,53.54847711],[9.98865243,53.54848544],[9.9884038,53.54854608],[9.9883588,53.54856007],[9.98771423,53.54881333],[9.9876799,53.54883099],[9.98724495,53.54911526],[9.98719229,53.54914792],[9.98664669,53.54955218],[9.9866087,53.54958151],[9.9864164,53.54976113],[9.98638874,53.54979079],[9.98628009,53.54991344],[9.98625476,53.54994344],[9.98620278,53.55003608],[9.98619112,53.55006641],[9.9860342,53.55057334],[9.98602454,53.550602],[9.98594591,53.55091795],[9.98593692,53.55095361],[9.98586101,53.55148921],[9.98585468,53.55152287],[9.98577404,53.55177949],[9.98576405,53.55181515],[9.98572908,53.55201911],[9.98572309,53.55204644],[9.98564411,53.55218674],[9.98562545,53.55221474],[9.98553913,53.55228739],[9.98550647,53.55230839],[9.98520785,53.55247366],[9.98517485,53.55249099],[9.98479857,53.55267459],[9.98476224,53.55269158],[9.9842623,53.55290353],[9.98422631,53.55292253],[9.98404168,53.55305249],[9.98401602,53.55307082],[9.98386971,53.55314179],[9.98383538,53.55315912],[9.98373374,53.5532321],[9.98371008,53.55323676],[9.98363776,53.5531991],[9.9836071,53.55317877],[9.98353011,53.55310546],[9.98351178,53.5530788],[9.98330055,53.55251624],[9.98329022,53.55248691],[9.98327157,53.55227895],[9.98326858,53.55225629],[9.98316296,53.55204101],[9.98315263,53.55201735],[9.98309566,53.55179406],[9.98309233,53.55177107],[9.98311897,53.55169075],[9.98312897,53.55167376],[9.98321661,53.55159545],[9.98321961,53.55158046],[9.98321495,53.55156113],[9.98320129,53.55154014],[9.98314697,53.55149482],[9.98310598,53.55147416],[9.98264403,53.55130288],[9.9825967,53.55128655],[9.98185246,53.55105996],[9.98181447,53.5510473],[9.9810646,53.55085176],[9.98102927,53.55084343],[9.98086595,53.55082812],[9.98082296,53.55083045],[9.98050633,53.55089075],[9.98046233,53.55089009],[9.97991308,53.55081849],[9.97987709,53.55081349],[9.97966445,53.55075985],[9.97963112,53.55074686],[9.97953815,53.55070454],[9.97950749,53.55069021],[9.97940651,53.55061491],[9.97937851,53.55059792],[9.97919487,53.55053194],[9.97915288,53.55052228],[9.97845997,53.55040103],[9.97841597,53.55039437],[9.97810666,53.55032274],[9.978056,53.55031341],[9.97765938,53.55026477],[9.97760172,53.55025711],[9.97629182,53.55000952],[9.97623316,53.54999886],[9.97561688,53.54992291],[9.97557222,53.54991625],[9.97518128,53.54976298],[9.97513229,53.54975699],[9.9750233,53.54975334],[9.97496464,53.549757],[9.97445903,53.54981763],[9.97440237,53.54982563],[9.97409273,53.5498856],[9.97402907,53.5499006],[9.97347177,53.5500469],[9.97340511,53.55006056],[9.97327312,53.55008254],[9.97320546,53.55009054],[9.97279183,53.55011584],[9.9727225,53.55012517],[9.9722502,53.5502188],[9.9721862,53.55023346],[9.9714416,53.55042137],[9.97139561,53.55043503],[9.97089434,53.5506843],[9.97085301,53.55070396],[9.97036743,53.55091521],[9.9703501,53.55091887],[9.97033777,53.5509202],[9.97033111,53.55092086],[9.9702668,53.55083456],[9.97025047,53.5508139],[9.97010987,53.55055094],[9.97007221,53.55054428],[9.9699889,53.55062093],[9.96995891,53.55063892],[9.96946064,53.55088519],[9.96943765,53.55088752],[9.96942965,53.55087252],[9.96945231,53.55085919],[9.96957596,53.55081221],[9.96961329,53.55079021],[9.96965662,53.55072755],[9.96966028,53.55069022],[9.96964995,53.55065089],[9.96962962,53.55061256],[9.96951897,53.55047391],[9.96949564,53.55044058],[9.96944165,53.55034059],[9.96941532,53.55030993],[9.96927667,53.55025462],[9.96921968,53.55024696],[9.96863008,53.55023433],[9.96857375,53.55023433],[9.96800013,53.55024931],[9.96794113,53.55024831],[9.96757917,53.550171],[9.96750551,53.55015967],[9.96660788,53.55005371],[9.96650588,53.55004271],[9.96285307,53.5496689],[9.96281108,53.54966457],[9.96196646,53.54960828],[9.9618818,53.54960462],[9.96111251,53.54960363],[9.96102585,53.54960463],[9.95899795,53.54965385],[9.95893529,53.54965651],[9.95826433,53.54971375],[9.958196,53.54972041],[9.95691542,53.54986999],[9.95685142,53.54987965],[9.95659011,53.54989229],[9.95652545,53.54989362],[9.95553785,53.54988099],[9.95547419,53.54987899],[9.95286376,53.54971455],[9.95281243,53.54971122],[9.95223016,53.5496503],[9.95218316,53.5496433],[9.94990467,53.54926486],[9.94984968,53.54925686],[9.94945638,53.54923622],[9.94941205,53.54923289],[9.94911542,53.54919526],[9.94906443,53.54918793],[9.94853147,53.5491063],[9.94847714,53.54909697],[9.94770421,53.54893738],[9.94765022,53.54892839],[9.94551309,53.54860489],[9.9454771,53.5485989],[9.94449157,53.5484937],[9.94443891,53.54848704],[9.94129385,53.548045],[9.94124352,53.54803901],[9.94008596,53.5479581],[9.94002497,53.54795511],[9.9390464,53.54793749],[9.93898774,53.54793549],[9.9380738,53.54788458],[9.93800514,53.54788225],[9.93753184,53.54787362],[9.93746651,53.54787428],[9.93687558,53.5479089],[9.93683259,53.54791089],[9.93665162,53.54793254],[9.93663062,53.54793787],[9.93647332,53.54801984],[9.93645533,53.5480235],[9.93614372,53.54802815],[9.93610639,53.54802782],[9.9360324,53.54805981],[9.93602174,53.54807947],[9.93598778,53.54827611],[9.93598479,53.54830844],[9.93598217,53.55012691],[9.93597284,53.5501589],[9.93591918,53.55020056],[9.93587552,53.55021189],[9.93527656,53.55024349],[9.93522956,53.55024815],[9.93519257,53.55025848],[9.93516757,53.55027381],[9.93514593,53.55034445],[9.93513794,53.55036144],[9.93508695,53.55039376],[9.93504296,53.55040642],[9.93486864,53.55042007],[9.93480498,53.55041941],[9.93297213,53.55032292],[9.93291247,53.55032592],[9.93002007,53.55061163],[9.92996374,53.55061829],[9.92949846,53.5507399],[9.92944147,53.55074389],[9.92926649,53.55072758],[9.9292095,53.55071525],[9.92866854,53.5505523],[9.92861021,53.55054064],[9.92718335,53.5504041],[9.92712735,53.5504051],[9.9269697,53.55043308],[9.92692171,53.55044841],[9.92585746,53.55084261],[9.92581647,53.55085761],[9.92565516,53.55089592],[9.92561717,53.55090025],[9.92496527,53.5509152],[9.92490861,53.55091586],[9.92364309,53.55098406],[9.9235961,53.55098605],[9.92235888,53.55100567],[9.92230722,53.55100733],[9.91956255,53.55118697],[9.91952556,53.55120463],[9.91948557,53.55125795],[9.91947757,53.55128994],[9.91945461,53.55163223],[9.91945361,53.55167323],[9.91946525,53.55182988],[9.91947158,53.55186721],[9.91957788,53.55207518],[9.91958488,53.55211018],[9.91958521,53.55214251],[9.91957722,53.55217184],[9.91954089,53.55222149],[9.91953889,53.55225082],[9.91959721,53.55232582],[9.91962987,53.55234381],[9.91980417,53.55236181],[9.91988283,53.55236281],[9.92010247,53.55224184],[9.92015613,53.55222951],[9.92032912,53.55220886],[9.92038645,53.5522052],[9.92066342,53.55220321],[9.92071575,53.5522042],[9.92086407,53.55222418],[9.92091073,53.55223818],[9.92116604,53.55234715],[9.92122303,53.55235848],[9.92140969,53.55237114],[9.92147402,53.5523718],[9.92219063,53.55235386],[9.92224862,53.55235386],[9.92236228,53.55236618],[9.92241494,53.55238084],[9.92249993,53.5524245],[9.92252659,53.55245116],[9.92255691,53.55250882],[9.92256291,53.55253915],[9.92257756,53.55274945],[9.92258322,53.55277745],[9.92264618,53.55296741],[9.92265118,53.55299274],[9.92267149,53.55321337],[9.92267815,53.5532397],[9.92272146,53.55330368],[9.92274012,53.55332234],[9.92286076,53.55337663],[9.92287509,53.55343729],[9.9228241,53.55348128],[9.92278811,53.55350427],[9.92253982,53.55364157],[9.92250316,53.55366456],[9.92238584,53.55375853],[9.92236418,53.55378286],[9.92232986,53.55383652],[9.9223172,53.55386485],[9.92226623,53.55403748],[9.92225857,53.55406414],[9.92225524,53.55409014],[9.92225857,53.55411413],[9.92229456,53.55415579],[9.92232756,53.55417378],[9.92248788,53.55421377],[9.92255221,53.55422376],[9.92423508,53.55444033],[9.92429574,53.55445232],[9.92548566,53.55481822],[9.92553332,53.55483422],[9.92636422,53.55518144],[9.92639588,53.55518944],[9.92651219,53.55517978],[9.92652252,53.55517478],[9.9267268,53.55503416],[9.9267688,53.55500717],[9.92707209,53.55485421],[9.92710108,53.55484055],[9.92739064,53.55476095],[9.9273923,53.55475996],[9.9268873,53.55461096],[9.92688198,53.55465329],[9.92687432,53.55466595],[9.92683266,53.55469027],[9.92705966,53.55491493],[9.92667906,53.55525254],[9.9266374,53.55525154],[9.9266004,53.55524721],[9.92656007,53.55523388],[9.92606982,53.55498796],[9.92602982,53.55497196],[9.92557189,53.55483002],[9.92552456,53.55481702],[9.92530724,53.55478371],[9.92524758,53.55477638],[9.92492728,53.55477738],[9.92486729,53.55477139],[9.92451233,53.55469777],[9.92446967,53.55468611],[9.92417904,53.55455416],[9.92414771,53.5545375],[9.92395443,53.5544202],[9.92394277,53.55441154],[9.92392109,53.55436458]]}}]}