{
  "type": "FeatureCollection",
  "features": [
    {
      "type": "Feature",
      "properties": {
        "creator": "BRouter-1.7.9",
        "name": "TrainToMunster",
        "track-length": "156776",
        "filtered ascend": "246",
        "plain-ascend": "55",
        "total-time": "12542",
        "total-energy": "6947728",
        "cost": "156776",
        "messages": [
          [
            "Longitude",
            "Latitude",
            "Elevation",
            "Distance",
            "CostPerKm",
            "ElevCost",
            "TurnCost",
            "NodeCost",
            "InitialCost",
            "WayTags",
            "NodeTags",
            "Time",
            "Energy"
          ],
          [
            "8847613",
            "52984561",
            "7",
            "1",
            "1000",
            "0",
            "0",
            "0",
            "0",
            "reversedirection=yes railway=rail",
            "railway=switch",
            "0",
            "43"
          ],
          [
            "8847187",
            "52983991",
            "8",
            "69",
            "1000",
            "0",
            "0",
            "0",
            "0",
            "railway=rail",
            "railway=switch",
            "5",
            "3188"
          ],
          [
            "8847139",
            "52983918",
            "8",
            "9",
            "1000",
            "0",
            "0",
            "0",
            "0",
            "railway=rail",
            "railway=signal",
            "6",
            "3594"
          ],
          [
            "8847049",
            "52983781",
            "8",
            "16",
            "1000",
            "0",
            "0",
            "0",
            "0",
            "railway=rail",
            "railway=signal",
            "7",
            "4313"
          ],
          [
            "8846740",
            "52983310",
            "8",
            "56",
            "1000",
            "0",
            "0",
            "0",
            "0",
            "railway=rail",
            "railway=signal",
            "12",
            "6813"
          ],
          [
            "8846634",
            "52983134",
            "8",
            "21",
            "1000",
            "0",
            "0",
            "0",
            "0",
            "railway=rail",
            "railway=switch",
            "13",
            "7746"
          ],
          [
            "8846472",
            "52982777",
            "8",
            "41",
            "1000",
            "0",
            "0",
            "0",
            "0",
            "railway=rail",
            "railway=switch",
            "17",
            "9563"
          ],
          [
            "8846179",
            "52982340",
            "8",
            "52",
            "1000",
            "0",
            "0",
            "0",
            "0",
            "railway=rail",
            "railway=switch",
            "21",
            "11861"
          ],
          [
            "8845671",
            "52981492",
            "8",
            "100",
            "1000",
            "0",
            "0",
            "0",
            "0",
            "railway=rail",
            "railway=switch",
            "29",
            "16269"
          ],
          [
            "8845582",
            "52981369",
            "8",
            "15",
            "1000",
            "0",
            "0",
            "0",
            "0",
            "reversedirection=yes railway=rail",
            "railway=signal",
            "30",
            "16930"
          ],
          [
            "8844901",
            "52980499",
            "9",
            "107",
            "1000",
            "0",
            "0",
            "0",
            "0",
            "reversedirection=yes railway=rail",
            "railway=signal",
            "38",
            "22219"
          ],
          [
            "8844701",
            "52980243",
            "9",
            "32",
            "1000",
            "0",
            "0",
            "0",
            "0",
            "reversedirection=yes railway=rail",
            "railway=switch",
            "41",
            "23710"
          ],
          [
            "8842463",
            "52977391",
            "9",
            "351",
            "1000",
            "0",
            "0",
            "0",
            "0",
            "reversedirection=yes railway=rail",
            "railway=signal",
            "69",
            "39364"
          ],
          [
            "8838653",
            "52972551",
            "11",
            "596",
            "1000",
            "0",
            "0",
            "0",
            "0",
            "reversedirection=yes railway=rail",
            "railway=signal",
            "117",
            "67347"
          ],
          [
            "8837579",
            "52971175",
            "11",
            "169",
            "1000",
            "0",
            "0",
            "0",
            "0",
            "reversedirection=yes railway=rail",
            "railway=signal",
            "130",
            "74784"
          ],
          [
            "8837111",
            "52970584",
            "11",
            "73",
            "1000",
            "0",
            "0",
            "0",
            "0",
            "reversedirection=yes railway=rail",
            "railway=switch",
            "136",
            "77995"
          ],
          [
            "8836331",
            "52969588",
            "12",
            "123",
            "1000",
            "0",
            "0",
            "0",
            "0",
            "reversedirection=yes railway=rail",
            "railway=unknown",
            "146",
            "84031"
          ],
          [
            "8836068",
            "52969255",
            "12",
            "41",
            "1000",
            "0",
            "0",
            "0",
            "0",
            "reversedirection=yes railway=rail",
            "railway=switch",
            "149",
            "85921"
          ],
          [
            "8835970",
            "52969129",
            "12",
            "15",
            "1000",
            "0",
            "0",
            "0",
            "0",
            "reversedirection=yes railway=rail",
            "railway=signal",
            "150",
            "86605"
          ],
          [
            "8835858",
            "52968983",
            "12",
            "18",
            "1000",
            "0",
            "0",
            "0",
            "0",
            "reversedirection=yes railway=rail",
            "railway=switch",
            "152",
            "87421"
          ],
          [
            "8835745",
            "52968838",
            "12",
            "18",
            "1000",
            "0",
            "0",
            "0",
            "0",
            "reversedirection=yes railway=rail",
            "railway=signal",
            "153",
            "88233"
          ],
          [
            "8835454",
            "52968466",
            "12",
            "46",
            "1000",
            "0",
            "0",
            "0",
            "0",
            "reversedirection=yes railway=rail",
            "railway=signal",
            "157",
            "90294"
          ],
          [
            "8835150",
            "52968083",
            "12",
            "47",
            "1000",
            "0",
            "0",
            "0",
            "0",
            "reversedirection=yes railway=rail",
            "railway=signal",
            "161",
            "92385"
          ],
          [
            "8833732",
            "52966266",
            "11",
            "224",
            "1000",
            "0",
            "0",
            "0",
            "0",
            "reversedirection=yes railway=rail",
            "railway=signal",
            "179",
            "101603"
          ],
          [
            "8827576",
            "52958391",
            "12",
            "969",
            "1000",
            "0",
            "0",
            "0",
            "0",
            "reversedirection=yes railway=rail",
            "railway=unknown",
            "256",
            "144896"
          ],
          [
            "8827373",
            "52958133",
            "12",
            "32",
            "1000",
            "0",
            "0",
            "0",
            "0",
            "reversedirection=yes railway=rail",
            "railway=signal",
            "259",
            "146305"
          ],
          [
            "8819968",
            "52948780",
            "15",
            "1154",
            "1000",
            "0",
            "0",
            "0",
            "0",
            "reversedirection=yes railway=rail",
            "railway=unknown",
            "351",
            "199682"
          ],
          [
            "8819415",
            "52948060",
            "15",
            "88",
            "1000",
            "0",
            "0",
            "0",
            "0",
            "reversedirection=yes railway=rail",
            "railway=halt",
            "358",
            "203572"
          ],
          [
            "8817361",
            "52945123",
            "14",
            "355",
            "1000",
            "0",
            "0",
            "0",
            "0",
            "reversedirection=yes railway=rail",
            "railway=signal",
            "387",
            "218850"
          ],
          [
            "8813223",
            "52938403",
            "17",
            "798",
            "1000",
            "0",
            "0",
            "0",
            "0",
            "reversedirection=yes railway=rail",
            "railway=signal",
            "450",
            "256287"
          ],
          [
            "8812445",
            "52937114",
            "18",
            "152",
            "1000",
            "0",
            "0",
            "0",
            "0",
            "reversedirection=yes railway=rail",
            "railway=unknown",
            "463",
            "263491"
          ],
          [
            "8812209",
            "52936706",
            "18",
            "48",
            "1000",
            "0",
            "0",
            "0",
            "0",
            "reversedirection=yes railway=rail",
            "railway=signal",
            "466",
            "265657"
          ],
          [
            "8811827",
            "52936008",
            "18",
            "82",
            "1000",
            "0",
            "0",
            "0",
            "0",
            "reversedirection=yes railway=rail",
            "railway=signal",
            "473",
            "269314"
          ],
          [
            "8810715",
            "52933403",
            "19",
            "299",
            "1000",
            "0",
            "0",
            "0",
            "0",
            "reversedirection=yes railway=rail",
            "railway=signal",
            "497",
            "283317"
          ],
          [
            "8809733",
            "52930147",
            "22",
            "368",
            "1000",
            "0",
            "0",
            "0",
            "0",
            "reversedirection=yes railway=rail",
            "railway=unknown",
            "526",
            "300193"
          ],
          [
            "8809398",
            "52927180",
            "26",
            "331",
            "1000",
            "0",
            "0",
            "0",
            "0",
            "reversedirection=yes railway=rail",
            "railway=signal",
            "553",
            "319417"
          ],
          [
            "8809417",
            "52923949",
            "22",
            "360",
            "1000",
            "0",
            "0",
            "0",
            "0",
            "reversedirection=yes railway=rail",
            "railway=signal",
            "582",
            "333133"
          ],
          [
            "8809429",
            "52923732",
            "22",
            "24",
            "1000",
            "0",
            "0",
            "0",
            "0",
            "reversedirection=yes railway=rail",
            "railway=switch",
            "583",
            "334079"
          ],
          [
            "8809521",
            "52923110",
            "24",
            "69",
            "1000",
            "0",
            "0",
            "0",
            "0",
            "reversedirection=yes railway=rail",
            "railway=switch",
            "589",
            "338012"
          ],
          [
            "8809577",
            "52921852",
            "30",
            "140",
            "1000",
            "0",
            "0",
            "0",
            "0",
            "reversedirection=yes railway=rail",
            "railway=signal",
            "600",
            "346449"
          ],
          [
            "8809808",
            "52917358",
            "31",
            "500",
            "1000",
            "0",
            "0",
            "0",
            "0",
            "reversedirection=yes railway=rail",
            "railway=unknown",
            "640",
            "372477"
          ],
          [
            "8809844",
            "52916695",
            "30",
            "74",
            "1000",
            "0",
            "0",
            "0",
            "0",
            "reversedirection=yes railway=rail",
            "railway=switch",
            "646",
            "375673"
          ],
          [
            "8809847",
            "52916645",
            "30",
            "6",
            "1000",
            "0",
            "0",
            "0",
            "0",
            "reversedirection=yes railway=rail",
            "railway=halt",
            "647",
            "375933"
          ],
          [
            "8809849",
            "52916600",
            "30",
            "5",
            "1000",
            "0",
            "0",
            "0",
            "0",
            "reversedirection=yes railway=rail",
            "railway=signal",
            "647",
            "376151"
          ],
          [
            "8809852",
            "52916518",
            "30",
            "9",
            "1000",
            "0",
            "0",
            "0",
            "0",
            "reversedirection=yes railway=rail",
            "railway=signal",
            "648",
            "376542"
          ],
          [
            "8809949",
            "52914949",
            "30",
            "174",
            "1000",
            "0",
            "0",
            "0",
            "0",
            "reversedirection=yes railway=rail",
            "railway=signal",
            "662",
            "383861"
          ],
          [
            "8809961",
            "52914792",
            "30",
            "17",
            "1000",
            "0",
            "0",
            "0",
            "0",
            "reversedirection=yes railway=rail",
            "railway=switch",
            "663",
            "384585"
          ],
          [
            "8809950",
            "52913966",
            "29",
            "92",
            "1000",
            "0",
            "0",
            "0",
            "0",
            "reversedirection=yes railway=rail",
            "railway=switch",
            "670",
            "388203"
          ],
          [
            "8809960",
            "52913782",
            "29",
            "20",
            "1000",
            "0",
            "0",
            "0",
            "0",
            "reversedirection=yes railway=rail",
            "railway=signal",
            "672",
            "388977"
          ],
          [
            "8809962",
            "52913754",
            "29",
            "3",
            "1000",
            "0",
            "0",
            "0",
            "0",
            "reversedirection=yes railway=rail",
            "railway=signal",
            "672",
            "389095"
          ],
          [
            "8809973",
            "52913552",
            "29",
            "22",
            "1000",
            "0",
            "0",
            "0",
            "0",
            "reversedirection=yes railway=rail",
            "railway=switch",
            "674",
            "389971"
          ],
          [
            "8809929",
            "52912892",
            "29",
            "74",
            "1000",
            "0",
            "0",
            "0",
            "0",
            "reversedirection=yes railway=rail",
            "railway=switch",
            "680",
            "393032"
          ],
          [
            "8809953",
            "52912648",
            "29",
            "27",
            "1000",
            "0",
            "0",
            "0",
            "0",
            "railway=rail",
            "railway=signal",
            "682",
            "394178"
          ],
          [
            "8810180",
            "52910364",
            "28",
            "255",
            "1000",
            "0",
            "0",
            "0",
            "0",
            "railway=rail",
            "railway=signal",
            "702",
            "404583"
          ],
          [
            "8810879",
            "52903099",
            "47",
            "810",
            "1000",
            "0",
            "0",
            "0",
            "0",
            "railway=rail",
            "",
            "767",
            "453420"
          ],
          [
            "8810941",
            "52901439",
            "47",
            "185",
            "1000",
            "0",
            "0",
            "0",
            "0",
            "reversedirection=yes railway=rail",
            "railway=signal",
            "782",
            "463495"
          ],
          [
            "8810823",
            "52899533",
            "43",
            "213",
            "1000",
            "0",
            "0",
            "0",
            "0",
            "reversedirection=yes railway=rail",
            "railway=signal",
            "799",
            "471516"
          ],
          [
            "8808043",
            "52891194",
            "43",
            "949",
            "1000",
            "0",
            "0",
            "0",
            "0",
            "reversedirection=yes railway=rail",
            "railway=signal",
            "875",
            "511970"
          ],
          [
            "8808015",
            "52891142",
            "43",
            "6",
            "1000",
            "0",
            "0",
            "0",
            "0",
            "reversedirection=yes railway=rail",
            "railway=unknown",
            "875",
            "512264"
          ],
          [
            "8797749",
            "52878348",
            "49",
            "1592",
            "1000",
            "0",
            "0",
            "0",
            "0",
            "reversedirection=yes railway=rail",
            "railway=unknown",
            "1003",
            "588082"
          ],
          [
            "8796880",
            "52877683",
            "50",
            "94",
            "1000",
            "0",
            "0",
            "0",
            "0",
            "reversedirection=yes railway=rail",
            "railway=signal",
            "1010",
            "592755"
          ],
          [
            "8795339",
            "52876646",
            "50",
            "155",
            "1000",
            "0",
            "0",
            "0",
            "0",
            "reversedirection=yes railway=rail",
            "railway=signal",
            "1023",
            "599844"
          ],
          [
            "8784832",
            "52871080",
            "41",
            "941",
            "1000",
            "0",
            "0",
            "0",
            "0",
            "reversedirection=yes railway=rail",
            "railway=signal",
            "1098",
            "634326"
          ],
          [
            "8784337",
            "52870846",
            "42",
            "42",
            "1000",
            "0",
            "0",
            "0",
            "0",
            "reversedirection=yes railway=rail",
            "railway=signal",
            "1101",
            "636373"
          ],
          [
            "8783757",
            "52870571",
            "43",
            "50",
            "1000",
            "0",
            "0",
            "0",
            "0",
            "reversedirection=yes railway=rail",
            "railway=signal",
            "1105",
            "638809"
          ],
          [
            "8782604",
            "52870019",
            "43",
            "98",
            "1000",
            "0",
            "0",
            "0",
            "0",
            "reversedirection=yes railway=rail",
            "railway=signal",
            "1113",
            "643347"
          ],
          [
            "8775175",
            "52866496",
            "44",
            "636",
            "1000",
            "0",
            "0",
            "0",
            "0",
            "reversedirection=yes railway=rail",
            "railway=unknown",
            "1164",
            "672781"
          ],
          [
            "8767917",
            "52863056",
            "47",
            "621",
            "1000",
            "0",
            "0",
            "0",
            "0",
            "reversedirection=yes railway=rail",
            "railway=signal",
            "1214",
            "702301"
          ],
          [
            "8756191",
            "52857437",
            "43",
            "1008",
            "1000",
            "0",
            "0",
            "0",
            "0",
            "reversedirection=yes railway=rail",
            "railway=signal",
            "1294",
            "743372"
          ],
          [
            "8753725",
            "52856050",
            "42",
            "227",
            "1000",
            "0",
            "0",
            "0",
            "0",
            "reversedirection=yes railway=rail",
            "railway=signal",
            "1313",
            "752331"
          ],
          [
            "8752739",
            "52855469",
            "42",
            "93",
            "1000",
            "0",
            "0",
            "0",
            "0",
            "reversedirection=yes railway=rail",
            "railway=signal",
            "1320",
            "756350"
          ],
          [
            "8752651",
            "52855414",
            "42",
            "9",
            "1000",
            "0",
            "0",
            "0",
            "0",
            "reversedirection=yes railway=rail",
            "",
            "1321",
            "756742"
          ],
          [
            "8751759",
            "52854878",
            "42",
            "85",
            "1000",
            "0",
            "0",
            "0",
            "0",
            "railway=rail",
            "railway=signal",
            "1328",
            "760456"
          ],
          [
            "8751546",
            "52854750",
            "42",
            "20",
            "1000",
            "0",
            "0",
            "0",
            "0",
            "railway=rail",
            "railway=switch",
            "1329",
            "761333"
          ],
          [
            "8751046",
            "52854446",
            "42",
            "48",
            "1000",
            "0",
            "0",
            "0",
            "0",
            "railway=rail",
            "railway=switch",
            "1333",
            "763691"
          ],
          [
            "8749908",
            "52853676",
            "43",
            "115",
            "1000",
            "0",
            "0",
            "0",
            "0",
            "reversedirection=yes railway=rail",
            "railway=switch",
            "1342",
            "769324"
          ],
          [
            "8749891",
            "52853666",
            "43",
            "2",
            "1000",
            "0",
            "0",
            "0",
            "0",
            "railway=rail",
            "railway=signal",
            "1342",
            "769418"
          ],
          [
            "8749788",
            "52853603",
            "43",
            "10",
            "1000",
            "0",
            "0",
            "0",
            "0",
            "railway=rail",
            "railway=signal",
            "1343",
            "769924"
          ],
          [
            "8749753",
            "52853582",
            "43",
            "3",
            "1000",
            "0",
            "0",
            "0",
            "0",
            "railway=rail",
            "railway=switch",
            "1343",
            "770075"
          ],
          [
            "8746975",
            "52851842",
            "45",
            "269",
            "1000",
            "0",
            "0",
            "0",
            "0",
            "railway=rail",
            "railway=signal",
            "1365",
            "783511"
          ],
          [
            "8742255",
            "52848900",
            "44",
            "456",
            "1000",
            "0",
            "0",
            "0",
            "0",
            "railway=rail",
            "railway=unknown",
            "1401",
            "803465"
          ],
          [
            "8741316",
            "52848315",
            "43",
            "91",
            "1000",
            "0",
            "0",
            "0",
            "0",
            "railway=rail",
            "railway=unknown",
            "1409",
            "806544"
          ],
          [
            "8740563",
            "52847840",
            "43",
            "73",
            "1000",
            "0",
            "0",
            "0",
            "0",
            "railway=rail",
            "railway=signal",
            "1415",
            "809433"
          ],
          [
            "8740220",
            "52847623",
            "43",
            "33",
            "1000",
            "0",
            "0",
            "0",
            "0",
            "railway=rail",
            "railway=unknown",
            "1417",
            "810800"
          ],
          [
            "8739167",
            "52846968",
            "43",
            "102",
            "1000",
            "0",
            "0",
            "0",
            "0",
            "railway=rail",
            "railway=signal",
            "1425",
            "815572"
          ],
          [
            "8738643",
            "52846643",
            "44",
            "50",
            "1000",
            "0",
            "0",
            "0",
            "0",
            "railway=rail",
            "",
            "1429",
            "817921"
          ],
          [
            "8737850",
            "52846145",
            "45",
            "77",
            "1000",
            "0",
            "0",
            "0",
            "0",
            "reversedirection=yes railway=rail",
            "railway=signal",
            "1436",
            "821907"
          ],
          [
            "8737728",
            "52846069",
            "45",
            "12",
            "1000",
            "0",
            "0",
            "0",
            "0",
            "reversedirection=yes railway=rail",
            "railway=unknown",
            "1436",
            "822493"
          ],
          [
            "8736321",
            "52845194",
            "46",
            "136",
            "1000",
            "0",
            "0",
            "0",
            "0",
            "reversedirection=yes railway=rail",
            "railway=switch",
            "1447",
            "829471"
          ],
          [
            "8736111",
            "52845063",
            "46",
            "20",
            "1000",
            "0",
            "0",
            "0",
            "0",
            "reversedirection=yes railway=rail",
            "railway=signal",
            "1449",
            "830414"
          ],
          [
            "8736099",
            "52845055",
            "46",
            "1",
            "1000",
            "0",
            "0",
            "0",
            "0",
            "reversedirection=yes railway=rail",
            "railway=signal",
            "1449",
            "830460"
          ],
          [
            "8735961",
            "52844974",
            "46",
            "13",
            "1000",
            "0",
            "0",
            "0",
            "0",
            "reversedirection=yes railway=rail",
            "railway=switch",
            "1450",
            "831093"
          ],
          [
            "8735844",
            "52844901",
            "46",
            "11",
            "1000",
            "0",
            "0",
            "0",
            "0",
            "reversedirection=yes railway=rail",
            "railway=unknown",
            "1451",
            "831646"
          ],
          [
            "8735335",
            "52844578",
            "46",
            "50",
            "1000",
            "0",
            "0",
            "0",
            "0",
            "reversedirection=yes railway=rail",
            "railway=signal",
            "1455",
            "833904"
          ],
          [
            "8731665",
            "52842292",
            "41",
            "354",
            "1000",
            "0",
            "0",
            "0",
            "0",
            "reversedirection=yes railway=rail",
            "railway=unknown",
            "1483",
            "847872"
          ],
          [
            "8730759",
            "52841730",
            "40",
            "87",
            "1000",
            "0",
            "0",
            "0",
            "0",
            "reversedirection=yes railway=rail",
            "railway=signal",
            "1490",
            "851143"
          ],
          [
            "8730130",
            "52841343",
            "38",
            "60",
            "1000",
            "0",
            "0",
            "0",
            "0",
            "reversedirection=yes railway=rail",
            "railway=unknown",
            "1495",
            "852905"
          ],
          [
            "8728750",
            "52840484",
            "33",
            "133",
            "1000",
            "0",
            "0",
            "0",
            "0",
            "reversedirection=yes railway=rail",
            "railway=signal",
            "1506",
            "855047"
          ],
          [
            "8722806",
            "52837304",
            "35",
            "534",
            "1000",
            "0",
            "0",
            "0",
            "0",
            "reversedirection=yes railway=rail",
            "railway=unknown",
            "1548",
            "875344"
          ],
          [
            "8721171",
            "52836485",
            "37",
            "142",
            "1000",
            "0",
            "0",
            "0",
            "0",
            "reversedirection=yes railway=rail",
            "railway=unknown",
            "1560",
            "883217"
          ],
          [
            "8720626",
            "52836206",
            "38",
            "48",
            "1000",
            "0",
            "0",
            "0",
            "0",
            "reversedirection=yes railway=rail",
            "railway=signal",
            "1564",
            "886005"
          ],
          [
            "8719595",
            "52835679",
            "40",
            "91",
            "1000",
            "0",
            "0",
            "0",
            "0",
            "reversedirection=yes railway=rail",
            "railway=signal",
            "1571",
            "891456"
          ],
          [
            "8718903",
            "52835326",
            "41",
            "61",
            "1000",
            "0",
            "0",
            "0",
            "0",
            "reversedirection=yes railway=rail",
            "railway=unknown",
            "1576",
            "895290"
          ],
          [
            "8708992",
            "52830264",
            "47",
            "874",
            "1000",
            "0",
            "0",
            "0",
            "0",
            "reversedirection=yes railway=rail",
            "railway=signal",
            "1646",
            "937089"
          ],
          [
            "8701133",
            "52826265",
            "50",
            "692",
            "1000",
            "0",
            "0",
            "0",
            "0",
            "reversedirection=yes railway=rail",
            "railway=signal",
            "1701",
            "970835"
          ],
          [
            "8698203",
            "52824775",
            "54",
            "258",
            "1000",
            "0",
            "0",
            "0",
            "0",
            "reversedirection=yes railway=rail",
            "railway=unknown",
            "1722",
            "984838"
          ],
          [
            "8695931",
            "52823618",
            "51",
            "200",
            "1000",
            "0",
            "0",
            "0",
            "0",
            "reversedirection=yes railway=rail",
            "railway=unknown",
            "1738",
            "993823"
          ],
          [
            "8691608",
            "52821419",
            "47",
            "380",
            "1000",
            "0",
            "0",
            "0",
            "0",
            "reversedirection=yes railway=rail",
            "railway=unknown",
            "1768",
            "1009703"
          ],
          [
            "8689912",
            "52820556",
            "47",
            "149",
            "1000",
            "0",
            "0",
            "0",
            "0",
            "reversedirection=yes railway=rail",
            "railway=signal",
            "1780",
            "1016242"
          ],
          [
            "8689735",
            "52820466",
            "47",
            "16",
            "1000",
            "0",
            "0",
            "0",
            "0",
            "reversedirection=yes railway=rail",
            "railway=signal",
            "1781",
            "1016945"
          ],
          [
            "8689326",
            "52820258",
            "47",
            "36",
            "1000",
            "0",
            "0",
            "0",
            "0",
            "reversedirection=yes railway=rail",
            "railway=unknown",
            "1784",
            "1018528"
          ],
          [
            "8687340",
            "52819247",
            "48",
            "175",
            "1000",
            "0",
            "0",
            "0",
            "0",
            "reversedirection=yes railway=rail",
            "railway=unknown",
            "1798",
            "1024764"
          ],
          [
            "8685295",
            "52818205",
            "48",
            "180",
            "1000",
            "0",
            "0",
            "0",
            "0",
            "reversedirection=yes railway=rail",
            "railway=unknown",
            "1813",
            "1032425"
          ],
          [
            "8682536",
            "52816800",
            "48",
            "243",
            "1000",
            "0",
            "0",
            "0",
            "0",
            "reversedirection=yes railway=rail",
            "railway=unknown",
            "1832",
            "1043067"
          ],
          [
            "8679852",
            "52815434",
            "48",
            "236",
            "1000",
            "0",
            "0",
            "0",
            "0",
            "reversedirection=yes railway=rail",
            "railway=unknown",
            "1851",
            "1053443"
          ],
          [
            "8678130",
            "52814556",
            "50",
            "152",
            "1000",
            "0",
            "0",
            "0",
            "0",
            "reversedirection=yes railway=rail",
            "railway=signal",
            "1863",
            "1061681"
          ],
          [
            "8677948",
            "52814463",
            "50",
            "16",
            "1000",
            "0",
            "0",
            "0",
            "0",
            "reversedirection=yes railway=rail",
            "railway=unknown",
            "1864",
            "1062514"
          ],
          [
            "8675658",
            "52813272",
            "52",
            "203",
            "1000",
            "0",
            "0",
            "0",
            "0",
            "reversedirection=yes railway=rail",
            "railway=unknown",
            "1881",
            "1073050"
          ],
          [
            "8673552",
            "52812044",
            "50",
            "197",
            "1000",
            "0",
            "0",
            "0",
            "0",
            "reversedirection=yes railway=rail",
            "railway=unknown",
            "1896",
            "1080714"
          ],
          [
            "8671342",
            "52810647",
            "47",
            "215",
            "1000",
            "0",
            "0",
            "0",
            "0",
            "reversedirection=yes railway=rail",
            "railway=unknown",
            "1914",
            "1087766"
          ],
          [
            "8670531",
            "52810077",
            "47",
            "84",
            "1000",
            "0",
            "0",
            "0",
            "0",
            "reversedirection=yes railway=rail",
            "railway=signal",
            "1920",
            "1091026"
          ],
          [
            "8669031",
            "52809021",
            "47",
            "155",
            "1000",
            "0",
            "0",
            "0",
            "0",
            "reversedirection=yes railway=rail",
            "railway=unknown",
            "1933",
            "1097583"
          ],
          [
            "8667485",
            "52807928",
            "48",
            "160",
            "1000",
            "0",
            "0",
            "0",
            "0",
            "reversedirection=yes railway=rail",
            "railway=unknown",
            "1945",
            "1105269"
          ],
          [
            "8665193",
            "52806307",
            "47",
            "238",
            "1000",
            "0",
            "0",
            "0",
            "0",
            "reversedirection=yes railway=rail",
            "railway=unknown",
            "1964",
            "1115744"
          ],
          [
            "8663647",
            "52805211",
            "46",
            "160",
            "1000",
            "0",
            "0",
            "0",
            "0",
            "reversedirection=yes railway=rail",
            "railway=unknown",
            "1977",
            "1121499"
          ],
          [
            "8661337",
            "52803574",
            "46",
            "240",
            "1000",
            "0",
            "0",
            "0",
            "0",
            "reversedirection=yes railway=rail",
            "railway=unknown",
            "1996",
            "1131760"
          ],
          [
            "8660638",
            "52803080",
            "46",
            "72",
            "1000",
            "0",
            "0",
            "0",
            "0",
            "reversedirection=yes railway=rail",
            "railway=signal",
            "2002",
            "1135138"
          ],
          [
            "8660521",
            "52802998",
            "46",
            "12",
            "1000",
            "0",
            "0",
            "0",
            "0",
            "reversedirection=yes railway=rail",
            "railway=signal",
            "2003",
            "1135714"
          ],
          [
            "8659820",
            "52802498",
            "47",
            "73",
            "1000",
            "0",
            "0",
            "0",
            "0",
            "reversedirection=yes railway=rail",
            "railway=unknown",
            "2009",
            "1139233"
          ],
          [
            "8659004",
            "52801920",
            "47",
            "85",
            "1000",
            "0",
            "0",
            "0",
            "0",
            "reversedirection=yes railway=rail",
            "railway=unknown",
            "2016",
            "1143135"
          ],
          [
            "8657517",
            "52800865",
            "48",
            "154",
            "1000",
            "0",
            "0",
            "0",
            "0",
            "reversedirection=yes railway=rail",
            "railway=unknown",
            "2028",
            "1150699"
          ],
          [
            "8655983",
            "52799776",
            "48",
            "159",
            "1000",
            "0",
            "0",
            "0",
            "0",
            "reversedirection=yes railway=rail",
            "railway=unknown",
            "2041",
            "1158040"
          ],
          [
            "8653757",
            "52798183",
            "49",
            "232",
            "1000",
            "0",
            "0",
            "0",
            "0",
            "reversedirection=yes railway=rail",
            "railway=unknown",
            "2059",
            "1169718"
          ],
          [
            "8652154",
            "52797054",
            "50",
            "165",
            "1000",
            "0",
            "0",
            "0",
            "0",
            "reversedirection=yes railway=rail",
            "railway=unknown",
            "2073",
            "1177105"
          ],
          [
            "8651084",
            "52796301",
            "51",
            "111",
            "1000",
            "0",
            "0",
            "0",
            "0",
            "reversedirection=yes railway=rail",
            "railway=signal",
            "2082",
            "1182600"
          ],
          [
            "8649848",
            "52795447",
            "51",
            "126",
            "1000",
            "0",
            "0",
            "0",
            "0",
            "reversedirection=yes railway=rail",
            "railway=unknown",
            "2092",
            "1188674"
          ],
          [
            "8647769",
            "52793976",
            "53",
            "216",
            "1000",
            "0",
            "0",
            "0",
            "0",
            "reversedirection=yes railway=rail",
            "railway=unknown",
            "2109",
            "1199728"
          ],
          [
            "8646984",
            "52793420",
            "54",
            "81",
            "1000",
            "0",
            "0",
            "0",
            "0",
            "reversedirection=yes railway=rail",
            "railway=switch",
            "2115",
            "1203894"
          ],
          [
            "8646887",
            "52793354",
            "54",
            "10",
            "1000",
            "0",
            "0",
            "0",
            "0",
            "reversedirection=yes railway=rail",
            "railway=signal",
            "2116",
            "1204379"
          ],
          [
            "8646802",
            "52793292",
            "54",
            "9",
            "1000",
            "0",
            "0",
            "0",
            "0",
            "reversedirection=yes railway=rail",
            "railway=switch",
            "2117",
            "1204813"
          ],
          [
            "8646195",
            "52792791",
            "54",
            "69",
            "1000",
            "0",
            "0",
            "0",
            "0",
            "reversedirection=yes railway=rail",
            "railway=switch",
            "2122",
            "1208157"
          ],
          [
            "8646024",
            "52792639",
            "54",
            "20",
            "1000",
            "0",
            "0",
            "0",
            "0",
            "reversedirection=yes railway=rail",
            "railway=signal",
            "2124",
            "1209093"
          ],
          [
            "8644939",
            "52791838",
            "54",
            "116",
            "1000",
            "0",
            "0",
            "0",
            "0",
            "reversedirection=yes railway=rail",
            "railway=signal",
            "2133",
            "1214100"
          ],
          [
            "8644856",
            "52791781",
            "54",
            "8",
            "1000",
            "0",
            "0",
            "0",
            "0",
            "reversedirection=yes railway=rail",
            "railway=halt",
            "2134",
            "1214445"
          ],
          [
            "8642790",
            "52790309",
            "54",
            "215",
            "1000",
            "0",
            "0",
            "0",
            "0",
            "reversedirection=yes railway=rail",
            "railway=halt",
            "2151",
            "1223827"
          ],
          [
            "8641683",
            "52789519",
            "53",
            "115",
            "1000",
            "0",
            "0",
            "0",
            "0",
            "reversedirection=yes railway=rail",
            "railway=signal",
            "2160",
            "1228426"
          ],
          [
            "8641582",
            "52789448",
            "53",
            "10",
            "1000",
            "0",
            "0",
            "0",
            "0",
            "reversedirection=yes railway=rail",
            "railway=switch",
            "2161",
            "1228825"
          ],
          [
            "8637908",
            "52786924",
            "54",
            "375",
            "1000",
            "0",
            "0",
            "0",
            "0",
            "reversedirection=yes railway=rail",
            "railway=signal",
            "2191",
            "1245798"
          ],
          [
            "8637854",
            "52786887",
            "54",
            "5",
            "1000",
            "0",
            "0",
            "0",
            "0",
            "reversedirection=yes railway=rail",
            "railway=signal",
            "2191",
            "1246019"
          ],
          [
            "8637586",
            "52786706",
            "54",
            "27",
            "1000",
            "0",
            "0",
            "0",
            "0",
            "reversedirection=yes railway=rail",
            "railway=switch",
            "2194",
            "1247209"
          ],
          [
            "8636634",
            "52786093",
            "55",
            "94",
            "1000",
            "0",
            "0",
            "0",
            "0",
            "reversedirection=yes railway=rail",
            "railway=switch",
            "2201",
            "1251887"
          ],
          [
            "8636616",
            "52786080",
            "54",
            "2",
            "1000",
            "0",
            "0",
            "0",
            "0",
            "reversedirection=yes railway=rail",
            "railway=signal",
            "2201",
            "1251977"
          ],
          [
            "8636120",
            "52785735",
            "55",
            "51",
            "1000",
            "0",
            "0",
            "0",
            "0",
            "reversedirection=yes railway=rail",
            "railway=signal",
            "2205",
            "1254359"
          ],
          [
            "8635926",
            "52785600",
            "55",
            "20",
            "1000",
            "0",
            "0",
            "0",
            "0",
            "reversedirection=yes railway=rail",
            "railway=switch",
            "2207",
            "1255276"
          ],
          [
            "8634940",
            "52784956",
            "56",
            "97",
            "1000",
            "0",
            "0",
            "0",
            "0",
            "railway=rail",
            "railway=switch",
            "2215",
            "1260142"
          ],
          [
            "8634087",
            "52784355",
            "56",
            "88",
            "1000",
            "0",
            "0",
            "0",
            "0",
            "railway=rail",
            "railway=switch",
            "2222",
            "1264278"
          ],
          [
            "8634059",
            "52784335",
            "56",
            "3",
            "1000",
            "0",
            "0",
            "0",
            "0",
            "railway=rail",
            "railway=signal",
            "2222",
            "1264416"
          ],
          [
            "8632853",
            "52783488",
            "56",
            "125",
            "1000",
            "0",
            "0",
            "0",
            "0",
            "railway=rail",
            "railway=signal",
            "2232",
            "1270044"
          ],
          [
            "8623268",
            "52776648",
            "55",
            "1000",
            "1000",
            "0",
            "0",
            "0",
            "0",
            "railway=rail",
            "railway=signal",
            "2312",
            "1313198"
          ],
          [
            "8623173",
            "52776582",
            "55",
            "10",
            "1000",
            "0",
            "0",
            "0",
            "0",
            "railway=rail",
            "railway=unknown",
            "2313",
            "1313638"
          ],
          [
            "8621502",
            "52775403",
            "53",
            "173",
            "1000",
            "0",
            "0",
            "0",
            "0",
            "railway=rail",
            "railway=signal",
            "2327",
            "1319795"
          ],
          [
            "8612805",
            "52768168",
            "49",
            "998",
            "1000",
            "0",
            "0",
            "0",
            "0",
            "railway=rail",
            "railway=signal",
            "2407",
            "1360518"
          ],
          [
            "8612666",
            "52768036",
            "50",
            "17",
            "1000",
            "0",
            "0",
            "0",
            "0",
            "railway=rail",
            "railway=unknown",
            "2408",
            "1361299"
          ],
          [
            "8609615",
            "52765122",
            "51",
            "384",
            "1000",
            "0",
            "0",
            "0",
            "0",
            "railway=rail",
            "railway=signal",
            "2439",
            "1379229"
          ],
          [
            "8609489",
            "52765001",
            "51",
            "16",
            "1000",
            "0",
            "0",
            "0",
            "0",
            "railway=rail",
            "railway=unknown",
            "2440",
            "1379936"
          ],
          [
            "8603793",
            "52759597",
            "51",
            "714",
            "1000",
            "0",
            "0",
            "0",
            "0",
            "railway=rail",
            "railway=signal",
            "2497",
            "1411361"
          ],
          [
            "8600992",
            "52757252",
            "51",
            "322",
            "1000",
            "0",
            "0",
            "0",
            "0",
            "railway=rail",
            "railway=signal",
            "2523",
            "1425446"
          ],
          [
            "8599470",
            "52756128",
            "50",
            "162",
            "1000",
            "0",
            "0",
            "0",
            "0",
            "railway=rail",
            "railway=signal",
            "2536",
            "1432271"
          ],
          [
            "8599054",
            "52755843",
            "50",
            "42",
            "1000",
            "0",
            "0",
            "0",
            "0",
            "railway=rail",
            "railway=unknown",
            "2539",
            "1433946"
          ],
          [
            "8591130",
            "52751055",
            "45",
            "756",
            "1000",
            "0",
            "0",
            "0",
            "0",
            "railway=rail",
            "railway=signal",
            "2600",
            "1462478"
          ],
          [
            "8590615",
            "52750753",
            "46",
            "48",
            "1000",
            "0",
            "0",
            "0",
            "0",
            "railway=rail",
            "railway=unknown",
            "2603",
            "1464916"
          ],
          [
            "8588048",
            "52749255",
            "47",
            "240",
            "1000",
            "0",
            "0",
            "0",
            "0",
            "railway=rail",
            "railway=signal",
            "2623",
            "1476758"
          ],
          [
            "8587291",
            "52748814",
            "47",
            "71",
            "1000",
            "0",
            "0",
            "0",
            "0",
            "railway=rail",
            "railway=switch",
            "2628",
            "1479946"
          ],
          [
            "8587196",
            "52748761",
            "47",
            "9",
            "1000",
            "0",
            "0",
            "0",
            "0",
            "railway=rail",
            "railway=signal",
            "2629",
            "1480347"
          ],
          [
            "8587161",
            "52748740",
            "47",
            "3",
            "1000",
            "0",
            "0",
            "0",
            "0",
            "railway=rail",
            "railway=switch",
            "2629",
            "1480481"
          ],
          [
            "8586272",
            "52748221",
            "47",
            "83",
            "1000",
            "0",
            "0",
            "0",
            "0",
            "railway=rail",
            "railway=signal",
            "2636",
            "1484163"
          ],
          [
            "8577763",
            "52743264",
            "47",
            "797",
            "1000",
            "0",
            "0",
            "0",
            "0",
            "railway=rail",
            "railway=signal",
            "2700",
            "1519244"
          ],
          [
            "8576722",
            "52742659",
            "47",
            "97",
            "1000",
            "0",
            "0",
            "0",
            "0",
            "railway=rail",
            "railway=switch",
            "2707",
            "1523511"
          ],
          [
            "8576625",
            "52742600",
            "47",
            "9",
            "1000",
            "0",
            "0",
            "0",
            "0",
            "railway=rail",
            "railway=signal",
            "2708",
            "1523906"
          ],
          [
            "8574223",
            "52741203",
            "46",
            "225",
            "1000",
            "0",
            "0",
            "0",
            "0",
            "railway=rail",
            "railway=signal",
            "2726",
            "1533013"
          ],
          [
            "8574163",
            "52741168",
            "45",
            "6",
            "1000",
            "0",
            "0",
            "0",
            "0",
            "railway=rail",
            "railway=switch",
            "2727",
            "1533259"
          ],
          [
            "8572971",
            "52740416",
            "45",
            "116",
            "1000",
            "0",
            "0",
            "0",
            "0",
            "reversedirection=yes railway=rail",
            "railway=switch",
            "2736",
            "1537704"
          ],
          [
            "8572926",
            "52740389",
            "45",
            "4",
            "1000",
            "0",
            "0",
            "0",
            "0",
            "reversedirection=yes railway=rail",
            "railway=signal",
            "2736",
            "1537868"
          ],
          [
            "8571946",
            "52739819",
            "43",
            "92",
            "1000",
            "0",
            "0",
            "0",
            "0",
            "reversedirection=yes railway=rail",
            "railway=signal",
            "2744",
            "1540812"
          ],
          [
            "8569948",
            "52738660",
            "41",
            "187",
            "1000",
            "0",
            "0",
            "0",
            "0",
            "reversedirection=yes railway=rail",
            "railway=signal",
            "2759",
            "1548979"
          ],
          [
            "8569269",
            "52738264",
            "41",
            "64",
            "1000",
            "0",
            "0",
            "0",
            "0",
            "reversedirection=yes railway=rail",
            "railway=unknown",
            "2764",
            "1551789"
          ],
          [
            "8559001",
            "52732584",
            "43",
            "940",
            "1000",
            "0",
            "0",
            "0",
            "0",
            "reversedirection=yes railway=rail",
            "railway=signal",
            "2839",
            "1592225"
          ],
          [
            "8549268",
            "52727788",
            "39",
            "847",
            "1000",
            "0",
            "0",
            "0",
            "0",
            "reversedirection=yes railway=rail",
            "railway=unknown",
            "2907",
            "1628620"
          ],
          [
            "8544655",
            "52725526",
            "40",
            "400",
            "1000",
            "0",
            "0",
            "0",
            "0",
            "reversedirection=yes railway=rail",
            "railway=unknown",
            "2939",
            "1644480"
          ],
          [
            "8541983",
            "52724212",
            "41",
            "232",
            "1000",
            "0",
            "0",
            "0",
            "0",
            "reversedirection=yes railway=rail",
            "railway=signal",
            "2957",
            "1655452"
          ],
          [
            "8541907",
            "52724175",
            "41",
            "7",
            "1000",
            "0",
            "0",
            "0",
            "0",
            "reversedirection=yes railway=rail",
            "railway=unknown",
            "2958",
            "1655765"
          ],
          [
            "8531861",
            "52719191",
            "40",
            "876",
            "1000",
            "0",
            "0",
            "0",
            "0",
            "reversedirection=yes railway=rail",
            "railway=signal",
            "3028",
            "1693491"
          ],
          [
            "8530893",
            "52718715",
            "40",
            "84",
            "1000",
            "0",
            "0",
            "0",
            "0",
            "reversedirection=yes railway=rail",
            "railway=unknown",
            "3035",
            "1697186"
          ],
          [
            "8530478",
            "52718512",
            "39",
            "36",
            "1000",
            "0",
            "0",
            "0",
            "0",
            "reversedirection=yes railway=rail",
            "railway=signal",
            "3037",
            "1698503"
          ],
          [
            "8523540",
            "52715103",
            "34",
            "603",
            "1000",
            "0",
            "0",
            "0",
            "0",
            "reversedirection=yes railway=rail",
            "railway=unknown",
            "3086",
            "1722650"
          ],
          [
            "8520367",
            "52713518",
            "33",
            "277",
            "1000",
            "0",
            "0",
            "0",
            "0",
            "reversedirection=yes railway=rail",
            "railway=signal",
            "3108",
            "1734001"
          ],
          [
            "8519566",
            "52713099",
            "32",
            "71",
            "1000",
            "0",
            "0",
            "0",
            "0",
            "reversedirection=yes railway=rail",
            "railway=unknown",
            "3113",
            "1736983"
          ],
          [
            "8516485",
            "52711314",
            "31",
            "287",
            "1000",
            "0",
            "0",
            "0",
            "0",
            "reversedirection=yes railway=rail",
            "railway=signal",
            "3136",
            "1748106"
          ],
          [
            "8516375",
            "52711250",
            "31",
            "10",
            "1000",
            "0",
            "0",
            "0",
            "0",
            "reversedirection=yes railway=rail",
            "railway=switch",
            "3137",
            "1748529"
          ],
          [
            "8515430",
            "52710676",
            "31",
            "90",
            "1000",
            "0",
            "0",
            "0",
            "0",
            "reversedirection=yes railway=rail",
            "railway=signal",
            "3144",
            "1752391"
          ],
          [
            "8515021",
            "52710426",
            "31",
            "39",
            "1000",
            "0",
            "0",
            "0",
            "0",
            "reversedirection=yes railway=rail",
            "railway=unknown",
            "3148",
            "1754085"
          ],
          [
            "8514932",
            "52710372",
            "30",
            "8",
            "1000",
            "0",
            "0",
            "0",
            "0",
            "reversedirection=yes railway=rail",
            "railway=signal",
            "3148",
            "1754416"
          ],
          [
            "8512826",
            "52709070",
            "30",
            "203",
            "1000",
            "0",
            "0",
            "0",
            "0",
            "reversedirection=yes railway=rail",
            "railway=signal",
            "3164",
            "1762594"
          ],
          [
            "8512625",
            "52708926",
            "29",
            "21",
            "1000",
            "0",
            "0",
            "0",
            "0",
            "reversedirection=yes railway=rail",
            "railway=switch",
            "3166",
            "1763446"
          ],
          [
            "8511771",
            "52708290",
            "31",
            "92",
            "1000",
            "0",
            "0",
            "0",
            "0",
            "reversedirection=yes railway=rail",
            "railway=switch",
            "3173",
            "1766187"
          ],
          [
            "8511706",
            "52708244",
            "31",
            "7",
            "1000",
            "0",
            "0",
            "0",
            "0",
            "reversedirection=yes railway=rail",
            "railway=signal",
            "3174",
            "1766473"
          ],
          [
            "8504357",
            "52702865",
            "28",
            "777",
            "1000",
            "0",
            "0",
            "0",
            "0",
            "reversedirection=yes railway=rail",
            "railway=signal",
            "3236",
            "1797636"
          ],
          [
            "8504278",
            "52702806",
            "28",
            "8",
            "1000",
            "0",
            "0",
            "0",
            "0",
            "reversedirection=yes railway=rail",
            "railway=switch",
            "3237",
            "1797976"
          ],
          [
            "8503419",
            "52702211",
            "28",
            "88",
            "1000",
            "0",
            "0",
            "0",
            "0",
            "reversedirection=yes railway=rail",
            "railway=switch",
            "3244",
            "1801761"
          ],
          [
            "8503303",
            "52702117",
            "28",
            "13",
            "1000",
            "0",
            "0",
            "0",
            "0",
            "reversedirection=yes railway=rail",
            "railway=signal",
            "3245",
            "1802326"
          ],
          [
            "8503222",
            "52702052",
            "28",
            "9",
            "1000",
            "0",
            "0",
            "0",
            "0",
            "reversedirection=yes railway=rail",
            "railway=signal",
            "3246",
            "1802717"
          ],
          [
            "8502050",
            "52701100",
            "35",
            "132",
            "1000",
            "0",
            "0",
            "0",
            "0",
            "reversedirection=yes railway=rail",
            "railway=unknown",
            "3256",
            "1811076"
          ],
          [
            "8501649",
            "52700771",
            "35",
            "46",
            "1000",
            "0",
            "0",
            "0",
            "0",
            "reversedirection=yes railway=rail",
            "railway=signal",
            "3260",
            "1813442"
          ],
          [
            "8500434",
            "52699744",
            "36",
            "141",
            "1000",
            "0",
            "0",
            "0",
            "0",
            "reversedirection=yes railway=rail",
            "railway=switch",
            "3271",
            "1820755"
          ],
          [
            "8500354",
            "52699677",
            "36",
            "9",
            "1000",
            "0",
            "0",
            "0",
            "0",
            "reversedirection=yes railway=rail",
            "railway=signal",
            "3272",
            "1821182"
          ],
          [
            "8500231",
            "52699574",
            "36",
            "14",
            "1000",
            "0",
            "0",
            "0",
            "0",
            "reversedirection=yes railway=rail",
            "railway=unknown",
            "3273",
            "1821841"
          ],
          [
            "8499857",
            "52699262",
            "36",
            "43",
            "1000",
            "0",
            "0",
            "0",
            "0",
            "reversedirection=yes railway=rail",
            "railway=signal",
            "3276",
            "1823986"
          ],
          [
            "8498090",
            "52697676",
            "38",
            "213",
            "1000",
            "0",
            "0",
            "0",
            "0",
            "reversedirection=yes railway=rail",
            "railway=signal",
            "3293",
            "1834790"
          ],
          [
            "8496989",
            "52696604",
            "38",
            "141",
            "1000",
            "0",
            "0",
            "0",
            "0",
            "reversedirection=yes railway=rail",
            "railway=unknown",
            "3305",
            "1841265"
          ],
          [
            "8490787",
            "52689956",
            "36",
            "851",
            "1000",
            "0",
            "0",
            "0",
            "0",
            "reversedirection=yes railway=rail",
            "railway=signal",
            "3373",
            "1879668"
          ],
          [
            "8489315",
            "52688369",
            "36",
            "203",
            "1000",
            "0",
            "0",
            "0",
            "0",
            "reversedirection=yes railway=rail",
            "railway=unknown",
            "3389",
            "1888597"
          ],
          [
            "8480172",
            "52678545",
            "34",
            "1257",
            "1000",
            "0",
            "0",
            "0",
            "0",
            "reversedirection=yes railway=rail",
            "railway=signal",
            "3490",
            "1942933"
          ],
          [
            "8474676",
            "52673754",
            "35",
            "651",
            "1000",
            "0",
            "0",
            "0",
            "0",
            "reversedirection=yes railway=rail",
            "railway=signal",
            "3542",
            "1971813"
          ],
          [
            "8474380",
            "52673523",
            "35",
            "33",
            "1000",
            "0",
            "0",
            "0",
            "0",
            "reversedirection=yes railway=rail",
            "railway=unknown",
            "3544",
            "1973215"
          ],
          [
            "8468901",
            "52669240",
            "35",
            "604",
            "1000",
            "0",
            "0",
            "0",
            "0",
            "reversedirection=yes railway=rail",
            "railway=unknown",
            "3593",
            "1999657"
          ],
          [
            "8466894",
            "52667671",
            "32",
            "221",
            "1000",
            "0",
            "0",
            "0",
            "0",
            "reversedirection=yes railway=rail",
            "railway=signal",
            "3610",
            "2009377"
          ],
          [
            "8465381",
            "52666483",
            "32",
            "168",
            "1000",
            "0",
            "0",
            "0",
            "0",
            "reversedirection=yes railway=rail",
            "railway=unknown",
            "3624",
            "2015612"
          ],
          [
            "8465258",
            "52666386",
            "33",
            "14",
            "1000",
            "0",
            "0",
            "0",
            "0",
            "reversedirection=yes railway=rail",
            "railway=signal",
            "3625",
            "2016148"
          ],
          [
            "8458139",
            "52660807",
            "34",
            "786",
            "1000",
            "0",
            "0",
            "0",
            "0",
            "reversedirection=yes railway=rail",
            "railway=unknown",
            "3688",
            "2051072"
          ],
          [
            "8457528",
            "52660329",
            "34",
            "67",
            "1000",
            "0",
            "0",
            "0",
            "0",
            "reversedirection=yes railway=rail",
            "railway=signal",
            "3693",
            "2054019"
          ],
          [
            "8454098",
            "52657626",
            "35",
            "380",
            "1000",
            "0",
            "0",
            "0",
            "0",
            "reversedirection=yes railway=rail",
            "railway=unknown",
            "3724",
            "2071463"
          ],
          [
            "8454050",
            "52657588",
            "35",
            "5",
            "1000",
            "0",
            "0",
            "0",
            "0",
            "reversedirection=yes railway=rail",
            "railway=switch",
            "3724",
            "2071691"
          ],
          [
            "8453371",
            "52657140",
            "35",
            "68",
            "1000",
            "0",
            "0",
            "0",
            "0",
            "reversedirection=yes railway=rail",
            "railway=switch",
            "3729",
            "2074754"
          ],
          [
            "8451813",
            "52655925",
            "35",
            "171",
            "1000",
            "0",
            "0",
            "0",
            "0",
            "railway=rail",
            "railway=signal",
            "3743",
            "2082336"
          ],
          [
            "8447464",
            "52652545",
            "34",
            "478",
            "1000",
            "0",
            "0",
            "0",
            "0",
            "railway=rail",
            "railway=signal",
            "3781",
            "2102498"
          ],
          [
            "8444521",
            "52650252",
            "36",
            "324",
            "1000",
            "0",
            "0",
            "0",
            "0",
            "railway=rail",
            "railway=signal",
            "3807",
            "2118439"
          ],
          [
            "8443421",
            "52649378",
            "36",
            "122",
            "1000",
            "0",
            "0",
            "0",
            "0",
            "railway=rail",
            "railway=switch",
            "3817",
            "2123854"
          ],
          [
            "8443398",
            "52649360",
            "36",
            "3",
            "1000",
            "0",
            "0",
            "0",
            "0",
            "railway=rail",
            "railway=unknown",
            "3817",
            "2123986"
          ],
          [
            "8440083",
            "52646751",
            "36",
            "367",
            "1000",
            "0",
            "0",
            "0",
            "0",
            "railway=rail",
            "railway=signal",
            "3847",
            "2140352"
          ],
          [
            "8439692",
            "52646444",
            "35",
            "43",
            "1000",
            "0",
            "0",
            "0",
            "0",
            "railway=rail",
            "railway=unknown",
            "3850",
            "2141864"
          ],
          [
            "8432295",
            "52640646",
            "38",
            "817",
            "1000",
            "0",
            "0",
            "0",
            "0",
            "railway=rail",
            "railway=signal",
            "3915",
            "2179684"
          ],
          [
            "8430973",
            "52639608",
            "38",
            "146",
            "1000",
            "0",
            "0",
            "0",
            "0",
            "railway=rail",
            "railway=signal",
            "3927",
            "2186150"
          ],
          [
            "8430627",
            "52639336",
            "38",
            "38",
            "1000",
            "0",
            "0",
            "0",
            "0",
            "railway=rail",
            "railway=unknown",
            "3930",
            "2187826"
          ],
          [
            "8423224",
            "52633538",
            "37",
            "817",
            "1000",
            "0",
            "0",
            "0",
            "0",
            "railway=rail",
            "railway=signal",
            "3995",
            "2222889"
          ],
          [
            "8419587",
            "52630690",
            "41",
            "401",
            "1000",
            "0",
            "0",
            "0",
            "0",
            "railway=rail",
            "railway=signal",
            "4028",
            "2241393"
          ],
          [
            "8419544",
            "52630657",
            "41",
            "5",
            "1000",
            "0",
            "0",
            "0",
            "0",
            "railway=rail",
            "railway=unknown",
            "4028",
            "2241614"
          ],
          [
            "8407321",
            "52623159",
            "38",
            "1177",
            "1000",
            "0",
            "0",
            "0",
            "0",
            "railway=rail",
            "railway=signal",
            "4122",
            "2293626"
          ],
          [
            "8407243",
            "52623115",
            "38",
            "7",
            "1000",
            "0",
            "0",
            "0",
            "0",
            "railway=rail",
            "railway=unknown",
            "4123",
            "2293919"
          ],
          [
            "8404693",
            "52621666",
            "37",
            "236",
            "1000",
            "0",
            "0",
            "0",
            "0",
            "railway=rail",
            "railway=unknown",
            "4142",
            "2303309"
          ],
          [
            "8396168",
            "52616805",
            "36",
            "791",
            "1000",
            "0",
            "0",
            "0",
            "0",
            "railway=rail",
            "railway=signal",
            "4205",
            "2337115"
          ],
          [
            "8396099",
            "52616765",
            "36",
            "6",
            "1000",
            "0",
            "0",
            "0",
            "0",
            "railway=rail",
            "railway=unknown",
            "4205",
            "2337379"
          ],
          [
            "8393694",
            "52615394",
            "36",
            "223",
            "1000",
            "0",
            "0",
            "0",
            "0",
            "railway=rail",
            "railway=signal",
            "4223",
            "2347188"
          ],
          [
            "8391950",
            "52614402",
            "36",
            "162",
            "1000",
            "0",
            "0",
            "0",
            "0",
            "railway=rail",
            "railway=unknown",
            "4236",
            "2354313"
          ],
          [
            "8391559",
            "52614182",
            "36",
            "36",
            "1000",
            "0",
            "0",
            "0",
            "0",
            "railway=rail",
            "railway=signal",
            "4239",
            "2355897"
          ],
          [
            "8391541",
            "52614172",
            "36",
            "2",
            "1000",
            "0",
            "0",
            "0",
            "0",
            "railway=rail",
            "railway=switch",
            "4239",
            "2355985"
          ],
          [
            "8390381",
            "52613462",
            "36",
            "111",
            "1000",
            "0",
            "0",
            "0",
            "0",
            "reversedirection=yes railway=rail",
            "railway=switch",
            "4248",
            "2360867"
          ],
          [
            "8389510",
            "52612967",
            "36",
            "81",
            "1000",
            "0",
            "0",
            "0",
            "0",
            "reversedirection=yes railway=rail",
            "railway=signal",
            "4255",
            "2364430"
          ],
          [
            "8389281",
            "52612835",
            "36",
            "21",
            "1000",
            "0",
            "0",
            "0",
            "0",
            "reversedirection=yes railway=rail",
            "railway=signal",
            "4256",
            "2365354"
          ],
          [
            "8389271",
            "52612829",
            "35",
            "1",
            "1000",
            "0",
            "0",
            "0",
            "0",
            "reversedirection=yes railway=rail",
            "railway=signal",
            "4256",
            "2365396"
          ],
          [
            "8389264",
            "52612825",
            "36",
            "1",
            "1000",
            "0",
            "0",
            "0",
            "0",
            "reversedirection=yes railway=rail",
            "railway=switch",
            "4256",
            "2365440"
          ],
          [
            "8388959",
            "52612643",
            "36",
            "29",
            "1000",
            "0",
            "0",
            "0",
            "0",
            "reversedirection=yes railway=rail",
            "railway=signal",
            "4259",
            "2366716"
          ],
          [
            "8388197",
            "52612154",
            "36",
            "74",
            "1000",
            "0",
            "0",
            "0",
            "0",
            "reversedirection=yes railway=rail",
            "railway=switch",
            "4265",
            "2369971"
          ],
          [
            "8387948",
            "52612012",
            "36",
            "23",
            "1000",
            "0",
            "0",
            "0",
            "0",
            "reversedirection=yes railway=rail",
            "railway=signal",
            "4266",
            "2370983"
          ],
          [
            "8385904",
            "52610713",
            "36",
            "200",
            "1000",
            "0",
            "0",
            "0",
            "0",
            "reversedirection=yes railway=rail",
            "railway=signal",
            "4282",
            "2379761"
          ],
          [
            "8385627",
            "52610502",
            "36",
            "30",
            "1000",
            "0",
            "0",
            "0",
            "0",
            "reversedirection=yes railway=rail",
            "railway=unknown",
            "4285",
            "2381086"
          ],
          [
            "8385311",
            "52610261",
            "36",
            "34",
            "1000",
            "0",
            "0",
            "0",
            "0",
            "reversedirection=yes railway=rail",
            "railway=signal",
            "4288",
            "2382586"
          ],
          [
            "8385282",
            "52610240",
            "36",
            "3",
            "1000",
            "0",
            "0",
            "0",
            "0",
            "reversedirection=yes railway=rail",
            "railway=switch",
            "4288",
            "2382718"
          ],
          [
            "8384516",
            "52609539",
            "36",
            "94",
            "1000",
            "0",
            "0",
            "0",
            "0",
            "reversedirection=yes railway=rail",
            "railway=switch",
            "4295",
            "2386858"
          ],
          [
            "8384142",
            "52609139",
            "36",
            "51",
            "1000",
            "0",
            "0",
            "0",
            "0",
            "reversedirection=yes railway=rail",
            "railway=signal",
            "4299",
            "2389103"
          ],
          [
            "8383384",
            "52608397",
            "36",
            "98",
            "1000",
            "0",
            "0",
            "0",
            "0",
            "reversedirection=yes railway=rail",
            "railway=signal",
            "4307",
            "2393415"
          ],
          [
            "8383370",
            "52608381",
            "36",
            "2",
            "1000",
            "0",
            "0",
            "0",
            "0",
            "reversedirection=yes railway=rail",
            "railway=signal",
            "4307",
            "2393503"
          ],
          [
            "8382872",
            "52607847",
            "36",
            "68",
            "1000",
            "0",
            "0",
            "0",
            "0",
            "reversedirection=yes railway=rail",
            "railway=switch",
            "4313",
            "2396495"
          ],
          [
            "8382373",
            "52607158",
            "36",
            "83",
            "1000",
            "0",
            "0",
            "0",
            "0",
            "reversedirection=yes railway=rail",
            "railway=switch",
            "4319",
            "2400146"
          ],
          [
            "8382001",
            "52606569",
            "36",
            "70",
            "1000",
            "0",
            "0",
            "0",
            "0",
            "reversedirection=yes railway=rail",
            "railway=signal",
            "4325",
            "2403225"
          ],
          [
            "8379790",
            "52603166",
            "36",
            "407",
            "1000",
            "0",
            "0",
            "0",
            "0",
            "reversedirection=yes railway=rail",
            "railway=signal",
            "4358",
            "2421127"
          ],
          [
            "8379474",
            "52602773",
            "36",
            "48",
            "1000",
            "0",
            "0",
            "0",
            "0",
            "reversedirection=yes railway=rail",
            "railway=switch",
            "4361",
            "2423238"
          ],
          [
            "8378820",
            "52601926",
            "36",
            "104",
            "1000",
            "0",
            "0",
            "0",
            "0",
            "reversedirection=yes railway=rail",
            "railway=switch",
            "4370",
            "2427813"
          ],
          [
            "8378249",
            "52601178",
            "37",
            "91",
            "1000",
            "0",
            "0",
            "0",
            "0",
            "reversedirection=yes railway=rail",
            "railway=switch",
            "4377",
            "2432179"
          ],
          [
            "8377920",
            "52600590",
            "36",
            "69",
            "1000",
            "0",
            "0",
            "0",
            "0",
            "reversedirection=yes railway=rail",
            "railway=switch",
            "4383",
            "2435363"
          ],
          [
            "8377896",
            "52600532",
            "37",
            "7",
            "1000",
            "0",
            "0",
            "0",
            "0",
            "reversedirection=yes railway=rail",
            "railway=signal",
            "4383",
            "2435696"
          ],
          [
            "8377077",
            "52595259",
            "37",
            "592",
            "1000",
            "0",
            "0",
            "0",
            "0",
            "reversedirection=yes railway=rail",
            "railway=signal",
            "4431",
            "2462079"
          ],
          [
            "8377080",
            "52595224",
            "37",
            "4",
            "1000",
            "0",
            "0",
            "0",
            "0",
            "reversedirection=yes railway=rail",
            "railway=signal",
            "4431",
            "2462255"
          ],
          [
            "8377098",
            "52595062",
            "37",
            "18",
            "1000",
            "0",
            "0",
            "0",
            "0",
            "reversedirection=yes railway=rail",
            "railway=switch",
            "4432",
            "2463047"
          ],
          [
            "8377134",
            "52594179",
            "37",
            "99",
            "1000",
            "0",
            "0",
            "0",
            "0",
            "reversedirection=yes railway=rail",
            "railway=unknown",
            "4440",
            "2467402"
          ],
          [
            "8377145",
            "52594019",
            "37",
            "18",
            "1000",
            "0",
            "0",
            "0",
            "0",
            "reversedirection=yes railway=rail",
            "railway=switch",
            "4442",
            "2468194"
          ],
          [
            "8377150",
            "52593962",
            "37",
            "6",
            "1000",
            "0",
            "0",
            "0",
            "0",
            "reversedirection=yes railway=rail",
            "railway=signal",
            "4442",
            "2468458"
          ],
          [
            "8377163",
            "52593833",
            "37",
            "14",
            "1000",
            "0",
            "0",
            "0",
            "0",
            "reversedirection=yes railway=rail",
            "railway=switch",
            "4443",
            "2469074"
          ],
          [
            "8377198",
            "52593005",
            "36",
            "92",
            "1000",
            "0",
            "0",
            "0",
            "0",
            "reversedirection=yes railway=rail",
            "railway=switch",
            "4451",
            "2472590"
          ],
          [
            "8377312",
            "52592083",
            "36",
            "102",
            "1000",
            "0",
            "0",
            "0",
            "0",
            "railway=rail",
            "railway=signal",
            "4459",
            "2477073"
          ],
          [
            "8377314",
            "52592064",
            "36",
            "2",
            "1000",
            "0",
            "0",
            "0",
            "0",
            "railway=rail",
            "railway=signal",
            "4459",
            "2477163"
          ],
          [
            "8377426",
            "52591149",
            "37",
            "102",
            "1000",
            "0",
            "0",
            "0",
            "0",
            "railway=rail",
            "railway=switch",
            "4467",
            "2481990"
          ],
          [
            "8377429",
            "52591120",
            "37",
            "3",
            "1000",
            "0",
            "0",
            "0",
            "0",
            "railway=rail",
            "railway=signal",
            "4467",
            "2482128"
          ],
          [
            "8377445",
            "52590968",
            "37",
            "17",
            "1000",
            "0",
            "0",
            "0",
            "0",
            "railway=rail",
            "railway=switch",
            "4469",
            "2482904"
          ],
          [
            "8377757",
            "52588351",
            "37",
            "292",
            "1000",
            "0",
            "0",
            "0",
            "0",
            "railway=rail",
            "railway=signal",
            "4492",
            "2495897"
          ],
          [
            "8377943",
            "52586831",
            "37",
            "170",
            "1000",
            "0",
            "0",
            "0",
            "0",
            "railway=rail",
            "railway=signal",
            "4506",
            "2503381"
          ],
          [
            "8378863",
            "52579269",
            "37",
            "844",
            "1000",
            "0",
            "0",
            "0",
            "0",
            "railway=rail",
            "railway=signal",
            "4573",
            "2540506"
          ],
          [
            "8379022",
            "52577960",
            "37",
            "146",
            "1000",
            "0",
            "0",
            "0",
            "0",
            "railway=rail",
            "railway=unknown",
            "4585",
            "2546928"
          ],
          [
            "8379038",
            "52577825",
            "36",
            "15",
            "1000",
            "0",
            "0",
            "0",
            "0",
            "railway=rail",
            "railway=signal",
            "4586",
            "2547557"
          ],
          [
            "8380129",
            "52568843",
            "37",
            "1002",
            "1000",
            "0",
            "0",
            "0",
            "0",
            "railway=rail",
            "railway=signal",
            "4666",
            "2591661"
          ],
          [
            "8380143",
            "52568721",
            "37",
            "14",
            "1000",
            "0",
            "0",
            "0",
            "0",
            "railway=rail",
            "railway=unknown",
            "4667",
            "2592277"
          ],
          [
            "8380351",
            "52567013",
            "36",
            "191",
            "1000",
            "0",
            "0",
            "0",
            "0",
            "railway=rail",
            "railway=unknown",
            "4683",
            "2600490"
          ],
          [
            "8381421",
            "52558154",
            "36",
            "988",
            "1000",
            "0",
            "0",
            "0",
            "0",
            "railway=rail",
            "railway=unknown",
            "4762",
            "2643518"
          ],
          [
            "8381844",
            "52554659",
            "36",
            "390",
            "1000",
            "0",
            "0",
            "0",
            "0",
            "railway=rail",
            "railway=unknown",
            "4793",
            "2660412"
          ],
          [
            "8381860",
            "52554526",
            "36",
            "15",
            "1000",
            "0",
            "0",
            "0",
            "0",
            "railway=rail",
            "railway=signal",
            "4794",
            "2661071"
          ],
          [
            "8382914",
            "52545784",
            "37",
            "975",
            "1000",
            "0",
            "0",
            "0",
            "0",
            "railway=rail",
            "railway=unknown",
            "4872",
            "2704835"
          ],
          [
            "8382941",
            "52545555",
            "37",
            "26",
            "1000",
            "0",
            "0",
            "0",
            "0",
            "railway=rail",
            "railway=signal",
            "4874",
            "2705979"
          ],
          [
            "8382897",
            "52536053",
            "37",
            "1059",
            "1000",
            "0",
            "0",
            "0",
            "0",
            "railway=rail",
            "railway=signal",
            "4959",
            "2752781"
          ],
          [
            "8380656",
            "52525905",
            "37",
            "1139",
            "1000",
            "0",
            "0",
            "0",
            "0",
            "railway=rail",
            "railway=signal",
            "5050",
            "2802658"
          ],
          [
            "8380618",
            "52525729",
            "37",
            "20",
            "1000",
            "0",
            "0",
            "0",
            "0",
            "railway=rail",
            "railway=unknown",
            "5052",
            "2803538"
          ],
          [
            "8380236",
            "52523977",
            "37",
            "197",
            "1000",
            "0",
            "0",
            "0",
            "0",
            "railway=rail",
            "railway=unknown",
            "5067",
            "2812203"
          ],
          [
            "8379953",
            "52522687",
            "37",
            "145",
            "1000",
            "0",
            "0",
            "0",
            "0",
            "railway=rail",
            "railway=switch",
            "5079",
            "2818268"
          ],
          [
            "8379928",
            "52522585",
            "37",
            "11",
            "1000",
            "0",
            "0",
            "0",
            "0",
            "railway=rail",
            "railway=unknown",
            "5080",
            "2818784"
          ],
          [
            "8379830",
            "52522202",
            "37",
            "43",
            "1000",
            "0",
            "0",
            "0",
            "0",
            "railway=rail",
            "railway=signal",
            "5083",
            "2820774"
          ],
          [
            "8379823",
            "52522172",
            "37",
            "3",
            "1000",
            "0",
            "0",
            "0",
            "0",
            "railway=rail",
            "railway=switch",
            "5083",
            "2820911"
          ],
          [
            "8379619",
            "52521553",
            "37",
            "70",
            "1000",
            "0",
            "0",
            "0",
            "0",
            "reversedirection=yes railway=rail",
            "railway=switch",
            "5089",
            "2824079"
          ],
          [
            "8379588",
            "52521410",
            "37",
            "16",
            "1000",
            "0",
            "0",
            "0",
            "0",
            "reversedirection=yes railway=rail",
            "railway=signal",
            "5090",
            "2824796"
          ],
          [
            "8379570",
            "52521330",
            "37",
            "9",
            "1000",
            "0",
            "0",
            "0",
            "0",
            "reversedirection=yes railway=rail",
            "railway=signal",
            "5091",
            "2825198"
          ],
          [
            "8378271",
            "52515433",
            "37",
            "662",
            "1000",
            "0",
            "0",
            "0",
            "0",
            "reversedirection=yes railway=rail",
            "railway=unknown",
            "5144",
            "2854384"
          ],
          [
            "8378123",
            "52514763",
            "37",
            "75",
            "1000",
            "0",
            "0",
            "0",
            "0",
            "reversedirection=yes railway=rail",
            "railway=signal",
            "5150",
            "2857683"
          ],
          [
            "8378089",
            "52514609",
            "37",
            "17",
            "1000",
            "0",
            "0",
            "0",
            "0",
            "reversedirection=yes railway=rail",
            "railway=switch",
            "5151",
            "2858431"
          ],
          [
            "8378076",
            "52514312",
            "37",
            "33",
            "1000",
            "0",
            "0",
            "0",
            "0",
            "reversedirection=yes railway=rail",
            "railway=switch",
            "5154",
            "2859883"
          ],
          [
            "8378058",
            "52514230",
            "37",
            "9",
            "1000",
            "0",
            "0",
            "0",
            "0",
            "railway=rail",
            "railway=signal",
            "5155",
            "2860278"
          ],
          [
            "8378001",
            "52513962",
            "37",
            "30",
            "1000",
            "0",
            "0",
            "0",
            "0",
            "railway=rail",
            "railway=signal",
            "5157",
            "2861598"
          ],
          [
            "8377942",
            "52513682",
            "37",
            "31",
            "1000",
            "0",
            "0",
            "0",
            "0",
            "railway=rail",
            "railway=switch",
            "5160",
            "2862961"
          ],
          [
            "8377851",
            "52513250",
            "37",
            "48",
            "1000",
            "0",
            "0",
            "0",
            "0",
            "railway=rail",
            "railway=unknown",
            "5163",
            "2865073"
          ],
          [
            "8377300",
            "52510726",
            "37",
            "283",
            "1000",
            "0",
            "0",
            "0",
            "0",
            "railway=rail",
            "railway=signal",
            "5186",
            "2877520"
          ],
          [
            "8376693",
            "52507996",
            "37",
            "307",
            "1000",
            "0",
            "0",
            "0",
            "0",
            "railway=rail",
            "railway=unknown",
            "5211",
            "2891024"
          ],
          [
            "8376680",
            "52507938",
            "37",
            "7",
            "1000",
            "0",
            "0",
            "0",
            "0",
            "railway=rail",
            "railway=signal",
            "5211",
            "2891332"
          ],
          [
            "8375655",
            "52503327",
            "37",
            "518",
            "1000",
            "0",
            "0",
            "0",
            "0",
            "railway=rail",
            "railway=unknown",
            "5253",
            "2914116"
          ],
          [
            "8375375",
            "52502069",
            "37",
            "141",
            "1000",
            "0",
            "0",
            "0",
            "0",
            "railway=rail",
            "railway=signal",
            "5264",
            "2920318"
          ],
          [
            "8374496",
            "52498086",
            "37",
            "448",
            "1000",
            "0",
            "0",
            "0",
            "0",
            "railway=rail",
            "railway=signal",
            "5300",
            "2940024"
          ],
          [
            "8374396",
            "52497628",
            "37",
            "51",
            "1000",
            "0",
            "0",
            "0",
            "0",
            "railway=rail",
            "railway=unknown",
            "5304",
            "2942443"
          ],
          [
            "8372475",
            "52488926",
            "45",
            "977",
            "1000",
            "0",
            "0",
            "0",
            "0",
            "railway=rail",
            "railway=signal",
            "5382",
            "2989655"
          ],
          [
            "8372461",
            "52488861",
            "45",
            "7",
            "1000",
            "0",
            "0",
            "0",
            "0",
            "railway=rail",
            "railway=unknown",
            "5383",
            "2989963"
          ],
          [
            "8371568",
            "52484817",
            "41",
            "454",
            "1000",
            "0",
            "0",
            "0",
            "0",
            "railway=rail",
            "railway=unknown",
            "5419",
            "3009495"
          ],
          [
            "8371551",
            "52484738",
            "41",
            "9",
            "1000",
            "0",
            "0",
            "0",
            "0",
            "railway=rail",
            "railway=signal",
            "5420",
            "3009872"
          ],
          [
            "8369940",
            "52477502",
            "40",
            "812",
            "1000",
            "0",
            "0",
            "0",
            "0",
            "railway=rail",
            "railway=signal",
            "5485",
            "3044279"
          ],
          [
            "8369778",
            "52476726",
            "40",
            "87",
            "1000",
            "0",
            "0",
            "0",
            "0",
            "railway=rail",
            "railway=unknown",
            "5492",
            "3048105"
          ],
          [
            "8369052",
            "52473405",
            "39",
            "373",
            "1000",
            "0",
            "0",
            "0",
            "0",
            "railway=rail",
            "railway=signal",
            "5521",
            "3063650"
          ],
          [
            "8368780",
            "52472255",
            "39",
            "129",
            "1000",
            "0",
            "0",
            "0",
            "0",
            "railway=rail",
            "railway=signal",
            "5532",
            "3069308"
          ],
          [
            "8366295",
            "52466393",
            "39",
            "676",
            "1000",
            "0",
            "0",
            "0",
            "0",
            "railway=rail",
            "railway=signal",
            "5586",
            "3099037"
          ],
          [
            "8366118",
            "52466102",
            "39",
            "35",
            "1000",
            "0",
            "0",
            "0",
            "0",
            "railway=rail",
            "railway=unknown",
            "5589",
            "3100576"
          ],
          [
            "8365229",
            "52464749",
            "39",
            "162",
            "1000",
            "0",
            "0",
            "0",
            "0",
            "railway=rail",
            "railway=signal",
            "5602",
            "3107702"
          ],
          [
            "8363336",
            "52462317",
            "39",
            "300",
            "1000",
            "0",
            "0",
            "0",
            "0",
            "railway=rail",
            "railway=switch",
            "5626",
            "3120898"
          ],
          [
            "8362426",
            "52461188",
            "40",
            "140",
            "1000",
            "0",
            "0",
            "0",
            "0",
            "railway=rail",
            "railway=unknown",
            "5637",
            "3127721"
          ],
          [
            "8362422",
            "52461183",
            "40",
            "1",
            "1000",
            "0",
            "0",
            "0",
            "0",
            "railway=rail",
            "railway=switch",
            "5637",
            "3127767"
          ],
          [
            "8361810",
            "52460539",
            "40",
            "83",
            "1000",
            "0",
            "0",
            "0",
            "0",
            "reversedirection=yes railway=rail",
            "railway=switch",
            "5643",
            "3131539"
          ],
          [
            "8361790",
            "52460516",
            "40",
            "3",
            "1000",
            "0",
            "0",
            "0",
            "0",
            "reversedirection=yes railway=rail",
            "railway=signal",
            "5644",
            "3131674"
          ],
          [
            "8359450",
            "52457905",
            "41",
            "331",
            "1000",
            "0",
            "0",
            "0",
            "0",
            "reversedirection=yes railway=rail",
            "railway=signal",
            "5670",
            "3147153"
          ],
          [
            "8356109",
            "52454883",
            "43",
            "406",
            "1000",
            "0",
            "0",
            "0",
            "0",
            "reversedirection=yes railway=rail",
            "railway=signal",
            "5703",
            "3166617"
          ],
          [
            "8355949",
            "52454760",
            "43",
            "17",
            "1000",
            "0",
            "0",
            "0",
            "0",
            "reversedirection=yes railway=rail",
            "railway=switch",
            "5704",
            "3167433"
          ],
          [
            "8355455",
            "52454315",
            "43",
            "60",
            "1000",
            "0",
            "0",
            "0",
            "0",
            "reversedirection=yes railway=rail",
            "railway=signal",
            "5709",
            "3170138"
          ],
          [
            "8355062",
            "52453981",
            "43",
            "46",
            "1000",
            "0",
            "0",
            "0",
            "0",
            "reversedirection=yes railway=rail",
            "railway=switch",
            "5713",
            "3172353"
          ],
          [
            "8353948",
            "52453094",
            "43",
            "124",
            "1000",
            "0",
            "0",
            "0",
            "0",
            "railway=rail",
            "railway=switch",
            "5722",
            "3178198"
          ],
          [
            "8350430",
            "52450298",
            "47",
            "392",
            "1000",
            "0",
            "0",
            "0",
            "0",
            "railway=rail",
            "railway=signal",
            "5754",
            "3195813"
          ],
          [
            "8348600",
            "52448843",
            "48",
            "204",
            "1000",
            "0",
            "0",
            "0",
            "0",
            "railway=rail",
            "railway=signal",
            "5770",
            "3205561"
          ],
          [
            "8341008",
            "52442840",
            "49",
            "844",
            "1000",
            "0",
            "0",
            "0",
            "0",
            "railway=rail",
            "railway=signal",
            "5838",
            "3246823"
          ],
          [
            "8340052",
            "52442082",
            "50",
            "106",
            "1000",
            "0",
            "0",
            "0",
            "0",
            "railway=rail",
            "railway=signal",
            "5846",
            "3251741"
          ],
          [
            "8336775",
            "52439055",
            "49",
            "404",
            "1000",
            "0",
            "0",
            "0",
            "0",
            "railway=rail",
            "railway=unknown",
            "5878",
            "3268847"
          ],
          [
            "8335171",
            "52437252",
            "48",
            "228",
            "1000",
            "0",
            "0",
            "0",
            "0",
            "railway=rail",
            "railway=signal",
            "5897",
            "3277981"
          ],
          [
            "8331190",
            "52430891",
            "47",
            "758",
            "1000",
            "0",
            "0",
            "0",
            "0",
            "railway=rail",
            "railway=unknown",
            "5957",
            "3310812"
          ],
          [
            "8330379",
            "52428772",
            "47",
            "242",
            "1000",
            "0",
            "0",
            "0",
            "0",
            "railway=rail",
            "railway=signal",
            "5977",
            "3321051"
          ],
          [
            "8329385",
            "52425893",
            "47",
            "327",
            "1000",
            "0",
            "0",
            "0",
            "0",
            "railway=rail",
            "railway=switch",
            "6003",
            "3335843"
          ],
          [
            "8329117",
            "52424908",
            "48",
            "111",
            "1000",
            "0",
            "0",
            "0",
            "0",
            "reversedirection=yes railway=rail",
            "railway=switch",
            "6012",
            "3341017"
          ],
          [
            "8329098",
            "52424851",
            "48",
            "6",
            "1000",
            "0",
            "0",
            "0",
            "0",
            "reversedirection=yes railway=rail",
            "railway=signal",
            "6012",
            "3341289"
          ],
          [
            "8326827",
            "52418154",
            "46",
            "761",
            "1000",
            "0",
            "0",
            "0",
            "0",
            "reversedirection=yes railway=rail",
            "railway=signal",
            "6073",
            "3373132"
          ],
          [
            "8326787",
            "52418037",
            "45",
            "13",
            "1000",
            "0",
            "0",
            "0",
            "0",
            "reversedirection=yes railway=rail",
            "railway=switch",
            "6074",
            "3373676"
          ],
          [
            "8325616",
            "52414596",
            "44",
            "391",
            "1000",
            "0",
            "0",
            "0",
            "0",
            "reversedirection=yes railway=rail",
            "railway=signal",
            "6105",
            "3389819"
          ],
          [
            "8323315",
            "52407832",
            "44",
            "768",
            "1000",
            "0",
            "0",
            "0",
            "0",
            "reversedirection=yes railway=rail",
            "railway=unknown",
            "6167",
            "3423408"
          ],
          [
            "8322533",
            "52405535",
            "44",
            "261",
            "1000",
            "0",
            "0",
            "0",
            "0",
            "reversedirection=yes railway=rail",
            "railway=signal",
            "6188",
            "3435046"
          ],
          [
            "8320980",
            "52400970",
            "44",
            "519",
            "1000",
            "0",
            "0",
            "0",
            "0",
            "reversedirection=yes railway=rail",
            "railway=signal",
            "6229",
            "3457167"
          ],
          [
            "8319942",
            "52397917",
            "44",
            "347",
            "1000",
            "0",
            "0",
            "0",
            "0",
            "reversedirection=yes railway=rail",
            "railway=signal",
            "6257",
            "3473127"
          ],
          [
            "8319728",
            "52397287",
            "44",
            "72",
            "1000",
            "0",
            "0",
            "0",
            "0",
            "reversedirection=yes railway=rail",
            "railway=unknown",
            "6263",
            "3476305"
          ],
          [
            "8317865",
            "52391812",
            "45",
            "622",
            "1000",
            "0",
            "0",
            "0",
            "0",
            "reversedirection=yes railway=rail",
            "railway=signal",
            "6313",
            "3504336"
          ],
          [
            "8317073",
            "52389484",
            "46",
            "265",
            "1000",
            "0",
            "0",
            "0",
            "0",
            "reversedirection=yes railway=rail",
            "railway=signal",
            "6334",
            "3516403"
          ],
          [
            "8316150",
            "52386772",
            "46",
            "308",
            "1000",
            "0",
            "0",
            "0",
            "0",
            "reversedirection=yes railway=rail",
            "railway=unknown",
            "6358",
            "3530612"
          ],
          [
            "8315673",
            "52385367",
            "46",
            "160",
            "1000",
            "0",
            "0",
            "0",
            "0",
            "reversedirection=yes railway=rail",
            "railway=unknown",
            "6371",
            "3537147"
          ],
          [
            "8314110",
            "52380772",
            "46",
            "522",
            "1000",
            "0",
            "0",
            "0",
            "0",
            "reversedirection=yes railway=rail",
            "railway=signal",
            "6413",
            "3559981"
          ],
          [
            "8313835",
            "52379965",
            "46",
            "92",
            "1000",
            "0",
            "0",
            "0",
            "0",
            "reversedirection=yes railway=rail",
            "railway=unknown",
            "6420",
            "3564027"
          ],
          [
            "8313810",
            "52379891",
            "46",
            "8",
            "1000",
            "0",
            "0",
            "0",
            "0",
            "reversedirection=yes railway=rail",
            "railway=signal",
            "6421",
            "3564379"
          ],
          [
            "8312629",
            "52376418",
            "47",
            "395",
            "1000",
            "0",
            "0",
            "0",
            "0",
            "reversedirection=yes railway=rail",
            "railway=unknown",
            "6453",
            "3582618"
          ],
          [
            "8311404",
            "52372817",
            "48",
            "409",
            "1000",
            "0",
            "0",
            "0",
            "0",
            "reversedirection=yes railway=rail",
            "railway=signal",
            "6485",
            "3601493"
          ],
          [
            "8310891",
            "52371218",
            "48",
            "182",
            "1000",
            "0",
            "0",
            "0",
            "0",
            "reversedirection=yes railway=rail",
            "railway=signal",
            "6500",
            "3609881"
          ],
          [
            "8310682",
            "52370622",
            "49",
            "68",
            "1000",
            "0",
            "0",
            "0",
            "0",
            "reversedirection=yes railway=rail",
            "railway=signal",
            "6505",
            "3613126"
          ],
          [
            "8309956",
            "52368500",
            "49",
            "241",
            "1000",
            "0",
            "0",
            "0",
            "0",
            "reversedirection=yes railway=rail",
            "railway=signal",
            "6525",
            "3623964"
          ],
          [
            "8309934",
            "52368434",
            "49",
            "7",
            "1000",
            "0",
            "0",
            "0",
            "0",
            "reversedirection=yes railway=rail",
            "railway=switch",
            "6525",
            "3624274"
          ],
          [
            "8309703",
            "52367753",
            "49",
            "77",
            "1000",
            "0",
            "0",
            "0",
            "0",
            "reversedirection=yes railway=rail",
            "railway=unknown",
            "6531",
            "3627672"
          ],
          [
            "8309450",
            "52366984",
            "49",
            "87",
            "1000",
            "0",
            "0",
            "0",
            "0",
            "reversedirection=yes railway=rail",
            "railway=switch",
            "6538",
            "3631505"
          ],
          [
            "8309162",
            "52366336",
            "48",
            "75",
            "1000",
            "0",
            "0",
            "0",
            "0",
            "railway=rail",
            "railway=switch",
            "6544",
            "3634340"
          ],
          [
            "8309148",
            "52366295",
            "48",
            "5",
            "1000",
            "0",
            "0",
            "0",
            "0",
            "reversedirection=yes railway=rail",
            "railway=signal",
            "6545",
            "3634540"
          ],
          [
            "8307613",
            "52362037",
            "47",
            "485",
            "1000",
            "0",
            "0",
            "0",
            "0",
            "reversedirection=yes railway=rail",
            "railway=unknown",
            "6583",
            "3654554"
          ],
          [
            "8307408",
            "52361475",
            "46",
            "64",
            "1000",
            "0",
            "0",
            "0",
            "0",
            "reversedirection=yes railway=rail",
            "wheelchair=no",
            "6589",
            "3657343"
          ],
          [
            "8306756",
            "52359450",
            "45",
            "229",
            "1000",
            "0",
            "0",
            "0",
            "0",
            "reversedirection=yes railway=rail",
            "railway=signal",
            "6607",
            "3666292"
          ],
          [
            "8306694",
            "52359230",
            "45",
            "25",
            "1000",
            "0",
            "0",
            "0",
            "0",
            "reversedirection=yes railway=rail",
            "railway=switch",
            "6609",
            "3667264"
          ],
          [
            "8306387",
            "52358405",
            "45",
            "94",
            "1000",
            "0",
            "0",
            "0",
            "0",
            "reversedirection=yes railway=rail",
            "railway=switch",
            "6616",
            "3671126"
          ],
          [
            "8305186",
            "52354584",
            "45",
            "432",
            "1000",
            "0",
            "0",
            "0",
            "0",
            "railway=rail",
            "railway=signal",
            "6651",
            "3689985"
          ],
          [
            "8305126",
            "52354398",
            "45",
            "21",
            "1000",
            "0",
            "0",
            "0",
            "0",
            "railway=rail",
            "railway=signal",
            "6653",
            "3690902"
          ],
          [
            "8302380",
            "52346365",
            "45",
            "913",
            "1000",
            "0",
            "0",
            "0",
            "0",
            "railway=rail",
            "railway=unknown",
            "6726",
            "3731034"
          ],
          [
            "8302246",
            "52345967",
            "45",
            "45",
            "1000",
            "0",
            "0",
            "0",
            "0",
            "railway=rail",
            "railway=signal",
            "6729",
            "3733013"
          ],
          [
            "8301659",
            "52344216",
            "45",
            "199",
            "1000",
            "0",
            "0",
            "0",
            "0",
            "railway=rail",
            "railway=signal",
            "6745",
            "3741766"
          ],
          [
            "8294345",
            "52337613",
            "47",
            "917",
            "1000",
            "0",
            "0",
            "0",
            "0",
            "railway=rail",
            "railway=unknown",
            "6819",
            "3783611"
          ],
          [
            "8293838",
            "52337438",
            "49",
            "40",
            "1000",
            "0",
            "0",
            "0",
            "0",
            "railway=rail",
            "railway=signal",
            "6822",
            "3786036"
          ],
          [
            "8293176",
            "52337230",
            "50",
            "51",
            "1000",
            "0",
            "0",
            "0",
            "0",
            "railway=rail",
            "",
            "6826",
            "3789174"
          ],
          [
            "8291606",
            "52336845",
            "50",
            "115",
            "1000",
            "0",
            "0",
            "0",
            "0",
            "reversedirection=yes railway=rail",
            "",
            "6835",
            "3795301"
          ],
          [
            "8290967",
            "52336727",
            "51",
            "45",
            "1000",
            "0",
            "0",
            "0",
            "0",
            "railway=rail",
            "railway=unknown",
            "6839",
            "3797860"
          ],
          [
            "8285247",
            "52336382",
            "57",
            "395",
            "1000",
            "0",
            "0",
            "0",
            "0",
            "railway=rail",
            "railway=unknown",
            "6870",
            "3819599"
          ],
          [
            "8278234",
            "52337390",
            "58",
            "492",
            "1000",
            "0",
            "0",
            "0",
            "0",
            "railway=rail",
            "railway=signal",
            "6910",
            "3843590"
          ],
          [
            "8277017",
            "52337593",
            "58",
            "86",
            "1000",
            "0",
            "0",
            "0",
            "0",
            "railway=rail",
            "railway=unknown",
            "6916",
            "3847398"
          ],
          [
            "8276820",
            "52337626",
            "58",
            "14",
            "1000",
            "0",
            "0",
            "0",
            "0",
            "railway=rail",
            "railway=signal",
            "6918",
            "3848045"
          ],
          [
            "8263050",
            "52340596",
            "70",
            "997",
            "1000",
            "0",
            "0",
            "0",
            "0",
            "railway=rail",
            "railway=unknown",
            "6997",
            "3900111"
          ],
          [
            "8262784",
            "52340669",
            "70",
            "20",
            "1000",
            "0",
            "0",
            "0",
            "0",
            "railway=rail",
            "railway=signal",
            "6999",
            "3901060"
          ],
          [
            "8256884",
            "52342304",
            "65",
            "441",
            "1000",
            "0",
            "0",
            "0",
            "0",
            "railway=rail",
            "railway=signal",
            "7034",
            "3919678"
          ],
          [
            "8254699",
            "52342974",
            "56",
            "167",
            "1000",
            "0",
            "0",
            "0",
            "0",
            "railway=rail",
            "railway=unknown",
            "7048",
            "3922982"
          ],
          [
            "8252875",
            "52343726",
            "55",
            "150",
            "1000",
            "0",
            "0",
            "0",
            "0",
            "railway=rail",
            "railway=unknown",
            "7060",
            "3927019"
          ],
          [
            "8251260",
            "52344538",
            "60",
            "142",
            "1000",
            "0",
            "0",
            "0",
            "0",
            "railway=rail",
            "railway=signal",
            "7071",
            "3933146"
          ],
          [
            "8251172",
            "52344588",
            "60",
            "8",
            "1000",
            "0",
            "0",
            "0",
            "0",
            "railway=rail",
            "",
            "7072",
            "3933606"
          ],
          [
            "8250656",
            "52344896",
            "63",
            "49",
            "1000",
            "0",
            "0",
            "0",
            "0",
            "reversedirection=yes railway=rail",
            "",
            "7075",
            "3936267"
          ],
          [
            "8240494",
            "52350016",
            "72",
            "900",
            "1000",
            "0",
            "0",
            "0",
            "0",
            "railway=rail",
            "railway=signal",
            "7147",
            "3984740"
          ],
          [
            "8239528",
            "52350337",
            "73",
            "75",
            "1000",
            "0",
            "0",
            "0",
            "0",
            "railway=rail",
            "railway=signal",
            "7153",
            "3988314"
          ],
          [
            "8238740",
            "52350581",
            "72",
            "61",
            "1000",
            "0",
            "0",
            "0",
            "0",
            "railway=rail",
            "railway=unknown",
            "7158",
            "3991726"
          ],
          [
            "8237482",
            "52350941",
            "72",
            "95",
            "1000",
            "0",
            "0",
            "0",
            "0",
            "railway=rail",
            "railway=switch",
            "7166",
            "3996691"
          ],
          [
            "8231820",
            "52352078",
            "73",
            "407",
            "1000",
            "0",
            "0",
            "0",
            "0",
            "railway=rail",
            "railway=switch",
            "7199",
            "4016554"
          ],
          [
            "8230469",
            "52352223",
            "71",
            "94",
            "1000",
            "0",
            "0",
            "0",
            "0",
            "reversedirection=yes railway=rail",
            "railway=switch",
            "7206",
            "4019873"
          ],
          [
            "8230453",
            "52352226",
            "71",
            "1",
            "1000",
            "0",
            "0",
            "0",
            "0",
            "reversedirection=yes railway=rail",
            "railway=signal",
            "7206",
            "4019906"
          ],
          [
            "8230167",
            "52352265",
            "71",
            "20",
            "1000",
            "0",
            "0",
            "0",
            "0",
            "reversedirection=yes railway=rail",
            "railway=switch",
            "7208",
            "4020590"
          ],
          [
            "8230138",
            "52352269",
            "71",
            "2",
            "1000",
            "0",
            "0",
            "0",
            "0",
            "reversedirection=yes railway=rail",
            "railway=signal",
            "7208",
            "4020660"
          ],
          [
            "8228252",
            "52352533",
            "72",
            "132",
            "1000",
            "0",
            "0",
            "0",
            "0",
            "reversedirection=yes railway=rail",
            "railway=signal",
            "7218",
            "4026317"
          ],
          [
            "8228001",
            "52352568",
            "72",
            "18",
            "1000",
            "0",
            "0",
            "0",
            "0",
            "reversedirection=yes railway=rail",
            "railway=signal",
            "7220",
            "4027063"
          ],
          [
            "8222409",
            "52353342",
            "75",
            "391",
            "1000",
            "0",
            "0",
            "0",
            "0",
            "reversedirection=yes railway=rail",
            "railway=signal",
            "7251",
            "4044469"
          ],
          [
            "8218729",
            "52353859",
            "78",
            "257",
            "1000",
            "0",
            "0",
            "0",
            "0",
            "reversedirection=yes railway=rail",
            "railway=signal",
            "7272",
            "4057815"
          ],
          [
            "8216508",
            "52354176",
            "78",
            "155",
            "1000",
            "0",
            "0",
            "0",
            "0",
            "reversedirection=yes railway=rail",
            "railway=switch",
            "7284",
            "4064766"
          ],
          [
            "8216473",
            "52354181",
            "78",
            "2",
            "1000",
            "0",
            "0",
            "0",
            "0",
            "reversedirection=yes railway=rail",
            "railway=signal",
            "7284",
            "4064855"
          ],
          [
            "8216444",
            "52354185",
            "78",
            "2",
            "1000",
            "0",
            "0",
            "0",
            "0",
            "reversedirection=yes railway=rail",
            "railway=signal",
            "7284",
            "4064948"
          ],
          [
            "8216212",
            "52354214",
            "78",
            "16",
            "1000",
            "0",
            "0",
            "0",
            "0",
            "reversedirection=yes railway=rail",
            "railway=switch",
            "7286",
            "4065722"
          ],
          [
            "8215116",
            "52354398",
            "78",
            "77",
            "1000",
            "0",
            "0",
            "0",
            "0",
            "railway=rail",
            "railway=switch",
            "7292",
            "4070510"
          ],
          [
            "8210496",
            "52354349",
            "86",
            "318",
            "1000",
            "0",
            "0",
            "0",
            "0",
            "railway=rail",
            "railway=unknown",
            "7317",
            "4088126"
          ],
          [
            "8210384",
            "52354324",
            "87",
            "8",
            "1000",
            "0",
            "0",
            "0",
            "0",
            "railway=rail",
            "railway=signal",
            "7318",
            "4088699"
          ],
          [
            "8208607",
            "52353824",
            "98",
            "134",
            "1000",
            "0",
            "0",
            "0",
            "0",
            "railway=rail",
            "railway=signal",
            "7329",
            "4102155"
          ],
          [
            "8205078",
            "52351265",
            "75",
            "381",
            "1000",
            "0",
            "0",
            "0",
            "0",
            "railway=rail",
            "railway=signal",
            "7359",
            "4117895"
          ],
          [
            "8205019",
            "52347320",
            "80",
            "446",
            "1000",
            "0",
            "0",
            "0",
            "0",
            "railway=rail",
            "railway=signal",
            "7395",
            "4133408"
          ],
          [
            "8205099",
            "52347046",
            "80",
            "31",
            "1000",
            "0",
            "0",
            "0",
            "0",
            "railway=rail",
            "railway=unknown",
            "7397",
            "4134659"
          ],
          [
            "8204532",
            "52343423",
            "88",
            "413",
            "1000",
            "0",
            "0",
            "0",
            "0",
            "railway=rail",
            "railway=signal",
            "7430",
            "4156809"
          ],
          [
            "8204269",
            "52343123",
            "87",
            "38",
            "1000",
            "0",
            "0",
            "0",
            "0",
            "railway=rail",
            "railway=unknown",
            "7433",
            "4158706"
          ],
          [
            "8203475",
            "52342421",
            "85",
            "95",
            "1000",
            "0",
            "0",
            "0",
            "0",
            "railway=rail",
            "railway=signal",
            "7441",
            "4162867"
          ],
          [
            "8194636",
            "52340830",
            "91",
            "668",
            "1000",
            "0",
            "0",
            "0",
            "0",
            "railway=rail",
            "railway=signal",
            "7494",
            "4196956"
          ],
          [
            "8191970",
            "52341455",
            "93",
            "195",
            "1000",
            "0",
            "0",
            "0",
            "0",
            "railway=rail",
            "railway=signal",
            "7510",
            "4207480"
          ],
          [
            "8191956",
            "52341458",
            "93",
            "1",
            "1000",
            "0",
            "0",
            "0",
            "0",
            "railway=rail",
            "railway=signal",
            "7510",
            "4207527"
          ],
          [
            "8189034",
            "52342109",
            "96",
            "212",
            "1000",
            "0",
            "0",
            "0",
            "0",
            "railway=rail",
            "railway=signal",
            "7527",
            "4219173"
          ],
          [
            "8188893",
            "52342137",
            "97",
            "10",
            "1000",
            "0",
            "0",
            "0",
            "0",
            "railway=rail",
            "railway=unknown",
            "7528",
            "4219780"
          ],
          [
            "8183495",
            "52342313",
            "103",
            "371",
            "1000",
            "0",
            "0",
            "0",
            "0",
            "railway=rail",
            "railway=unknown",
            "7558",
            "4242206"
          ],
          [
            "8177503",
            "52342094",
            "112",
            "409",
            "1000",
            "0",
            "0",
            "0",
            "0",
            "railway=rail",
            "railway=signal",
            "7590",
            "4266383"
          ],
          [
            "8172140",
            "52341897",
            "109",
            "366",
            "1000",
            "0",
            "0",
            "0",
            "0",
            "railway=rail",
            "railway=unknown",
            "7620",
            "4282154"
          ],
          [
            "8168946",
            "52341767",
            "108",
            "218",
            "1000",
            "0",
            "0",
            "0",
            "0",
            "railway=rail",
            "railway=unknown",
            "7637",
            "4290952"
          ],
          [
            "8168464",
            "52341747",
            "108",
            "33",
            "1000",
            "0",
            "0",
            "0",
            "0",
            "railway=rail",
            "railway=signal",
            "7640",
            "4292375"
          ],
          [
            "8164664",
            "52341328",
            "108",
            "263",
            "1000",
            "0",
            "0",
            "0",
            "0",
            "railway=rail",
            "railway=switch",
            "7661",
            "4303775"
          ],
          [
            "8163517",
            "52341077",
            "107",
            "83",
            "1000",
            "0",
            "0",
            "0",
            "0",
            "railway=rail",
            "railway=signal",
            "7667",
            "4307315"
          ],
          [
            "8163445",
            "52341059",
            "107",
            "5",
            "1000",
            "0",
            "0",
            "0",
            "0",
            "railway=rail",
            "railway=unknown",
            "7668",
            "4307523"
          ],
          [
            "8153303",
            "52338514",
            "104",
            "747",
            "1000",
            "0",
            "0",
            "0",
            "0",
            "railway=rail",
            "railway=signal",
            "7727",
            "4338695"
          ],
          [
            "8152347",
            "52338267",
            "104",
            "71",
            "1000",
            "0",
            "0",
            "0",
            "0",
            "railway=rail",
            "railway=switch",
            "7733",
            "4340990"
          ],
          [
            "8149413",
            "52337123",
            "106",
            "238",
            "1000",
            "0",
            "0",
            "0",
            "0",
            "railway=rail",
            "railway=signal",
            "7752",
            "4352313"
          ],
          [
            "8148510",
            "52336572",
            "105",
            "86",
            "1000",
            "0",
            "0",
            "0",
            "0",
            "railway=rail",
            "railway=signal",
            "7759",
            "4355946"
          ],
          [
            "8147282",
            "52335540",
            "106",
            "143",
            "1000",
            "0",
            "0",
            "0",
            "0",
            "railway=rail",
            "railway=signal",
            "7771",
            "4362503"
          ],
          [
            "8145921",
            "52330799",
            "99",
            "546",
            "1000",
            "0",
            "0",
            "0",
            "0",
            "railway=rail",
            "railway=signal",
            "7814",
            "4383368"
          ],
          [
            "8145921",
            "52330788",
            "99",
            "1",
            "1000",
            "0",
            "0",
            "0",
            "0",
            "railway=rail",
            "railway=signal",
            "7814",
            "4383408"
          ],
          [
            "8146161",
            "52329110",
            "99",
            "187",
            "1000",
            "0",
            "0",
            "0",
            "0",
            "railway=rail",
            "railway=unknown",
            "7829",
            "4389629"
          ],
          [
            "8146166",
            "52329073",
            "99",
            "4",
            "1000",
            "0",
            "0",
            "0",
            "0",
            "railway=rail",
            "railway=signal",
            "7830",
            "4389791"
          ],
          [
            "8146247",
            "52328421",
            "99",
            "73",
            "1000",
            "0",
            "0",
            "0",
            "0",
            "railway=rail",
            "railway=signal",
            "7835",
            "4392706"
          ],
          [
            "8146180",
            "52327060",
            "98",
            "152",
            "1000",
            "0",
            "0",
            "0",
            "0",
            "railway=rail",
            "railway=unknown",
            "7848",
            "4398639"
          ],
          [
            "8145186",
            "52324750",
            "100",
            "266",
            "1000",
            "0",
            "0",
            "0",
            "0",
            "railway=rail",
            "railway=signal",
            "7869",
            "4411331"
          ],
          [
            "8144775",
            "52324238",
            "100",
            "63",
            "1000",
            "0",
            "0",
            "0",
            "0",
            "railway=rail",
            "railway=unknown",
            "7874",
            "4414258"
          ],
          [
            "8143750",
            "52323101",
            "102",
            "144",
            "1000",
            "0",
            "0",
            "0",
            "0",
            "railway=rail",
            "railway=signal",
            "7885",
            "4421978"
          ],
          [
            "8143302",
            "52322625",
            "103",
            "61",
            "1000",
            "0",
            "0",
            "0",
            "0",
            "railway=rail",
            "railway=signal",
            "7890",
            "4425133"
          ],
          [
            "8140192",
            "52319341",
            "91",
            "422",
            "1000",
            "0",
            "0",
            "0",
            "0",
            "railway=rail",
            "railway=unknown",
            "7924",
            "4436742"
          ],
          [
            "8138030",
            "52317042",
            "93",
            "295",
            "1000",
            "0",
            "0",
            "0",
            "0",
            "railway=rail",
            "railway=signal",
            "7948",
            "4448680"
          ],
          [
            "8135670",
            "52314608",
            "98",
            "315",
            "1000",
            "0",
            "0",
            "0",
            "0",
            "railway=rail",
            "",
            "7973",
            "4466198"
          ],
          [
            "8135501",
            "52314468",
            "98",
            "19",
            "1000",
            "0",
            "0",
            "0",
            "0",
            "reversedirection=yes railway=rail",
            "railway=switch",
            "7974",
            "4467116"
          ],
          [
            "8134923",
            "52313908",
            "97",
            "74",
            "1000",
            "0",
            "0",
            "0",
            "0",
            "railway=rail",
            "railway=switch",
            "7980",
            "4470114"
          ],
          [
            "8134623",
            "52313671",
            "97",
            "33",
            "1000",
            "0",
            "0",
            "0",
            "0",
            "reversedirection=yes railway=rail",
            "railway=signal",
            "7983",
            "4471499"
          ],
          [
            "8133458",
            "52312828",
            "95",
            "123",
            "1000",
            "0",
            "0",
            "0",
            "0",
            "reversedirection=yes railway=rail",
            "railway=signal",
            "7993",
            "4476158"
          ],
          [
            "8129230",
            "52310368",
            "91",
            "397",
            "1000",
            "0",
            "0",
            "0",
            "0",
            "reversedirection=yes railway=rail",
            "railway=unknown",
            "8025",
            "4492355"
          ],
          [
            "8126599",
            "52308931",
            "100",
            "240",
            "1000",
            "0",
            "0",
            "0",
            "0",
            "reversedirection=yes railway=rail",
            "railway=signal",
            "8044",
            "4504422"
          ],
          [
            "8126357",
            "52308802",
            "100",
            "22",
            "1000",
            "0",
            "0",
            "0",
            "0",
            "reversedirection=yes railway=rail",
            "railway=switch",
            "8045",
            "4505543"
          ],
          [
            "8125271",
            "52308252",
            "97",
            "96",
            "1000",
            "0",
            "0",
            "0",
            "0",
            "reversedirection=yes railway=rail",
            "railway=switch",
            "8053",
            "4510323"
          ],
          [
            "8125181",
            "52308216",
            "96",
            "7",
            "1000",
            "0",
            "0",
            "0",
            "0",
            "reversedirection=yes railway=rail",
            "railway=signal",
            "8054",
            "4510576"
          ],
          [
            "8125169",
            "52308211",
            "96",
            "1",
            "1000",
            "0",
            "0",
            "0",
            "0",
            "reversedirection=yes railway=rail",
            "railway=unknown",
            "8054",
            "4510612"
          ],
          [
            "8125127",
            "52308194",
            "96",
            "3",
            "1000",
            "0",
            "0",
            "0",
            "0",
            "reversedirection=yes railway=rail",
            "railway=signal",
            "8054",
            "4510715"
          ],
          [
            "8122396",
            "52307162",
            "90",
            "218",
            "1000",
            "0",
            "0",
            "0",
            "0",
            "reversedirection=yes railway=rail",
            "railway=signal",
            "8071",
            "4517189"
          ],
          [
            "8110229",
            "52302841",
            "91",
            "959",
            "1000",
            "0",
            "0",
            "0",
            "0",
            "reversedirection=yes railway=rail",
            "railway=signal",
            "8148",
            "4557372"
          ],
          [
            "8110198",
            "52302833",
            "91",
            "2",
            "1000",
            "0",
            "0",
            "0",
            "0",
            "reversedirection=yes railway=rail",
            "railway=signal",
            "8148",
            "4557451"
          ],
          [
            "8110048",
            "52302784",
            "91",
            "12",
            "1000",
            "0",
            "0",
            "0",
            "0",
            "reversedirection=yes railway=rail",
            "railway=unknown",
            "8149",
            "4557927"
          ],
          [
            "8104817",
            "52301499",
            "90",
            "384",
            "1000",
            "0",
            "0",
            "0",
            "0",
            "reversedirection=yes railway=rail",
            "railway=unknown",
            "8180",
            "4573734"
          ],
          [
            "8100334",
            "52300474",
            "87",
            "326",
            "1000",
            "0",
            "0",
            "0",
            "0",
            "reversedirection=yes railway=rail",
            "railway=signal",
            "8206",
            "4587877"
          ],
          [
            "8098501",
            "52299966",
            "85",
            "137",
            "1000",
            "0",
            "0",
            "0",
            "0",
            "reversedirection=yes railway=rail",
            "railway=signal",
            "8217",
            "4592828"
          ],
          [
            "8096819",
            "52299351",
            "82",
            "133",
            "1000",
            "0",
            "0",
            "0",
            "0",
            "reversedirection=yes railway=rail",
            "railway=signal",
            "8228",
            "4596967"
          ],
          [
            "8096436",
            "52299190",
            "82",
            "32",
            "1000",
            "0",
            "0",
            "0",
            "0",
            "reversedirection=yes railway=rail",
            "railway=signal",
            "8230",
            "4597927"
          ],
          [
            "8094462",
            "52298163",
            "82",
            "177",
            "1000",
            "0",
            "0",
            "0",
            "0",
            "reversedirection=yes railway=rail",
            "railway=unknown",
            "8244",
            "4603564"
          ],
          [
            "8089081",
            "52294796",
            "82",
            "525",
            "1000",
            "0",
            "0",
            "0",
            "0",
            "reversedirection=yes railway=rail",
            "railway=crossing",
            "8286",
            "4625415"
          ],
          [
            "8089010",
            "52294751",
            "82",
            "7",
            "1000",
            "0",
            "0",
            "0",
            "0",
            "reversedirection=yes railway=rail",
            "railway=level_crossing",
            "8287",
            "4625707"
          ],
          [
            "8088932",
            "52294700",
            "82",
            "8",
            "1000",
            "0",
            "0",
            "0",
            "0",
            "reversedirection=yes railway=rail",
            "railway=crossing",
            "8288",
            "4626026"
          ],
          [
            "8088355",
            "52294340",
            "82",
            "56",
            "1000",
            "0",
            "0",
            "0",
            "0",
            "reversedirection=yes railway=rail",
            "railway=signal",
            "8292",
            "4628412"
          ],
          [
            "8088232",
            "52294263",
            "82",
            "12",
            "1000",
            "0",
            "0",
            "0",
            "0",
            "reversedirection=yes railway=rail",
            "railway=unknown",
            "8293",
            "4628929"
          ],
          [
            "8087785",
            "52293983",
            "82",
            "44",
            "1000",
            "0",
            "0",
            "0",
            "0",
            "reversedirection=yes railway=rail",
            "railway=signal",
            "8297",
            "4630910"
          ],
          [
            "8085551",
            "52292569",
            "81",
            "219",
            "1000",
            "0",
            "0",
            "0",
            "0",
            "reversedirection=yes railway=rail",
            "railway=signal",
            "8314",
            "4639441"
          ],
          [
            "8084926",
            "52292177",
            "80",
            "61",
            "1000",
            "0",
            "0",
            "0",
            "0",
            "reversedirection=yes railway=rail",
            "railway=signal",
            "8319",
            "4641658"
          ],
          [
            "8081790",
            "52290216",
            "75",
            "306",
            "1000",
            "0",
            "0",
            "0",
            "0",
            "reversedirection=yes railway=rail",
            "railway=signal",
            "8343",
            "4653640"
          ],
          [
            "8081759",
            "52290197",
            "75",
            "3",
            "1000",
            "0",
            "0",
            "0",
            "0",
            "reversedirection=yes railway=rail",
            "railway=signal",
            "8344",
            "4653754"
          ],
          [
            "8081684",
            "52290149",
            "75",
            "7",
            "1000",
            "0",
            "0",
            "0",
            "0",
            "reversedirection=yes railway=rail",
            "railway=switch",
            "8344",
            "4654006"
          ],
          [
            "8080760",
            "52289619",
            "74",
            "86",
            "1000",
            "0",
            "0",
            "0",
            "0",
            "reversedirection=yes railway=rail",
            "railway=switch",
            "8351",
            "4656835"
          ],
          [
            "8080706",
            "52289586",
            "74",
            "5",
            "1000",
            "0",
            "0",
            "0",
            "0",
            "railway=rail",
            "railway=signal",
            "8352",
            "4657021"
          ],
          [
            "8080680",
            "52289570",
            "73",
            "3",
            "1000",
            "0",
            "0",
            "0",
            "0",
            "railway=rail",
            "railway=signal",
            "8352",
            "4657127"
          ],
          [
            "8080670",
            "52289564",
            "73",
            "1",
            "1000",
            "0",
            "0",
            "0",
            "0",
            "railway=rail",
            "railway=switch",
            "8352",
            "4657163"
          ],
          [
            "8079721",
            "52288964",
            "73",
            "93",
            "1000",
            "0",
            "0",
            "0",
            "0",
            "railway=rail",
            "railway=signal",
            "8359",
            "4660604"
          ],
          [
            "8079660",
            "52288924",
            "73",
            "6",
            "1000",
            "0",
            "0",
            "0",
            "0",
            "railway=rail",
            "railway=signal",
            "8360",
            "4660844"
          ],
          [
            "8075076",
            "52286049",
            "72",
            "447",
            "1000",
            "0",
            "0",
            "0",
            "0",
            "railway=rail",
            "railway=signal",
            "8396",
            "4678839"
          ],
          [
            "8074956",
            "52285974",
            "71",
            "12",
            "1000",
            "0",
            "0",
            "0",
            "0",
            "railway=rail",
            "railway=signal",
            "8397",
            "4679311"
          ],
          [
            "8074144",
            "52285468",
            "70",
            "79",
            "1000",
            "0",
            "0",
            "0",
            "0",
            "railway=rail",
            "railway=signal",
            "8403",
            "4681942"
          ],
          [
            "8073846",
            "52285286",
            "69",
            "29",
            "1000",
            "0",
            "0",
            "0",
            "0",
            "railway=rail",
            "railway=unknown",
            "8405",
            "4682930"
          ],
          [
            "8072906",
            "52284720",
            "70",
            "90",
            "1000",
            "0",
            "0",
            "0",
            "0",
            "railway=rail",
            "railway=signal",
            "8412",
            "4686512"
          ],
          [
            "8072843",
            "52284681",
            "70",
            "6",
            "1000",
            "0",
            "0",
            "0",
            "0",
            "railway=rail",
            "railway=switch",
            "8413",
            "4686761"
          ],
          [
            "8071920",
            "52284076",
            "70",
            "92",
            "1000",
            "0",
            "0",
            "0",
            "0",
            "reversedirection=yes railway=rail",
            "railway=switch",
            "8420",
            "4690661"
          ],
          [
            "8071822",
            "52284018",
            "70",
            "9",
            "1000",
            "0",
            "0",
            "0",
            "0",
            "reversedirection=yes railway=rail",
            "railway=switch",
            "8421",
            "4691049"
          ],
          [
            "8070929",
            "52283432",
            "68",
            "89",
            "1000",
            "0",
            "0",
            "0",
            "0",
            "reversedirection=yes railway=rail",
            "railway=switch",
            "8428",
            "4693871"
          ],
          [
            "8070417",
            "52283119",
            "67",
            "49",
            "1000",
            "0",
            "0",
            "0",
            "0",
            "reversedirection=yes railway=rail",
            "railway=switch",
            "8432",
            "4695646"
          ],
          [
            "8070130",
            "52282929",
            "68",
            "29",
            "1000",
            "0",
            "0",
            "0",
            "0",
            "reversedirection=yes railway=rail",
            "railway=switch",
            "8434",
            "4696789"
          ],
          [
            "8069779",
            "52282652",
            "68",
            "39",
            "1000",
            "0",
            "0",
            "0",
            "0",
            "reversedirection=yes railway=rail",
            "railway=switch",
            "8437",
            "4698495"
          ],
          [
            "8069206",
            "52282159",
            "69",
            "67",
            "1000",
            "0",
            "0",
            "0",
            "0",
            "reversedirection=yes railway=rail",
            "railway=switch",
            "8443",
            "4700786"
          ],
          [
            "8069188",
            "52282144",
            "69",
            "2",
            "1000",
            "0",
            "0",
            "0",
            "0",
            "railway=rail",
            "railway=signal",
            "8443",
            "4700861"
          ],
          [
            "8069165",
            "52282124",
            "70",
            "3",
            "1000",
            "0",
            "0",
            "0",
            "0",
            "railway=rail",
            "railway=signal",
            "8443",
            "4700979"
          ],
          [
            "8068868",
            "52281878",
            "70",
            "34",
            "1000",
            "0",
            "0",
            "0",
            "0",
            "railway=rail",
            "railway=switch",
            "8446",
            "4702348"
          ],
          [
            "8068656",
            "52281628",
            "70",
            "31",
            "1000",
            "0",
            "0",
            "0",
            "0",
            "reversedirection=yes railway=rail",
            "railway=switch",
            "8448",
            "4703628"
          ],
          [
            "8068451",
            "52281426",
            "70",
            "26",
            "1000",
            "0",
            "0",
            "0",
            "0",
            "reversedirection=yes railway=rail",
            "railway=signal",
            "8450",
            "4704719"
          ],
          [
            "8068374",
            "52281350",
            "70",
            "10",
            "1000",
            "0",
            "0",
            "0",
            "0",
            "reversedirection=yes railway=rail",
            "railway=signal",
            "8451",
            "4705142"
          ],
          [
            "8068291",
            "52281263",
            "70",
            "11",
            "1000",
            "0",
            "0",
            "0",
            "0",
            "reversedirection=yes railway=rail",
            "railway=switch",
            "8452",
            "4705632"
          ],
          [
            "8068055",
            "52280946",
            "71",
            "39",
            "1000",
            "0",
            "0",
            "0",
            "0",
            "reversedirection=yes railway=rail",
            "railway=switch",
            "8455",
            "4707722"
          ],
          [
            "8067749",
            "52280541",
            "72",
            "50",
            "1000",
            "0",
            "0",
            "0",
            "0",
            "reversedirection=yes railway=rail",
            "railway=signal",
            "8459",
            "4710403"
          ],
          [
            "8067695",
            "52280470",
            "72",
            "9",
            "1000",
            "0",
            "0",
            "0",
            "0",
            "reversedirection=yes railway=rail",
            "railway=signal",
            "8460",
            "4710863"
          ],
          [
            "8066455",
            "52278824",
            "73",
            "202",
            "1000",
            "0",
            "0",
            "0",
            "0",
            "reversedirection=yes railway=rail",
            "railway=signal",
            "8476",
            "4721103"
          ],
          [
            "8064892",
            "52276756",
            "73",
            "254",
            "1000",
            "0",
            "0",
            "0",
            "0",
            "reversedirection=yes railway=rail",
            "railway=signal",
            "8496",
            "4732466"
          ],
          [
            "8064478",
            "52276348",
            "73",
            "53",
            "1000",
            "0",
            "0",
            "0",
            "0",
            "reversedirection=yes railway=rail",
            "railway=switch",
            "8501",
            "4734804"
          ],
          [
            "8064297",
            "52276158",
            "73",
            "24",
            "1000",
            "0",
            "0",
            "0",
            "0",
            "reversedirection=yes railway=rail",
            "railway=switch",
            "8503",
            "4735862"
          ],
          [
            "8063891",
            "52275748",
            "73",
            "53",
            "1000",
            "0",
            "0",
            "0",
            "0",
            "railway=rail",
            "railway=signal",
            "8507",
            "4738378"
          ],
          [
            "8063535",
            "52275329",
            "73",
            "52",
            "1000",
            "0",
            "0",
            "0",
            "0",
            "railway=rail",
            "railway=switch",
            "8511",
            "4740709"
          ],
          [
            "8063215",
            "52274998",
            "72",
            "43",
            "1000",
            "0",
            "0",
            "0",
            "0",
            "reversedirection=yes railway=rail",
            "railway=switch",
            "8514",
            "4742446"
          ],
          [
            "8063184",
            "52274961",
            "72",
            "5",
            "1000",
            "0",
            "0",
            "0",
            "0",
            "reversedirection=yes railway=rail",
            "railway=switch",
            "8515",
            "4742652"
          ],
          [
            "8063013",
            "52274720",
            "72",
            "29",
            "1000",
            "0",
            "0",
            "0",
            "0",
            "reversedirection=yes railway=rail",
            "railway=switch",
            "8517",
            "4743692"
          ],
          [
            "8062887",
            "52274496",
            "72",
            "26",
            "1000",
            "0",
            "0",
            "0",
            "0",
            "reversedirection=yes railway=rail",
            "railway=switch",
            "8519",
            "4744675"
          ],
          [
            "8062570",
            "52273930",
            "71",
            "67",
            "1000",
            "0",
            "0",
            "0",
            "0",
            "railway=rail",
            "railway=signal",
            "8525",
            "4747251"
          ],
          [
            "8062183",
            "52273231",
            "69",
            "82",
            "1000",
            "0",
            "0",
            "0",
            "0",
            "railway=rail",
            "railway=unknown",
            "8531",
            "4749652"
          ],
          [
            "8061887",
            "52272725",
            "69",
            "60",
            "1000",
            "0",
            "0",
            "0",
            "0",
            "railway=rail",
            "railway=signal",
            "8536",
            "4751664"
          ],
          [
            "8061782",
            "52272572",
            "69",
            "18",
            "1000",
            "0",
            "0",
            "0",
            "0",
            "railway=rail",
            "railway=halt",
            "8537",
            "4752330"
          ],
          [
            "8061651",
            "52272390",
            "69",
            "22",
            "1000",
            "0",
            "0",
            "0",
            "0",
            "railway=rail",
            "railway=signal",
            "8539",
            "4753128"
          ],
          [
            "8061616",
            "52272345",
            "68",
            "6",
            "1000",
            "0",
            "0",
            "0",
            "0",
            "railway=rail",
            "railway=signal",
            "8540",
            "4753339"
          ],
          [
            "8061573",
            "52272289",
            "68",
            "7",
            "1000",
            "0",
            "0",
            "0",
            "0",
            "railway=rail",
            "railway=switch",
            "8540",
            "4753574"
          ],
          [
            "8061146",
            "52271810",
            "65",
            "61",
            "1000",
            "0",
            "0",
            "0",
            "0",
            "railway=rail",
            "railway=signal",
            "8545",
            "4755676"
          ],
          [
            "8061121",
            "52271787",
            "65",
            "3",
            "1000",
            "0",
            "0",
            "0",
            "0",
            "railway=rail",
            "railway=signal",
            "8545",
            "4755802"
          ],
          [
            "8061108",
            "52271771",
            "65",
            "2",
            "1000",
            "0",
            "0",
            "0",
            "0",
            "railway=rail",
            "railway=signal",
            "8545",
            "4755886"
          ],
          [
            "8061093",
            "52271757",
            "65",
            "2",
            "1000",
            "0",
            "0",
            "0",
            "0",
            "railway=rail",
            "railway=signal",
            "8546",
            "4755966"
          ],
          [
            "8060852",
            "52271537",
            "65",
            "29",
            "1000",
            "0",
            "0",
            "0",
            "0",
            "railway=rail",
            "railway=unknown",
            "8548",
            "4757084"
          ],
          [
            "8060694",
            "52271397",
            "65",
            "19",
            "1000",
            "0",
            "0",
            "0",
            "0",
            "railway=rail",
            "railway=signal",
            "8549",
            "4757801"
          ],
          [
            "8060646",
            "52271353",
            "64",
            "6",
            "1000",
            "0",
            "0",
            "0",
            "0",
            "railway=rail",
            "railway=signal",
            "8550",
            "4758019"
          ],
          [
            "8060241",
            "52270965",
            "63",
            "51",
            "1000",
            "0",
            "0",
            "0",
            "0",
            "railway=rail",
            "railway=switch",
            "8554",
            "4759435"
          ],
          [
            "8060206",
            "52270933",
            "63",
            "4",
            "1000",
            "0",
            "0",
            "0",
            "0",
            "railway=rail",
            "railway=signal",
            "8554",
            "4759562"
          ],
          [
            "8060124",
            "52270843",
            "63",
            "11",
            "1000",
            "0",
            "0",
            "0",
            "0",
            "railway=rail",
            "railway=signal",
            "8555",
            "4759922"
          ],
          [
            "8060112",
            "52270833",
            "63",
            "1",
            "1000",
            "0",
            "0",
            "0",
            "0",
            "railway=rail",
            "railway=signal",
            "8555",
            "4759955"
          ],
          [
            "8059934",
            "52270647",
            "63",
            "24",
            "1000",
            "0",
            "0",
            "0",
            "0",
            "railway=rail",
            "railway=switch",
            "8557",
            "4760821"
          ],
          [
            "8059487",
            "52270086",
            "64",
            "69",
            "1000",
            "0",
            "0",
            "0",
            "0",
            "railway=rail",
            "railway=switch",
            "8563",
            "4763753"
          ],
          [
            "8059424",
            "52269998",
            "64",
            "10",
            "1000",
            "0",
            "0",
            "0",
            "0",
            "reversedirection=yes railway=rail",
            "railway=signal",
            "8564",
            "4764183"
          ],
          [
            "8059410",
            "52269981",
            "64",
            "2",
            "1000",
            "0",
            "0",
            "0",
            "0",
            "reversedirection=yes railway=rail",
            "railway=unknown",
            "8564",
            "4764269"
          ],
          [
            "8059318",
            "52269857",
            "64",
            "15",
            "1000",
            "0",
            "0",
            "0",
            "0",
            "reversedirection=yes railway=rail",
            "railway=unknown",
            "8565",
            "4764916"
          ],
          [
            "8059288",
            "52269820",
            "64",
            "5",
            "1000",
            "0",
            "0",
            "0",
            "0",
            "reversedirection=yes railway=rail",
            "railway=switch",
            "8565",
            "4765132"
          ],
          [
            "8058768",
            "52269224",
            "64",
            "75",
            "1000",
            "0",
            "0",
            "0",
            "0",
            "reversedirection=yes railway=rail",
            "railway=switch",
            "8571",
            "4768391"
          ],
          [
            "8058642",
            "52269057",
            "64",
            "20",
            "1000",
            "0",
            "0",
            "0",
            "0",
            "reversedirection=yes railway=rail",
            "railway=signal",
            "8573",
            "4769264"
          ],
          [
            "8058617",
            "52269024",
            "64",
            "4",
            "1000",
            "0",
            "0",
            "0",
            "0",
            "reversedirection=yes railway=rail",
            "railway=signal",
            "8573",
            "4769439"
          ],
          [
            "8058571",
            "52268962",
            "64",
            "8",
            "1000",
            "0",
            "0",
            "0",
            "0",
            "reversedirection=yes railway=rail",
            "railway=switch",
            "8574",
            "4769788"
          ],
          [
            "8058288",
            "52268585",
            "64",
            "46",
            "1000",
            "0",
            "0",
            "0",
            "0",
            "reversedirection=yes railway=rail",
            "railway=switch",
            "8578",
            "4771802"
          ],
          [
            "8057959",
            "52268057",
            "64",
            "63",
            "1000",
            "0",
            "0",
            "0",
            "0",
            "reversedirection=yes railway=rail",
            "railway=switch",
            "8583",
            "4774566"
          ],
          [
            "8057810",
            "52267861",
            "64",
            "24",
            "1000",
            "0",
            "0",
            "0",
            "0",
            "reversedirection=yes railway=rail",
            "railway=signal",
            "8585",
            "4775620"
          ],
          [
            "8057768",
            "52267807",
            "64",
            "7",
            "1000",
            "0",
            "0",
            "0",
            "0",
            "reversedirection=yes railway=rail",
            "railway=signal",
            "8585",
            "4775927"
          ],
          [
            "8056908",
            "52266868",
            "64",
            "121",
            "1000",
            "0",
            "0",
            "0",
            "0",
            "reversedirection=yes railway=rail",
            "railway=signal",
            "8595",
            "4781245"
          ],
          [
            "8056357",
            "52266375",
            "64",
            "67",
            "1000",
            "0",
            "0",
            "0",
            "0",
            "reversedirection=yes railway=rail",
            "railway=switch",
            "8600",
            "4784191"
          ],
          [
            "8056298",
            "52266321",
            "64",
            "7",
            "1000",
            "0",
            "0",
            "0",
            "0",
            "reversedirection=yes railway=rail",
            "railway=signal",
            "8601",
            "4784499"
          ],
          [
            "8056282",
            "52266306",
            "64",
            "2",
            "1000",
            "0",
            "0",
            "0",
            "0",
            "reversedirection=yes railway=rail",
            "railway=signal",
            "8601",
            "4784587"
          ],
          [
            "8056217",
            "52266249",
            "64",
            "8",
            "1000",
            "0",
            "0",
            "0",
            "0",
            "reversedirection=yes railway=rail",
            "railway=signal",
            "8601",
            "4784939"
          ],
          [
            "8056092",
            "52266135",
            "64",
            "15",
            "1000",
            "0",
            "0",
            "0",
            "0",
            "reversedirection=yes railway=rail",
            "railway=signal",
            "8603",
            "4785598"
          ],
          [
            "8055328",
            "52265498",
            "64",
            "88",
            "1000",
            "0",
            "0",
            "0",
            "0",
            "reversedirection=yes railway=rail",
            "railway=signal",
            "8610",
            "4789469"
          ],
          [
            "8053705",
            "52264499",
            "64",
            "157",
            "1000",
            "0",
            "0",
            "0",
            "0",
            "reversedirection=yes railway=rail",
            "railway=signal",
            "8622",
            "4795569"
          ],
          [
            "8053690",
            "52264491",
            "64",
            "1",
            "1000",
            "0",
            "0",
            "0",
            "0",
            "reversedirection=yes railway=rail",
            "railway=signal",
            "8622",
            "4795601"
          ],
          [
            "8052099",
            "52263866",
            "65",
            "129",
            "1000",
            "0",
            "0",
            "0",
            "0",
            "reversedirection=yes railway=rail",
            "railway=signal",
            "8633",
            "4800582"
          ],
          [
            "8049102",
            "52263223",
            "66",
            "217",
            "1000",
            "0",
            "0",
            "0",
            "0",
            "reversedirection=yes railway=rail",
            "railway=signal",
            "8650",
            "4810605"
          ],
          [
            "8041577",
            "52262075",
            "67",
            "529",
            "1000",
            "0",
            "0",
            "0",
            "0",
            "reversedirection=yes railway=rail",
            "railway=signal",
            "8692",
            "4835146"
          ],
          [
            "8041515",
            "52262065",
            "67",
            "4",
            "1000",
            "0",
            "0",
            "0",
            "0",
            "reversedirection=yes railway=rail",
            "railway=unknown",
            "8693",
            "4835330"
          ],
          [
            "8040269",
            "52261875",
            "68",
            "88",
            "1000",
            "0",
            "0",
            "0",
            "0",
            "reversedirection=yes railway=rail",
            "railway=signal",
            "8700",
            "4839830"
          ],
          [
            "8040254",
            "52261873",
            "68",
            "1",
            "1000",
            "0",
            "0",
            "0",
            "0",
            "reversedirection=yes railway=rail",
            "railway=signal",
            "8700",
            "4839879"
          ],
          [
            "8037388",
            "52261453",
            "71",
            "201",
            "1000",
            "0",
            "0",
            "0",
            "0",
            "reversedirection=yes railway=rail",
            "railway=signal",
            "8716",
            "4851443"
          ],
          [
            "8037110",
            "52261413",
            "71",
            "20",
            "1000",
            "0",
            "0",
            "0",
            "0",
            "reversedirection=yes railway=rail",
            "railway=signal",
            "8717",
            "4852349"
          ],
          [
            "8036345",
            "52261302",
            "69",
            "54",
            "1000",
            "0",
            "0",
            "0",
            "0",
            "reversedirection=yes railway=rail",
            "railway=signal",
            "8722",
            "4854130"
          ],
          [
            "8035988",
            "52261250",
            "69",
            "25",
            "1000",
            "0",
            "0",
            "0",
            "0",
            "reversedirection=yes railway=rail",
            "railway=signal",
            "8724",
            "4855095"
          ],
          [
            "8035971",
            "52261248",
            "69",
            "1",
            "1000",
            "0",
            "0",
            "0",
            "0",
            "reversedirection=yes railway=rail",
            "railway=switch",
            "8724",
            "4855134"
          ],
          [
            "8035102",
            "52261081",
            "69",
            "62",
            "1000",
            "0",
            "0",
            "0",
            "0",
            "railway=rail",
            "railway=signal",
            "8729",
            "4857338"
          ],
          [
            "8034817",
            "52261026",
            "69",
            "20",
            "1000",
            "0",
            "0",
            "0",
            "0",
            "railway=rail",
            "railway=switch",
            "8730",
            "4858108"
          ],
          [
            "8034262",
            "52260904",
            "68",
            "41",
            "1000",
            "0",
            "0",
            "0",
            "0",
            "reversedirection=yes railway=rail",
            "railway=switch",
            "8734",
            "4859711"
          ],
          [
            "8033326",
            "52260698",
            "68",
            "68",
            "1000",
            "0",
            "0",
            "0",
            "0",
            "reversedirection=yes railway=rail",
            "railway=signal",
            "8739",
            "4862119"
          ],
          [
            "8022496",
            "52257040",
            "75",
            "854",
            "1000",
            "0",
            "0",
            "0",
            "0",
            "reversedirection=yes railway=rail",
            "railway=signal",
            "8807",
            "4903087"
          ],
          [
            "8021982",
            "52256804",
            "75",
            "44",
            "1000",
            "0",
            "0",
            "0",
            "0",
            "reversedirection=yes railway=rail",
            "railway=switch",
            "8811",
            "4905954"
          ],
          [
            "8021524",
            "52256601",
            "75",
            "39",
            "1000",
            "0",
            "0",
            "0",
            "0",
            "reversedirection=yes railway=rail",
            "railway=switch",
            "8814",
            "4908072"
          ],
          [
            "8020782",
            "52256248",
            "71",
            "64",
            "1000",
            "0",
            "0",
            "0",
            "0",
            "railway=rail",
            "railway=switch",
            "8819",
            "4909929"
          ],
          [
            "8020266",
            "52255998",
            "70",
            "45",
            "1000",
            "0",
            "0",
            "0",
            "0",
            "railway=rail",
            "railway=switch",
            "8823",
            "4911041"
          ],
          [
            "8019780",
            "52255743",
            "69",
            "44",
            "1000",
            "0",
            "0",
            "0",
            "0",
            "railway=rail",
            "railway=switch",
            "8826",
            "4912040"
          ],
          [
            "8018826",
            "52255240",
            "69",
            "86",
            "1000",
            "0",
            "0",
            "0",
            "0",
            "railway=rail",
            "railway=switch",
            "8833",
            "4914846"
          ],
          [
            "8018743",
            "52255188",
            "69",
            "8",
            "1000",
            "0",
            "0",
            "0",
            "0",
            "reversedirection=yes railway=rail",
            "railway=signal",
            "8834",
            "4915143"
          ],
          [
            "8018731",
            "52255181",
            "69",
            "1",
            "1000",
            "0",
            "0",
            "0",
            "0",
            "reversedirection=yes railway=rail",
            "railway=signal",
            "8834",
            "4915180"
          ],
          [
            "8018678",
            "52255144",
            "69",
            "6",
            "1000",
            "0",
            "0",
            "0",
            "0",
            "reversedirection=yes railway=rail",
            "railway=switch",
            "8834",
            "4915406"
          ],
          [
            "8017365",
            "52254328",
            "70",
            "128",
            "1000",
            "0",
            "0",
            "0",
            "0",
            "railway=rail",
            "railway=switch",
            "8845",
            "4920960"
          ],
          [
            "8017341",
            "52254313",
            "70",
            "2",
            "1000",
            "0",
            "0",
            "0",
            "0",
            "reversedirection=yes railway=rail",
            "railway=signal",
            "8845",
            "4921055"
          ],
          [
            "8017332",
            "52254307",
            "70",
            "1",
            "1000",
            "0",
            "0",
            "0",
            "0",
            "reversedirection=yes railway=rail",
            "railway=signal",
            "8845",
            "4921102"
          ],
          [
            "8017314",
            "52254295",
            "70",
            "2",
            "1000",
            "0",
            "0",
            "0",
            "0",
            "reversedirection=yes railway=rail",
            "railway=signal",
            "8845",
            "4921197"
          ],
          [
            "8017287",
            "52254277",
            "70",
            "3",
            "1000",
            "0",
            "0",
            "0",
            "0",
            "reversedirection=yes railway=rail",
            "railway=signal",
            "8845",
            "4921338"
          ],
          [
            "8017266",
            "52254264",
            "70",
            "2",
            "1000",
            "0",
            "0",
            "0",
            "0",
            "reversedirection=yes railway=rail",
            "railway=switch",
            "8845",
            "4921432"
          ],
          [
            "8016333",
            "52253702",
            "72",
            "89",
            "1000",
            "0",
            "0",
            "0",
            "0",
            "railway=rail",
            "railway=switch",
            "8853",
            "4926369"
          ],
          [
            "8016242",
            "52253638",
            "72",
            "9",
            "1000",
            "0",
            "0",
            "0",
            "0",
            "railway=rail",
            "railway=signal",
            "8853",
            "4926855"
          ],
          [
            "8014112",
            "52252163",
            "75",
            "219",
            "1000",
            "0",
            "0",
            "0",
            "0",
            "railway=rail",
            "railway=signal",
            "8871",
            "4937344"
          ],
          [
            "8010801",
            "52249858",
            "78",
            "342",
            "1000",
            "0",
            "0",
            "0",
            "0",
            "railway=rail",
            "railway=unknown",
            "8898",
            "4955053"
          ],
          [
            "8010776",
            "52249841",
            "78",
            "3",
            "1000",
            "0",
            "0",
            "0",
            "0",
            "railway=rail",
            "railway=signal",
            "8898",
            "4955188"
          ],
          [
            "8010135",
            "52249401",
            "77",
            "66",
            "1000",
            "0",
            "0",
            "0",
            "0",
            "railway=rail",
            "railway=signal",
            "8904",
            "4959306"
          ],
          [
            "8007544",
            "52247726",
            "76",
            "257",
            "1000",
            "0",
            "0",
            "0",
            "0",
            "railway=rail",
            "railway=signal",
            "8924",
            "4971025"
          ],
          [
            "7998296",
            "52245209",
            "70",
            "702",
            "1000",
            "0",
            "0",
            "0",
            "0",
            "railway=rail",
            "railway=unknown",
            "8980",
            "4995768"
          ],
          [
            "7997954",
            "52245175",
            "70",
            "24",
            "1000",
            "0",
            "0",
            "0",
            "0",
            "railway=rail",
            "railway=signal",
            "8982",
            "4996862"
          ],
          [
            "7993859",
            "52244766",
            "69",
            "283",
            "1000",
            "0",
            "0",
            "0",
            "0",
            "railway=rail",
            "railway=signal",
            "9005",
            "5009233"
          ],
          [
            "7981930",
            "52243575",
            "70",
            "825",
            "1000",
            "0",
            "0",
            "0",
            "0",
            "railway=rail",
            "railway=signal",
            "9071",
            "5045736"
          ],
          [
            "7981574",
            "52243540",
            "69",
            "25",
            "1000",
            "0",
            "0",
            "0",
            "0",
            "railway=rail",
            "railway=unknown",
            "9073",
            "5046787"
          ],
          [
            "7969782",
            "52242356",
            "69",
            "816",
            "1000",
            "0",
            "0",
            "0",
            "0",
            "railway=rail",
            "railway=signal",
            "9138",
            "5081811"
          ],
          [
            "7968950",
            "52242284",
            "69",
            "58",
            "1000",
            "0",
            "0",
            "0",
            "0",
            "railway=rail",
            "railway=unknown",
            "9143",
            "5084438"
          ],
          [
            "7966096",
            "52242157",
            "71",
            "196",
            "1000",
            "0",
            "0",
            "0",
            "0",
            "railway=rail",
            "railway=signal",
            "9159",
            "5094444"
          ],
          [
            "7965930",
            "52242151",
            "71",
            "11",
            "1000",
            "0",
            "0",
            "0",
            "0",
            "railway=rail",
            "railway=signal",
            "9159",
            "5094963"
          ],
          [
            "7961258",
            "52241984",
            "73",
            "320",
            "1000",
            "0",
            "0",
            "0",
            "0",
            "railway=rail",
            "railway=signal",
            "9185",
            "5109118"
          ],
          [
            "7961153",
            "52241979",
            "73",
            "7",
            "1000",
            "0",
            "0",
            "0",
            "0",
            "railway=rail",
            "railway=switch",
            "9186",
            "5109426"
          ],
          [
            "7959511",
            "52241885",
            "75",
            "113",
            "1000",
            "0",
            "0",
            "0",
            "0",
            "reversedirection=yes railway=rail",
            "railway=switch",
            "9195",
            "5115145"
          ],
          [
            "7959447",
            "52241882",
            "75",
            "4",
            "1000",
            "0",
            "0",
            "0",
            "0",
            "reversedirection=yes railway=rail",
            "railway=signal",
            "9195",
            "5115335"
          ],
          [
            "7959366",
            "52241880",
            "75",
            "6",
            "1000",
            "0",
            "0",
            "0",
            "0",
            "reversedirection=yes railway=rail",
            "railway=switch",
            "9195",
            "5115619"
          ],
          [
            "7957949",
            "52241786",
            "75",
            "98",
            "1000",
            "0",
            "0",
            "0",
            "0",
            "reversedirection=yes railway=rail",
            "railway=switch",
            "9203",
            "5120132"
          ],
          [
            "7957695",
            "52241766",
            "75",
            "17",
            "1000",
            "0",
            "0",
            "0",
            "0",
            "reversedirection=yes railway=rail",
            "railway=signal",
            "9205",
            "5120933"
          ],
          [
            "7956525",
            "52241688",
            "76",
            "80",
            "1000",
            "0",
            "0",
            "0",
            "0",
            "reversedirection=yes railway=rail",
            "railway=switch",
            "9211",
            "5124975"
          ],
          [
            "7955080",
            "52241584",
            "76",
            "99",
            "1000",
            "0",
            "0",
            "0",
            "0",
            "reversedirection=yes railway=rail",
            "railway=switch",
            "9219",
            "5129745"
          ],
          [
            "7954942",
            "52241579",
            "77",
            "9",
            "1000",
            "0",
            "0",
            "0",
            "0",
            "reversedirection=yes railway=rail",
            "railway=signal",
            "9220",
            "5130218"
          ],
          [
            "7954900",
            "52241578",
            "77",
            "3",
            "1000",
            "0",
            "0",
            "0",
            "0",
            "reversedirection=yes railway=rail",
            "railway=switch",
            "9220",
            "5130374"
          ],
          [
            "7954497",
            "52241547",
            "77",
            "28",
            "1000",
            "0",
            "0",
            "0",
            "0",
            "reversedirection=yes railway=rail",
            "railway=switch",
            "9222",
            "5131799"
          ],
          [
            "7953694",
            "52241462",
            "77",
            "56",
            "1000",
            "0",
            "0",
            "0",
            "0",
            "reversedirection=yes railway=rail",
            "railway=switch",
            "9227",
            "5134520"
          ],
          [
            "7945022",
            "52241092",
            "75",
            "593",
            "1000",
            "0",
            "0",
            "0",
            "0",
            "reversedirection=yes railway=rail",
            "railway=switch",
            "9274",
            "5162151"
          ],
          [
            "7944369",
            "52241026",
            "75",
            "45",
            "1000",
            "0",
            "0",
            "0",
            "0",
            "reversedirection=yes railway=rail",
            "railway=switch",
            "9278",
            "5164093"
          ],
          [
            "7943827",
            "52240991",
            "75",
            "37",
            "1000",
            "0",
            "0",
            "0",
            "0",
            "reversedirection=yes railway=rail",
            "railway=switch",
            "9281",
            "5165739"
          ],
          [
            "7943231",
            "52240975",
            "75",
            "40",
            "1000",
            "0",
            "0",
            "0",
            "0",
            "reversedirection=yes railway=rail",
            "railway=switch",
            "9284",
            "5167544"
          ],
          [
            "7942706",
            "52240920",
            "75",
            "36",
            "1000",
            "0",
            "0",
            "0",
            "0",
            "reversedirection=yes railway=rail",
            "railway=switch",
            "9287",
            "5169222"
          ],
          [
            "7942627",
            "52240908",
            "75",
            "6",
            "1000",
            "0",
            "0",
            "0",
            "0",
            "reversedirection=yes railway=rail",
            "railway=switch",
            "9287",
            "5169498"
          ],
          [
            "7941080",
            "52240633",
            "74",
            "110",
            "1000",
            "0",
            "0",
            "0",
            "0",
            "reversedirection=yes railway=rail",
            "railway=switch",
            "9296",
            "5173958"
          ],
          [
            "7940931",
            "52240595",
            "74",
            "11",
            "1000",
            "0",
            "0",
            "0",
            "0",
            "reversedirection=yes railway=rail",
            "railway=signal",
            "9297",
            "5174411"
          ],
          [
            "7940871",
            "52240580",
            "74",
            "4",
            "1000",
            "0",
            "0",
            "0",
            "0",
            "reversedirection=yes railway=rail",
            "railway=switch",
            "9297",
            "5174576"
          ],
          [
            "7935425",
            "52238357",
            "74",
            "452",
            "1000",
            "0",
            "0",
            "0",
            "0",
            "reversedirection=yes railway=rail",
            "railway=signal",
            "9333",
            "5194202"
          ],
          [
            "7934670",
            "52237837",
            "75",
            "78",
            "1000",
            "0",
            "0",
            "0",
            "0",
            "reversedirection=yes railway=rail",
            "railway=signal",
            "9340",
            "5198110"
          ],
          [
            "7934341",
            "52237588",
            "77",
            "36",
            "1000",
            "0",
            "0",
            "0",
            "0",
            "reversedirection=yes railway=rail",
            "railway=signal",
            "9343",
            "5200282"
          ],
          [
            "7934301",
            "52237555",
            "77",
            "5",
            "1000",
            "0",
            "0",
            "0",
            "0",
            "reversedirection=yes railway=rail",
            "railway=signal",
            "9343",
            "5200558"
          ],
          [
            "7926702",
            "52230728",
            "73",
            "920",
            "1000",
            "0",
            "0",
            "0",
            "0",
            "reversedirection=yes railway=rail",
            "railway=signal",
            "9417",
            "5238851"
          ],
          [
            "7924599",
            "52228781",
            "74",
            "260",
            "1000",
            "0",
            "0",
            "0",
            "0",
            "reversedirection=yes railway=rail",
            "railway=signal",
            "9437",
            "5251054"
          ],
          [
            "7924581",
            "52228765",
            "74",
            "2",
            "1000",
            "0",
            "0",
            "0",
            "0",
            "reversedirection=yes railway=rail",
            "railway=signal",
            "9438",
            "5251139"
          ],
          [
            "7917661",
            "52221653",
            "77",
            "922",
            "1000",
            "0",
            "0",
            "0",
            "0",
            "reversedirection=yes railway=rail",
            "railway=signal",
            "9511",
            "5294134"
          ],
          [
            "7916958",
            "52220416",
            "77",
            "146",
            "1000",
            "0",
            "0",
            "0",
            "0",
            "reversedirection=yes railway=rail",
            "railway=unknown",
            "9523",
            "5300440"
          ],
          [
            "7916924",
            "52220352",
            "77",
            "7",
            "1000",
            "0",
            "0",
            "0",
            "0",
            "reversedirection=yes railway=rail",
            "railway=signal",
            "9524",
            "5300744"
          ],
          [
            "7916219",
            "52219017",
            "77",
            "156",
            "1000",
            "0",
            "0",
            "0",
            "0",
            "reversedirection=yes railway=rail",
            "railway=signal",
            "9536",
            "5308089"
          ],
          [
            "7910913",
            "52210081",
            "81",
            "1058",
            "1000",
            "0",
            "0",
            "0",
            "0",
            "reversedirection=yes railway=rail",
            "railway=signal",
            "9621",
            "5354975"
          ],
          [
            "7910254",
            "52208979",
            "81",
            "131",
            "1000",
            "0",
            "0",
            "0",
            "0",
            "reversedirection=yes railway=rail",
            "railway=unknown",
            "9631",
            "5361221"
          ],
          [
            "7909003",
            "52206922",
            "81",
            "244",
            "1000",
            "0",
            "0",
            "0",
            "0",
            "reversedirection=yes railway=rail",
            "railway=unknown",
            "9651",
            "5374150"
          ],
          [
            "7907654",
            "52205220",
            "82",
            "211",
            "1000",
            "0",
            "0",
            "0",
            "0",
            "reversedirection=yes railway=rail",
            "railway=unknown",
            "9668",
            "5384471"
          ],
          [
            "7905950",
            "52203726",
            "83",
            "203",
            "1000",
            "0",
            "0",
            "0",
            "0",
            "reversedirection=yes railway=rail",
            "railway=unknown",
            "9684",
            "5394155"
          ],
          [
            "7903927",
            "52202445",
            "85",
            "200",
            "1000",
            "0",
            "0",
            "0",
            "0",
            "reversedirection=yes railway=rail",
            "railway=unknown",
            "9700",
            "5404050"
          ],
          [
            "7902549",
            "52201780",
            "85",
            "119",
            "1000",
            "0",
            "0",
            "0",
            "0",
            "reversedirection=yes railway=rail",
            "railway=signal",
            "9709",
            "5409739"
          ],
          [
            "7902250",
            "52201656",
            "85",
            "25",
            "1000",
            "0",
            "0",
            "0",
            "0",
            "reversedirection=yes railway=rail",
            "railway=level_crossing",
            "9711",
            "5411019"
          ],
          [
            "7901972",
            "52201544",
            "85",
            "23",
            "1000",
            "0",
            "0",
            "0",
            "0",
            "reversedirection=yes railway=rail",
            "railway=signal",
            "9713",
            "5412070"
          ],
          [
            "7901600",
            "52201403",
            "85",
            "30",
            "1000",
            "0",
            "0",
            "0",
            "0",
            "reversedirection=yes railway=rail",
            "railway=unknown",
            "9716",
            "5413543"
          ],
          [
            "7900372",
            "52200971",
            "85",
            "96",
            "1000",
            "0",
            "0",
            "0",
            "0",
            "reversedirection=yes railway=rail",
            "railway=signal",
            "9723",
            "5418025"
          ],
          [
            "7900198",
            "52200912",
            "85",
            "14",
            "1000",
            "0",
            "0",
            "0",
            "0",
            "reversedirection=yes railway=rail",
            "railway=signal",
            "9724",
            "5418636"
          ],
          [
            "7898860",
            "52200459",
            "85",
            "104",
            "1000",
            "0",
            "0",
            "0",
            "0",
            "reversedirection=yes railway=rail",
            "railway=unknown",
            "9733",
            "5423330"
          ],
          [
            "7895903",
            "52199457",
            "86",
            "231",
            "1000",
            "0",
            "0",
            "0",
            "0",
            "reversedirection=yes railway=rail",
            "railway=unknown",
            "9751",
            "5434314"
          ],
          [
            "7894109",
            "52198845",
            "88",
            "140",
            "1000",
            "0",
            "0",
            "0",
            "0",
            "reversedirection=yes railway=rail",
            "railway=unknown",
            "9762",
            "5441565"
          ],
          [
            "7893810",
            "52198750",
            "88",
            "23",
            "1000",
            "0",
            "0",
            "0",
            "0",
            "reversedirection=yes railway=rail",
            "railway=signal",
            "9764",
            "5442605"
          ],
          [
            "7891265",
            "52197888",
            "88",
            "199",
            "1000",
            "0",
            "0",
            "0",
            "0",
            "reversedirection=yes railway=rail",
            "railway=unknown",
            "9780",
            "5451833"
          ],
          [
            "7888505",
            "52196955",
            "89",
            "216",
            "1000",
            "0",
            "0",
            "0",
            "0",
            "reversedirection=yes railway=rail",
            "railway=unknown",
            "9797",
            "5461791"
          ],
          [
            "7886532",
            "52196286",
            "91",
            "154",
            "1000",
            "0",
            "0",
            "0",
            "0",
            "reversedirection=yes railway=rail",
            "railway=unknown",
            "9810",
            "5470172"
          ],
          [
            "7886474",
            "52196266",
            "91",
            "5",
            "1000",
            "0",
            "0",
            "0",
            "0",
            "reversedirection=yes railway=rail",
            "railway=signal",
            "9810",
            "5470413"
          ],
          [
            "7883831",
            "52195371",
            "92",
            "207",
            "1000",
            "0",
            "0",
            "0",
            "0",
            "reversedirection=yes railway=rail",
            "railway=unknown",
            "9827",
            "5480461"
          ],
          [
            "7882288",
            "52194849",
            "93",
            "121",
            "1000",
            "0",
            "0",
            "0",
            "0",
            "reversedirection=yes railway=rail",
            "railway=signal",
            "9836",
            "5486963"
          ],
          [
            "7882286",
            "52194848",
            "93",
            "1",
            "1000",
            "0",
            "0",
            "0",
            "0",
            "reversedirection=yes railway=rail",
            "railway=signal",
            "9836",
            "5487012"
          ],
          [
            "7880635",
            "52194275",
            "93",
            "130",
            "1000",
            "0",
            "0",
            "0",
            "0",
            "reversedirection=yes railway=rail",
            "railway=unknown",
            "9847",
            "5492821"
          ],
          [
            "7873179",
            "52189579",
            "91",
            "734",
            "1000",
            "0",
            "0",
            "0",
            "0",
            "reversedirection=yes railway=rail",
            "railway=signal",
            "9906",
            "5529035"
          ],
          [
            "7872479",
            "52189088",
            "91",
            "73",
            "1000",
            "0",
            "0",
            "0",
            "0",
            "reversedirection=yes railway=rail",
            "railway=unknown",
            "9911",
            "5530899"
          ],
          [
            "7871026",
            "52187788",
            "87",
            "176",
            "1000",
            "0",
            "0",
            "0",
            "0",
            "reversedirection=yes railway=rail",
            "railway=unknown",
            "9925",
            "5535343"
          ],
          [
            "7870948",
            "52187695",
            "87",
            "12",
            "1000",
            "0",
            "0",
            "0",
            "0",
            "reversedirection=yes railway=rail",
            "railway=signal",
            "9926",
            "5535648"
          ],
          [
            "7870268",
            "52186678",
            "86",
            "122",
            "1000",
            "0",
            "0",
            "0",
            "0",
            "reversedirection=yes railway=rail",
            "railway=signal",
            "9936",
            "5539433"
          ],
          [
            "7870087",
            "52186288",
            "86",
            "45",
            "1000",
            "0",
            "0",
            "0",
            "0",
            "reversedirection=yes railway=rail",
            "railway=unknown",
            "9940",
            "5541192"
          ],
          [
            "7869761",
            "52184158",
            "85",
            "239",
            "1000",
            "0",
            "0",
            "0",
            "0",
            "reversedirection=yes railway=rail",
            "railway=unknown",
            "9959",
            "5548059"
          ],
          [
            "7869808",
            "52183792",
            "84",
            "41",
            "1000",
            "0",
            "0",
            "0",
            "0",
            "reversedirection=yes railway=rail",
            "railway=signal",
            "9962",
            "5549399"
          ],
          [
            "7870190",
            "52182599",
            "84",
            "135",
            "1000",
            "0",
            "0",
            "0",
            "0",
            "reversedirection=yes railway=rail",
            "railway=unknown",
            "9973",
            "5554394"
          ],
          [
            "7870277",
            "52182420",
            "83",
            "21",
            "1000",
            "0",
            "0",
            "0",
            "0",
            "reversedirection=yes railway=rail",
            "railway=signal",
            "9975",
            "5555197"
          ],
          [
            "7870585",
            "52181876",
            "82",
            "65",
            "1000",
            "0",
            "0",
            "0",
            "0",
            "reversedirection=yes railway=rail",
            "railway=signal",
            "9980",
            "5557409"
          ],
          [
            "7870586",
            "52181874",
            "82",
            "1",
            "1000",
            "0",
            "0",
            "0",
            "0",
            "reversedirection=yes railway=rail",
            "railway=signal",
            "9980",
            "5557444"
          ],
          [
            "7871066",
            "52181165",
            "81",
            "85",
            "1000",
            "0",
            "0",
            "0",
            "0",
            "reversedirection=yes railway=rail",
            "railway=signal",
            "9987",
            "5560358"
          ],
          [
            "7871089",
            "52181135",
            "82",
            "4",
            "1000",
            "0",
            "0",
            "0",
            "0",
            "reversedirection=yes railway=rail",
            "railway=unknown",
            "9987",
            "5560520"
          ],
          [
            "7872759",
            "52179370",
            "81",
            "228",
            "1000",
            "0",
            "0",
            "0",
            "0",
            "reversedirection=yes railway=rail",
            "railway=signal",
            "10005",
            "5570071"
          ],
          [
            "7873168",
            "52179039",
            "81",
            "46",
            "1000",
            "0",
            "0",
            "0",
            "0",
            "reversedirection=yes railway=rail",
            "railway=signal",
            "10009",
            "5571819"
          ],
          [
            "7874172",
            "52178342",
            "81",
            "103",
            "1000",
            "0",
            "0",
            "0",
            "0",
            "reversedirection=yes railway=rail",
            "railway=signal",
            "10017",
            "5575986"
          ],
          [
            "7874221",
            "52178309",
            "80",
            "5",
            "1000",
            "0",
            "0",
            "0",
            "0",
            "reversedirection=yes railway=rail",
            "railway=switch",
            "10018",
            "5576168"
          ],
          [
            "7874239",
            "52178298",
            "80",
            "2",
            "1000",
            "0",
            "0",
            "0",
            "0",
            "reversedirection=yes railway=rail",
            "railway=switch",
            "10018",
            "5576242"
          ],
          [
            "7874356",
            "52178225",
            "80",
            "11",
            "1000",
            "0",
            "0",
            "0",
            "0",
            "reversedirection=yes railway=rail",
            "railway=signal",
            "10019",
            "5576651"
          ],
          [
            "7874670",
            "52178031",
            "80",
            "30",
            "1000",
            "0",
            "0",
            "0",
            "0",
            "reversedirection=yes railway=rail",
            "railway=switch",
            "10021",
            "5577861"
          ],
          [
            "7876528",
            "52176927",
            "79",
            "176",
            "1000",
            "0",
            "0",
            "0",
            "0",
            "reversedirection=yes railway=rail",
            "railway=unknown",
            "10035",
            "5584891"
          ],
          [
            "7877086",
            "52176605",
            "79",
            "52",
            "1000",
            "0",
            "0",
            "0",
            "0",
            "reversedirection=yes railway=rail",
            "railway=signal",
            "10039",
            "5586982"
          ],
          [
            "7877941",
            "52176101",
            "79",
            "81",
            "1000",
            "0",
            "0",
            "0",
            "0",
            "reversedirection=yes railway=rail",
            "railway=halt",
            "10046",
            "5590384"
          ],
          [
            "7884233",
            "52172247",
            "79",
            "608",
            "1000",
            "0",
            "0",
            "0",
            "0",
            "reversedirection=yes railway=rail",
            "railway=switch",
            "10094",
            "5616325"
          ],
          [
            "7884523",
            "52172068",
            "78",
            "28",
            "1000",
            "0",
            "0",
            "0",
            "0",
            "reversedirection=yes railway=rail",
            "railway=signal",
            "10097",
            "5617451"
          ],
          [
            "7884576",
            "52172035",
            "78",
            "5",
            "1000",
            "0",
            "0",
            "0",
            "0",
            "reversedirection=yes railway=rail",
            "railway=switch",
            "10097",
            "5617655"
          ],
          [
            "7884717",
            "52171949",
            "78",
            "14",
            "1000",
            "0",
            "0",
            "0",
            "0",
            "reversedirection=yes railway=rail",
            "railway=switch",
            "10098",
            "5618260"
          ],
          [
            "7886077",
            "52170910",
            "78",
            "149",
            "1000",
            "0",
            "0",
            "0",
            "0",
            "railway=rail",
            "railway=switch",
            "10110",
            "5624328"
          ],
          [
            "7886130",
            "52170867",
            "78",
            "6",
            "1000",
            "0",
            "0",
            "0",
            "0",
            "railway=rail",
            "railway=signal",
            "10111",
            "5624577"
          ],
          [
            "7886166",
            "52170839",
            "78",
            "4",
            "1000",
            "0",
            "0",
            "0",
            "0",
            "railway=rail",
            "railway=signal",
            "10111",
            "5624743"
          ],
          [
            "7886611",
            "52170454",
            "78",
            "53",
            "1000",
            "0",
            "0",
            "0",
            "0",
            "railway=rail",
            "railway=signal",
            "10115",
            "5626980"
          ],
          [
            "7886896",
            "52170182",
            "78",
            "36",
            "1000",
            "0",
            "0",
            "0",
            "0",
            "railway=rail",
            "railway=unknown",
            "10118",
            "5628523"
          ],
          [
            "7887704",
            "52169265",
            "77",
            "116",
            "1000",
            "0",
            "0",
            "0",
            "0",
            "railway=rail",
            "railway=signal",
            "10127",
            "5633239"
          ],
          [
            "7888235",
            "52168535",
            "77",
            "89",
            "1000",
            "0",
            "0",
            "0",
            "0",
            "railway=rail",
            "railway=unknown",
            "10134",
            "5636936"
          ],
          [
            "7888280",
            "52168468",
            "77",
            "8",
            "1000",
            "0",
            "0",
            "0",
            "0",
            "railway=rail",
            "railway=signal",
            "10135",
            "5637276"
          ],
          [
            "7889114",
            "52167258",
            "76",
            "146",
            "1000",
            "0",
            "0",
            "0",
            "0",
            "railway=rail",
            "railway=signal",
            "10147",
            "5642743"
          ],
          [
            "7889283",
            "52167015",
            "76",
            "29",
            "1000",
            "0",
            "0",
            "0",
            "0",
            "railway=rail",
            "railway=signal",
            "10149",
            "5643946"
          ],
          [
            "7889449",
            "52166768",
            "76",
            "30",
            "1000",
            "0",
            "0",
            "0",
            "0",
            "railway=rail",
            "railway=unknown",
            "10151",
            "5645209"
          ],
          [
            "7890411",
            "52165166",
            "74",
            "191",
            "1000",
            "0",
            "0",
            "0",
            "0",
            "railway=rail",
            "railway=unknown",
            "10167",
            "5652560"
          ],
          [
            "7890896",
            "52164026",
            "75",
            "131",
            "1000",
            "0",
            "0",
            "0",
            "0",
            "railway=rail",
            "railway=signal",
            "10177",
            "5658170"
          ],
          [
            "7891043",
            "52163583",
            "74",
            "50",
            "1000",
            "0",
            "0",
            "0",
            "0",
            "railway=rail",
            "railway=unknown",
            "10181",
            "5660345"
          ],
          [
            "7891378",
            "52162016",
            "72",
            "176",
            "1000",
            "0",
            "0",
            "0",
            "0",
            "railway=rail",
            "railway=unknown",
            "10195",
            "5666386"
          ],
          [
            "7891421",
            "52161521",
            "71",
            "55",
            "1000",
            "0",
            "0",
            "0",
            "0",
            "railway=rail",
            "railway=signal",
            "10200",
            "5668388"
          ],
          [
            "7891411",
            "52160195",
            "70",
            "148",
            "1000",
            "0",
            "0",
            "0",
            "0",
            "railway=rail",
            "railway=unknown",
            "10212",
            "5673905"
          ],
          [
            "7891207",
            "52158915",
            "71",
            "143",
            "1000",
            "0",
            "0",
            "0",
            "0",
            "railway=rail",
            "railway=unknown",
            "10223",
            "5680124"
          ],
          [
            "7890799",
            "52157605",
            "69",
            "149",
            "1000",
            "0",
            "0",
            "0",
            "0",
            "railway=rail",
            "railway=signal",
            "10235",
            "5685848"
          ],
          [
            "7890577",
            "52157075",
            "69",
            "61",
            "1000",
            "0",
            "0",
            "0",
            "0",
            "railway=rail",
            "railway=unknown",
            "10240",
            "5688129"
          ],
          [
            "7889524",
            "52155238",
            "68",
            "217",
            "1000",
            "0",
            "0",
            "0",
            "0",
            "railway=rail",
            "railway=unknown",
            "10257",
            "5697004"
          ],
          [
            "7888205",
            "52153339",
            "67",
            "230",
            "1000",
            "0",
            "0",
            "0",
            "0",
            "railway=rail",
            "railway=unknown",
            "10276",
            "5706170"
          ],
          [
            "7887754",
            "52152699",
            "67",
            "78",
            "1000",
            "0",
            "0",
            "0",
            "0",
            "railway=rail",
            "railway=signal",
            "10282",
            "5709382"
          ],
          [
            "7887278",
            "52152019",
            "66",
            "82",
            "1000",
            "0",
            "0",
            "0",
            "0",
            "railway=rail",
            "railway=unknown",
            "10288",
            "5712515"
          ],
          [
            "7885887",
            "52150022",
            "65",
            "242",
            "1000",
            "0",
            "0",
            "0",
            "0",
            "railway=rail",
            "railway=unknown",
            "10308",
            "5722015"
          ],
          [
            "7884754",
            "52148398",
            "65",
            "197",
            "1000",
            "0",
            "0",
            "0",
            "0",
            "railway=rail",
            "railway=unknown",
            "10323",
            "5730584"
          ],
          [
            "7883813",
            "52147050",
            "65",
            "163",
            "1000",
            "0",
            "0",
            "0",
            "0",
            "railway=rail",
            "railway=unknown",
            "10336",
            "5737208"
          ],
          [
            "7882521",
            "52145204",
            "63",
            "224",
            "1000",
            "0",
            "0",
            "0",
            "0",
            "railway=rail",
            "railway=unknown",
            "10354",
            "5745956"
          ],
          [
            "7881199",
            "52143307",
            "63",
            "230",
            "1000",
            "0",
            "0",
            "0",
            "0",
            "railway=rail",
            "railway=unknown",
            "10373",
            "5755359"
          ],
          [
            "7880100",
            "52141736",
            "62",
            "190",
            "1000",
            "0",
            "0",
            "0",
            "0",
            "railway=rail",
            "railway=unknown",
            "10388",
            "5763085"
          ],
          [
            "7879948",
            "52141517",
            "62",
            "26",
            "1000",
            "0",
            "0",
            "0",
            "0",
            "railway=rail",
            "railway=signal",
            "10390",
            "5764203"
          ],
          [
            "7878909",
            "52140028",
            "61",
            "180",
            "1000",
            "0",
            "0",
            "0",
            "0",
            "railway=rail",
            "railway=unknown",
            "10404",
            "5771681"
          ],
          [
            "7878222",
            "52139040",
            "61",
            "120",
            "1000",
            "0",
            "0",
            "0",
            "0",
            "railway=rail",
            "railway=switch",
            "10414",
            "5776898"
          ],
          [
            "7877772",
            "52138308",
            "61",
            "88",
            "1000",
            "0",
            "0",
            "0",
            "0",
            "reversedirection=yes railway=rail",
            "railway=switch",
            "10421",
            "5780600"
          ],
          [
            "7877736",
            "52138254",
            "61",
            "6",
            "1000",
            "0",
            "0",
            "0",
            "0",
            "reversedirection=yes railway=rail",
            "railway=signal",
            "10422",
            "5780872"
          ],
          [
            "7877722",
            "52138236",
            "61",
            "2",
            "1000",
            "0",
            "0",
            "0",
            "0",
            "reversedirection=yes railway=rail",
            "railway=switch",
            "10422",
            "5780963"
          ],
          [
            "7877333",
            "52137584",
            "60",
            "77",
            "1000",
            "0",
            "0",
            "0",
            "0",
            "reversedirection=yes railway=rail",
            "railway=switch",
            "10428",
            "5783877"
          ],
          [
            "7877279",
            "52137499",
            "60",
            "10",
            "1000",
            "0",
            "0",
            "0",
            "0",
            "reversedirection=yes railway=rail",
            "railway=signal",
            "10429",
            "5784290"
          ],
          [
            "7877242",
            "52137446",
            "60",
            "6",
            "1000",
            "0",
            "0",
            "0",
            "0",
            "reversedirection=yes railway=rail",
            "railway=signal",
            "10429",
            "5784527"
          ],
          [
            "7873210",
            "52131672",
            "57",
            "699",
            "1000",
            "0",
            "0",
            "0",
            "0",
            "reversedirection=yes railway=rail",
            "railway=signal",
            "10485",
            "5811989"
          ],
          [
            "7872941",
            "52131284",
            "57",
            "47",
            "1000",
            "0",
            "0",
            "0",
            "0",
            "reversedirection=yes railway=rail",
            "railway=signal",
            "10489",
            "5814210"
          ],
          [
            "7872891",
            "52131216",
            "57",
            "8",
            "1000",
            "0",
            "0",
            "0",
            "0",
            "reversedirection=yes railway=rail",
            "railway=switch",
            "10490",
            "5814565"
          ],
          [
            "7872386",
            "52130594",
            "57",
            "77",
            "1000",
            "0",
            "0",
            "0",
            "0",
            "reversedirection=yes railway=rail",
            "railway=switch",
            "10496",
            "5817899"
          ],
          [
            "7872341",
            "52130525",
            "57",
            "8",
            "1000",
            "0",
            "0",
            "0",
            "0",
            "reversedirection=yes railway=rail",
            "railway=switch",
            "10496",
            "5818258"
          ],
          [
            "7871783",
            "52129822",
            "57",
            "87",
            "1000",
            "0",
            "0",
            "0",
            "0",
            "reversedirection=yes railway=rail",
            "railway=switch",
            "10503",
            "5822130"
          ],
          [
            "7871129",
            "52128884",
            "57",
            "114",
            "1000",
            "0",
            "0",
            "0",
            "0",
            "railway=rail",
            "railway=unknown",
            "10512",
            "5826866"
          ],
          [
            "7870437",
            "52127892",
            "57",
            "120",
            "1000",
            "0",
            "0",
            "0",
            "0",
            "railway=rail",
            "railway=signal",
            "10522",
            "5832053"
          ],
          [
            "7870419",
            "52127867",
            "57",
            "3",
            "1000",
            "0",
            "0",
            "0",
            "0",
            "railway=rail",
            "railway=signal",
            "10522",
            "5832184"
          ],
          [
            "7869884",
            "52127100",
            "56",
            "93",
            "1000",
            "0",
            "0",
            "0",
            "0",
            "railway=rail",
            "railway=unknown",
            "10530",
            "5836118"
          ],
          [
            "7868530",
            "52125160",
            "57",
            "235",
            "1000",
            "0",
            "0",
            "0",
            "0",
            "railway=rail",
            "railway=unknown",
            "10548",
            "5846562"
          ],
          [
            "7867606",
            "52123838",
            "56",
            "160",
            "1000",
            "0",
            "0",
            "0",
            "0",
            "railway=rail",
            "railway=unknown",
            "10561",
            "5853257"
          ],
          [
            "7866221",
            "52121852",
            "55",
            "240",
            "1000",
            "0",
            "0",
            "0",
            "0",
            "railway=rail",
            "railway=unknown",
            "10580",
            "5862931"
          ],
          [
            "7865898",
            "52121387",
            "55",
            "56",
            "1000",
            "0",
            "0",
            "0",
            "0",
            "railway=rail",
            "railway=signal",
            "10585",
            "5865559"
          ],
          [
            "7865896",
            "52121383",
            "55",
            "1",
            "1000",
            "0",
            "0",
            "0",
            "0",
            "railway=rail",
            "railway=signal",
            "10585",
            "5865602"
          ],
          [
            "7865302",
            "52120536",
            "56",
            "103",
            "1000",
            "0",
            "0",
            "0",
            "0",
            "railway=rail",
            "railway=unknown",
            "10593",
            "5870680"
          ],
          [
            "7864399",
            "52119244",
            "56",
            "156",
            "1000",
            "0",
            "0",
            "0",
            "0",
            "railway=rail",
            "railway=signal",
            "10606",
            "5877433"
          ],
          [
            "7864355",
            "52119182",
            "56",
            "8",
            "1000",
            "0",
            "0",
            "0",
            "0",
            "railway=rail",
            "railway=signal",
            "10606",
            "5877783"
          ],
          [
            "7864001",
            "52118674",
            "55",
            "62",
            "1000",
            "0",
            "0",
            "0",
            "0",
            "railway=rail",
            "railway=unknown",
            "10611",
            "5880192"
          ],
          [
            "7861813",
            "52115545",
            "55",
            "379",
            "1000",
            "0",
            "0",
            "0",
            "0",
            "railway=rail",
            "railway=unknown",
            "10642",
            "5896500"
          ],
          [
            "7861499",
            "52115095",
            "55",
            "54",
            "1000",
            "0",
            "0",
            "0",
            "0",
            "railway=rail",
            "railway=switch",
            "10646",
            "5898964"
          ],
          [
            "7861442",
            "52115013",
            "55",
            "10",
            "1000",
            "0",
            "0",
            "0",
            "0",
            "railway=rail",
            "railway=switch",
            "10647",
            "5899415"
          ],
          [
            "7860783",
            "52114223",
            "56",
            "98",
            "1000",
            "0",
            "0",
            "0",
            "0",
            "reversedirection=yes railway=rail",
            "railway=switch",
            "10655",
            "5904210"
          ],
          [
            "7860750",
            "52114182",
            "56",
            "5",
            "1000",
            "0",
            "0",
            "0",
            "0",
            "reversedirection=yes railway=rail",
            "railway=signal",
            "10655",
            "5904444"
          ],
          [
            "7860720",
            "52114147",
            "56",
            "4",
            "1000",
            "0",
            "0",
            "0",
            "0",
            "reversedirection=yes railway=rail",
            "railway=switch",
            "10655",
            "5904631"
          ],
          [
            "7860254",
            "52113520",
            "57",
            "76",
            "1000",
            "0",
            "0",
            "0",
            "0",
            "reversedirection=yes railway=rail",
            "railway=signal",
            "10661",
            "5908264"
          ],
          [
            "7859876",
            "52112976",
            "56",
            "66",
            "1000",
            "0",
            "0",
            "0",
            "0",
            "reversedirection=yes railway=rail",
            "railway=halt",
            "10667",
            "5911048"
          ],
          [
            "7856357",
            "52107900",
            "56",
            "614",
            "1000",
            "0",
            "0",
            "0",
            "0",
            "reversedirection=yes railway=rail",
            "railway=signal",
            "10716",
            "5937644"
          ],
          [
            "7855813",
            "52107076",
            "55",
            "99",
            "1000",
            "0",
            "0",
            "0",
            "0",
            "reversedirection=yes railway=rail",
            "railway=switch",
            "10724",
            "5941956"
          ],
          [
            "7855777",
            "52107015",
            "55",
            "7",
            "1000",
            "0",
            "0",
            "0",
            "0",
            "reversedirection=yes railway=rail",
            "railway=signal",
            "10724",
            "5942256"
          ],
          [
            "7855748",
            "52106962",
            "55",
            "6",
            "1000",
            "0",
            "0",
            "0",
            "0",
            "reversedirection=yes railway=rail",
            "railway=switch",
            "10725",
            "5942501"
          ],
          [
            "7855305",
            "52106231",
            "56",
            "87",
            "1000",
            "0",
            "0",
            "0",
            "0",
            "reversedirection=yes railway=rail",
            "railway=switch",
            "10732",
            "5946433"
          ],
          [
            "7855109",
            "52105950",
            "55",
            "34",
            "1000",
            "0",
            "0",
            "0",
            "0",
            "railway=rail",
            "railway=switch",
            "10734",
            "5947809"
          ],
          [
            "7854601",
            "52105224",
            "55",
            "88",
            "1000",
            "0",
            "0",
            "0",
            "0",
            "railway=rail",
            "railway=unknown",
            "10742",
            "5951507"
          ],
          [
            "7853512",
            "52103662",
            "55",
            "189",
            "1000",
            "0",
            "0",
            "0",
            "0",
            "railway=rail",
            "railway=unknown",
            "10757",
            "5959342"
          ],
          [
            "7853089",
            "52103055",
            "55",
            "73",
            "1000",
            "0",
            "0",
            "0",
            "0",
            "railway=rail",
            "railway=unknown",
            "10762",
            "5962509"
          ],
          [
            "7852912",
            "52102801",
            "55",
            "31",
            "1000",
            "0",
            "0",
            "0",
            "0",
            "railway=rail",
            "railway=signal",
            "10765",
            "5963861"
          ],
          [
            "7851468",
            "52100745",
            "54",
            "249",
            "1000",
            "0",
            "0",
            "0",
            "0",
            "railway=rail",
            "railway=unknown",
            "10785",
            "5974179"
          ],
          [
            "7851059",
            "52100201",
            "54",
            "67",
            "1000",
            "0",
            "0",
            "0",
            "0",
            "railway=rail",
            "railway=signal",
            "10790",
            "5977206"
          ],
          [
            "7850231",
            "52099172",
            "54",
            "128",
            "1000",
            "0",
            "0",
            "0",
            "0",
            "railway=rail",
            "railway=unknown",
            "10800",
            "5982945"
          ],
          [
            "7848726",
            "52097499",
            "54",
            "213",
            "1000",
            "0",
            "0",
            "0",
            "0",
            "railway=rail",
            "railway=unknown",
            "10818",
            "5991984"
          ],
          [
            "7847065",
            "52095887",
            "53",
            "213",
            "1000",
            "0",
            "0",
            "0",
            "0",
            "railway=rail",
            "railway=unknown",
            "10835",
            "6001120"
          ],
          [
            "7846026",
            "52094975",
            "53",
            "124",
            "1000",
            "0",
            "0",
            "0",
            "0",
            "railway=rail",
            "railway=signal",
            "10844",
            "6006328"
          ],
          [
            "7845944",
            "52094907",
            "53",
            "9",
            "1000",
            "0",
            "0",
            "0",
            "0",
            "railway=rail",
            "railway=signal",
            "10845",
            "6006697"
          ],
          [
            "7845368",
            "52094430",
            "53",
            "66",
            "1000",
            "0",
            "0",
            "0",
            "0",
            "railway=rail",
            "railway=unknown",
            "10850",
            "6009458"
          ],
          [
            "7843383",
            "52092915",
            "54",
            "216",
            "1000",
            "0",
            "0",
            "0",
            "0",
            "railway=rail",
            "railway=unknown",
            "10868",
            "6019234"
          ],
          [
            "7841629",
            "52091671",
            "53",
            "183",
            "1000",
            "0",
            "0",
            "0",
            "0",
            "railway=rail",
            "railway=unknown",
            "10882",
            "6027325"
          ],
          [
            "7839408",
            "52090177",
            "53",
            "226",
            "1000",
            "0",
            "0",
            "0",
            "0",
            "railway=rail",
            "railway=unknown",
            "10900",
            "6036649"
          ],
          [
            "7837834",
            "52089133",
            "52",
            "159",
            "1000",
            "0",
            "0",
            "0",
            "0",
            "railway=rail",
            "railway=unknown",
            "10913",
            "6043410"
          ],
          [
            "7836451",
            "52088214",
            "53",
            "139",
            "1000",
            "0",
            "0",
            "0",
            "0",
            "railway=rail",
            "railway=signal",
            "10924",
            "6049645"
          ],
          [
            "7835516",
            "52087591",
            "52",
            "94",
            "1000",
            "0",
            "0",
            "0",
            "0",
            "railway=rail",
            "railway=unknown",
            "10932",
            "6053535"
          ],
          [
            "7833961",
            "52086556",
            "53",
            "157",
            "1000",
            "0",
            "0",
            "0",
            "0",
            "railway=rail",
            "railway=unknown",
            "10944",
            "6060666"
          ],
          [
            "7831648",
            "52085020",
            "53",
            "233",
            "1000",
            "0",
            "0",
            "0",
            "0",
            "railway=rail",
            "railway=unknown",
            "10963",
            "6070968"
          ],
          [
            "7830256",
            "52084094",
            "53",
            "140",
            "1000",
            "0",
            "0",
            "0",
            "0",
            "railway=rail",
            "railway=unknown",
            "10974",
            "6077131"
          ],
          [
            "7827948",
            "52082560",
            "53",
            "233",
            "1000",
            "0",
            "0",
            "0",
            "0",
            "railway=rail",
            "railway=unknown",
            "10993",
            "6087381"
          ],
          [
            "7825917",
            "52081209",
            "52",
            "206",
            "1000",
            "0",
            "0",
            "0",
            "0",
            "railway=rail",
            "railway=signal",
            "11009",
            "6095961"
          ],
          [
            "7825862",
            "52081172",
            "52",
            "6",
            "1000",
            "0",
            "0",
            "0",
            "0",
            "railway=rail",
            "railway=unknown",
            "11010",
            "6096227"
          ],
          [
            "7823726",
            "52079755",
            "52",
            "215",
            "1000",
            "0",
            "0",
            "0",
            "0",
            "railway=rail",
            "railway=unknown",
            "11027",
            "6105717"
          ],
          [
            "7821636",
            "52078367",
            "52",
            "211",
            "1000",
            "0",
            "0",
            "0",
            "0",
            "railway=rail",
            "railway=unknown",
            "11044",
            "6115195"
          ],
          [
            "7820084",
            "52077335",
            "52",
            "157",
            "1000",
            "0",
            "0",
            "0",
            "0",
            "railway=rail",
            "railway=unknown",
            "11056",
            "6121948"
          ],
          [
            "7817766",
            "52075794",
            "51",
            "234",
            "1000",
            "0",
            "0",
            "0",
            "0",
            "railway=rail",
            "railway=unknown",
            "11075",
            "6131606"
          ],
          [
            "7816222",
            "52074767",
            "52",
            "156",
            "1000",
            "0",
            "0",
            "0",
            "0",
            "railway=rail",
            "railway=unknown",
            "11088",
            "6138588"
          ],
          [
            "7815540",
            "52074314",
            "52",
            "69",
            "1000",
            "0",
            "0",
            "0",
            "0",
            "railway=rail",
            "railway=signal",
            "11093",
            "6141639"
          ],
          [
            "7814044",
            "52073322",
            "52",
            "151",
            "1000",
            "0",
            "0",
            "0",
            "0",
            "railway=rail",
            "railway=unknown",
            "11105",
            "6148294"
          ],
          [
            "7812521",
            "52072315",
            "52",
            "153",
            "1000",
            "0",
            "0",
            "0",
            "0",
            "railway=rail",
            "railway=signal",
            "11118",
            "6155026"
          ],
          [
            "7812380",
            "52072220",
            "52",
            "14",
            "1000",
            "0",
            "0",
            "0",
            "0",
            "railway=rail",
            "railway=switch",
            "11119",
            "6155642"
          ],
          [
            "7811504",
            "52071579",
            "52",
            "93",
            "1000",
            "0",
            "0",
            "0",
            "0",
            "reversedirection=yes railway=rail",
            "railway=switch",
            "11126",
            "6159830"
          ],
          [
            "7811325",
            "52071461",
            "52",
            "18",
            "1000",
            "0",
            "0",
            "0",
            "0",
            "reversedirection=yes railway=rail",
            "railway=signal",
            "11128",
            "6160679"
          ],
          [
            "7811021",
            "52071257",
            "52",
            "31",
            "1000",
            "0",
            "0",
            "0",
            "0",
            "reversedirection=yes railway=rail",
            "railway=halt",
            "11130",
            "6162119"
          ],
          [
            "7809159",
            "52070021",
            "52",
            "188",
            "1000",
            "0",
            "0",
            "0",
            "0",
            "reversedirection=yes railway=rail",
            "railway=switch",
            "11145",
            "6170754"
          ],
          [
            "7808144",
            "52069344",
            "52",
            "103",
            "1000",
            "0",
            "0",
            "0",
            "0",
            "reversedirection=yes railway=rail",
            "railway=signal",
            "11153",
            "6175185"
          ],
          [
            "7807963",
            "52069226",
            "52",
            "18",
            "1000",
            "0",
            "0",
            "0",
            "0",
            "reversedirection=yes railway=rail",
            "railway=unknown",
            "11155",
            "6176004"
          ],
          [
            "7805677",
            "52067704",
            "52",
            "231",
            "1000",
            "0",
            "0",
            "0",
            "0",
            "reversedirection=yes railway=rail",
            "railway=unknown",
            "11173",
            "6185892"
          ],
          [
            "7804289",
            "52066821",
            "52",
            "137",
            "1000",
            "0",
            "0",
            "0",
            "0",
            "reversedirection=yes railway=rail",
            "railway=unknown",
            "11184",
            "6191895"
          ],
          [
            "7802056",
            "52065495",
            "52",
            "213",
            "1000",
            "0",
            "0",
            "0",
            "0",
            "reversedirection=yes railway=rail",
            "railway=unknown",
            "11201",
            "6201646"
          ],
          [
            "7799481",
            "52063978",
            "51",
            "244",
            "1000",
            "0",
            "0",
            "0",
            "0",
            "reversedirection=yes railway=rail",
            "railway=unknown",
            "11221",
            "6211620"
          ],
          [
            "7798718",
            "52063529",
            "52",
            "72",
            "1000",
            "0",
            "0",
            "0",
            "0",
            "reversedirection=yes railway=rail",
            "railway=switch",
            "11226",
            "6214976"
          ],
          [
            "7798643",
            "52063485",
            "52",
            "7",
            "1000",
            "0",
            "0",
            "0",
            "0",
            "reversedirection=yes railway=rail",
            "railway=switch",
            "11227",
            "6215281"
          ],
          [
            "7798331",
            "52063301",
            "52",
            "30",
            "1000",
            "0",
            "0",
            "0",
            "0",
            "reversedirection=yes railway=rail",
            "railway=signal",
            "11229",
            "6216762"
          ],
          [
            "7797987",
            "52063099",
            "52",
            "33",
            "1000",
            "0",
            "0",
            "0",
            "0",
            "reversedirection=yes railway=rail",
            "railway=signal",
            "11232",
            "6218158"
          ],
          [
            "7797895",
            "52063045",
            "52",
            "9",
            "1000",
            "0",
            "0",
            "0",
            "0",
            "reversedirection=yes railway=rail",
            "railway=unknown",
            "11233",
            "6218541"
          ],
          [
            "7795116",
            "52061406",
            "52",
            "264",
            "1000",
            "0",
            "0",
            "0",
            "0",
            "reversedirection=yes railway=rail",
            "railway=unknown",
            "11254",
            "6230441"
          ],
          [
            "7795058",
            "52061372",
            "52",
            "5",
            "1000",
            "0",
            "0",
            "0",
            "0",
            "reversedirection=yes railway=rail",
            "railway=signal",
            "11254",
            "6230662"
          ],
          [
            "7793436",
            "52060414",
            "51",
            "154",
            "1000",
            "0",
            "0",
            "0",
            "0",
            "reversedirection=yes railway=rail",
            "railway=unknown",
            "11267",
            "6236759"
          ],
          [
            "7791027",
            "52058987",
            "52",
            "229",
            "1000",
            "0",
            "0",
            "0",
            "0",
            "reversedirection=yes railway=rail",
            "railway=unknown",
            "11285",
            "6247260"
          ],
          [
            "7789373",
            "52058013",
            "53",
            "157",
            "1000",
            "0",
            "0",
            "0",
            "0",
            "reversedirection=yes railway=rail",
            "railway=unknown",
            "11298",
            "6254729"
          ],
          [
            "7786972",
            "52056590",
            "52",
            "228",
            "1000",
            "0",
            "0",
            "0",
            "0",
            "reversedirection=yes railway=rail",
            "railway=unknown",
            "11316",
            "6264494"
          ],
          [
            "7784559",
            "52055163",
            "51",
            "229",
            "1000",
            "0",
            "0",
            "0",
            "0",
            "reversedirection=yes railway=rail",
            "railway=unknown",
            "11334",
            "6273548"
          ],
          [
            "7784486",
            "52055120",
            "51",
            "7",
            "1000",
            "0",
            "0",
            "0",
            "0",
            "reversedirection=yes railway=rail",
            "railway=signal",
            "11335",
            "6273863"
          ],
          [
            "7783023",
            "52054255",
            "52",
            "139",
            "1000",
            "0",
            "0",
            "0",
            "0",
            "reversedirection=yes railway=rail",
            "railway=unknown",
            "11346",
            "6280714"
          ],
          [
            "7780536",
            "52052784",
            "53",
            "236",
            "1000",
            "0",
            "0",
            "0",
            "0",
            "reversedirection=yes railway=rail",
            "railway=unknown",
            "11365",
            "6291715"
          ],
          [
            "7778853",
            "52051788",
            "52",
            "160",
            "1000",
            "0",
            "0",
            "0",
            "0",
            "reversedirection=yes railway=rail",
            "railway=unknown",
            "11377",
            "6298100"
          ],
          [
            "7776420",
            "52050349",
            "53",
            "231",
            "1000",
            "0",
            "0",
            "0",
            "0",
            "reversedirection=yes railway=rail",
            "railway=unknown",
            "11396",
            "6308907"
          ],
          [
            "7774774",
            "52049374",
            "52",
            "157",
            "1000",
            "0",
            "0",
            "0",
            "0",
            "reversedirection=yes railway=rail",
            "railway=unknown",
            "11408",
            "6315170"
          ],
          [
            "7773495",
            "52048618",
            "52",
            "122",
            "1000",
            "0",
            "0",
            "0",
            "0",
            "reversedirection=yes railway=rail",
            "railway=signal",
            "11418",
            "6320573"
          ],
          [
            "7773015",
            "52048336",
            "52",
            "45",
            "1000",
            "0",
            "0",
            "0",
            "0",
            "reversedirection=yes railway=rail",
            "railway=signal",
            "11422",
            "6322718"
          ],
          [
            "7772249",
            "52047881",
            "53",
            "73",
            "1000",
            "0",
            "0",
            "0",
            "0",
            "reversedirection=yes railway=rail",
            "railway=unknown",
            "11428",
            "6326194"
          ],
          [
            "7770566",
            "52046887",
            "53",
            "160",
            "1000",
            "0",
            "0",
            "0",
            "0",
            "reversedirection=yes railway=rail",
            "railway=unknown",
            "11440",
            "6333428"
          ],
          [
            "7768472",
            "52045647",
            "53",
            "199",
            "1000",
            "0",
            "0",
            "0",
            "0",
            "reversedirection=yes railway=rail",
            "railway=signal",
            "11456",
            "6342224"
          ],
          [
            "7768469",
            "52045645",
            "52",
            "1",
            "1000",
            "0",
            "0",
            "0",
            "0",
            "reversedirection=yes railway=rail",
            "railway=signal",
            "11456",
            "6342266"
          ],
          [
            "7768041",
            "52045392",
            "53",
            "41",
            "1000",
            "0",
            "0",
            "0",
            "0",
            "reversedirection=yes railway=rail",
            "railway=unknown",
            "11460",
            "6344073"
          ],
          [
            "7766363",
            "52044398",
            "52",
            "160",
            "1000",
            "0",
            "0",
            "0",
            "0",
            "reversedirection=yes railway=rail",
            "railway=unknown",
            "11473",
            "6350939"
          ],
          [
            "7763985",
            "52042989",
            "53",
            "226",
            "1000",
            "0",
            "0",
            "0",
            "0",
            "reversedirection=yes railway=rail",
            "railway=unknown",
            "11491",
            "6361038"
          ],
          [
            "7762924",
            "52042363",
            "52",
            "101",
            "1000",
            "0",
            "0",
            "0",
            "0",
            "reversedirection=yes railway=rail",
            "railway=signal",
            "11499",
            "6364931"
          ],
          [
            "7762038",
            "52041836",
            "51",
            "84",
            "1000",
            "0",
            "0",
            "0",
            "0",
            "reversedirection=yes railway=rail",
            "railway=unknown",
            "11505",
            "6368196"
          ],
          [
            "7759624",
            "52040409",
            "50",
            "229",
            "1000",
            "0",
            "0",
            "0",
            "0",
            "reversedirection=yes railway=rail",
            "railway=unknown",
            "11524",
            "6377380"
          ],
          [
            "7757952",
            "52039421",
            "52",
            "159",
            "1000",
            "0",
            "0",
            "0",
            "0",
            "reversedirection=yes railway=rail",
            "railway=unknown",
            "11536",
            "6385173"
          ],
          [
            "7755940",
            "52038232",
            "53",
            "191",
            "1000",
            "0",
            "0",
            "0",
            "0",
            "reversedirection=yes railway=rail",
            "railway=signal",
            "11552",
            "6394688"
          ],
          [
            "7755684",
            "52038080",
            "53",
            "24",
            "1000",
            "0",
            "0",
            "0",
            "0",
            "reversedirection=yes railway=rail",
            "railway=unknown",
            "11554",
            "6395738"
          ],
          [
            "7753357",
            "52036705",
            "53",
            "221",
            "1000",
            "0",
            "0",
            "0",
            "0",
            "reversedirection=yes railway=rail",
            "railway=unknown",
            "11571",
            "6405440"
          ],
          [
            "7751549",
            "52035630",
            "53",
            "172",
            "1000",
            "0",
            "0",
            "0",
            "0",
            "reversedirection=yes railway=rail",
            "railway=unknown",
            "11585",
            "6413004"
          ],
          [
            "7745252",
            "52031891",
            "53",
            "600",
            "1000",
            "0",
            "0",
            "0",
            "0",
            "reversedirection=yes railway=rail",
            "railway=signal",
            "11633",
            "6439394"
          ],
          [
            "7744576",
            "52031493",
            "53",
            "64",
            "1000",
            "0",
            "0",
            "0",
            "0",
            "reversedirection=yes railway=rail",
            "railway=halt",
            "11638",
            "6442209"
          ],
          [
            "7740573",
            "52029130",
            "53",
            "380",
            "1000",
            "0",
            "0",
            "0",
            "0",
            "reversedirection=yes railway=rail",
            "railway=unknown",
            "11669",
            "6458924"
          ],
          [
            "7738418",
            "52027870",
            "51",
            "204",
            "1000",
            "0",
            "0",
            "0",
            "0",
            "reversedirection=yes railway=rail",
            "railway=unknown",
            "11685",
            "6466361"
          ],
          [
            "7736924",
            "52026989",
            "50",
            "142",
            "1000",
            "0",
            "0",
            "0",
            "0",
            "reversedirection=yes railway=rail",
            "railway=unknown",
            "11696",
            "6472265"
          ],
          [
            "7734682",
            "52025664",
            "51",
            "213",
            "1000",
            "0",
            "0",
            "0",
            "0",
            "reversedirection=yes railway=rail",
            "railway=unknown",
            "11713",
            "6481733"
          ],
          [
            "7734578",
            "52025603",
            "51",
            "10",
            "1000",
            "0",
            "0",
            "0",
            "0",
            "reversedirection=yes railway=rail",
            "railway=signal",
            "11714",
            "6482174"
          ],
          [
            "7733208",
            "52024793",
            "50",
            "130",
            "1000",
            "0",
            "0",
            "0",
            "0",
            "reversedirection=yes railway=rail",
            "railway=signal",
            "11725",
            "6487579"
          ],
          [
            "7732382",
            "52024304",
            "49",
            "79",
            "1000",
            "0",
            "0",
            "0",
            "0",
            "reversedirection=yes railway=rail",
            "railway=unknown",
            "11731",
            "6490508"
          ],
          [
            "7732134",
            "52024155",
            "49",
            "24",
            "1000",
            "0",
            "0",
            "0",
            "0",
            "reversedirection=yes railway=rail",
            "railway=signal",
            "11733",
            "6491514"
          ],
          [
            "7730094",
            "52022943",
            "45",
            "194",
            "1000",
            "0",
            "0",
            "0",
            "0",
            "reversedirection=yes railway=rail",
            "railway=unknown",
            "11748",
            "6499092"
          ],
          [
            "7728532",
            "52021966",
            "47",
            "152",
            "1000",
            "0",
            "0",
            "0",
            "0",
            "reversedirection=yes railway=rail",
            "railway=unknown",
            "11760",
            "6504436"
          ],
          [
            "7726140",
            "52020455",
            "46",
            "234",
            "1000",
            "0",
            "0",
            "0",
            "0",
            "reversedirection=yes railway=rail",
            "railway=unknown",
            "11779",
            "6513600"
          ],
          [
            "7723784",
            "52018965",
            "49",
            "232",
            "1000",
            "0",
            "0",
            "0",
            "0",
            "reversedirection=yes railway=rail",
            "railway=unknown",
            "11798",
            "6524140"
          ],
          [
            "7722428",
            "52018107",
            "49",
            "133",
            "1000",
            "0",
            "0",
            "0",
            "0",
            "reversedirection=yes railway=rail",
            "railway=signal",
            "11808",
            "6530017"
          ],
          [
            "7722197",
            "52017960",
            "49",
            "23",
            "1000",
            "0",
            "0",
            "0",
            "0",
            "reversedirection=yes railway=rail",
            "railway=unknown",
            "11810",
            "6531076"
          ],
          [
            "7720044",
            "52016598",
            "49",
            "212",
            "1000",
            "0",
            "0",
            "0",
            "0",
            "reversedirection=yes railway=rail",
            "railway=unknown",
            "11827",
            "6542699"
          ],
          [
            "7719302",
            "52016128",
            "50",
            "73",
            "1000",
            "0",
            "0",
            "0",
            "0",
            "reversedirection=yes railway=rail",
            "railway=switch",
            "11833",
            "6546415"
          ],
          [
            "7718652",
            "52015719",
            "50",
            "63",
            "1000",
            "0",
            "0",
            "0",
            "0",
            "reversedirection=yes railway=rail",
            "railway=signal",
            "11838",
            "6549537"
          ],
          [
            "7718376",
            "52015544",
            "51",
            "27",
            "1000",
            "0",
            "0",
            "0",
            "0",
            "reversedirection=yes railway=rail",
            "railway=switch",
            "11840",
            "6550909"
          ],
          [
            "7718179",
            "52015418",
            "52",
            "19",
            "1000",
            "0",
            "0",
            "0",
            "0",
            "reversedirection=yes railway=rail",
            "railway=unknown",
            "11842",
            "6552039"
          ],
          [
            "7717332",
            "52014882",
            "51",
            "83",
            "1000",
            "0",
            "0",
            "0",
            "0",
            "reversedirection=yes railway=rail",
            "railway=signal",
            "11848",
            "6555861"
          ],
          [
            "7715777",
            "52013898",
            "51",
            "153",
            "1000",
            "0",
            "0",
            "0",
            "0",
            "reversedirection=yes railway=rail",
            "railway=unknown",
            "11861",
            "6563213"
          ],
          [
            "7714145",
            "52012865",
            "51",
            "160",
            "1000",
            "0",
            "0",
            "0",
            "0",
            "reversedirection=yes railway=rail",
            "railway=unknown",
            "11873",
            "6570388"
          ],
          [
            "7709642",
            "52010016",
            "52",
            "443",
            "1000",
            "0",
            "0",
            "0",
            "0",
            "reversedirection=yes railway=rail",
            "railway=unknown",
            "11909",
            "6590126"
          ],
          [
            "7709408",
            "52009868",
            "52",
            "23",
            "1000",
            "0",
            "0",
            "0",
            "0",
            "reversedirection=yes railway=rail",
            "railway=signal",
            "11911",
            "6591183"
          ],
          [
            "7708683",
            "52009410",
            "52",
            "71",
            "1000",
            "0",
            "0",
            "0",
            "0",
            "reversedirection=yes railway=rail",
            "railway=switch",
            "11916",
            "6594284"
          ],
          [
            "7707605",
            "52008728",
            "52",
            "106",
            "1000",
            "0",
            "0",
            "0",
            "0",
            "reversedirection=yes railway=rail",
            "railway=unknown",
            "11925",
            "6598933"
          ],
          [
            "7705600",
            "52007459",
            "51",
            "197",
            "1000",
            "0",
            "0",
            "0",
            "0",
            "reversedirection=yes railway=rail",
            "railway=unknown",
            "11941",
            "6607402"
          ],
          [
            "7705317",
            "52007279",
            "51",
            "28",
            "1000",
            "0",
            "0",
            "0",
            "0",
            "reversedirection=yes railway=rail",
            "railway=signal",
            "11943",
            "6608572"
          ],
          [
            "7704059",
            "52006485",
            "51",
            "124",
            "1000",
            "0",
            "0",
            "0",
            "0",
            "reversedirection=yes railway=rail",
            "railway=unknown",
            "11953",
            "6613890"
          ],
          [
            "7701633",
            "52004948",
            "51",
            "239",
            "1000",
            "0",
            "0",
            "0",
            "0",
            "reversedirection=yes railway=rail",
            "railway=unknown",
            "11972",
            "6623294"
          ],
          [
            "7699992",
            "52003910",
            "51",
            "161",
            "1000",
            "0",
            "0",
            "0",
            "0",
            "reversedirection=yes railway=rail",
            "railway=unknown",
            "11985",
            "6630865"
          ],
          [
            "7699760",
            "52003763",
            "51",
            "23",
            "1000",
            "0",
            "0",
            "0",
            "0",
            "reversedirection=yes railway=rail",
            "railway=signal",
            "11987",
            "6631902"
          ],
          [
            "7697884",
            "52002575",
            "51",
            "184",
            "1000",
            "0",
            "0",
            "0",
            "0",
            "reversedirection=yes railway=rail",
            "railway=unknown",
            "12001",
            "6640077"
          ],
          [
            "7695637",
            "52001170",
            "49",
            "219",
            "1000",
            "0",
            "0",
            "0",
            "0",
            "reversedirection=yes railway=rail",
            "railway=unknown",
            "12019",
            "6648138"
          ],
          [
            "7695164",
            "52000875",
            "49",
            "46",
            "1000",
            "0",
            "0",
            "0",
            "0",
            "reversedirection=yes railway=rail",
            "railway=signal",
            "12023",
            "6650096"
          ],
          [
            "7694027",
            "52000165",
            "51",
            "111",
            "1000",
            "0",
            "0",
            "0",
            "0",
            "reversedirection=yes railway=rail",
            "railway=unknown",
            "12031",
            "6656087"
          ],
          [
            "7691711",
            "51998721",
            "51",
            "226",
            "1000",
            "0",
            "0",
            "0",
            "0",
            "reversedirection=yes railway=rail",
            "railway=unknown",
            "12050",
            "6667109"
          ],
          [
            "7689783",
            "51997505",
            "51",
            "190",
            "1000",
            "0",
            "0",
            "0",
            "0",
            "reversedirection=yes railway=rail",
            "railway=signal",
            "12065",
            "6674920"
          ],
          [
            "7689321",
            "51997218",
            "51",
            "45",
            "1000",
            "0",
            "0",
            "0",
            "0",
            "reversedirection=yes railway=rail",
            "railway=unknown",
            "12068",
            "6676983"
          ],
          [
            "7687751",
            "51996243",
            "52",
            "153",
            "1000",
            "0",
            "0",
            "0",
            "0",
            "reversedirection=yes railway=rail",
            "railway=unknown",
            "12081",
            "6684865"
          ],
          [
            "7686793",
            "51995649",
            "53",
            "93",
            "1000",
            "0",
            "0",
            "0",
            "0",
            "reversedirection=yes railway=rail",
            "railway=signal",
            "12088",
            "6689282"
          ],
          [
            "7686753",
            "51995623",
            "53",
            "4",
            "1000",
            "0",
            "0",
            "0",
            "0",
            "reversedirection=yes railway=rail",
            "railway=switch",
            "12088",
            "6689475"
          ],
          [
            "7685758",
            "51995061",
            "53",
            "93",
            "1000",
            "0",
            "0",
            "0",
            "0",
            "reversedirection=yes railway=rail",
            "railway=switch",
            "12096",
            "6694043"
          ],
          [
            "7685127",
            "51994610",
            "54",
            "66",
            "1000",
            "0",
            "0",
            "0",
            "0",
            "reversedirection=yes railway=rail",
            "railway=switch",
            "12101",
            "6697192"
          ],
          [
            "7684942",
            "51994492",
            "53",
            "18",
            "1000",
            "0",
            "0",
            "0",
            "0",
            "reversedirection=yes railway=rail",
            "railway=level_crossing",
            "12102",
            "6698006"
          ],
          [
            "7684896",
            "51994465",
            "53",
            "4",
            "1000",
            "0",
            "0",
            "0",
            "0",
            "reversedirection=yes railway=rail",
            "railway=crossing",
            "12103",
            "6698186"
          ],
          [
            "7684862",
            "51994446",
            "53",
            "3",
            "1000",
            "0",
            "0",
            "0",
            "0",
            "reversedirection=yes railway=rail",
            "railway=switch",
            "12103",
            "6698321"
          ],
          [
            "7684772",
            "51994389",
            "54",
            "9",
            "1000",
            "0",
            "0",
            "0",
            "0",
            "reversedirection=yes railway=rail",
            "railway=signal",
            "12104",
            "6698745"
          ],
          [
            "7683893",
            "51993840",
            "54",
            "86",
            "1000",
            "0",
            "0",
            "0",
            "0",
            "reversedirection=yes railway=rail",
            "railway=signal",
            "12111",
            "6702700"
          ],
          [
            "7680211",
            "51991548",
            "55",
            "359",
            "1000",
            "0",
            "0",
            "0",
            "0",
            "reversedirection=yes railway=rail",
            "railway=unknown",
            "12139",
            "6719472"
          ],
          [
            "7678564",
            "51990522",
            "55",
            "161",
            "1000",
            "0",
            "0",
            "0",
            "0",
            "reversedirection=yes railway=rail",
            "railway=unknown",
            "12152",
            "6727105"
          ],
          [
            "7676961",
            "51989526",
            "55",
            "156",
            "1000",
            "0",
            "0",
            "0",
            "0",
            "reversedirection=yes railway=rail",
            "railway=signal",
            "12165",
            "6733902"
          ],
          [
            "7676201",
            "51989051",
            "55",
            "74",
            "1000",
            "0",
            "0",
            "0",
            "0",
            "reversedirection=yes railway=rail",
            "railway=switch",
            "12171",
            "6737032"
          ],
          [
            "7676060",
            "51988965",
            "55",
            "14",
            "1000",
            "0",
            "0",
            "0",
            "0",
            "reversedirection=yes railway=rail",
            "railway=switch",
            "12172",
            "6737662"
          ],
          [
            "7675325",
            "51988507",
            "55",
            "72",
            "1000",
            "0",
            "0",
            "0",
            "0",
            "reversedirection=yes railway=rail",
            "railway=level_crossing",
            "12178",
            "6740990"
          ],
          [
            "7672891",
            "51986996",
            "55",
            "237",
            "1000",
            "0",
            "0",
            "0",
            "0",
            "reversedirection=yes railway=rail",
            "railway=signal",
            "12196",
            "6750953"
          ],
          [
            "7672874",
            "51986986",
            "55",
            "2",
            "1000",
            "0",
            "0",
            "0",
            "0",
            "reversedirection=yes railway=rail",
            "railway=unknown",
            "12197",
            "6751040"
          ],
          [
            "7672797",
            "51986938",
            "55",
            "8",
            "1000",
            "0",
            "0",
            "0",
            "0",
            "reversedirection=yes railway=rail",
            "railway=signal",
            "12197",
            "6751439"
          ],
          [
            "7671265",
            "51985987",
            "54",
            "149",
            "1000",
            "0",
            "0",
            "0",
            "0",
            "reversedirection=yes railway=rail",
            "railway=unknown",
            "12209",
            "6757749"
          ],
          [
            "7668985",
            "51984570",
            "55",
            "222",
            "1000",
            "0",
            "0",
            "0",
            "0",
            "reversedirection=yes railway=rail",
            "railway=unknown",
            "12227",
            "6767997"
          ],
          [
            "7666618",
            "51983101",
            "56",
            "231",
            "1000",
            "0",
            "0",
            "0",
            "0",
            "reversedirection=yes railway=rail",
            "railway=unknown",
            "12245",
            "6778652"
          ],
          [
            "7665016",
            "51982107",
            "56",
            "156",
            "1000",
            "0",
            "0",
            "0",
            "0",
            "reversedirection=yes railway=rail",
            "railway=unknown",
            "12258",
            "6785906"
          ],
          [
            "7662725",
            "51980688",
            "56",
            "223",
            "1000",
            "0",
            "0",
            "0",
            "0",
            "reversedirection=yes railway=rail",
            "railway=signal",
            "12276",
            "6795807"
          ],
          [
            "7662717",
            "51980683",
            "56",
            "1",
            "1000",
            "0",
            "0",
            "0",
            "0",
            "reversedirection=yes railway=rail",
            "railway=unknown",
            "12276",
            "6795849"
          ],
          [
            "7662711",
            "51980679",
            "56",
            "1",
            "1000",
            "0",
            "0",
            "0",
            "0",
            "reversedirection=yes railway=rail",
            "railway=signal",
            "12276",
            "6795891"
          ],
          [
            "7660474",
            "51979286",
            "56",
            "218",
            "1000",
            "0",
            "0",
            "0",
            "0",
            "reversedirection=yes railway=rail",
            "railway=signal",
            "12293",
            "6804748"
          ],
          [
            "7660449",
            "51979270",
            "56",
            "2",
            "1000",
            "0",
            "0",
            "0",
            "0",
            "reversedirection=yes railway=rail",
            "railway=signal",
            "12294",
            "6804851"
          ],
          [
            "7660398",
            "51979239",
            "56",
            "5",
            "1000",
            "0",
            "0",
            "0",
            "0",
            "reversedirection=yes railway=rail",
            "railway=unknown",
            "12294",
            "6805106"
          ],
          [
            "7659407",
            "51978628",
            "56",
            "96",
            "1000",
            "0",
            "0",
            "0",
            "0",
            "reversedirection=yes railway=rail",
            "railway=signal",
            "12302",
            "6809895"
          ],
          [
            "7658814",
            "51978256",
            "56",
            "58",
            "1000",
            "0",
            "0",
            "0",
            "0",
            "reversedirection=yes railway=rail",
            "railway=unknown",
            "12306",
            "6812504"
          ],
          [
            "7657997",
            "51977747",
            "56",
            "80",
            "1000",
            "0",
            "0",
            "0",
            "0",
            "reversedirection=yes railway=rail",
            "railway=signal",
            "12313",
            "6816063"
          ],
          [
            "7656538",
            "51976838",
            "56",
            "142",
            "1000",
            "0",
            "0",
            "0",
            "0",
            "reversedirection=yes railway=rail",
            "railway=unknown",
            "12324",
            "6822166"
          ],
          [
            "7654995",
            "51975862",
            "56",
            "152",
            "1000",
            "0",
            "0",
            "0",
            "0",
            "reversedirection=yes railway=rail",
            "railway=unknown",
            "12336",
            "6828892"
          ],
          [
            "7652767",
            "51974338",
            "57",
            "228",
            "1000",
            "0",
            "0",
            "0",
            "0",
            "reversedirection=yes railway=rail",
            "railway=unknown",
            "12354",
            "6839735"
          ],
          [
            "7650663",
            "51972737",
            "58",
            "230",
            "1000",
            "0",
            "0",
            "0",
            "0",
            "reversedirection=yes railway=rail",
            "railway=unknown",
            "12373",
            "6850635"
          ],
          [
            "7650647",
            "51972724",
            "58",
            "2",
            "1000",
            "0",
            "0",
            "0",
            "0",
            "reversedirection=yes railway=rail",
            "railway=signal",
            "12373",
            "6850729"
          ],
          [
            "7650164",
            "51972333",
            "58",
            "55",
            "1000",
            "0",
            "0",
            "0",
            "0",
            "reversedirection=yes railway=rail",
            "railway=signal",
            "12377",
            "6853368"
          ],
          [
            "7649441",
            "51971728",
            "59",
            "84",
            "1000",
            "0",
            "0",
            "0",
            "0",
            "reversedirection=yes railway=rail",
            "railway=unknown",
            "12384",
            "6857734"
          ],
          [
            "7648364",
            "51970782",
            "60",
            "129",
            "1000",
            "0",
            "0",
            "0",
            "0",
            "reversedirection=yes railway=rail",
            "railway=signal",
            "12394",
            "6863394"
          ],
          [
            "7647567",
            "51970047",
            "60",
            "98",
            "1000",
            "0",
            "0",
            "0",
            "0",
            "reversedirection=yes railway=rail",
            "railway=unknown",
            "12402",
            "6868170"
          ],
          [
            "7646335",
            "51968900",
            "60",
            "153",
            "1000",
            "0",
            "0",
            "0",
            "0",
            "reversedirection=yes railway=rail",
            "railway=unknown",
            "12414",
            "6875465"
          ],
          [
            "7644567",
            "51967261",
            "61",
            "220",
            "1000",
            "0",
            "0",
            "0",
            "0",
            "reversedirection=yes railway=rail",
            "railway=unknown",
            "12432",
            "6884880"
          ],
          [
            "7642763",
            "51965586",
            "61",
            "224",
            "1000",
            "0",
            "0",
            "0",
            "0",
            "reversedirection=yes railway=rail",
            "railway=unknown",
            "12450",
            "6895978"
          ],
          [
            "7642510",
            "51965354",
            "61",
            "31",
            "1000",
            "0",
            "0",
            "0",
            "0",
            "reversedirection=yes railway=rail",
            "railway=signal",
            "12452",
            "6897415"
          ],
          [
            "7641631",
            "51964537",
            "62",
            "109",
            "1000",
            "0",
            "0",
            "0",
            "0",
            "reversedirection=yes railway=rail",
            "railway=unknown",
            "12461",
            "6902637"
          ],
          [
            "7640742",
            "51963711",
            "62",
            "111",
            "1000",
            "0",
            "0",
            "0",
            "0",
            "reversedirection=yes railway=rail",
            "railway=signal",
            "12470",
            "6907536"
          ],
          [
            "7640207",
            "51963219",
            "63",
            "66",
            "1000",
            "0",
            "0",
            "0",
            "0",
            "reversedirection=yes railway=rail",
            "railway=signal",
            "12475",
            "6910856"
          ],
          [
            "7640169",
            "51963183",
            "63",
            "5",
            "1000",
            "0",
            "0",
            "0",
            "0",
            "reversedirection=yes railway=rail",
            "railway=signal",
            "12476",
            "6911097"
          ],
          [
            "7639971",
            "51962998",
            "63",
            "25",
            "1000",
            "0",
            "0",
            "0",
            "0",
            "reversedirection=yes railway=rail",
            "railway=unknown",
            "12478",
            "6912339"
          ],
          [
            "7639319",
            "51962394",
            "63",
            "81",
            "1000",
            "0",
            "0",
            "0",
            "0",
            "reversedirection=yes railway=rail",
            "railway=switch",
            "12484",
            "6916058"
          ],
          [
            "7639287",
            "51962364",
            "63",
            "4",
            "1000",
            "0",
            "0",
            "0",
            "0",
            "reversedirection=yes railway=rail",
            "railway=signal",
            "12485",
            "6916239"
          ],
          [
            "7639256",
            "51962336",
            "63",
            "4",
            "1000",
            "0",
            "0",
            "0",
            "0",
            "reversedirection=yes railway=rail",
            "railway=switch",
            "12485",
            "6916420"
          ],
          [
            "7638451",
            "51961656",
            "63",
            "93",
            "1000",
            "0",
            "0",
            "0",
            "0",
            "reversedirection=yes railway=rail",
            "railway=switch",
            "12492",
            "6920714"
          ],
          [
            "7638411",
            "51961619",
            "63",
            "5",
            "1000",
            "0",
            "0",
            "0",
            "0",
            "railway=rail",
            "railway=signal",
            "12493",
            "6920940"
          ],
          [
            "7638231",
            "51961446",
            "63",
            "22",
            "1000",
            "0",
            "0",
            "0",
            "0",
            "railway=rail",
            "railway=unknown",
            "12494",
            "6921889"
          ],
          [
            "7638038",
            "51961244",
            "63",
            "26",
            "1000",
            "0",
            "0",
            "0",
            "0",
            "railway=rail",
            "railway=switch",
            "12497",
            "6923167"
          ],
          [
            "7637885",
            "51961062",
            "63",
            "23",
            "1000",
            "0",
            "0",
            "0",
            "0",
            "railway=rail",
            "railway=signal",
            "12498",
            "6924272"
          ],
          [
            "7637853",
            "51961023",
            "63",
            "5",
            "1000",
            "0",
            "0",
            "0",
            "0",
            "railway=rail",
            "railway=switch",
            "12499",
            "6924498"
          ],
          [
            "7637595",
            "51960671",
            "62",
            "43",
            "1000",
            "0",
            "0",
            "0",
            "0",
            "railway=rail",
            "railway=switch",
            "12502",
            "6925973"
          ],
          [
            "7637141",
            "51959877",
            "64",
            "93",
            "1000",
            "0",
            "0",
            "0",
            "0",
            "reversedirection=yes railway=rail",
            "railway=switch",
            "12510",
            "6930510"
          ],
          [
            "7637040",
            "51959689",
            "63",
            "22",
            "1000",
            "0",
            "0",
            "0",
            "0",
            "reversedirection=yes railway=rail",
            "railway=switch",
            "12511",
            "6931541"
          ],
          [
            "7636888",
            "51959383",
            "63",
            "36",
            "1000",
            "0",
            "0",
            "0",
            "0",
            "reversedirection=yes railway=rail",
            "railway=unknown",
            "12514",
            "6933130"
          ],
          [
            "7636819",
            "51959220",
            "63",
            "19",
            "1000",
            "0",
            "0",
            "0",
            "0",
            "reversedirection=yes railway=rail",
            "railway=switch",
            "12516",
            "6933628"
          ],
          [
            "7636554",
            "51958594",
            "63",
            "72",
            "1000",
            "0",
            "0",
            "0",
            "0",
            "reversedirection=yes railway=rail",
            "railway=signal",
            "12522",
            "6936786"
          ],
          [
            "7636548",
            "51958573",
            "63",
            "2",
            "1000",
            "0",
            "0",
            "0",
            "0",
            "reversedirection=yes railway=rail",
            "railway=signal",
            "12522",
            "6936886"
          ],
          [
            "7636542",
            "51958553",
            "63",
            "2",
            "1000",
            "0",
            "0",
            "0",
            "0",
            "reversedirection=yes railway=rail",
            "railway=signal",
            "12522",
            "6936985"
          ],
          [
            "7635994",
            "51956683",
            "63",
            "211",
            "1000",
            "0",
            "0",
            "0",
            "0",
            "reversedirection=yes railway=rail",
            "railway=halt",
            "12539",
            "6946191"
          ],
          [
            "7635908",
            "51956376",
            "63",
            "35",
            "1000",
            "0",
            "0",
            "0",
            "0",
            "reversedirection=yes railway=rail",
            "",
            "12542",
            "6947728"
          ]
        ],
        "times": [
          0,
          0.08,
          2.16,
          5.6,
          6.32,
          7.6,
          12.08,
          13.76,
          17.04,
          21.2,
          26.64,
          29.2,
          30.4,
          38.96,
          41.52,
          69.6,
          117.28,
          130.8,
          136.64,
          146.48,
          149.76,
          150.96,
          152.4,
          153.84,
          157.52,
          161.28,
          167.76,
          179.2,
          214.16,
          256.72,
          259.28,
          309.04,
          330.56,
          351.6,
          358.64,
          366.48,
          373.28,
          378.08,
          382.72,
          387.04,
          392,
          450.88,
          459.28,
          463.04,
          466.88,
          470.4,
          473.44,
          476.88,
          483.44,
          495.68,
          497.36,
          517.2,
          519.52,
          520.64,
          526.8,
          534,
          545.6,
          553.28,
          561.68,
          571.28,
          574.16,
          574.8,
          576.24,
          582.08,
          584,
          589.52,
          590.96,
          600.72,
          617.44,
          626.8,
          640.72,
          646.64,
          647.12,
          647.52,
          648.24,
          656.16,
          662.16,
          663.52,
          664.8,
          670.88,
          672.48,
          672.72,
          674.48,
          680.4,
          682.56,
          696.48,
          700.24,
          702.96,
          724.16,
          751.04,
          767.76,
          779.28,
          782.56,
          793.2,
          799.6,
          808.24,
          821.52,
          833.92,
          845.76,
          856.08,
          867.28,
          875.52,
          876,
          888.56,
          905.68,
          916.8,
          928.96,
          944,
          952.72,
          961.12,
          970.72,
          999.92,
          1003.36,
          1009.6,
          1010.88,
          1021.04,
          1023.28,
          1032,
          1048.48,
          1058.08,
          1085.12,
          1087.12,
          1098.56,
          1101.92,
          1105.92,
          1108.8,
          1111.04,
          1113.76,
          1164.64,
          1214.32,
          1273.2,
          1283.2,
          1290.72,
          1294.96,
          1298.88,
          1307.2,
          1313.12,
          1318.8,
          1320.56,
          1321.28,
          1328.08,
          1329.68,
          1333.52,
          1342.72,
          1342.88,
          1343.68,
          1343.92,
          1365.44,
          1401.92,
          1409.2,
          1415.04,
          1417.68,
          1425.84,
          1428.08,
          1429.84,
          1436,
          1436.96,
          1447.84,
          1449.44,
          1449.52,
          1450.56,
          1451.44,
          1455.44,
          1459.36,
          1483.76,
          1490.72,
          1495.52,
          1506.16,
          1522.48,
          1524.4,
          1542.08,
          1544.32,
          1548.88,
          1548.96,
          1552.96,
          1560.24,
          1564.08,
          1571.36,
          1576.24,
          1646.16,
          1701.52,
          1722.16,
          1738.16,
          1768.56,
          1780.48,
          1781.76,
          1784.64,
          1794.72,
          1798.64,
          1813.04,
          1832.48,
          1851.36,
          1863.52,
          1864.8,
          1872.56,
          1881.04,
          1888.16,
          1896.8,
          1899.76,
          1908.24,
          1914,
          1920.72,
          1933.12,
          1945.92,
          1960.64,
          1961.84,
          1964.96,
          1977.76,
          1996.96,
          2002.72,
          2003.68,
          2009.52,
          2016.32,
          2028.64,
          2041.36,
          2059.2,
          2059.92,
          2060.48,
          2073.12,
          2082,
          2092.08,
          2109.36,
          2115.84,
          2116.64,
          2117.36,
          2120,
          2122.88,
          2124.48,
          2127.6,
          2133.76,
          2134.4,
          2151.6,
          2160.8,
          2161.6,
          2172.72,
          2179.2,
          2191.6,
          2192,
          2194.16,
          2201.68,
          2201.84,
          2205.92,
          2207.52,
          2209.76,
          2211.76,
          2215.28,
          2222.32,
          2222.56,
          2232.56,
          2262.08,
          2304.48,
          2312.56,
          2313.36,
          2327.2,
          2348.4,
          2357.28,
          2368.8,
          2380.48,
          2407.04,
          2408.4,
          2439.12,
          2440.4,
          2488.24,
          2497.52,
          2502.32,
          2516.48,
          2523.28,
          2533.6,
          2536.24,
          2539.6,
          2546.24,
          2558,
          2569.68,
          2600.08,
          2603.92,
          2623.12,
          2628.8,
          2629.52,
          2629.76,
          2636.4,
          2700.16,
          2707.92,
          2708.64,
          2726.64,
          2727.12,
          2730,
          2734,
          2736.399,
          2736.719,
          2744.08,
          2759.04,
          2764.16,
          2780.56,
          2810,
          2825.76,
          2839.36,
          2907.12,
          2939.12,
          2957.68,
          2958.24,
          3019.6,
          3028.32,
          3035.04,
          3037.92,
          3086.16,
          3094.72,
          3105.36,
          3108.32,
          3114,
          3121.919,
          3133.28,
          3134.56,
          3136.959,
          3137.76,
          3144.959,
          3148.08,
          3148.719,
          3155.28,
          3164.959,
          3166.639,
          3168.639,
          3172,
          3174,
          3174.56,
          3183.76,
          3217.28,
          3236.719,
          3237.359,
          3241.519,
          3244.399,
          3244.959,
          3245.439,
          3246.159,
          3256.719,
          3260.399,
          3271.679,
          3272.399,
          3273.519,
          3276.959,
          3283.999,
          3293.999,
          3300.399,
          3305.279,
          3308.879,
          3373.359,
          3389.599,
          3451.279,
          3486.719,
          3490.159,
          3501.199,
          3519.439,
          3531.599,
          3542.239,
          3544.879,
          3593.199,
          3610.879,
          3618.559,
          3621.119,
          3624.319,
          3625.439,
          3688.319,
          3693.679,
          3710.079,
          3724.079,
          3724.479,
          3729.918,
          3743.598,
          3781.838,
          3807.758,
          3817.518,
          3817.758,
          3826.798,
          3847.118,
          3850.558,
          3894.078,
          3915.918,
          3927.598,
          3930.638,
          3995.999,
          4028.079,
          4028.479,
          4030.079,
          4045.999,
          4055.359,
          4066.319,
          4075.359,
          4122.639,
          4123.199,
          4142.079,
          4205.358,
          4205.838,
          4223.678,
          4231.518,
          4233.518,
          4236.638,
          4239.518,
          4239.678,
          4245.758,
          4248.558,
          4255.038,
          4256.718,
          4256.798,
          4256.878,
          4259.198,
          4259.998,
          4262.718,
          4265.118,
          4266.958,
          4270.958,
          4274.558,
          4277.998,
          4282.958,
          4285.358,
          4288.078,
          4288.318,
          4291.358,
          4295.838,
          4299.918,
          4305.838,
          4307.758,
          4307.918,
          4313.358,
          4317.198,
          4319.998,
          4322.478,
          4324.158,
          4325.598,
          4327.758,
          4330.318,
          4347.358,
          4356.878,
          4358.158,
          4360.478,
          4361.998,
          4363.358,
          4364.958,
          4368.638,
          4370.318,
          4372.638,
          4373.998,
          4377.598,
          4383.118,
          4383.678,
          4386.558,
          4390.318,
          4397.118,
          4401.678,
          4406.238,
          4408.878,
          4411.358,
          4419.278,
          4424.718,
          4431.038,
          4431.357,
          4432.797,
          4435.518,
          4439.198,
          4440.718,
          4442.158,
          4442.638,
          4443.758,
          4451.118,
          4453.678,
          4459.278,
          4459.438,
          4467.598,
          4467.838,
          4469.198,
          4492.558,
          4506.158,
          4573.678,
          4585.358,
          4586.559,
          4666.719,
          4667.839,
          4683.119,
          4752.559,
          4762.159,
          4793.359,
          4794.559,
          4872.559,
          4874.639,
          4897.919,
          4907.119,
          4915.119,
          4922.159,
          4929.999,
          4937.759,
          4952.079,
          4958.319,
          4959.359,
          5002.399,
          5050.479,
          5052.079,
          5067.839,
          5073.759,
          5075.199,
          5079.439,
          5080.319,
          5083.759,
          5083.999,
          5089.599,
          5090.879,
          5091.599,
          5144.559,
          5150.559,
          5151.919,
          5154.559,
          5155.279,
          5157.679,
          5160.159,
          5163.999,
          5186.639,
          5211.199,
          5211.759,
          5253.199,
          5264.479,
          5288.959,
          5300.319,
          5304.399,
          5382.559,
          5383.119,
          5419.439,
          5420.159,
          5446.879,
          5485.12,
          5492.08,
          5521.919,
          5532.239,
          5535.519,
          5539.359,
          5546.959,
          5550.799,
          5556.319,
          5561.919,
          5572.399,
          5580.479,
          5586.319,
          5589.119,
          5595.599,
          5602.079,
          5613.599,
          5626.079,
          5637.279,
          5637.359,
          5641.999,
          5643.999,
          5644.239,
          5646.319,
          5651.359,
          5658.319,
          5663.439,
          5670.719,
          5679.439,
          5688.16,
          5701.28,
          5703.2,
          5704.56,
          5709.359,
          5713.04,
          5722.959,
          5754.319,
          5770.639,
          5817.679,
          5838.159,
          5846.639,
          5853.279,
          5859.599,
          5867.519,
          5874.479,
          5878.959,
          5882.719,
          5890.319,
          5897.199,
          5899.039,
          5908.559,
          5916.958,
          5925.358,
          5934.878,
          5942.878,
          5950.079,
          5957.838,
          5967.918,
          5977.198,
          5987.518,
          6003.358,
          6012.238,
          6012.718,
          6073.598,
          6074.638,
          6105.917,
          6155.837,
          6156.797,
          6167.357,
          6188.237,
          6204.237,
          6205.438,
          6222.317,
          6223.117,
          6229.757,
          6257.517,
          6263.277,
          6313.037,
          6334.237,
          6358.877,
          6371.677,
          6413.437,
          6420.796,
          6421.437,
          6453.037,
          6485.757,
          6496.877,
          6500.317,
          6505.757,
          6525.037,
          6525.597,
          6531.757,
          6538.717,
          6544.717,
          6545.117,
          6545.197,
          6551.197,
          6573.757,
          6583.917,
          6587.197,
          6589.037,
          6600.237,
          6607.357,
          6608.157,
          6609.357,
          6616.877,
          6620.717,
          6627.757,
          6651.437,
          6653.117,
          6666.077,
          6667.277,
          6696.237,
          6726.157,
          6729.757,
          6745.677,
          6747.117,
          6752.397,
          6757.677,
          6764.397,
          6770.237,
          6777.037,
          6783.117,
          6789.837,
          6795.437,
          6800.797,
          6806.557,
          6811.997,
          6817.197,
          6819.037,
          6822.237,
          6826.317,
          6835.517,
          6839.117,
          6843.037,
          6846.877,
          6850.637,
          6855.517,
          6859.757,
          6862.477,
          6866.557,
          6870.717,
          6871.597,
          6878.957,
          6884.157,
          6910.077,
          6916.957,
          6918.077,
          6950.397,
          6957.517,
          6962.317,
          6967.677,
          6997.837,
          6999.437,
          7029.277,
          7034.717,
          7044.557,
          7048.077,
          7048.637,
          7050.957,
          7057.356,
          7060.077,
          7063.356,
          7067.037,
          7071.437,
          7072.077,
          7075.997,
          7106.557,
          7112.637,
          7117.277,
          7122.877,
          7128.797,
          7134.477,
          7140.797,
          7147.197,
          7147.997,
          7153.997,
          7156.077,
          7158.876,
          7166.477,
          7170.637,
          7174.717,
          7179.357,
          7183.357,
          7187.437,
          7191.677,
          7197.597,
          7199.037,
          7199.997,
          7201.357,
          7204.237,
          7206.557,
          7206.637,
          7208.237,
          7208.397,
          7218.957,
          7220.397,
          7251.677,
          7272.237,
          7284.637,
          7284.797,
          7284.957,
          7286.237,
          7292.397,
          7295.437,
          7299.997,
          7304.237,
          7308.557,
          7313.517,
          7317.837,
          7318.477,
          7322.317,
          7327.117,
          7329.197,
          7330.717,
          7334.077,
          7337.677,
          7341.037,
          7344.477,
          7347.756,
          7351.196,
          7354.956,
          7359.116,
          7359.676,
          7362.556,
          7364.876,
          7367.596,
          7371.356,
          7375.596,
          7379.836,
          7384.316,
          7395.356,
          7397.836,
          7402.316,
          7409.116,
          7414.076,
          7419.596,
          7424.236,
          7429.276,
          7430.876,
          7433.276,
          7433.917,
          7437.356,
          7441.517,
          7442.157,
          7446.797,
          7451.597,
          7455.917,
          7460.637,
          7463.837,
          7468.237,
          7470.397,
          7472.637,
          7477.757,
          7481.037,
          7484.637,
          7490.077,
          7494.957,
          7510.557,
          7510.637,
          7522.957,
          7527.597,
          7528.397,
          7529.517,
          7533.757,
          7537.517,
          7542.877,
          7548.637,
          7558.077,
          7590.797,
          7620.077,
          7637.517,
          7640.157,
          7642.157,
          7646.157,
          7650.317,
          7653.917,
          7656.957,
          7661.197,
          7666.237,
          7667.837,
          7668.237,
          7712.797,
          7724.637,
          7725.917,
          7727.197,
          7727.997,
          7733.677,
          7736.157,
          7739.917,
          7743.597,
          7745.917,
          7749.276,
          7752.716,
          7757.996,
          7759.596,
          7761.036,
          7764.396,
          7767.516,
          7771.036,
          7773.996,
          7777.356,
          7779.836,
          7782.396,
          7784.716,
          7787.436,
          7792.156,
          7796.556,
          7802.236,
          7805.196,
          7807.917,
          7814.716,
          7814.796,
          7829.756,
          7830.076,
          7835.916,
          7839.436,
          7844.876,
          7847.756,
          7848.076,
          7852.476,
          7858.716,
          7863.756,
          7868.876,
          7869.356,
          7872.636,
          7874.396,
          7877.036,
          7885.916,
          7890.795,
          7908.075,
          7924.555,
          7948.155,
          7960.155,
          7973.355,
          7974.875,
          7980.795,
          7983.436,
          7986.476,
          7993.275,
          7994.235,
          8022.155,
          8023.995,
          8025.035,
          8030.475,
          8044.235,
          8045.995,
          8049.115,
          8053.675,
          8054.235,
          8054.315,
          8054.555,
          8061.355,
          8071.995,
          8079.195,
          8081.995,
          8139.435,
          8146.315,
          8148.715,
          8148.875,
          8149.835,
          8152.955,
          8159.755,
          8166.155,
          8180.555,
          8206.635,
          8210.635,
          8214.154,
          8217.595,
          8219.354,
          8223.515,
          8228.234,
          8230.794,
          8231.834,
          8236.554,
          8239.273,
          8244.953,
          8248.394,
          8286.953,
          8287.513,
          8288.152,
          8292.633,
          8293.593,
          8297.112,
          8314.632,
          8319.512,
          8341.992,
          8342.872,
          8343.992,
          8344.232,
          8344.792,
          8351.672,
          8352.072,
          8352.312,
          8352.393,
          8359.833,
          8360.313,
          8369.193,
          8371.674,
          8396.074,
          8397.034,
          8403.354,
          8405.675,
          8412.875,
          8413.355,
          8420.716,
          8421.436,
          8428.556,
          8432.476,
          8434.075,
          8434.795,
          8437.915,
          8443.275,
          8443.436,
          8443.676,
          8446.396,
          8448.876,
          8450.956,
          8451.756,
          8452.636,
          8455.756,
          8459.756,
          8460.476,
          8476.636,
          8481.676,
          8496.956,
          8501.196,
          8503.116,
          8506.076,
          8507.356,
          8508.797,
          8511.517,
          8514.957,
          8515.357,
          8517.678,
          8519.758,
          8525.118,
          8531.678,
          8533.598,
          8536.478,
          8537.918,
          8539.678,
          8540.158,
          8540.718,
          8542.878,
          8545.598,
          8545.838,
          8545.998,
          8546.158,
          8548.479,
          8549.998,
          8550.479,
          8553.118,
          8554.559,
          8554.879,
          8555.759,
          8555.839,
          8556.079,
          8557.759,
          8563.278,
          8563.918,
          8564.078,
          8564.238,
          8565.438,
          8565.839,
          8571.839,
          8573.438,
          8573.759,
          8574.398,
          8578.078,
          8583.118,
          8585.038,
          8585.598,
          8587.357,
          8589.758,
          8592.397,
          8595.277,
          8600.638,
          8601.197,
          8601.357,
          8601.997,
          8603.197,
          8606.717,
          8609.757,
          8610.237,
          8615.757,
          8618.637,
          8622.797,
          8622.877,
          8623.517,
          8627.997,
          8629.197,
          8632.317,
          8633.197,
          8637.518,
          8640.718,
          8642.798,
          8647.278,
          8649.759,
          8650.559,
          8673.278,
          8675.519,
          8692.879,
          8693.199,
          8700.239,
          8700.319,
          8702.959,
          8704.799,
          8716.398,
          8717.998,
          8722.318,
          8724.318,
          8724.398,
          8729.358,
          8730.958,
          8732.958,
          8734.238,
          8739.679,
          8747.519,
          8754.719,
          8761.519,
          8775.198,
          8778.479,
          8781.358,
          8785.519,
          8788.639,
          8791.999,
          8799.119,
          8803.919,
          8806.479,
          8807.998,
          8811.518,
          8814.638,
          8819.758,
          8823.357,
          8826.877,
          8830.717,
          8833.757,
          8834.396,
          8834.477,
          8834.637,
          8834.957,
          8838.557,
          8840.877,
          8845.197,
          8845.357,
          8845.438,
          8845.598,
          8845.838,
          8845.998,
          8848.158,
          8849.998,
          8853.118,
          8853.838,
          8871.357,
          8888.077,
          8891.677,
          8898.717,
          8898.957,
          8904.237,
          8916.157,
          8923.598,
          8924.798,
          8930.317,
          8933.758,
          8939.438,
          8950.397,
          8954.638,
          8963.758,
          8969.118,
          8976.638,
          8980.958,
          8982.878,
          9005.518,
          9071.518,
          9073.518,
          9112.958,
          9138.798,
          9141.118,
          9142.238,
          9143.438,
          9147.278,
          9159.118,
          9159.998,
          9185.598,
          9186.157,
          9195.197,
          9195.518,
          9195.998,
          9199.598,
          9203.838,
          9205.198,
          9207.679,
          9211.599,
          9217.519,
          9219.519,
          9220.238,
          9220.479,
          9221.358,
          9222.719,
          9227.199,
          9229.199,
          9263.439,
          9269.76,
          9271.439,
          9274.64,
          9278.239,
          9279.68,
          9281.199,
          9283.119,
          9284.399,
          9287.279,
          9287.76,
          9293.279,
          9296.56,
          9297.439,
          9297.76,
          9299.76,
          9302.88,
          9305.6,
          9308,
          9310.88,
          9313.76,
          9315.2,
          9317.84,
          9321.2,
          9325.92,
          9330.4,
          9333.92,
          9336.32,
          9340.16,
          9343.04,
          9343.44,
          9348.08,
          9357.12,
          9375.28,
          9412,
          9413.36,
          9417.04,
          9437.84,
          9438,
          9471.6,
          9472.72,
          9483.04,
          9487.04,
          9490.64,
          9496,
          9499.92,
          9504,
          9509.44,
          9511.761,
          9519.121,
          9523.441,
          9524.001,
          9536.481,
          9538.562,
          9544.081,
          9617.201,
          9621.121,
          9631.602,
          9650.401,
          9651.121,
          9656.801,
          9659.601,
          9662.4,
          9665.2,
          9668,
          9670.72,
          9673.439,
          9678.88,
          9684.24,
          9688.4,
          9692.08,
          9694.88,
          9700.24,
          9705.36,
          9709.761,
          9711.761,
          9713.601,
          9716.001,
          9720.401,
          9723.682,
          9724.802,
          9733.122,
          9737.442,
          9751.603,
          9762.803,
          9764.643,
          9780.562,
          9797.843,
          9810.163,
          9810.563,
          9827.123,
          9836.803,
          9836.883,
          9841.763,
          9847.282,
          9849.683,
          9852.003,
          9854.083,
          9856.083,
          9860.403,
          9865.523,
          9870.563,
          9906.004,
          9906.884,
          9911.844,
          9914.084,
          9918.724,
          9921.124,
          9923.524,
          9925.925,
          9926.885,
          9928.805,
          9930.725,
          9933.125,
          9936.645,
          9940.244,
          9942.645,
          9945.045,
          9947.365,
          9949.686,
          9952.086,
          9954.486,
          9956.486,
          9959.366,
          9962.646,
          9966.406,
          9968.807,
          9971.127,
          9973.447,
          9975.127,
          9977.607,
          9980.327,
          9980.407,
          9982.567,
          9985.607,
          9987.207,
          9987.527,
          9993.047,
          9995.687,
          9998.326,
          10001.046,
          10002.886,
          10005.766,
          10009.445,
          10012.806,
          10017.686,
          10018.086,
          10018.246,
          10019.126,
          10021.526,
          10031.446,
          10035.606,
          10039.767,
          10046.247,
          10062.487,
          10079.207,
          10094.887,
          10097.127,
          10097.527,
          10098.647,
          10101.527,
          10110.567,
          10111.048,
          10111.368,
          10115.608,
          10118.488,
          10121.769,
          10123.849,
          10127.769,
          10134.889,
          10135.528,
          10147.208,
          10149.528,
          10151.929,
          10156.169,
          10159.849,
          10163.528,
          10167.208,
          10170.888,
          10174.487,
          10177.688,
          10181.688,
          10186.088,
          10188.488,
          10190.889,
          10195.769,
          10200.169,
          10203.209,
          10206.249,
          10212.009,
          10217.688,
          10223.448,
          10229.128,
          10231.848,
          10235.367,
          10240.247,
          10243.127,
          10248.887,
          10251.767,
          10257.606,
          10263.366,
          10276.006,
          10282.246,
          10288.806,
          10308.166,
          10323.926,
          10336.966,
          10354.886,
          10373.286,
          10388.486,
          10390.566,
          10404.967,
          10414.566,
          10417.366,
          10418.807,
          10421.606,
          10422.087,
          10422.247,
          10425.367,
          10428.407,
          10429.207,
          10429.688,
          10453.928,
          10485.607,
          10489.367,
          10490.007,
          10493.127,
          10496.167,
          10496.807,
          10499.526,
          10503.767,
          10512.887,
          10522.486,
          10522.727,
          10530.167,
          10548.967,
          10561.767,
          10580.967,
          10582.967,
          10583.927,
          10585.446,
          10585.526,
          10593.767,
          10606.247,
          10606.887,
          10611.847,
          10642.167,
          10646.487,
          10647.287,
          10650.807,
          10655.127,
          10655.527,
          10655.848,
          10657.367,
          10661.927,
          10667.207,
          10706.487,
          10710.327,
          10716.327,
          10720.487,
          10724.247,
          10724.807,
          10725.287,
          10728.728,
          10732.247,
          10734.967,
          10742.007,
          10757.127,
          10762.967,
          10765.447,
          10785.367,
          10790.728,
          10795.848,
          10800.968,
          10806.647,
          10812.327,
          10818.007,
          10823.687,
          10829.366,
          10835.046,
          10840.006,
          10844.966,
          10845.686,
          10850.966,
          10860.565,
          10868.245,
          10872.965,
          10882.885,
          10900.965,
          10913.685,
          10924.805,
          10932.324,
          10944.884,
          10963.523,
          10974.724,
          10993.363,
          11002.243,
          11003.843,
          11009.843,
          11010.323,
          11027.523,
          11044.403,
          11056.963,
          11075.683,
          11088.163,
          11093.683,
          11105.763,
          11118.003,
          11119.123,
          11121.923,
          11124.003,
          11126.562,
          11128.003,
          11130.483,
          11145.523,
          11153.764,
          11155.204,
          11173.685,
          11184.645,
          11201.685,
          11221.204,
          11226.964,
          11227.523,
          11229.924,
          11232.563,
          11233.283,
          11254.403,
          11254.804,
          11267.124,
          11285.444,
          11298.004,
          11316.244,
          11334.564,
          11335.124,
          11346.244,
          11365.124,
          11377.924,
          11396.404,
          11408.964,
          11418.724,
          11422.323,
          11428.163,
          11440.963,
          11456.883,
          11456.963,
          11460.243,
          11473.043,
          11491.123,
          11499.203,
          11505.923,
          11524.243,
          11536.963,
          11552.243,
          11554.163,
          11571.843,
          11585.603,
          11633.603,
          11638.723,
          11669.123,
          11685.443,
          11696.804,
          11713.844,
          11714.644,
          11725.044,
          11731.364,
          11733.284,
          11737.364,
          11748.805,
          11752.005,
          11760.965,
          11775.445,
          11778.165,
          11779.685,
          11798.244,
          11808.884,
          11810.724,
          11827.684,
          11833.523,
          11835.764,
          11838.563,
          11840.724,
          11842.243,
          11848.883,
          11861.123,
          11873.923,
          11903.283,
          11909.363,
          11911.203,
          11916.883,
          11925.363,
          11941.123,
          11943.363,
          11953.283,
          11967.604,
          11967.924,
          11972.404,
          11985.284,
          11987.124,
          12001.844,
          12007.284,
          12012.004,
          12019.364,
          12023.044,
          12031.924,
          12050.004,
          12057.284,
          12059.604,
          12065.204,
          12068.804,
          12081.044,
          12088.484,
          12088.805,
          12090.564,
          12094.244,
          12096.244,
          12098.884,
          12101.523,
          12102.964,
          12103.284,
          12103.524,
          12104.244,
          12111.124,
          12139.844,
          12152.724,
          12165.204,
          12171.124,
          12172.244,
          12178.004,
          12196.964,
          12197.124,
          12197.764,
          12209.684,
          12215.443,
          12217.523,
          12227.443,
          12245.924,
          12258.404,
          12276.244,
          12276.324,
          12276.404,
          12277.604,
          12280.725,
          12283.045,
          12292.245,
          12293.845,
          12294.005,
          12294.405,
          12302.085,
          12306.725,
          12313.125,
          12324.485,
          12332.886,
          12336.646,
          12341.525,
          12348.806,
          12354.886,
          12362.966,
          12368.886,
          12373.286,
          12373.446,
          12377.847,
          12384.566,
          12390.486,
          12394.006,
          12394.886,
          12402.726,
          12414.966,
          12418.565,
          12425.605,
          12432.565,
          12440.245,
          12450.485,
          12452.966,
          12461.686,
          12466.485,
          12467.605,
          12470.565,
          12475.846,
          12476.246,
          12478.246,
          12484.727,
          12485.047,
          12485.367,
          12490.007,
          12492.807,
          12493.207,
          12493.447,
          12494.967,
          12497.047,
          12498.887,
          12499.287,
          12502.728,
          12506.407,
          12510.167,
          12511.927,
          12513.367,
          12514.808,
          12516.248,
          12516.328,
          12518.568,
          12522.088,
          12522.248,
          12522.408,
          12539.288,
          12542.088
        ]
      },
      "geometry": {
        "type": "LineString",
        "coordinates": [
          [
            8.847609,
            52.984556,
            7.75
          ],
          [
            8.847613,
            52.984561,
            7.75
          ],
          [
            8.847459,
            52.984344,
            8
          ],
          [
            8.847187,
            52.983991,
            8
          ],
          [
            8.847139,
            52.983918,
            8
          ],
          [
            8.847049,
            52.983781,
            8
          ],
          [
            8.84674,
            52.98331,
            8
          ],
          [
            8.846634,
            52.983134,
            8
          ],
          [
            8.846472,
            52.982777,
            8
          ],
          [
            8.846179,
            52.98234,
            8
          ],
          [
            8.845844,
            52.981762,
            8
          ],
          [
            8.845671,
            52.981492,
            8
          ],
          [
            8.845582,
            52.981369,
            8
          ],
          [
            8.844901,
            52.980499,
            9
          ],
          [
            8.844701,
            52.980243,
            9
          ],
          [
            8.842463,
            52.977391,
            9
          ],
          [
            8.838653,
            52.972551,
            11
          ],
          [
            8.837579,
            52.971175,
            11
          ],
          [
            8.837111,
            52.970584,
            11
          ],
          [
            8.836331,
            52.969588,
            12
          ],
          [
            8.836068,
            52.969255,
            12
          ],
          [
            8.83597,
            52.969129,
            12
          ],
          [
            8.835858,
            52.968983,
            12
          ],
          [
            8.835745,
            52.968838,
            12
          ],
          [
            8.835454,
            52.968466,
            12
          ],
          [
            8.83515,
            52.968083,
            12
          ],
          [
            8.834632,
            52.967428,
            12
          ],
          [
            8.833732,
            52.966266,
            11
          ],
          [
            8.830974,
            52.962708,
            11
          ],
          [
            8.827576,
            52.958391,
            12
          ],
          [
            8.827373,
            52.958133,
            12
          ],
          [
            8.823395,
            52.953086,
            14
          ],
          [
            8.821652,
            52.950911,
            14.5
          ],
          [
            8.819968,
            52.94878,
            15
          ],
          [
            8.819415,
            52.94806,
            15
          ],
          [
            8.818802,
            52.947265,
            15
          ],
          [
            8.818293,
            52.946565,
            15
          ],
          [
            8.817952,
            52.94607,
            14.75
          ],
          [
            8.817633,
            52.945581,
            14
          ],
          [
            8.817361,
            52.945123,
            14.75
          ],
          [
            8.817054,
            52.944595,
            15
          ],
          [
            8.813223,
            52.938403,
            17.25
          ],
          [
            8.812677,
            52.937516,
            18
          ],
          [
            8.812445,
            52.937114,
            18
          ],
          [
            8.812209,
            52.936706,
            18
          ],
          [
            8.811994,
            52.936334,
            18
          ],
          [
            8.811827,
            52.936008,
            18
          ],
          [
            8.811635,
            52.935636,
            18
          ],
          [
            8.811297,
            52.934925,
            18.5
          ],
          [
            8.810776,
            52.933585,
            19
          ],
          [
            8.810715,
            52.933403,
            19.25
          ],
          [
            8.809974,
            52.93122,
            22.5
          ],
          [
            8.809914,
            52.930959,
            23
          ],
          [
            8.809879,
            52.930836,
            23
          ],
          [
            8.809733,
            52.930147,
            22.75
          ],
          [
            8.809586,
            52.929342,
            22.25
          ],
          [
            8.809449,
            52.928044,
            24
          ],
          [
            8.809398,
            52.92718,
            26
          ],
          [
            8.809341,
            52.926236,
            26
          ],
          [
            8.809349,
            52.925159,
            23.5
          ],
          [
            8.809369,
            52.924838,
            22.25
          ],
          [
            8.809373,
            52.924767,
            22
          ],
          [
            8.809383,
            52.924609,
            22
          ],
          [
            8.809417,
            52.923949,
            22
          ],
          [
            8.809429,
            52.923732,
            22
          ],
          [
            8.809521,
            52.92311,
            24.5
          ],
          [
            8.809539,
            52.92295,
            25.5
          ],
          [
            8.809577,
            52.921852,
            30
          ],
          [
            8.80965,
            52.919972,
            32
          ],
          [
            8.809705,
            52.918924,
            32
          ],
          [
            8.809808,
            52.917358,
            31
          ],
          [
            8.809844,
            52.916695,
            30.5
          ],
          [
            8.809847,
            52.916645,
            30.5
          ],
          [
            8.809849,
            52.9166,
            30.5
          ],
          [
            8.809852,
            52.916518,
            30.5
          ],
          [
            8.80991,
            52.915627,
            30.25
          ],
          [
            8.809949,
            52.914949,
            30
          ],
          [
            8.809961,
            52.914792,
            30
          ],
          [
            8.809969,
            52.914648,
            30
          ],
          [
            8.80995,
            52.913966,
            29.25
          ],
          [
            8.80996,
            52.913782,
            29
          ],
          [
            8.809962,
            52.913754,
            29
          ],
          [
            8.809973,
            52.913552,
            29
          ],
          [
            8.809929,
            52.912892,
            29
          ],
          [
            8.809953,
            52.912648,
            29
          ],
          [
            8.810106,
            52.911083,
            28
          ],
          [
            8.810149,
            52.910665,
            28
          ],
          [
            8.81018,
            52.910364,
            28.5
          ],
          [
            8.810422,
            52.907988,
            33.5
          ],
          [
            8.810714,
            52.904972,
            40.75
          ],
          [
            8.810879,
            52.903099,
            47
          ],
          [
            8.810952,
            52.901807,
            48
          ],
          [
            8.810941,
            52.901439,
            47
          ],
          [
            8.810905,
            52.900248,
            44.75
          ],
          [
            8.810823,
            52.899533,
            43
          ],
          [
            8.810711,
            52.898565,
            42
          ],
          [
            8.81039,
            52.897089,
            40
          ],
          [
            8.810003,
            52.895717,
            37
          ],
          [
            8.809562,
            52.89441,
            37
          ],
          [
            8.809092,
            52.893283,
            39
          ],
          [
            8.808511,
            52.892073,
            42
          ],
          [
            8.808043,
            52.891194,
            43
          ],
          [
            8.808015,
            52.891142,
            43
          ],
          [
            8.8073,
            52.889801,
            43
          ],
          [
            8.806291,
            52.887976,
            45.5
          ],
          [
            8.805596,
            52.886798,
            47
          ],
          [
            8.804727,
            52.885538,
            44.75
          ],
          [
            8.803523,
            52.884014,
            46.5
          ],
          [
            8.802814,
            52.883137,
            48.5
          ],
          [
            8.80208,
            52.882303,
            49.5
          ],
          [
            8.80119,
            52.881364,
            49
          ],
          [
            8.798137,
            52.878653,
            49
          ],
          [
            8.797749,
            52.878348,
            49
          ],
          [
            8.797039,
            52.877791,
            50
          ],
          [
            8.79688,
            52.877683,
            50
          ],
          [
            8.795623,
            52.876829,
            50
          ],
          [
            8.795339,
            52.876646,
            50
          ],
          [
            8.794235,
            52.875932,
            49
          ],
          [
            8.792034,
            52.874641,
            47.75
          ],
          [
            8.79071,
            52.873913,
            47
          ],
          [
            8.786801,
            52.872003,
            41
          ],
          [
            8.786506,
            52.871868,
            40.5
          ],
          [
            8.784832,
            52.87108,
            41.5
          ],
          [
            8.784337,
            52.870846,
            42.75
          ],
          [
            8.783757,
            52.870571,
            43
          ],
          [
            8.783329,
            52.870371,
            43
          ],
          [
            8.783001,
            52.870213,
            43
          ],
          [
            8.782604,
            52.870019,
            43
          ],
          [
            8.775175,
            52.866496,
            44.5
          ],
          [
            8.767917,
            52.863056,
            47
          ],
          [
            8.759318,
            52.858976,
            45
          ],
          [
            8.75785,
            52.858286,
            44
          ],
          [
            8.756778,
            52.85775,
            43
          ],
          [
            8.756191,
            52.857437,
            43
          ],
          [
            8.75565,
            52.857147,
            42
          ],
          [
            8.754517,
            52.856509,
            42
          ],
          [
            8.753725,
            52.85605,
            42
          ],
          [
            8.752965,
            52.85561,
            42
          ],
          [
            8.752739,
            52.855469,
            42
          ],
          [
            8.752651,
            52.855414,
            42
          ],
          [
            8.751759,
            52.854878,
            42
          ],
          [
            8.751546,
            52.85475,
            42
          ],
          [
            8.751046,
            52.854446,
            42.75
          ],
          [
            8.749908,
            52.853676,
            43.25
          ],
          [
            8.749891,
            52.853666,
            43.25
          ],
          [
            8.749788,
            52.853603,
            43.75
          ],
          [
            8.749753,
            52.853582,
            43.75
          ],
          [
            8.746975,
            52.851842,
            45
          ],
          [
            8.742255,
            52.8489,
            44.75
          ],
          [
            8.741316,
            52.848315,
            43
          ],
          [
            8.740563,
            52.84784,
            43
          ],
          [
            8.74022,
            52.847623,
            43
          ],
          [
            8.739167,
            52.846968,
            43.75
          ],
          [
            8.738872,
            52.846785,
            44
          ],
          [
            8.738643,
            52.846643,
            44
          ],
          [
            8.73785,
            52.846145,
            45
          ],
          [
            8.737728,
            52.846069,
            45
          ],
          [
            8.736321,
            52.845194,
            46
          ],
          [
            8.736111,
            52.845063,
            46
          ],
          [
            8.736099,
            52.845055,
            46
          ],
          [
            8.735961,
            52.844974,
            46.25
          ],
          [
            8.735844,
            52.844901,
            46.5
          ],
          [
            8.735335,
            52.844578,
            46
          ],
          [
            8.734825,
            52.84426,
            45.5
          ],
          [
            8.731665,
            52.842292,
            41
          ],
          [
            8.730759,
            52.84173,
            40
          ],
          [
            8.73013,
            52.841343,
            38.25
          ],
          [
            8.72875,
            52.840484,
            33.75
          ],
          [
            8.726527,
            52.839233,
            31
          ],
          [
            8.726268,
            52.839087,
            31
          ],
          [
            8.723778,
            52.837795,
            33.75
          ],
          [
            8.723458,
            52.837628,
            34.5
          ],
          [
            8.722806,
            52.837304,
            35.5
          ],
          [
            8.722792,
            52.837297,
            35.5
          ],
          [
            8.722207,
            52.837014,
            35.5
          ],
          [
            8.721171,
            52.836485,
            37.5
          ],
          [
            8.720626,
            52.836206,
            38.5
          ],
          [
            8.719595,
            52.835679,
            40
          ],
          [
            8.718903,
            52.835326,
            41.75
          ],
          [
            8.708992,
            52.830264,
            47
          ],
          [
            8.701133,
            52.826265,
            50.75
          ],
          [
            8.698203,
            52.824775,
            54
          ],
          [
            8.695931,
            52.823618,
            51
          ],
          [
            8.691608,
            52.821419,
            47
          ],
          [
            8.689912,
            52.820556,
            47
          ],
          [
            8.689735,
            52.820466,
            47
          ],
          [
            8.689326,
            52.820258,
            47
          ],
          [
            8.687892,
            52.819528,
            48
          ],
          [
            8.68734,
            52.819247,
            48
          ],
          [
            8.685295,
            52.818205,
            48
          ],
          [
            8.682536,
            52.8168,
            48
          ],
          [
            8.679852,
            52.815434,
            48
          ],
          [
            8.67813,
            52.814556,
            50.25
          ],
          [
            8.677948,
            52.814463,
            50.75
          ],
          [
            8.676846,
            52.813897,
            52
          ],
          [
            8.675658,
            52.813272,
            52
          ],
          [
            8.674691,
            52.812725,
            51.75
          ],
          [
            8.673552,
            52.812044,
            50
          ],
          [
            8.673158,
            52.81181,
            49.5
          ],
          [
            8.672062,
            52.811125,
            48
          ],
          [
            8.671342,
            52.810647,
            47
          ],
          [
            8.670531,
            52.810077,
            47
          ],
          [
            8.669031,
            52.809021,
            47
          ],
          [
            8.667485,
            52.807928,
            48
          ],
          [
            8.665706,
            52.80667,
            48
          ],
          [
            8.665566,
            52.80657,
            48
          ],
          [
            8.665193,
            52.806307,
            47.5
          ],
          [
            8.663647,
            52.805211,
            46
          ],
          [
            8.661337,
            52.803574,
            46
          ],
          [
            8.660638,
            52.80308,
            46.5
          ],
          [
            8.660521,
            52.802998,
            46.75
          ],
          [
            8.65982,
            52.802498,
            47
          ],
          [
            8.659004,
            52.80192,
            47
          ],
          [
            8.657517,
            52.800865,
            48
          ],
          [
            8.655983,
            52.799776,
            48.25
          ],
          [
            8.653849,
            52.798247,
            49.75
          ],
          [
            8.653757,
            52.798183,
            49.75
          ],
          [
            8.653685,
            52.798132,
            50
          ],
          [
            8.652154,
            52.797054,
            50
          ],
          [
            8.651084,
            52.796301,
            51
          ],
          [
            8.649848,
            52.795447,
            51.5
          ],
          [
            8.647769,
            52.793976,
            53.25
          ],
          [
            8.646984,
            52.79342,
            54.25
          ],
          [
            8.646887,
            52.793354,
            54.25
          ],
          [
            8.646802,
            52.793292,
            54.25
          ],
          [
            8.646499,
            52.79306,
            54.5
          ],
          [
            8.646195,
            52.792791,
            54.5
          ],
          [
            8.646024,
            52.792639,
            54.5
          ],
          [
            8.645678,
            52.792361,
            54.25
          ],
          [
            8.644939,
            52.791838,
            54
          ],
          [
            8.644856,
            52.791781,
            54
          ],
          [
            8.64279,
            52.790309,
            54
          ],
          [
            8.641683,
            52.789519,
            53.25
          ],
          [
            8.641582,
            52.789448,
            53
          ],
          [
            8.640225,
            52.788511,
            54
          ],
          [
            8.639414,
            52.787974,
            54
          ],
          [
            8.637908,
            52.786924,
            54
          ],
          [
            8.637854,
            52.786887,
            54
          ],
          [
            8.637586,
            52.786706,
            54
          ],
          [
            8.636634,
            52.786093,
            55
          ],
          [
            8.636616,
            52.78608,
            54.75
          ],
          [
            8.63612,
            52.785735,
            55
          ],
          [
            8.635926,
            52.7856,
            55
          ],
          [
            8.635644,
            52.785413,
            55.5
          ],
          [
            8.63538,
            52.78525,
            56
          ],
          [
            8.63494,
            52.784956,
            56
          ],
          [
            8.634087,
            52.784355,
            56
          ],
          [
            8.634059,
            52.784335,
            56
          ],
          [
            8.632853,
            52.783488,
            56
          ],
          [
            8.629313,
            52.780966,
            52
          ],
          [
            8.624239,
            52.777333,
            55
          ],
          [
            8.623268,
            52.776648,
            55
          ],
          [
            8.623173,
            52.776582,
            55
          ],
          [
            8.621502,
            52.775403,
            53
          ],
          [
            8.618945,
            52.773593,
            51
          ],
          [
            8.617931,
            52.772809,
            50
          ],
          [
            8.616669,
            52.771768,
            50
          ],
          [
            8.615448,
            52.77068,
            50
          ],
          [
            8.612805,
            52.768168,
            49.75
          ],
          [
            8.612666,
            52.768036,
            50
          ],
          [
            8.609615,
            52.765122,
            51
          ],
          [
            8.609489,
            52.765001,
            51
          ],
          [
            8.604752,
            52.760465,
            51
          ],
          [
            8.603793,
            52.759597,
            51
          ],
          [
            8.6033,
            52.759152,
            51
          ],
          [
            8.601786,
            52.757849,
            50.75
          ],
          [
            8.600992,
            52.757252,
            51
          ],
          [
            8.599796,
            52.756352,
            50.75
          ],
          [
            8.59947,
            52.756128,
            50
          ],
          [
            8.599054,
            52.755843,
            50
          ],
          [
            8.598243,
            52.755286,
            49
          ],
          [
            8.596738,
            52.754334,
            47.5
          ],
          [
            8.595194,
            52.753411,
            45.75
          ],
          [
            8.59113,
            52.751055,
            45
          ],
          [
            8.590615,
            52.750753,
            46
          ],
          [
            8.588048,
            52.749255,
            47
          ],
          [
            8.587291,
            52.748814,
            47
          ],
          [
            8.587196,
            52.748761,
            47
          ],
          [
            8.587161,
            52.74874,
            47
          ],
          [
            8.586272,
            52.748221,
            47
          ],
          [
            8.577763,
            52.743264,
            47
          ],
          [
            8.576722,
            52.742659,
            47
          ],
          [
            8.576625,
            52.7426,
            47
          ],
          [
            8.574223,
            52.741203,
            46
          ],
          [
            8.574163,
            52.741168,
            45.75
          ],
          [
            8.57379,
            52.740936,
            45
          ],
          [
            8.573286,
            52.740608,
            45
          ],
          [
            8.572971,
            52.740416,
            45
          ],
          [
            8.572926,
            52.740389,
            45
          ],
          [
            8.571946,
            52.739819,
            43.25
          ],
          [
            8.569948,
            52.73866,
            41
          ],
          [
            8.569269,
            52.738264,
            41
          ],
          [
            8.567083,
            52.736989,
            41
          ],
          [
            8.563144,
            52.734709,
            42
          ],
          [
            8.560953,
            52.733545,
            43
          ],
          [
            8.559001,
            52.732584,
            43
          ],
          [
            8.549268,
            52.727788,
            39
          ],
          [
            8.544655,
            52.725526,
            40
          ],
          [
            8.541983,
            52.724212,
            41
          ],
          [
            8.541907,
            52.724175,
            41
          ],
          [
            8.533118,
            52.719808,
            40
          ],
          [
            8.531861,
            52.719191,
            40
          ],
          [
            8.530893,
            52.718715,
            40
          ],
          [
            8.530478,
            52.718512,
            39
          ],
          [
            8.52354,
            52.715103,
            34
          ],
          [
            8.522325,
            52.714486,
            33
          ],
          [
            8.520783,
            52.713737,
            33
          ],
          [
            8.520367,
            52.713518,
            33
          ],
          [
            8.519566,
            52.713099,
            32.75
          ],
          [
            8.518474,
            52.712501,
            32
          ],
          [
            8.516975,
            52.711609,
            31
          ],
          [
            8.516802,
            52.711506,
            31
          ],
          [
            8.516485,
            52.711314,
            31
          ],
          [
            8.516375,
            52.71125,
            31
          ],
          [
            8.51543,
            52.710676,
            31
          ],
          [
            8.515021,
            52.710426,
            31
          ],
          [
            8.514932,
            52.710372,
            30.75
          ],
          [
            8.514076,
            52.70985,
            30.25
          ],
          [
            8.512826,
            52.70907,
            30
          ],
          [
            8.512625,
            52.708926,
            29.75
          ],
          [
            8.512382,
            52.708758,
            30.25
          ],
          [
            8.512006,
            52.708463,
            30.5
          ],
          [
            8.511771,
            52.70829,
            31
          ],
          [
            8.511706,
            52.708244,
            31.25
          ],
          [
            8.510598,
            52.70746,
            32
          ],
          [
            8.50664,
            52.704558,
            30
          ],
          [
            8.504357,
            52.702865,
            28
          ],
          [
            8.504278,
            52.702806,
            28
          ],
          [
            8.50377,
            52.70245,
            28
          ],
          [
            8.503419,
            52.702211,
            28
          ],
          [
            8.503358,
            52.702159,
            28
          ],
          [
            8.503303,
            52.702117,
            28
          ],
          [
            8.503222,
            52.702052,
            28
          ],
          [
            8.50205,
            52.7011,
            35
          ],
          [
            8.501649,
            52.700771,
            35
          ],
          [
            8.500434,
            52.699744,
            36
          ],
          [
            8.500354,
            52.699677,
            36
          ],
          [
            8.500231,
            52.699574,
            36
          ],
          [
            8.499857,
            52.699262,
            36.5
          ],
          [
            8.499089,
            52.698622,
            37
          ],
          [
            8.49809,
            52.697676,
            38
          ],
          [
            8.497451,
            52.697072,
            38
          ],
          [
            8.496989,
            52.696604,
            38
          ],
          [
            8.496649,
            52.696258,
            38
          ],
          [
            8.490787,
            52.689956,
            36
          ],
          [
            8.489315,
            52.688369,
            36
          ],
          [
            8.483724,
            52.682333,
            36
          ],
          [
            8.480497,
            52.678872,
            35
          ],
          [
            8.480172,
            52.678545,
            34.75
          ],
          [
            8.479119,
            52.677484,
            33
          ],
          [
            8.477228,
            52.675789,
            35
          ],
          [
            8.475885,
            52.674699,
            36
          ],
          [
            8.474676,
            52.673754,
            35
          ],
          [
            8.47438,
            52.673523,
            35
          ],
          [
            8.468901,
            52.66924,
            35
          ],
          [
            8.466894,
            52.667671,
            32
          ],
          [
            8.46602,
            52.666992,
            31
          ],
          [
            8.46573,
            52.666769,
            31
          ],
          [
            8.465381,
            52.666483,
            32.5
          ],
          [
            8.465258,
            52.666386,
            33
          ],
          [
            8.458139,
            52.660807,
            34
          ],
          [
            8.457528,
            52.660329,
            34
          ],
          [
            8.455669,
            52.658872,
            34
          ],
          [
            8.454098,
            52.657626,
            35
          ],
          [
            8.45405,
            52.657588,
            35
          ],
          [
            8.453371,
            52.65714,
            35
          ],
          [
            8.451813,
            52.655925,
            35
          ],
          [
            8.447464,
            52.652545,
            34
          ],
          [
            8.444521,
            52.650252,
            36
          ],
          [
            8.443421,
            52.649378,
            36
          ],
          [
            8.443398,
            52.64936,
            36
          ],
          [
            8.442387,
            52.648556,
            36
          ],
          [
            8.440083,
            52.646751,
            36.25
          ],
          [
            8.439692,
            52.646444,
            35
          ],
          [
            8.434763,
            52.642584,
            37
          ],
          [
            8.432295,
            52.640646,
            38
          ],
          [
            8.430973,
            52.639608,
            38
          ],
          [
            8.430627,
            52.639336,
            38
          ],
          [
            8.423224,
            52.633538,
            37
          ],
          [
            8.419587,
            52.63069,
            41
          ],
          [
            8.419544,
            52.630657,
            41
          ],
          [
            8.419365,
            52.630516,
            41
          ],
          [
            8.417475,
            52.62915,
            42
          ],
          [
            8.416307,
            52.628379,
            42
          ],
          [
            8.414898,
            52.627491,
            42
          ],
          [
            8.413703,
            52.626782,
            41.25
          ],
          [
            8.407321,
            52.623159,
            38.25
          ],
          [
            8.407243,
            52.623115,
            38
          ],
          [
            8.404693,
            52.621666,
            37
          ],
          [
            8.396168,
            52.616805,
            36
          ],
          [
            8.396099,
            52.616765,
            36
          ],
          [
            8.393694,
            52.615394,
            36
          ],
          [
            8.392639,
            52.614793,
            36
          ],
          [
            8.392371,
            52.614636,
            36
          ],
          [
            8.39195,
            52.614402,
            36
          ],
          [
            8.391559,
            52.614182,
            36
          ],
          [
            8.391541,
            52.614172,
            36
          ],
          [
            8.39075,
            52.613681,
            36
          ],
          [
            8.390381,
            52.613462,
            36
          ],
          [
            8.38951,
            52.612967,
            36
          ],
          [
            8.389281,
            52.612835,
            36
          ],
          [
            8.389271,
            52.612829,
            35.75
          ],
          [
            8.389264,
            52.612825,
            36
          ],
          [
            8.388959,
            52.612643,
            36
          ],
          [
            8.388851,
            52.612579,
            36
          ],
          [
            8.38851,
            52.612351,
            36
          ],
          [
            8.388197,
            52.612154,
            36
          ],
          [
            8.387948,
            52.612012,
            36
          ],
          [
            8.387404,
            52.611702,
            35.75
          ],
          [
            8.386934,
            52.611416,
            36
          ],
          [
            8.386503,
            52.611134,
            36
          ],
          [
            8.385904,
            52.610713,
            36
          ],
          [
            8.385627,
            52.610502,
            36
          ],
          [
            8.385311,
            52.610261,
            36
          ],
          [
            8.385282,
            52.61024,
            36
          ],
          [
            8.384962,
            52.60996,
            36
          ],
          [
            8.384516,
            52.609539,
            36
          ],
          [
            8.384142,
            52.609139,
            36
          ],
          [
            8.38356,
            52.60858,
            36
          ],
          [
            8.383384,
            52.608397,
            36
          ],
          [
            8.38337,
            52.608381,
            36
          ],
          [
            8.382872,
            52.607847,
            36
          ],
          [
            8.382593,
            52.607446,
            36
          ],
          [
            8.382373,
            52.607158,
            36
          ],
          [
            8.382233,
            52.606895,
            36
          ],
          [
            8.38212,
            52.606717,
            36
          ],
          [
            8.382001,
            52.606569,
            36
          ],
          [
            8.381834,
            52.606351,
            36
          ],
          [
            8.381652,
            52.606082,
            36
          ],
          [
            8.380513,
            52.604298,
            36
          ],
          [
            8.379885,
            52.603298,
            36
          ],
          [
            8.37979,
            52.603166,
            36
          ],
          [
            8.379592,
            52.60293,
            36
          ],
          [
            8.379474,
            52.602773,
            36
          ],
          [
            8.379389,
            52.602627,
            36
          ],
          [
            8.379276,
            52.602462,
            36
          ],
          [
            8.378952,
            52.602095,
            36
          ],
          [
            8.37882,
            52.601926,
            36
          ],
          [
            8.37865,
            52.601683,
            36
          ],
          [
            8.378549,
            52.601539,
            36.5
          ],
          [
            8.378249,
            52.601178,
            37
          ],
          [
            8.37792,
            52.60059,
            36.75
          ],
          [
            8.377896,
            52.600532,
            37
          ],
          [
            8.377762,
            52.600215,
            37
          ],
          [
            8.377611,
            52.599804,
            37
          ],
          [
            8.377364,
            52.599059,
            37
          ],
          [
            8.377242,
            52.598551,
            37
          ],
          [
            8.377142,
            52.598045,
            37
          ],
          [
            8.377095,
            52.597747,
            37
          ],
          [
            8.377064,
            52.597472,
            37
          ],
          [
            8.377015,
            52.596579,
            37
          ],
          [
            8.377024,
            52.595967,
            37
          ],
          [
            8.377077,
            52.595259,
            37
          ],
          [
            8.37708,
            52.595224,
            37
          ],
          [
            8.377098,
            52.595062,
            37
          ],
          [
            8.37712,
            52.594757,
            37
          ],
          [
            8.377124,
            52.594346,
            37
          ],
          [
            8.377134,
            52.594179,
            37
          ],
          [
            8.377145,
            52.594019,
            37
          ],
          [
            8.37715,
            52.593962,
            37
          ],
          [
            8.377163,
            52.593833,
            37
          ],
          [
            8.377198,
            52.593005,
            36
          ],
          [
            8.377234,
            52.592714,
            36
          ],
          [
            8.377312,
            52.592083,
            36.5
          ],
          [
            8.377314,
            52.592064,
            36.5
          ],
          [
            8.377426,
            52.591149,
            37
          ],
          [
            8.377429,
            52.59112,
            37
          ],
          [
            8.377445,
            52.590968,
            37
          ],
          [
            8.377757,
            52.588351,
            37
          ],
          [
            8.377943,
            52.586831,
            37
          ],
          [
            8.378863,
            52.579269,
            37
          ],
          [
            8.379022,
            52.57796,
            37
          ],
          [
            8.379038,
            52.577825,
            36.75
          ],
          [
            8.380129,
            52.568843,
            37
          ],
          [
            8.380143,
            52.568721,
            37
          ],
          [
            8.380351,
            52.567013,
            36.75
          ],
          [
            8.38129,
            52.55923,
            37
          ],
          [
            8.381421,
            52.558154,
            36
          ],
          [
            8.381844,
            52.554659,
            36
          ],
          [
            8.38186,
            52.554526,
            36
          ],
          [
            8.382914,
            52.545784,
            37
          ],
          [
            8.382941,
            52.545555,
            37
          ],
          [
            8.383259,
            52.542947,
            37
          ],
          [
            8.383345,
            52.541919,
            37
          ],
          [
            8.383366,
            52.541019,
            37
          ],
          [
            8.383354,
            52.540225,
            37
          ],
          [
            8.38332,
            52.539343,
            37
          ],
          [
            8.383251,
            52.538473,
            37
          ],
          [
            8.383037,
            52.536872,
            37.75
          ],
          [
            8.382924,
            52.536172,
            37
          ],
          [
            8.382897,
            52.536053,
            37
          ],
          [
            8.38182,
            52.53126,
            37
          ],
          [
            8.380656,
            52.525905,
            37
          ],
          [
            8.380618,
            52.525729,
            37
          ],
          [
            8.380236,
            52.523977,
            37
          ],
          [
            8.380092,
            52.523321,
            36
          ],
          [
            8.380057,
            52.523161,
            36
          ],
          [
            8.379953,
            52.522687,
            37
          ],
          [
            8.379928,
            52.522585,
            37
          ],
          [
            8.37983,
            52.522202,
            37
          ],
          [
            8.379823,
            52.522172,
            37
          ],
          [
            8.379619,
            52.521553,
            37
          ],
          [
            8.379588,
            52.52141,
            37
          ],
          [
            8.37957,
            52.52133,
            37
          ],
          [
            8.378271,
            52.515433,
            37
          ],
          [
            8.378123,
            52.514763,
            37
          ],
          [
            8.378089,
            52.514609,
            37
          ],
          [
            8.378076,
            52.514312,
            37
          ],
          [
            8.378058,
            52.51423,
            37
          ],
          [
            8.378001,
            52.513962,
            37
          ],
          [
            8.377942,
            52.513682,
            37
          ],
          [
            8.377851,
            52.51325,
            37
          ],
          [
            8.3773,
            52.510726,
            37
          ],
          [
            8.376693,
            52.507996,
            37
          ],
          [
            8.37668,
            52.507938,
            37
          ],
          [
            8.375655,
            52.503327,
            37
          ],
          [
            8.375375,
            52.502069,
            37
          ],
          [
            8.37477,
            52.499348,
            37
          ],
          [
            8.374496,
            52.498086,
            37
          ],
          [
            8.374396,
            52.497628,
            37.5
          ],
          [
            8.372475,
            52.488926,
            45
          ],
          [
            8.372461,
            52.488861,
            45
          ],
          [
            8.371568,
            52.484817,
            41.5
          ],
          [
            8.371551,
            52.484738,
            41.25
          ],
          [
            8.370895,
            52.481759,
            40
          ],
          [
            8.36994,
            52.477502,
            40
          ],
          [
            8.369778,
            52.476726,
            40
          ],
          [
            8.369052,
            52.473405,
            39
          ],
          [
            8.36878,
            52.472255,
            39
          ],
          [
            8.368685,
            52.471893,
            39
          ],
          [
            8.368561,
            52.471471,
            39
          ],
          [
            8.368288,
            52.470631,
            39
          ],
          [
            8.368134,
            52.470213,
            39
          ],
          [
            8.367902,
            52.469606,
            39
          ],
          [
            8.367641,
            52.469002,
            39
          ],
          [
            8.367108,
            52.467874,
            39
          ],
          [
            8.36665,
            52.467015,
            39
          ],
          [
            8.366295,
            52.466393,
            39
          ],
          [
            8.366118,
            52.466102,
            39
          ],
          [
            8.365686,
            52.465425,
            39
          ],
          [
            8.365229,
            52.464749,
            39
          ],
          [
            8.364358,
            52.46357,
            39
          ],
          [
            8.363336,
            52.462317,
            39
          ],
          [
            8.362426,
            52.461188,
            40
          ],
          [
            8.362422,
            52.461183,
            40
          ],
          [
            8.361999,
            52.460728,
            40
          ],
          [
            8.36181,
            52.460539,
            40
          ],
          [
            8.36179,
            52.460516,
            40
          ],
          [
            8.361611,
            52.460311,
            40
          ],
          [
            8.361193,
            52.459803,
            40.75
          ],
          [
            8.360589,
            52.459113,
            41
          ],
          [
            8.360128,
            52.458609,
            41
          ],
          [
            8.35945,
            52.457905,
            41
          ],
          [
            8.3586,
            52.457078,
            42.25
          ],
          [
            8.357735,
            52.45625,
            42.25
          ],
          [
            8.356327,
            52.45505,
            42.75
          ],
          [
            8.356109,
            52.454883,
            43.25
          ],
          [
            8.355949,
            52.45476,
            43.25
          ],
          [
            8.355455,
            52.454315,
            43
          ],
          [
            8.355062,
            52.453981,
            43.5
          ],
          [
            8.353948,
            52.453094,
            43.75
          ],
          [
            8.35043,
            52.450298,
            47
          ],
          [
            8.3486,
            52.448843,
            48
          ],
          [
            8.343307,
            52.444662,
            50.25
          ],
          [
            8.341008,
            52.44284,
            49.75
          ],
          [
            8.340052,
            52.442082,
            50
          ],
          [
            8.339338,
            52.441479,
            50
          ],
          [
            8.338675,
            52.440899,
            49
          ],
          [
            8.337881,
            52.440151,
            48.5
          ],
          [
            8.337198,
            52.439487,
            48.75
          ],
          [
            8.336775,
            52.439055,
            49.5
          ],
          [
            8.336419,
            52.438692,
            47.5
          ],
          [
            8.335749,
            52.437941,
            48
          ],
          [
            8.335171,
            52.437252,
            48
          ],
          [
            8.335016,
            52.437067,
            47.75
          ],
          [
            8.334266,
            52.436101,
            47
          ],
          [
            8.333635,
            52.435238,
            46.75
          ],
          [
            8.333051,
            52.434361,
            47.75
          ],
          [
            8.33244,
            52.433355,
            47
          ],
          [
            8.331968,
            52.4325,
            47.75
          ],
          [
            8.331584,
            52.43173,
            47.5
          ],
          [
            8.33119,
            52.430891,
            47.5
          ],
          [
            8.330741,
            52.429792,
            47
          ],
          [
            8.330379,
            52.428772,
            47
          ],
          [
            8.329981,
            52.427639,
            47.75
          ],
          [
            8.329385,
            52.425893,
            47.5
          ],
          [
            8.329117,
            52.424908,
            48
          ],
          [
            8.329098,
            52.424851,
            48
          ],
          [
            8.326827,
            52.418154,
            46
          ],
          [
            8.326787,
            52.418037,
            45.75
          ],
          [
            8.325616,
            52.414596,
            44.75
          ],
          [
            8.323748,
            52.409105,
            44
          ],
          [
            8.323711,
            52.408995,
            44.25
          ],
          [
            8.323315,
            52.407832,
            44.75
          ],
          [
            8.322533,
            52.405535,
            44.75
          ],
          [
            8.321936,
            52.403779,
            44.5
          ],
          [
            8.321892,
            52.403649,
            44
          ],
          [
            8.321259,
            52.401789,
            43.75
          ],
          [
            8.321229,
            52.4017,
            44
          ],
          [
            8.32098,
            52.40097,
            44
          ],
          [
            8.319942,
            52.397917,
            44.75
          ],
          [
            8.319728,
            52.397287,
            44.75
          ],
          [
            8.317865,
            52.391812,
            45.5
          ],
          [
            8.317073,
            52.389484,
            46
          ],
          [
            8.31615,
            52.386772,
            46.75
          ],
          [
            8.315673,
            52.385367,
            46
          ],
          [
            8.31411,
            52.380772,
            46
          ],
          [
            8.313835,
            52.379965,
            46
          ],
          [
            8.31381,
            52.379891,
            46
          ],
          [
            8.312629,
            52.376418,
            47
          ],
          [
            8.311404,
            52.372817,
            48
          ],
          [
            8.311021,
            52.371592,
            48.5
          ],
          [
            8.310891,
            52.371218,
            48.5
          ],
          [
            8.310682,
            52.370622,
            49
          ],
          [
            8.309956,
            52.3685,
            49
          ],
          [
            8.309934,
            52.368434,
            49
          ],
          [
            8.309703,
            52.367753,
            49
          ],
          [
            8.30945,
            52.366984,
            49
          ],
          [
            8.309162,
            52.366336,
            48
          ],
          [
            8.309148,
            52.366295,
            48
          ],
          [
            8.309144,
            52.366285,
            48
          ],
          [
            8.308919,
            52.365624,
            48
          ],
          [
            8.308012,
            52.363152,
            46.75
          ],
          [
            8.307613,
            52.362037,
            47
          ],
          [
            8.307475,
            52.361681,
            47
          ],
          [
            8.307408,
            52.361475,
            46.75
          ],
          [
            8.307002,
            52.360239,
            46
          ],
          [
            8.306756,
            52.35945,
            45.25
          ],
          [
            8.306727,
            52.35936,
            45
          ],
          [
            8.306694,
            52.35923,
            45
          ],
          [
            8.306387,
            52.358405,
            45
          ],
          [
            8.306265,
            52.357977,
            45.5
          ],
          [
            8.306038,
            52.357194,
            46
          ],
          [
            8.305186,
            52.354584,
            45
          ],
          [
            8.305126,
            52.354398,
            45
          ],
          [
            8.304624,
            52.352975,
            45
          ],
          [
            8.304574,
            52.352845,
            45
          ],
          [
            8.303485,
            52.349659,
            45
          ],
          [
            8.30238,
            52.346365,
            45
          ],
          [
            8.302246,
            52.345967,
            45
          ],
          [
            8.301659,
            52.344216,
            45
          ],
          [
            8.301606,
            52.344058,
            45
          ],
          [
            8.301381,
            52.343481,
            45
          ],
          [
            8.301114,
            52.342912,
            45
          ],
          [
            8.300733,
            52.342195,
            45
          ],
          [
            8.300285,
            52.341597,
            45.25
          ],
          [
            8.299709,
            52.340917,
            46
          ],
          [
            8.299128,
            52.340335,
            46
          ],
          [
            8.2984,
            52.339724,
            46
          ],
          [
            8.297727,
            52.339247,
            46
          ],
          [
            8.297035,
            52.338823,
            46
          ],
          [
            8.296241,
            52.338402,
            45.75
          ],
          [
            8.295443,
            52.338031,
            46
          ],
          [
            8.294642,
            52.337716,
            47
          ],
          [
            8.294345,
            52.337613,
            47.75
          ],
          [
            8.293838,
            52.337438,
            49
          ],
          [
            8.293176,
            52.33723,
            50
          ],
          [
            8.291606,
            52.336845,
            50.25
          ],
          [
            8.290967,
            52.336727,
            51.5
          ],
          [
            8.290283,
            52.336601,
            53
          ],
          [
            8.289602,
            52.336503,
            53.5
          ],
          [
            8.28892,
            52.336432,
            53.75
          ],
          [
            8.288029,
            52.336374,
            54
          ],
          [
            8.287246,
            52.336347,
            54
          ],
          [
            8.286751,
            52.336341,
            55
          ],
          [
            8.286008,
            52.336347,
            56
          ],
          [
            8.285247,
            52.336382,
            57
          ],
          [
            8.285089,
            52.336389,
            57.25
          ],
          [
            8.283745,
            52.336498,
            57.25
          ],
          [
            8.28282,
            52.336628,
            57
          ],
          [
            8.278234,
            52.33739,
            58
          ],
          [
            8.277017,
            52.337593,
            58
          ],
          [
            8.27682,
            52.337626,
            58.25
          ],
          [
            8.271093,
            52.338574,
            62
          ],
          [
            8.269852,
            52.338814,
            62.25
          ],
          [
            8.269011,
            52.338988,
            62.5
          ],
          [
            8.268096,
            52.33921,
            62.75
          ],
          [
            8.26305,
            52.340596,
            70.5
          ],
          [
            8.262784,
            52.340669,
            70.75
          ],
          [
            8.257788,
            52.342039,
            67.5
          ],
          [
            8.256884,
            52.342304,
            65.5
          ],
          [
            8.255257,
            52.342782,
            58.75
          ],
          [
            8.254699,
            52.342974,
            56.75
          ],
          [
            8.254606,
            52.343006,
            56.5
          ],
          [
            8.254243,
            52.343138,
            55.75
          ],
          [
            8.25327,
            52.343544,
            55
          ],
          [
            8.252875,
            52.343726,
            55.25
          ],
          [
            8.252394,
            52.343948,
            56
          ],
          [
            8.251864,
            52.344206,
            56.5
          ],
          [
            8.25126,
            52.344538,
            60
          ],
          [
            8.251172,
            52.344588,
            60.5
          ],
          [
            8.250656,
            52.344896,
            63.5
          ],
          [
            8.246633,
            52.347284,
            68
          ],
          [
            8.245801,
            52.347742,
            71.25
          ],
          [
            8.245148,
            52.348075,
            71.25
          ],
          [
            8.244338,
            52.348455,
            71
          ],
          [
            8.243456,
            52.348849,
            68.75
          ],
          [
            8.242608,
            52.349215,
            70.25
          ],
          [
            8.241634,
            52.349602,
            72.75
          ],
          [
            8.240627,
            52.349972,
            72.75
          ],
          [
            8.240494,
            52.350016,
            72.75
          ],
          [
            8.239528,
            52.350337,
            73.25
          ],
          [
            8.239199,
            52.350447,
            73
          ],
          [
            8.23874,
            52.350581,
            72.75
          ],
          [
            8.237482,
            52.350941,
            72.25
          ],
          [
            8.236778,
            52.351125,
            73
          ],
          [
            8.236086,
            52.351296,
            75.25
          ],
          [
            8.23529,
            52.351476,
            77.25
          ],
          [
            8.234594,
            52.351621,
            76.25
          ],
          [
            8.233873,
            52.351757,
            75
          ],
          [
            8.233126,
            52.351884,
            74.5
          ],
          [
            8.232075,
            52.352042,
            73.5
          ],
          [
            8.23182,
            52.352078,
            73.25
          ],
          [
            8.231647,
            52.352099,
            73
          ],
          [
            8.231408,
            52.352127,
            73.25
          ],
          [
            8.230888,
            52.352174,
            72.5
          ],
          [
            8.230469,
            52.352223,
            71.75
          ],
          [
            8.230453,
            52.352226,
            71.75
          ],
          [
            8.230167,
            52.352265,
            71.75
          ],
          [
            8.230138,
            52.352269,
            71.75
          ],
          [
            8.228252,
            52.352533,
            72.5
          ],
          [
            8.228001,
            52.352568,
            72.25
          ],
          [
            8.222409,
            52.353342,
            75.75
          ],
          [
            8.218729,
            52.353859,
            78.25
          ],
          [
            8.216508,
            52.354176,
            78.25
          ],
          [
            8.216473,
            52.354181,
            78.25
          ],
          [
            8.216444,
            52.354185,
            78.5
          ],
          [
            8.216212,
            52.354214,
            78.75
          ],
          [
            8.215116,
            52.354398,
            78.25
          ],
          [
            8.214571,
            52.354467,
            78
          ],
          [
            8.213743,
            52.354548,
            77.75
          ],
          [
            8.212973,
            52.354564,
            78.25
          ],
          [
            8.212174,
            52.354543,
            79.75
          ],
          [
            8.211264,
            52.354478,
            82.5
          ],
          [
            8.210496,
            52.354349,
            86.75
          ],
          [
            8.210384,
            52.354324,
            87.25
          ],
          [
            8.209727,
            52.354176,
            91.75
          ],
          [
            8.20894,
            52.353941,
            96
          ],
          [
            8.208607,
            52.353824,
            98.5
          ],
          [
            8.208368,
            52.353739,
            99.5
          ],
          [
            8.207872,
            52.353521,
            100.75
          ],
          [
            8.207347,
            52.353271,
            100.5
          ],
          [
            8.206898,
            52.353006,
            99.75
          ],
          [
            8.206466,
            52.352726,
            96.75
          ],
          [
            8.206086,
            52.352443,
            93.5
          ],
          [
            8.205727,
            52.352125,
            88.75
          ],
          [
            8.205389,
            52.351756,
            83.75
          ],
          [
            8.205107,
            52.351322,
            76
          ],
          [
            8.205078,
            52.351265,
            75.5
          ],
          [
            8.204906,
            52.350963,
            74.75
          ],
          [
            8.204796,
            52.350708,
            77.25
          ],
          [
            8.2047,
            52.350412,
            80.25
          ],
          [
            8.204599,
            52.349992,
            82.5
          ],
          [
            8.204564,
            52.349517,
            83
          ],
          [
            8.204576,
            52.349043,
            82.25
          ],
          [
            8.204663,
            52.34854,
            81.25
          ],
          [
            8.205019,
            52.34732,
            80
          ],
          [
            8.205099,
            52.347046,
            80
          ],
          [
            8.205243,
            52.346554,
            80
          ],
          [
            8.205364,
            52.345793,
            80
          ],
          [
            8.205346,
            52.345232,
            81
          ],
          [
            8.205214,
            52.344618,
            87.5
          ],
          [
            8.205018,
            52.344108,
            88.5
          ],
          [
            8.204665,
            52.343582,
            88.75
          ],
          [
            8.204532,
            52.343423,
            88.5
          ],
          [
            8.20433,
            52.343181,
            88
          ],
          [
            8.204269,
            52.343123,
            87.75
          ],
          [
            8.203924,
            52.342795,
            85.25
          ],
          [
            8.203475,
            52.342421,
            85
          ],
          [
            8.203402,
            52.34236,
            85.25
          ],
          [
            8.202818,
            52.341984,
            88.5
          ],
          [
            8.202167,
            52.341626,
            91.75
          ],
          [
            8.201499,
            52.341363,
            90.5
          ],
          [
            8.200748,
            52.341102,
            90.75
          ],
          [
            8.200217,
            52.340942,
            91.5
          ],
          [
            8.199452,
            52.340783,
            89
          ],
          [
            8.199076,
            52.340722,
            87
          ],
          [
            8.198682,
            52.340667,
            87.25
          ],
          [
            8.197752,
            52.3406,
            88.5
          ],
          [
            8.197151,
            52.34059,
            89
          ],
          [
            8.196497,
            52.340607,
            90
          ],
          [
            8.195509,
            52.34069,
            90.5
          ],
          [
            8.194636,
            52.34083,
            91.25
          ],
          [
            8.19197,
            52.341455,
            93
          ],
          [
            8.191956,
            52.341458,
            93
          ],
          [
            8.189845,
            52.341952,
            94.5
          ],
          [
            8.189034,
            52.342109,
            96.75
          ],
          [
            8.188893,
            52.342137,
            97.25
          ],
          [
            8.188696,
            52.342175,
            97.75
          ],
          [
            8.187942,
            52.34228,
            98.75
          ],
          [
            8.187253,
            52.34234,
            99.75
          ],
          [
            8.186277,
            52.342384,
            100.5
          ],
          [
            8.185223,
            52.342377,
            101.5
          ],
          [
            8.183495,
            52.342313,
            103.25
          ],
          [
            8.177503,
            52.342094,
            112.5
          ],
          [
            8.17214,
            52.341897,
            109
          ],
          [
            8.168946,
            52.341767,
            108
          ],
          [
            8.168464,
            52.341747,
            108
          ],
          [
            8.168093,
            52.341732,
            108
          ],
          [
            8.167356,
            52.341687,
            108
          ],
          [
            8.166596,
            52.341622,
            107.25
          ],
          [
            8.165943,
            52.341549,
            107.75
          ],
          [
            8.16541,
            52.341464,
            108
          ],
          [
            8.164664,
            52.341328,
            108
          ],
          [
            8.163786,
            52.341144,
            107.75
          ],
          [
            8.163517,
            52.341077,
            107.5
          ],
          [
            8.163445,
            52.341059,
            107.5
          ],
          [
            8.155881,
            52.339172,
            104
          ],
          [
            8.153875,
            52.338655,
            103.75
          ],
          [
            8.153649,
            52.338604,
            104
          ],
          [
            8.153434,
            52.338548,
            104
          ],
          [
            8.153303,
            52.338514,
            104
          ],
          [
            8.152347,
            52.338267,
            104
          ],
          [
            8.151936,
            52.338153,
            104.5
          ],
          [
            8.15132,
            52.337958,
            105.25
          ],
          [
            8.15074,
            52.337748,
            106
          ],
          [
            8.150384,
            52.337602,
            106.25
          ],
          [
            8.149892,
            52.337374,
            106.25
          ],
          [
            8.149413,
            52.337123,
            106
          ],
          [
            8.148707,
            52.336711,
            105.5
          ],
          [
            8.14851,
            52.336572,
            105.75
          ],
          [
            8.148338,
            52.336451,
            105.75
          ],
          [
            8.147952,
            52.336156,
            106.25
          ],
          [
            8.147631,
            52.335869,
            106.25
          ],
          [
            8.147282,
            52.33554,
            106
          ],
          [
            8.147021,
            52.335248,
            106
          ],
          [
            8.146752,
            52.334907,
            106.25
          ],
          [
            8.146568,
            52.334653,
            106.25
          ],
          [
            8.146402,
            52.334383,
            106
          ],
          [
            8.14627,
            52.334133,
            106
          ],
          [
            8.146137,
            52.333839,
            105.75
          ],
          [
            8.145938,
            52.333319,
            104.5
          ],
          [
            8.145818,
            52.332833,
            101.5
          ],
          [
            8.145773,
            52.332197,
            100
          ],
          [
            8.145791,
            52.331868,
            99.25
          ],
          [
            8.145821,
            52.331564,
            99
          ],
          [
            8.145921,
            52.330799,
            99
          ],
          [
            8.145921,
            52.330788,
            99
          ],
          [
            8.146161,
            52.32911,
            99.75
          ],
          [
            8.146166,
            52.329073,
            99.75
          ],
          [
            8.146247,
            52.328421,
            99.5
          ],
          [
            8.146252,
            52.328026,
            99.25
          ],
          [
            8.146222,
            52.327412,
            98.5
          ],
          [
            8.146188,
            52.327093,
            98.75
          ],
          [
            8.14618,
            52.32706,
            98.75
          ],
          [
            8.146062,
            52.326574,
            100.25
          ],
          [
            8.145809,
            52.325887,
            101
          ],
          [
            8.145557,
            52.325344,
            100
          ],
          [
            8.145226,
            52.324801,
            100
          ],
          [
            8.145186,
            52.32475,
            100
          ],
          [
            8.144926,
            52.324415,
            100.25
          ],
          [
            8.144775,
            52.324238,
            100.75
          ],
          [
            8.144548,
            52.323972,
            101
          ],
          [
            8.14375,
            52.323101,
            102.5
          ],
          [
            8.143302,
            52.322625,
            103
          ],
          [
            8.1417,
            52.320946,
            94.25
          ],
          [
            8.140192,
            52.319341,
            91
          ],
          [
            8.13803,
            52.317042,
            93.25
          ],
          [
            8.136935,
            52.315877,
            95.75
          ],
          [
            8.13567,
            52.314608,
            98
          ],
          [
            8.135501,
            52.314468,
            98
          ],
          [
            8.134923,
            52.313908,
            97
          ],
          [
            8.134623,
            52.313671,
            97
          ],
          [
            8.134284,
            52.313405,
            97
          ],
          [
            8.133458,
            52.312828,
            95.75
          ],
          [
            8.133342,
            52.312746,
            95.75
          ],
          [
            8.12962,
            52.310589,
            92
          ],
          [
            8.129373,
            52.310449,
            91.5
          ],
          [
            8.12923,
            52.310368,
            91.75
          ],
          [
            8.128502,
            52.309953,
            92.5
          ],
          [
            8.126599,
            52.308931,
            100.25
          ],
          [
            8.126357,
            52.308802,
            100.5
          ],
          [
            8.125922,
            52.30857,
            99.75
          ],
          [
            8.125271,
            52.308252,
            97
          ],
          [
            8.125181,
            52.308216,
            96.5
          ],
          [
            8.125169,
            52.308211,
            96.5
          ],
          [
            8.125127,
            52.308194,
            96.25
          ],
          [
            8.124076,
            52.307777,
            95
          ],
          [
            8.122396,
            52.307162,
            90
          ],
          [
            8.121268,
            52.306744,
            89.25
          ],
          [
            8.12083,
            52.306586,
            89
          ],
          [
            8.111714,
            52.303349,
            92
          ],
          [
            8.110619,
            52.302964,
            91.5
          ],
          [
            8.110229,
            52.302841,
            91
          ],
          [
            8.110198,
            52.302833,
            91
          ],
          [
            8.110048,
            52.302784,
            91
          ],
          [
            8.109526,
            52.302632,
            91
          ],
          [
            8.108391,
            52.302326,
            91.25
          ],
          [
            8.107295,
            52.302061,
            91.5
          ],
          [
            8.104817,
            52.301499,
            90
          ],
          [
            8.100334,
            52.300474,
            87
          ],
          [
            8.099656,
            52.300307,
            86
          ],
          [
            8.099069,
            52.300139,
            85.5
          ],
          [
            8.098501,
            52.299966,
            85
          ],
          [
            8.098207,
            52.299877,
            84.75
          ],
          [
            8.097553,
            52.299639,
            84
          ],
          [
            8.096819,
            52.299351,
            82.5
          ],
          [
            8.096436,
            52.29919,
            82
          ],
          [
            8.096286,
            52.299124,
            81.75
          ],
          [
            8.095611,
            52.298795,
            81.75
          ],
          [
            8.095233,
            52.298596,
            82
          ],
          [
            8.094462,
            52.298163,
            82.5
          ],
          [
            8.094004,
            52.297897,
            82.5
          ],
          [
            8.089081,
            52.294796,
            82.5
          ],
          [
            8.08901,
            52.294751,
            82.25
          ],
          [
            8.088932,
            52.2947,
            82
          ],
          [
            8.088355,
            52.29434,
            82.25
          ],
          [
            8.088232,
            52.294263,
            82.25
          ],
          [
            8.087785,
            52.293983,
            82.5
          ],
          [
            8.085551,
            52.292569,
            81
          ],
          [
            8.084926,
            52.292177,
            80
          ],
          [
            8.082043,
            52.290376,
            76
          ],
          [
            8.081931,
            52.290303,
            75.75
          ],
          [
            8.08179,
            52.290216,
            75.25
          ],
          [
            8.081759,
            52.290197,
            75.25
          ],
          [
            8.081684,
            52.290149,
            75
          ],
          [
            8.08076,
            52.289619,
            74
          ],
          [
            8.080706,
            52.289586,
            74
          ],
          [
            8.08068,
            52.28957,
            73.75
          ],
          [
            8.08067,
            52.289564,
            73.75
          ],
          [
            8.079721,
            52.288964,
            73.5
          ],
          [
            8.07966,
            52.288924,
            73.5
          ],
          [
            8.078518,
            52.288211,
            73.25
          ],
          [
            8.078197,
            52.288009,
            73
          ],
          [
            8.075076,
            52.286049,
            72
          ],
          [
            8.074956,
            52.285974,
            71.5
          ],
          [
            8.074144,
            52.285468,
            70.25
          ],
          [
            8.073846,
            52.285286,
            69.75
          ],
          [
            8.072906,
            52.28472,
            70
          ],
          [
            8.072843,
            52.284681,
            70
          ],
          [
            8.07192,
            52.284076,
            70
          ],
          [
            8.071822,
            52.284018,
            70
          ],
          [
            8.070929,
            52.283432,
            68
          ],
          [
            8.070417,
            52.283119,
            67.75
          ],
          [
            8.070217,
            52.282993,
            67.75
          ],
          [
            8.07013,
            52.282929,
            68
          ],
          [
            8.069779,
            52.282652,
            68.25
          ],
          [
            8.069206,
            52.282159,
            69.75
          ],
          [
            8.069188,
            52.282144,
            69.75
          ],
          [
            8.069165,
            52.282124,
            70
          ],
          [
            8.068868,
            52.281878,
            70
          ],
          [
            8.068656,
            52.281628,
            70
          ],
          [
            8.068451,
            52.281426,
            70
          ],
          [
            8.068374,
            52.28135,
            70
          ],
          [
            8.068291,
            52.281263,
            70.25
          ],
          [
            8.068055,
            52.280946,
            71.5
          ],
          [
            8.067749,
            52.280541,
            72
          ],
          [
            8.067695,
            52.28047,
            72
          ],
          [
            8.066455,
            52.278824,
            73
          ],
          [
            8.066079,
            52.278311,
            73
          ],
          [
            8.064892,
            52.276756,
            73
          ],
          [
            8.064478,
            52.276348,
            73
          ],
          [
            8.064297,
            52.276158,
            73
          ],
          [
            8.064016,
            52.275872,
            73
          ],
          [
            8.063891,
            52.275748,
            73
          ],
          [
            8.06376,
            52.275606,
            73.25
          ],
          [
            8.063535,
            52.275329,
            73.25
          ],
          [
            8.063215,
            52.274998,
            72.75
          ],
          [
            8.063184,
            52.274961,
            72.75
          ],
          [
            8.063013,
            52.27472,
            72
          ],
          [
            8.062887,
            52.274496,
            72
          ],
          [
            8.06257,
            52.27393,
            71.75
          ],
          [
            8.062183,
            52.273231,
            69.75
          ],
          [
            8.062064,
            52.27303,
            69.5
          ],
          [
            8.061887,
            52.272725,
            69
          ],
          [
            8.061782,
            52.272572,
            69
          ],
          [
            8.061651,
            52.27239,
            69
          ],
          [
            8.061616,
            52.272345,
            68.75
          ],
          [
            8.061573,
            52.272289,
            68.5
          ],
          [
            8.061397,
            52.272069,
            67.25
          ],
          [
            8.061146,
            52.27181,
            65.75
          ],
          [
            8.061121,
            52.271787,
            65.75
          ],
          [
            8.061108,
            52.271771,
            65.75
          ],
          [
            8.061093,
            52.271757,
            65.5
          ],
          [
            8.060852,
            52.271537,
            65.25
          ],
          [
            8.060694,
            52.271397,
            65
          ],
          [
            8.060646,
            52.271353,
            64.75
          ],
          [
            8.060376,
            52.271104,
            64
          ],
          [
            8.060241,
            52.270965,
            63.75
          ],
          [
            8.060206,
            52.270933,
            63.75
          ],
          [
            8.060124,
            52.270843,
            63.5
          ],
          [
            8.060112,
            52.270833,
            63.5
          ],
          [
            8.060091,
            52.270813,
            63.5
          ],
          [
            8.059934,
            52.270647,
            63.5
          ],
          [
            8.059487,
            52.270086,
            64
          ],
          [
            8.059439,
            52.270017,
            64
          ],
          [
            8.059424,
            52.269998,
            64
          ],
          [
            8.05941,
            52.269981,
            64
          ],
          [
            8.059318,
            52.269857,
            64
          ],
          [
            8.059288,
            52.26982,
            64
          ],
          [
            8.058768,
            52.269224,
            64
          ],
          [
            8.058642,
            52.269057,
            64
          ],
          [
            8.058617,
            52.269024,
            64
          ],
          [
            8.058571,
            52.268962,
            64
          ],
          [
            8.058288,
            52.268585,
            64
          ],
          [
            8.057959,
            52.268057,
            64
          ],
          [
            8.05781,
            52.267861,
            64
          ],
          [
            8.057768,
            52.267807,
            64
          ],
          [
            8.057631,
            52.267629,
            64
          ],
          [
            8.057431,
            52.267393,
            64
          ],
          [
            8.057194,
            52.267137,
            64
          ],
          [
            8.056908,
            52.266868,
            64
          ],
          [
            8.056357,
            52.266375,
            64
          ],
          [
            8.056298,
            52.266321,
            64
          ],
          [
            8.056282,
            52.266306,
            64
          ],
          [
            8.056217,
            52.266249,
            64
          ],
          [
            8.056092,
            52.266135,
            64
          ],
          [
            8.055722,
            52.265812,
            64
          ],
          [
            8.055384,
            52.265542,
            64
          ],
          [
            8.055328,
            52.265498,
            64
          ],
          [
            8.054678,
            52.265023,
            64
          ],
          [
            8.054283,
            52.264803,
            64
          ],
          [
            8.053705,
            52.264499,
            64.75
          ],
          [
            8.05369,
            52.264491,
            64.75
          ],
          [
            8.053604,
            52.264446,
            64.75
          ],
          [
            8.052934,
            52.264161,
            65
          ],
          [
            8.052744,
            52.264086,
            65
          ],
          [
            8.052251,
            52.26391,
            65
          ],
          [
            8.052099,
            52.263866,
            65
          ],
          [
            8.051378,
            52.263659,
            65.75
          ],
          [
            8.050826,
            52.263527,
            65.75
          ],
          [
            8.050473,
            52.26345,
            65.5
          ],
          [
            8.049678,
            52.263313,
            66
          ],
          [
            8.049244,
            52.263244,
            66
          ],
          [
            8.049102,
            52.263223,
            66
          ],
          [
            8.04507,
            52.262607,
            65.5
          ],
          [
            8.044665,
            52.262546,
            65.5
          ],
          [
            8.041577,
            52.262075,
            67.5
          ],
          [
            8.041515,
            52.262065,
            67.5
          ],
          [
            8.040269,
            52.261875,
            68.5
          ],
          [
            8.040254,
            52.261873,
            68.5
          ],
          [
            8.039783,
            52.261802,
            70
          ],
          [
            8.039451,
            52.261752,
            70.25
          ],
          [
            8.037388,
            52.261453,
            71.75
          ],
          [
            8.03711,
            52.261413,
            71.25
          ],
          [
            8.036345,
            52.261302,
            69.5
          ],
          [
            8.035988,
            52.26125,
            69.75
          ],
          [
            8.035971,
            52.261248,
            69.75
          ],
          [
            8.035102,
            52.261081,
            69
          ],
          [
            8.034817,
            52.261026,
            69
          ],
          [
            8.034479,
            52.260946,
            69
          ],
          [
            8.034262,
            52.260904,
            68.75
          ],
          [
            8.033326,
            52.260698,
            68
          ],
          [
            8.031982,
            52.260402,
            68
          ],
          [
            8.030745,
            52.26012,
            67
          ],
          [
            8.029591,
            52.259829,
            67
          ],
          [
            8.027312,
            52.259202,
            67.75
          ],
          [
            8.026784,
            52.259028,
            68.75
          ],
          [
            8.026327,
            52.258868,
            70.25
          ],
          [
            8.025676,
            52.258629,
            71.75
          ],
          [
            8.025209,
            52.258433,
            74.25
          ],
          [
            8.02472,
            52.258205,
            75
          ],
          [
            8.023718,
            52.257696,
            76
          ],
          [
            8.023055,
            52.257344,
            75.75
          ],
          [
            8.022711,
            52.257145,
            76
          ],
          [
            8.022496,
            52.25704,
            75.75
          ],
          [
            8.021982,
            52.256804,
            75.5
          ],
          [
            8.021524,
            52.256601,
            75
          ],
          [
            8.020782,
            52.256248,
            71.75
          ],
          [
            8.020266,
            52.255998,
            70.25
          ],
          [
            8.01978,
            52.255743,
            69
          ],
          [
            8.019253,
            52.255453,
            69
          ],
          [
            8.018826,
            52.25524,
            69
          ],
          [
            8.018743,
            52.255188,
            69
          ],
          [
            8.018731,
            52.255181,
            69
          ],
          [
            8.018713,
            52.25517,
            69
          ],
          [
            8.018678,
            52.255144,
            69
          ],
          [
            8.018216,
            52.254854,
            69
          ],
          [
            8.017911,
            52.254677,
            69
          ],
          [
            8.017365,
            52.254328,
            70
          ],
          [
            8.017341,
            52.254313,
            70
          ],
          [
            8.017332,
            52.254307,
            70
          ],
          [
            8.017314,
            52.254295,
            70
          ],
          [
            8.017287,
            52.254277,
            70
          ],
          [
            8.017266,
            52.254264,
            70
          ],
          [
            8.016988,
            52.254091,
            70.75
          ],
          [
            8.016732,
            52.25395,
            71.5
          ],
          [
            8.016333,
            52.253702,
            72
          ],
          [
            8.016242,
            52.253638,
            72
          ],
          [
            8.014112,
            52.252163,
            75
          ],
          [
            8.012081,
            52.250755,
            78
          ],
          [
            8.011659,
            52.250447,
            78
          ],
          [
            8.010801,
            52.249858,
            78
          ],
          [
            8.010776,
            52.249841,
            78
          ],
          [
            8.010135,
            52.249401,
            77.75
          ],
          [
            8.008677,
            52.248401,
            78
          ],
          [
            8.007713,
            52.247815,
            76.25
          ],
          [
            8.007544,
            52.247726,
            76.5
          ],
          [
            8.006776,
            52.247319,
            74.5
          ],
          [
            8.006278,
            52.247083,
            73
          ],
          [
            8.00543,
            52.246715,
            70
          ],
          [
            8.003652,
            52.246143,
            68
          ],
          [
            8.002943,
            52.245946,
            68
          ],
          [
            8.001378,
            52.245599,
            68
          ],
          [
            8.000426,
            52.245448,
            68
          ],
          [
            7.999072,
            52.245286,
            68.75
          ],
          [
            7.998296,
            52.245209,
            70
          ],
          [
            7.997954,
            52.245175,
            70
          ],
          [
            7.993859,
            52.244766,
            69.75
          ],
          [
            7.98193,
            52.243575,
            70
          ],
          [
            7.981574,
            52.24354,
            69.75
          ],
          [
            7.974446,
            52.242828,
            68
          ],
          [
            7.969782,
            52.242356,
            69
          ],
          [
            7.969361,
            52.242319,
            69
          ],
          [
            7.969161,
            52.242302,
            69
          ],
          [
            7.96895,
            52.242284,
            69.5
          ],
          [
            7.968252,
            52.242246,
            69.75
          ],
          [
            7.966096,
            52.242157,
            71
          ],
          [
            7.96593,
            52.242151,
            71
          ],
          [
            7.961258,
            52.241984,
            73.75
          ],
          [
            7.961153,
            52.241979,
            73.75
          ],
          [
            7.959511,
            52.241885,
            75
          ],
          [
            7.959447,
            52.241882,
            75
          ],
          [
            7.959366,
            52.24188,
            75
          ],
          [
            7.958715,
            52.241847,
            75
          ],
          [
            7.957949,
            52.241786,
            75
          ],
          [
            7.957695,
            52.241766,
            75.25
          ],
          [
            7.95724,
            52.241732,
            76
          ],
          [
            7.956525,
            52.241688,
            76
          ],
          [
            7.955451,
            52.241606,
            76
          ],
          [
            7.95508,
            52.241584,
            76.75
          ],
          [
            7.954942,
            52.241579,
            77
          ],
          [
            7.9549,
            52.241578,
            77
          ],
          [
            7.954743,
            52.24157,
            77
          ],
          [
            7.954497,
            52.241547,
            77
          ],
          [
            7.953694,
            52.241462,
            77
          ],
          [
            7.953329,
            52.24144,
            77
          ],
          [
            7.947073,
            52.241223,
            75.5
          ],
          [
            7.945912,
            52.241172,
            75
          ],
          [
            7.945607,
            52.24115,
            75
          ],
          [
            7.945022,
            52.241092,
            75.75
          ],
          [
            7.944369,
            52.241026,
            75.25
          ],
          [
            7.944106,
            52.241004,
            75.25
          ],
          [
            7.943827,
            52.240991,
            75.5
          ],
          [
            7.943469,
            52.240986,
            75.5
          ],
          [
            7.943231,
            52.240975,
            75.5
          ],
          [
            7.942706,
            52.24092,
            75.75
          ],
          [
            7.942627,
            52.240908,
            75.75
          ],
          [
            7.94165,
            52.240755,
            75
          ],
          [
            7.94108,
            52.240633,
            74.75
          ],
          [
            7.940931,
            52.240595,
            74.75
          ],
          [
            7.940871,
            52.24058,
            74.75
          ],
          [
            7.940538,
            52.240495,
            75
          ],
          [
            7.940019,
            52.240351,
            74.75
          ],
          [
            7.939575,
            52.240217,
            74.25
          ],
          [
            7.93919,
            52.240092,
            74.75
          ],
          [
            7.938737,
            52.239935,
            74.25
          ],
          [
            7.93829,
            52.23977,
            74
          ],
          [
            7.938062,
            52.239683,
            74.5
          ],
          [
            7.937661,
            52.239518,
            74.25
          ],
          [
            7.937165,
            52.2393,
            74.5
          ],
          [
            7.936491,
            52.23897,
            74.75
          ],
          [
            7.935886,
            52.238637,
            75
          ],
          [
            7.935425,
            52.238357,
            74.75
          ],
          [
            7.93513,
            52.238163,
            75.75
          ],
          [
            7.93467,
            52.237837,
            75.75
          ],
          [
            7.934341,
            52.237588,
            77.5
          ],
          [
            7.934301,
            52.237555,
            77.25
          ],
          [
            7.9338,
            52.237139,
            77.5
          ],
          [
            7.932834,
            52.23631,
            74.25
          ],
          [
            7.930938,
            52.234639,
            72.25
          ],
          [
            7.927215,
            52.231202,
            73.5
          ],
          [
            7.927077,
            52.231076,
            73.25
          ],
          [
            7.926702,
            52.230728,
            73.75
          ],
          [
            7.924599,
            52.228781,
            74.5
          ],
          [
            7.924581,
            52.228765,
            74.25
          ],
          [
            7.921176,
            52.225622,
            75.5
          ],
          [
            7.92106,
            52.225516,
            75.5
          ],
          [
            7.920031,
            52.224541,
            77
          ],
          [
            7.91965,
            52.224156,
            77
          ],
          [
            7.919315,
            52.223803,
            76.5
          ],
          [
            7.918848,
            52.223271,
            77
          ],
          [
            7.918515,
            52.222876,
            76.75
          ],
          [
            7.918205,
            52.222459,
            76.75
          ],
          [
            7.917807,
            52.221899,
            77.75
          ],
          [
            7.917661,
            52.221653,
            77
          ],
          [
            7.917198,
            52.220876,
            76.75
          ],
          [
            7.916958,
            52.220416,
            77.25
          ],
          [
            7.916924,
            52.220352,
            77
          ],
          [
            7.916219,
            52.219017,
            77.75
          ],
          [
            7.916102,
            52.218797,
            77.75
          ],
          [
            7.915771,
            52.21821,
            77.75
          ],
          [
            7.911159,
            52.210497,
            81
          ],
          [
            7.910913,
            52.210081,
            81
          ],
          [
            7.910254,
            52.208979,
            81.75
          ],
          [
            7.909054,
            52.206999,
            81.25
          ],
          [
            7.909003,
            52.206922,
            81.5
          ],
          [
            7.908597,
            52.206332,
            82.25
          ],
          [
            7.90838,
            52.20605,
            82.25
          ],
          [
            7.90815,
            52.20577,
            82
          ],
          [
            7.907908,
            52.205493,
            82.25
          ],
          [
            7.907654,
            52.20522,
            82.75
          ],
          [
            7.907394,
            52.204958,
            82.75
          ],
          [
            7.907126,
            52.204704,
            83
          ],
          [
            7.906553,
            52.204199,
            83.25
          ],
          [
            7.90595,
            52.203726,
            83.25
          ],
          [
            7.905471,
            52.203364,
            83
          ],
          [
            7.905005,
            52.203068,
            83.75
          ],
          [
            7.904645,
            52.202849,
            84.5
          ],
          [
            7.903927,
            52.202445,
            85
          ],
          [
            7.903199,
            52.202076,
            84.75
          ],
          [
            7.902549,
            52.20178,
            85.25
          ],
          [
            7.90225,
            52.201656,
            85.75
          ],
          [
            7.901972,
            52.201544,
            85.25
          ],
          [
            7.9016,
            52.201403,
            85.75
          ],
          [
            7.9009,
            52.201151,
            86
          ],
          [
            7.900372,
            52.200971,
            85.5
          ],
          [
            7.900198,
            52.200912,
            85.5
          ],
          [
            7.89886,
            52.200459,
            85.75
          ],
          [
            7.898168,
            52.200219,
            86.25
          ],
          [
            7.895903,
            52.199457,
            86.75
          ],
          [
            7.894109,
            52.198845,
            88.25
          ],
          [
            7.89381,
            52.19875,
            88
          ],
          [
            7.891265,
            52.197888,
            88.5
          ],
          [
            7.888505,
            52.196955,
            89
          ],
          [
            7.886532,
            52.196286,
            91.25
          ],
          [
            7.886474,
            52.196266,
            91.25
          ],
          [
            7.883831,
            52.195371,
            92
          ],
          [
            7.882288,
            52.194849,
            93.75
          ],
          [
            7.882286,
            52.194848,
            93.75
          ],
          [
            7.881509,
            52.194583,
            93.5
          ],
          [
            7.880635,
            52.194275,
            93.25
          ],
          [
            7.88027,
            52.194133,
            91.5
          ],
          [
            7.879925,
            52.193989,
            93.25
          ],
          [
            7.879627,
            52.19385,
            92.25
          ],
          [
            7.879343,
            52.193709,
            93.5
          ],
          [
            7.878755,
            52.193383,
            93.25
          ],
          [
            7.878066,
            52.192989,
            93
          ],
          [
            7.87742,
            52.192588,
            92.75
          ],
          [
            7.873179,
            52.189579,
            91.5
          ],
          [
            7.873071,
            52.189509,
            91.5
          ],
          [
            7.872479,
            52.189088,
            91.5
          ],
          [
            7.872214,
            52.188891,
            88
          ],
          [
            7.871705,
            52.188474,
            91.25
          ],
          [
            7.871466,
            52.188253,
            89.5
          ],
          [
            7.871241,
            52.188024,
            88.25
          ],
          [
            7.871026,
            52.187788,
            87
          ],
          [
            7.870948,
            52.187695,
            87.25
          ],
          [
            7.870794,
            52.187504,
            86.75
          ],
          [
            7.870649,
            52.187306,
            87.25
          ],
          [
            7.870483,
            52.187052,
            87.25
          ],
          [
            7.870268,
            52.186678,
            86.25
          ],
          [
            7.870087,
            52.186288,
            86.75
          ],
          [
            7.86999,
            52.186024,
            86.25
          ],
          [
            7.869908,
            52.185762,
            87.25
          ],
          [
            7.869843,
            52.185502,
            87
          ],
          [
            7.869794,
            52.185243,
            86.5
          ],
          [
            7.869762,
            52.184974,
            85.5
          ],
          [
            7.869743,
            52.184708,
            85.25
          ],
          [
            7.869741,
            52.184482,
            85.25
          ],
          [
            7.869761,
            52.184158,
            85
          ],
          [
            7.869808,
            52.183792,
            84.5
          ],
          [
            7.869904,
            52.183372,
            84.75
          ],
          [
            7.869984,
            52.183107,
            84
          ],
          [
            7.870079,
            52.182851,
            83.75
          ],
          [
            7.87019,
            52.182599,
            84
          ],
          [
            7.870277,
            52.18242,
            83.75
          ],
          [
            7.870417,
            52.182159,
            83.25
          ],
          [
            7.870585,
            52.181876,
            82.5
          ],
          [
            7.870586,
            52.181874,
            82.5
          ],
          [
            7.870728,
            52.18165,
            79.5
          ],
          [
            7.870945,
            52.181331,
            79
          ],
          [
            7.871066,
            52.181165,
            81.5
          ],
          [
            7.871089,
            52.181135,
            82.25
          ],
          [
            7.871534,
            52.180582,
            82.75
          ],
          [
            7.871769,
            52.180318,
            82.75
          ],
          [
            7.872015,
            52.180061,
            82.75
          ],
          [
            7.872276,
            52.179805,
            82
          ],
          [
            7.872458,
            52.179631,
            81.75
          ],
          [
            7.872759,
            52.17937,
            81.5
          ],
          [
            7.873168,
            52.179039,
            81.25
          ],
          [
            7.873568,
            52.178747,
            81.5
          ],
          [
            7.874172,
            52.178342,
            81
          ],
          [
            7.874221,
            52.178309,
            80.5
          ],
          [
            7.874239,
            52.178298,
            80.5
          ],
          [
            7.874356,
            52.178225,
            80.5
          ],
          [
            7.87467,
            52.178031,
            80.75
          ],
          [
            7.875968,
            52.177248,
            80.5
          ],
          [
            7.876528,
            52.176927,
            79.75
          ],
          [
            7.877086,
            52.176605,
            79.75
          ],
          [
            7.877941,
            52.176101,
            79.75
          ],
          [
            7.880054,
            52.174825,
            80
          ],
          [
            7.882195,
            52.173487,
            78.75
          ],
          [
            7.884233,
            52.172247,
            79
          ],
          [
            7.884523,
            52.172068,
            78.5
          ],
          [
            7.884576,
            52.172035,
            78.5
          ],
          [
            7.884717,
            52.171949,
            78.75
          ],
          [
            7.885063,
            52.17171,
            79
          ],
          [
            7.886077,
            52.17091,
            78
          ],
          [
            7.88613,
            52.170867,
            78
          ],
          [
            7.886166,
            52.170839,
            78
          ],
          [
            7.886611,
            52.170454,
            78
          ],
          [
            7.886896,
            52.170182,
            78
          ],
          [
            7.887204,
            52.169863,
            77.75
          ],
          [
            7.887383,
            52.169662,
            77.75
          ],
          [
            7.887704,
            52.169265,
            77.25
          ],
          [
            7.888235,
            52.168535,
            77.25
          ],
          [
            7.88828,
            52.168468,
            77.25
          ],
          [
            7.889114,
            52.167258,
            76
          ],
          [
            7.889283,
            52.167015,
            76
          ],
          [
            7.889449,
            52.166768,
            76
          ],
          [
            7.889739,
            52.166331,
            75.75
          ],
          [
            7.88998,
            52.165948,
            75.5
          ],
          [
            7.890202,
            52.165561,
            74.75
          ],
          [
            7.890411,
            52.165166,
            74.25
          ],
          [
            7.890598,
            52.164769,
            74.75
          ],
          [
            7.890765,
            52.164376,
            73.75
          ],
          [
            7.890896,
            52.164026,
            75.5
          ],
          [
            7.891043,
            52.163583,
            74.75
          ],
          [
            7.891178,
            52.163096,
            72.75
          ],
          [
            7.89124,
            52.162828,
            71.5
          ],
          [
            7.891295,
            52.162558,
            72
          ],
          [
            7.891378,
            52.162016,
            72.75
          ],
          [
            7.891421,
            52.161521,
            71.75
          ],
          [
            7.891437,
            52.161181,
            71.75
          ],
          [
            7.89144,
            52.160838,
            71
          ],
          [
            7.891411,
            52.160195,
            70.75
          ],
          [
            7.891332,
            52.159555,
            71.5
          ],
          [
            7.891207,
            52.158915,
            71
          ],
          [
            7.891038,
            52.158287,
            70.5
          ],
          [
            7.89094,
            52.15799,
            69.75
          ],
          [
            7.890799,
            52.157605,
            69.75
          ],
          [
            7.890577,
            52.157075,
            69.25
          ],
          [
            7.890429,
            52.156762,
            69
          ],
          [
            7.890099,
            52.156147,
            69
          ],
          [
            7.889918,
            52.155845,
            69.5
          ],
          [
            7.889524,
            52.155238,
            68.75
          ],
          [
            7.889116,
            52.154642,
            68.5
          ],
          [
            7.888205,
            52.153339,
            67.75
          ],
          [
            7.887754,
            52.152699,
            67.5
          ],
          [
            7.887278,
            52.152019,
            66.75
          ],
          [
            7.885887,
            52.150022,
            65.75
          ],
          [
            7.884754,
            52.148398,
            65.75
          ],
          [
            7.883813,
            52.14705,
            65
          ],
          [
            7.882521,
            52.145204,
            63.75
          ],
          [
            7.881199,
            52.143307,
            63
          ],
          [
            7.8801,
            52.141736,
            62.25
          ],
          [
            7.879948,
            52.141517,
            62.25
          ],
          [
            7.878909,
            52.140028,
            61.75
          ],
          [
            7.878222,
            52.13904,
            61.75
          ],
          [
            7.87804,
            52.13875,
            61.25
          ],
          [
            7.877958,
            52.1386,
            61
          ],
          [
            7.877772,
            52.138308,
            61.75
          ],
          [
            7.877736,
            52.138254,
            61.75
          ],
          [
            7.877722,
            52.138236,
            61.75
          ],
          [
            7.877517,
            52.137907,
            60.75
          ],
          [
            7.877333,
            52.137584,
            60.5
          ],
          [
            7.877279,
            52.137499,
            60.75
          ],
          [
            7.877242,
            52.137446,
            60.5
          ],
          [
            7.875494,
            52.134944,
            59
          ],
          [
            7.87321,
            52.131672,
            57.25
          ],
          [
            7.872941,
            52.131284,
            57.75
          ],
          [
            7.872891,
            52.131216,
            57.5
          ],
          [
            7.872628,
            52.130906,
            57.5
          ],
          [
            7.872386,
            52.130594,
            57.25
          ],
          [
            7.872341,
            52.130525,
            57.5
          ],
          [
            7.872127,
            52.13025,
            57.5
          ],
          [
            7.871783,
            52.129822,
            57.5
          ],
          [
            7.871129,
            52.128884,
            57
          ],
          [
            7.870437,
            52.127892,
            57
          ],
          [
            7.870419,
            52.127867,
            57
          ],
          [
            7.869884,
            52.1271,
            56.75
          ],
          [
            7.86853,
            52.12516,
            57
          ],
          [
            7.867606,
            52.123838,
            56.5
          ],
          [
            7.866221,
            52.121852,
            55.5
          ],
          [
            7.866074,
            52.121642,
            56.5
          ],
          [
            7.866006,
            52.121543,
            55.75
          ],
          [
            7.865898,
            52.121387,
            55.75
          ],
          [
            7.865896,
            52.121383,
            55.75
          ],
          [
            7.865302,
            52.120536,
            56.75
          ],
          [
            7.864399,
            52.119244,
            56.25
          ],
          [
            7.864355,
            52.119182,
            56.25
          ],
          [
            7.864001,
            52.118674,
            55.5
          ],
          [
            7.861813,
            52.115545,
            55.5
          ],
          [
            7.861499,
            52.115095,
            55.75
          ],
          [
            7.861442,
            52.115013,
            55.75
          ],
          [
            7.861158,
            52.114655,
            56
          ],
          [
            7.860783,
            52.114223,
            56.75
          ],
          [
            7.86075,
            52.114182,
            56.5
          ],
          [
            7.86072,
            52.114147,
            56.5
          ],
          [
            7.860592,
            52.113991,
            56
          ],
          [
            7.860254,
            52.11352,
            57
          ],
          [
            7.859876,
            52.112976,
            56.25
          ],
          [
            7.857042,
            52.108925,
            55.75
          ],
          [
            7.856768,
            52.108526,
            56
          ],
          [
            7.856357,
            52.1079,
            56
          ],
          [
            7.856059,
            52.107473,
            56
          ],
          [
            7.855813,
            52.107076,
            55.75
          ],
          [
            7.855777,
            52.107015,
            55.75
          ],
          [
            7.855748,
            52.106962,
            55.5
          ],
          [
            7.855544,
            52.106601,
            55.75
          ],
          [
            7.855305,
            52.106231,
            56.25
          ],
          [
            7.855109,
            52.10595,
            55.5
          ],
          [
            7.854601,
            52.105224,
            55.5
          ],
          [
            7.853512,
            52.103662,
            55
          ],
          [
            7.853089,
            52.103055,
            55
          ],
          [
            7.852912,
            52.102801,
            55
          ],
          [
            7.851468,
            52.100745,
            54.25
          ],
          [
            7.851059,
            52.100201,
            54.5
          ],
          [
            7.850651,
            52.099684,
            54.25
          ],
          [
            7.850231,
            52.099172,
            54.75
          ],
          [
            7.849749,
            52.098608,
            54.75
          ],
          [
            7.849245,
            52.09805,
            54
          ],
          [
            7.848726,
            52.097499,
            54
          ],
          [
            7.848189,
            52.096955,
            54
          ],
          [
            7.847637,
            52.096418,
            54
          ],
          [
            7.847065,
            52.095887,
            53.75
          ],
          [
            7.846551,
            52.095429,
            53.5
          ],
          [
            7.846026,
            52.094975,
            53.5
          ],
          [
            7.845944,
            52.094907,
            53.25
          ],
          [
            7.845368,
            52.09443,
            53.25
          ],
          [
            7.844283,
            52.093581,
            53.25
          ],
          [
            7.843383,
            52.092915,
            54
          ],
          [
            7.84282,
            52.09251,
            54
          ],
          [
            7.841629,
            52.091671,
            53.75
          ],
          [
            7.839408,
            52.090177,
            53
          ],
          [
            7.837834,
            52.089133,
            52.75
          ],
          [
            7.836451,
            52.088214,
            53
          ],
          [
            7.835516,
            52.087591,
            52.5
          ],
          [
            7.833961,
            52.086556,
            53
          ],
          [
            7.831648,
            52.08502,
            53
          ],
          [
            7.830256,
            52.084094,
            53
          ],
          [
            7.827948,
            52.08256,
            53
          ],
          [
            7.826858,
            52.081827,
            52
          ],
          [
            7.826663,
            52.081698,
            52.75
          ],
          [
            7.825917,
            52.081209,
            52.5
          ],
          [
            7.825862,
            52.081172,
            52.5
          ],
          [
            7.823726,
            52.079755,
            52.5
          ],
          [
            7.821636,
            52.078367,
            52.75
          ],
          [
            7.820084,
            52.077335,
            52.5
          ],
          [
            7.817766,
            52.075794,
            51.75
          ],
          [
            7.816222,
            52.074767,
            52
          ],
          [
            7.81554,
            52.074314,
            52
          ],
          [
            7.814044,
            52.073322,
            52
          ],
          [
            7.812521,
            52.072315,
            52
          ],
          [
            7.81238,
            52.07222,
            52
          ],
          [
            7.812046,
            52.071982,
            52
          ],
          [
            7.811809,
            52.071797,
            52.25
          ],
          [
            7.811504,
            52.071579,
            52.25
          ],
          [
            7.811325,
            52.071461,
            52.5
          ],
          [
            7.811021,
            52.071257,
            52.5
          ],
          [
            7.809159,
            52.070021,
            52.75
          ],
          [
            7.808144,
            52.069344,
            52.5
          ],
          [
            7.807963,
            52.069226,
            52.75
          ],
          [
            7.805677,
            52.067704,
            52.25
          ],
          [
            7.804289,
            52.066821,
            52.25
          ],
          [
            7.802056,
            52.065495,
            52.75
          ],
          [
            7.799481,
            52.063978,
            51.75
          ],
          [
            7.798718,
            52.063529,
            52.25
          ],
          [
            7.798643,
            52.063485,
            52
          ],
          [
            7.798331,
            52.063301,
            52.75
          ],
          [
            7.797987,
            52.063099,
            52
          ],
          [
            7.797895,
            52.063045,
            52
          ],
          [
            7.795116,
            52.061406,
            52.5
          ],
          [
            7.795058,
            52.061372,
            52.5
          ],
          [
            7.793436,
            52.060414,
            51.5
          ],
          [
            7.791027,
            52.058987,
            52.25
          ],
          [
            7.789373,
            52.058013,
            53
          ],
          [
            7.786972,
            52.05659,
            52.5
          ],
          [
            7.784559,
            52.055163,
            51.25
          ],
          [
            7.784486,
            52.05512,
            51.5
          ],
          [
            7.783023,
            52.054255,
            52.5
          ],
          [
            7.780536,
            52.052784,
            53
          ],
          [
            7.778853,
            52.051788,
            52
          ],
          [
            7.77642,
            52.050349,
            53
          ],
          [
            7.774774,
            52.049374,
            52
          ],
          [
            7.773495,
            52.048618,
            52.25
          ],
          [
            7.773015,
            52.048336,
            52.75
          ],
          [
            7.772249,
            52.047881,
            53
          ],
          [
            7.770566,
            52.046887,
            53
          ],
          [
            7.768472,
            52.045647,
            53
          ],
          [
            7.768469,
            52.045645,
            52.75
          ],
          [
            7.768041,
            52.045392,
            53
          ],
          [
            7.766363,
            52.044398,
            52.75
          ],
          [
            7.763985,
            52.042989,
            53
          ],
          [
            7.762924,
            52.042363,
            52
          ],
          [
            7.762038,
            52.041836,
            51.5
          ],
          [
            7.759624,
            52.040409,
            50.75
          ],
          [
            7.757952,
            52.039421,
            52
          ],
          [
            7.75594,
            52.038232,
            53.25
          ],
          [
            7.755684,
            52.03808,
            53
          ],
          [
            7.753357,
            52.036705,
            53
          ],
          [
            7.751549,
            52.03563,
            53
          ],
          [
            7.745252,
            52.031891,
            53
          ],
          [
            7.744576,
            52.031493,
            53
          ],
          [
            7.740573,
            52.02913,
            53
          ],
          [
            7.738418,
            52.02787,
            51
          ],
          [
            7.736924,
            52.026989,
            50.75
          ],
          [
            7.734682,
            52.025664,
            51
          ],
          [
            7.734578,
            52.025603,
            51
          ],
          [
            7.733208,
            52.024793,
            50.5
          ],
          [
            7.732382,
            52.024304,
            49.5
          ],
          [
            7.732134,
            52.024155,
            49.75
          ],
          [
            7.731594,
            52.02384,
            48.25
          ],
          [
            7.730094,
            52.022943,
            45.75
          ],
          [
            7.729692,
            52.022679,
            46.5
          ],
          [
            7.728532,
            52.021966,
            47
          ],
          [
            7.726688,
            52.020801,
            42.75
          ],
          [
            7.726338,
            52.02058,
            42.75
          ],
          [
            7.72614,
            52.020455,
            46.75
          ],
          [
            7.723784,
            52.018965,
            49.5
          ],
          [
            7.722428,
            52.018107,
            49.5
          ],
          [
            7.722197,
            52.01796,
            49.75
          ],
          [
            7.720044,
            52.016598,
            49.5
          ],
          [
            7.719302,
            52.016128,
            50.25
          ],
          [
            7.719012,
            52.015946,
            50.25
          ],
          [
            7.718652,
            52.015719,
            50.75
          ],
          [
            7.718376,
            52.015544,
            51
          ],
          [
            7.718179,
            52.015418,
            52.25
          ],
          [
            7.717332,
            52.014882,
            51
          ],
          [
            7.715777,
            52.013898,
            51.75
          ],
          [
            7.714145,
            52.012865,
            51.75
          ],
          [
            7.710411,
            52.010502,
            52
          ],
          [
            7.709642,
            52.010016,
            52
          ],
          [
            7.709408,
            52.009868,
            52.25
          ],
          [
            7.708683,
            52.00941,
            52
          ],
          [
            7.707605,
            52.008728,
            52
          ],
          [
            7.7056,
            52.007459,
            51.75
          ],
          [
            7.705317,
            52.007279,
            51.5
          ],
          [
            7.704059,
            52.006485,
            51.5
          ],
          [
            7.702241,
            52.005332,
            49
          ],
          [
            7.702199,
            52.005306,
            49
          ],
          [
            7.701633,
            52.004948,
            51.5
          ],
          [
            7.699992,
            52.00391,
            51
          ],
          [
            7.69976,
            52.003763,
            51
          ],
          [
            7.697884,
            52.002575,
            51
          ],
          [
            7.697189,
            52.002135,
            48
          ],
          [
            7.696575,
            52.00176,
            46.5
          ],
          [
            7.695637,
            52.00117,
            49
          ],
          [
            7.695164,
            52.000875,
            49
          ],
          [
            7.694027,
            52.000165,
            51
          ],
          [
            7.691711,
            51.998721,
            51.75
          ],
          [
            7.690792,
            51.998138,
            50.25
          ],
          [
            7.690501,
            51.997952,
            49.5
          ],
          [
            7.689783,
            51.997505,
            51.5
          ],
          [
            7.689321,
            51.997218,
            51.25
          ],
          [
            7.687751,
            51.996243,
            52.75
          ],
          [
            7.686793,
            51.995649,
            53
          ],
          [
            7.686753,
            51.995623,
            53.25
          ],
          [
            7.686526,
            51.995489,
            53.25
          ],
          [
            7.686027,
            51.995214,
            53.75
          ],
          [
            7.685758,
            51.995061,
            53.75
          ],
          [
            7.685451,
            51.994832,
            53.75
          ],
          [
            7.685127,
            51.99461,
            54
          ],
          [
            7.684942,
            51.994492,
            53.75
          ],
          [
            7.684896,
            51.994465,
            53.75
          ],
          [
            7.684862,
            51.994446,
            53.75
          ],
          [
            7.684772,
            51.994389,
            54
          ],
          [
            7.683893,
            51.99384,
            54
          ],
          [
            7.680211,
            51.991548,
            55
          ],
          [
            7.678564,
            51.990522,
            55.75
          ],
          [
            7.676961,
            51.989526,
            55.5
          ],
          [
            7.676201,
            51.989051,
            55.25
          ],
          [
            7.67606,
            51.988965,
            55.5
          ],
          [
            7.675325,
            51.988507,
            55.75
          ],
          [
            7.672891,
            51.986996,
            55
          ],
          [
            7.672874,
            51.986986,
            55
          ],
          [
            7.672797,
            51.986938,
            55.75
          ],
          [
            7.671265,
            51.985987,
            54.75
          ],
          [
            7.670526,
            51.985528,
            55.5
          ],
          [
            7.670256,
            51.985361,
            54.75
          ],
          [
            7.668985,
            51.98457,
            55.5
          ],
          [
            7.666618,
            51.983101,
            56
          ],
          [
            7.665016,
            51.982107,
            56.5
          ],
          [
            7.662725,
            51.980688,
            56.5
          ],
          [
            7.662717,
            51.980683,
            56.25
          ],
          [
            7.662711,
            51.980679,
            56.25
          ],
          [
            7.662555,
            51.980582,
            55.75
          ],
          [
            7.662156,
            51.980334,
            54.25
          ],
          [
            7.661855,
            51.980146,
            54.5
          ],
          [
            7.660678,
            51.979413,
            55.5
          ],
          [
            7.660474,
            51.979286,
            56.5
          ],
          [
            7.660449,
            51.97927,
            56.5
          ],
          [
            7.660398,
            51.979239,
            56.5
          ],
          [
            7.659407,
            51.978628,
            56.75
          ],
          [
            7.658814,
            51.978256,
            56.5
          ],
          [
            7.657997,
            51.977747,
            56.5
          ],
          [
            7.656538,
            51.976838,
            56.25
          ],
          [
            7.655469,
            51.976169,
            56
          ],
          [
            7.654995,
            51.975862,
            56.75
          ],
          [
            7.654382,
            51.97546,
            57
          ],
          [
            7.653497,
            51.974853,
            57.25
          ],
          [
            7.652767,
            51.974338,
            57.5
          ],
          [
            7.65183,
            51.973644,
            57.5
          ],
          [
            7.651157,
            51.973128,
            58
          ],
          [
            7.650663,
            51.972737,
            58.75
          ],
          [
            7.650647,
            51.972724,
            58.5
          ],
          [
            7.650164,
            51.972333,
            58.75
          ],
          [
            7.649441,
            51.971728,
            59.75
          ],
          [
            7.648819,
            51.971189,
            58.75
          ],
          [
            7.648453,
            51.970863,
            59.25
          ],
          [
            7.648364,
            51.970782,
            60
          ],
          [
            7.647567,
            51.970047,
            60
          ],
          [
            7.646335,
            51.9689,
            60.5
          ],
          [
            7.645968,
            51.968566,
            60.5
          ],
          [
            7.645273,
            51.967906,
            60.75
          ],
          [
            7.644567,
            51.967261,
            61
          ],
          [
            7.643797,
            51.966546,
            61
          ],
          [
            7.642763,
            51.965586,
            61.75
          ],
          [
            7.64251,
            51.965354,
            61.75
          ],
          [
            7.641631,
            51.964537,
            62.25
          ],
          [
            7.64115,
            51.964091,
            62.25
          ],
          [
            7.641041,
            51.96399,
            61.5
          ],
          [
            7.640742,
            51.963711,
            62
          ],
          [
            7.640207,
            51.963219,
            63
          ],
          [
            7.640169,
            51.963183,
            63
          ],
          [
            7.639971,
            51.962998,
            63.25
          ],
          [
            7.639319,
            51.962394,
            63
          ],
          [
            7.639287,
            51.962364,
            63
          ],
          [
            7.639256,
            51.962336,
            63
          ],
          [
            7.638751,
            51.961914,
            63
          ],
          [
            7.638451,
            51.961656,
            63
          ],
          [
            7.638411,
            51.961619,
            63
          ],
          [
            7.638383,
            51.961593,
            63
          ],
          [
            7.638231,
            51.961446,
            63
          ],
          [
            7.638038,
            51.961244,
            63.75
          ],
          [
            7.637885,
            51.961062,
            63.75
          ],
          [
            7.637853,
            51.961023,
            63.5
          ],
          [
            7.637595,
            51.960671,
            62
          ],
          [
            7.637361,
            51.96028,
            63.25
          ],
          [
            7.637141,
            51.959877,
            64
          ],
          [
            7.63704,
            51.959689,
            63.75
          ],
          [
            7.636959,
            51.959537,
            63.75
          ],
          [
            7.636888,
            51.959383,
            63.25
          ],
          [
            7.636822,
            51.959228,
            63.25
          ],
          [
            7.636819,
            51.95922,
            63.25
          ],
          [
            7.636712,
            51.958974,
            63.75
          ],
          [
            7.636554,
            51.958594,
            63.75
          ],
          [
            7.636548,
            51.958573,
            63.75
          ],
          [
            7.636542,
            51.958553,
            63.75
          ],
          [
            7.635994,
            51.956683,
            63
          ],
          [
            7.635908,
            51.956376,
            63
          ]
        ]
      }
    }
  ]
}